[    1.679133] [passthrough] Read: 	 address = 0x5802480C, size = 4 bytes, value = 0x00000042, pc=0x080009EA 
[    1.680479] [passthrough] Write: 	 address = 0x5802480C, size = 4 bytes, value = 0x00000042, pc=0x080009F2 
[    1.681750] [passthrough] Read: 	 address = 0x58024804, size = 4 bytes, value = 0x00006000, pc=0x080009F8 
[    1.683755] IO Read Access NOT Handled: 	 address=0xe000ed88, size=4 bytes, pc=0x080008aa
[    1.684482] IO Write Access NOT Handled: 	 address = 0xE000ED88, size = 4 bytes, value = 0x00f00000, pc=0x080008B4 
[    1.685067] [passthrough] Read: 	 address = 0x52002000, size = 4 bytes, value = 0x00000037, pc=0x080008BA 
[    1.686756] [passthrough] Read: 	 address = 0x58024400, size = 4 bytes, value = 0x00004025, pc=0x080008D6 
[    1.688145] [passthrough] Write: 	 address = 0x58024400, size = 4 bytes, value = 0x00004025, pc=0x080008DE 
[    1.689550] [passthrough] Write: 	 address = 0x58024410, size = 4 bytes, value = 0x00000000, pc=0x080008E4 
[    1.690852] [passthrough] Read: 	 address = 0x58024400, size = 4 bytes, value = 0x00004025, pc=0x080008E8 
[    1.692005] [passthrough] Write: 	 address = 0x58024400, size = 4 bytes, value = 0x00004025, pc=0x080008F0 
[    1.693016] [passthrough] Read: 	 address = 0x52002000, size = 4 bytes, value = 0x00000037, pc=0x080008F4 
[    1.695836] [passthrough] Write: 	 address = 0x58024418, size = 4 bytes, value = 0x00000000, pc=0x08000912 
[    1.698244] [passthrough] Write: 	 address = 0x5802441C, size = 4 bytes, value = 0x00000000, pc=0x08000918 
[    1.700592] [passthrough] Write: 	 address = 0x58024420, size = 4 bytes, value = 0x00000000, pc=0x0800091E 
[    1.702929] [passthrough] Write: 	 address = 0x58024428, size = 4 bytes, value = 0x02020200, pc=0x08000924 
[    1.704946] [passthrough] Write: 	 address = 0x5802442C, size = 4 bytes, value = 0x01ff0000, pc=0x0800092A 
[    1.706842] [passthrough] Write: 	 address = 0x58024430, size = 4 bytes, value = 0x01010280, pc=0x08000930 
[    1.708789] [passthrough] Write: 	 address = 0x58024434, size = 4 bytes, value = 0x00000000, pc=0x08000936 
[    1.710696] [passthrough] Write: 	 address = 0x58024438, size = 4 bytes, value = 0x01010280, pc=0x0800093C 
[    1.712544] [passthrough] Write: 	 address = 0x5802443C, size = 4 bytes, value = 0x00000000, pc=0x08000942 
[    1.714274] [passthrough] Write: 	 address = 0x58024440, size = 4 bytes, value = 0x01010280, pc=0x08000948 
[    1.715945] [passthrough] Write: 	 address = 0x58024444, size = 4 bytes, value = 0x00000000, pc=0x0800094E 
[    1.717206] [passthrough] Read: 	 address = 0x58024400, size = 4 bytes, value = 0x00004025, pc=0x08000952 
[    1.718304] [passthrough] Write: 	 address = 0x58024400, size = 4 bytes, value = 0x00004025, pc=0x0800095A 
[    1.719562] [passthrough] Write: 	 address = 0x58024460, size = 4 bytes, value = 0x00000000, pc=0x08000960 
[    1.720647] [passthrough] Read: 	 address = 0x5C001000, size = 4 bytes, value = 0x20036450, pc=0x08000964 
[    1.721821] [passthrough] Read: 	 address = 0x580244D4, size = 4 bytes, value = 0x00000000, pc=0x08000978 
[    1.723622] [passthrough] Read: 	 address = 0x580244D4, size = 4 bytes, value = 0x00000000, pc=0x08000986 
[    1.724843] [passthrough] Write: 	 address = 0x580244D4, size = 4 bytes, value = 0x00001000, pc=0x08000990 
[    1.726096] [passthrough] Write: 	 address = 0x52004000, size = 4 bytes, value = 0x000030d2, pc=0x0800099A 
[    1.727265] [passthrough] Read: 	 address = 0x580244D4, size = 4 bytes, value = 0x00001000, pc=0x0800099E 
[    1.728135] [passthrough] Write: 	 address = 0x580244D4, size = 4 bytes, value = 0x00000000, pc=0x080009A8 
[    1.736472] IO Read Access NOT Handled: 	 address=0xe000ed0c, size=4 bytes, pc=0x08000f92
[    1.737499] IO Write Access NOT Handled: 	 address = 0xE000ED0C, size = 4 bytes, value = 0x05fa0300, pc=0x08000FB2 
[    1.739197] [passthrough] Read: 	 address = 0x58024410, size = 4 bytes, value = 0x00000000, pc=0x080022C8 
[    1.740556] [passthrough] Read: 	 address = 0x58024400, size = 4 bytes, value = 0x00004025, pc=0x08002342 
[    1.741825] [passthrough] Read: 	 address = 0x58024400, size = 4 bytes, value = 0x00004025, pc=0x0800234E 
[    1.744186] [passthrough] Read: 	 address = 0x58024418, size = 4 bytes, value = 0x00000000, pc=0x08000E10 
[    1.745627] [passthrough] Read: 	 address = 0x58024418, size = 4 bytes, value = 0x00000000, pc=0x08000E28 
[    1.749276] IO Write Access NOT Handled: 	 address = 0xE000E014, size = 4 bytes, value = 0x0000f9ff, pc=0x080010F8 
[    1.749320] IO Write Access NOT Handled (Unknown Region): 	 address = 0x00000004, size = 4 bytes, value = 0x0000f9ff, pc=0x080010F8 
[    1.750697] IO Write Access NOT Handled: 	 address = 0xE000ED23, size = 1 bytes, value = 0xf0, pc=0x0800105E 
[    1.751687] IO Write Access NOT Handled: 	 address = 0xE000E018, size = 4 bytes, value = 0x00000000, pc=0x08001108 
[    1.751728] IO Write Access NOT Handled (Unknown Region): 	 address = 0x00000008, size = 4 bytes, value = 0x00000000, pc=0x08001108 
[    1.752407] IO Write Access NOT Handled: 	 address = 0xE000E010, size = 4 bytes, value = 0x00000007, pc=0x0800110E 
[    1.752449] IO Write Access NOT Handled (Unknown Region): 	 address = 0x00000000, size = 4 bytes, value = 0x00000007, pc=0x0800110E 
[    1.753149] Interrupt Taken: 	 Vector = 0x0000000F
[    1.754877] Interrupt Served: 	 Vector = 0x0000000F
[    1.757841] Interrupt Taken: 	 Vector = 0x0000000F
[    1.757918] Interrupt Served: 	 Vector = 0x0000000F
[    1.761514] Interrupt Taken: 	 Vector = 0x0000000F
[    1.761563] Interrupt Served: 	 Vector = 0x0000000F
[    1.765292] Interrupt Taken: 	 Vector = 0x0000000F
[    1.765393] Interrupt Served: 	 Vector = 0x0000000F
[    1.768731] Interrupt Taken: 	 Vector = 0x0000000F
[    1.768773] Interrupt Served: 	 Vector = 0x0000000F
[    1.772617] Interrupt Taken: 	 Vector = 0x0000000F
[    1.772680] Interrupt Served: 	 Vector = 0x0000000F
[    1.776678] Interrupt Taken: 	 Vector = 0x0000000F
[    1.776750] Interrupt Served: 	 Vector = 0x0000000F
[    1.780159] IO Read Access NOT Handled: 	 address=0xe000ed0c, size=4 bytes, pc=0x08000fce
[    1.780232] Interrupt Taken: 	 Vector = 0x0000000F
[    1.780280] Interrupt Served: 	 Vector = 0x0000000F
[    1.784013] Interrupt Taken: 	 Vector = 0x0000000F
[    1.784079] Interrupt Served: 	 Vector = 0x0000000F
[    1.787776] Interrupt Taken: 	 Vector = 0x0000000F
[    1.787834] Interrupt Served: 	 Vector = 0x0000000F
[    1.792072] Interrupt Taken: 	 Vector = 0x0000000F
[    1.792121] Interrupt Served: 	 Vector = 0x0000000F
[    1.795834] Interrupt Taken: 	 Vector = 0x0000000F
[    1.795898] Interrupt Served: 	 Vector = 0x0000000F
[    1.800453] Interrupt Taken: 	 Vector = 0x0000000F
[    1.800617] Interrupt Served: 	 Vector = 0x0000000F
[    1.803448] Interrupt Taken: 	 Vector = 0x0000000F
[    1.803544] Interrupt Served: 	 Vector = 0x0000000F
[    1.807238] Interrupt Taken: 	 Vector = 0x0000000F
[    1.807351] Interrupt Served: 	 Vector = 0x0000000F
[    1.810586] IO Write Access NOT Handled: 	 address = 0xE000ED23, size = 1 bytes, value = 0x00, pc=0x0800105E 
[    1.810704] Interrupt Taken: 	 Vector = 0x0000000F
[    1.810757] Interrupt Served: 	 Vector = 0x0000000F
[    1.814299] Interrupt Taken: 	 Vector = 0x0000000F
[    1.814399] Interrupt Served: 	 Vector = 0x0000000F
[    1.818088] Interrupt Taken: 	 Vector = 0x0000000F
[    1.818146] Interrupt Served: 	 Vector = 0x0000000F
[    1.821926] Interrupt Taken: 	 Vector = 0x0000000F
[    1.821975] Interrupt Served: 	 Vector = 0x0000000F
[    1.825387] Interrupt Taken: 	 Vector = 0x0000000F
[    1.825434] Interrupt Served: 	 Vector = 0x0000000F
[    1.828801] Interrupt Taken: 	 Vector = 0x0000000F
[    1.828844] Interrupt Served: 	 Vector = 0x0000000F
[    1.833013] Interrupt Taken: 	 Vector = 0x0000000F
[    1.833080] Interrupt Served: 	 Vector = 0x0000000F
[    1.836655] [passthrough] Read: 	 address = 0x580244F4, size = 4 bytes, value = 0x00010000, pc=0x0800080C 
[    1.837139] Interrupt Taken: 	 Vector = 0x0000000F
[    1.837274] Interrupt Served: 	 Vector = 0x0000000F
[    1.840276] Interrupt Taken: 	 Vector = 0x0000000F
[    1.840387] Interrupt Served: 	 Vector = 0x0000000F
[    1.844537] Interrupt Taken: 	 Vector = 0x0000000F
[    1.844611] Interrupt Served: 	 Vector = 0x0000000F
[    1.848161] [passthrough] Write: 	 address = 0x580244F4, size = 4 bytes, value = 0x00010002, pc=0x08000816 
[    1.848892] Interrupt Taken: 	 Vector = 0x0000000F
[    1.849005] Interrupt Served: 	 Vector = 0x0000000F
[    1.851930] Interrupt Taken: 	 Vector = 0x0000000F
[    1.852039] Interrupt Served: 	 Vector = 0x0000000F
[    1.856264] Interrupt Taken: 	 Vector = 0x0000000F
[    1.856363] Interrupt Served: 	 Vector = 0x0000000F
[    1.860139] [passthrough] Read: 	 address = 0x580244F4, size = 4 bytes, value = 0x00010002, pc=0x0800081C 
[    1.860582] Interrupt Taken: 	 Vector = 0x0000000F
[    1.860638] Interrupt Served: 	 Vector = 0x0000000F
[    1.864639] Interrupt Taken: 	 Vector = 0x0000000F
[    1.864710] Interrupt Served: 	 Vector = 0x0000000F
[    1.868297] Interrupt Taken: 	 Vector = 0x0000000F
[    1.868455] Interrupt Served: 	 Vector = 0x0000000F
[    1.871267] Interrupt Taken: 	 Vector = 0x0000000F
[    1.871395] Interrupt Served: 	 Vector = 0x0000000F
[    1.874755] Interrupt Taken: 	 Vector = 0x0000000F
[    1.874805] Interrupt Served: 	 Vector = 0x0000000F
[    1.877637] Interrupt Taken: 	 Vector = 0x0000000F
[    1.877694] Interrupt Served: 	 Vector = 0x0000000F
[    1.881241] Interrupt Taken: 	 Vector = 0x0000000F
[    1.881380] Interrupt Served: 	 Vector = 0x0000000F
[    1.884410] Interrupt Taken: 	 Vector = 0x0000000F
[    1.884515] Interrupt Served: 	 Vector = 0x0000000F
[    1.888242] Interrupt Taken: 	 Vector = 0x0000000F
[    1.888320] Interrupt Served: 	 Vector = 0x0000000F
[    1.891971] Interrupt Taken: 	 Vector = 0x0000000F
[    1.892059] Interrupt Served: 	 Vector = 0x0000000F
[    1.895601] Interrupt Taken: 	 Vector = 0x0000000F
[    1.895647] Interrupt Served: 	 Vector = 0x0000000F
[    1.899023] Interrupt Taken: 	 Vector = 0x0000000F
[    1.899071] Interrupt Served: 	 Vector = 0x0000000F
[    1.902650] Interrupt Taken: 	 Vector = 0x0000000F
[    1.902789] Interrupt Served: 	 Vector = 0x0000000F
[    1.905674] Interrupt Taken: 	 Vector = 0x0000000F
[    1.905750] Interrupt Served: 	 Vector = 0x0000000F
[    1.909155] Interrupt Taken: 	 Vector = 0x0000000F
[    1.909203] Interrupt Served: 	 Vector = 0x0000000F
[    1.913117] Interrupt Taken: 	 Vector = 0x0000000F
[    1.913168] Interrupt Served: 	 Vector = 0x0000000F
[    1.916569] [passthrough] Read: 	 address = 0x5802480C, size = 4 bytes, value = 0x00000042, pc=0x08001636 
[    1.917112] Interrupt Taken: 	 Vector = 0x0000000F
[    1.917175] Interrupt Served: 	 Vector = 0x0000000F
[    1.920825] Interrupt Taken: 	 Vector = 0x0000000F
[    1.920871] Interrupt Served: 	 Vector = 0x0000000F
[    1.924748] Interrupt Taken: 	 Vector = 0x0000000F
[    1.924823] Interrupt Served: 	 Vector = 0x0000000F
[    1.928504] [passthrough] Read: 	 address = 0x5802480C, size = 4 bytes, value = 0x00000042, pc=0x08001642 
[    1.929006] Interrupt Taken: 	 Vector = 0x0000000F
[    1.929093] Interrupt Served: 	 Vector = 0x0000000F
[    1.933099] Interrupt Taken: 	 Vector = 0x0000000F
[    1.933283] Interrupt Served: 	 Vector = 0x0000000F
[    1.936038] Interrupt Taken: 	 Vector = 0x0000000F
[    1.936107] Interrupt Served: 	 Vector = 0x0000000F
[    1.939400] Interrupt Taken: 	 Vector = 0x0000000F
[    1.939466] Interrupt Served: 	 Vector = 0x0000000F
[    1.943352] Interrupt Taken: 	 Vector = 0x0000000F
[    1.943496] Interrupt Served: 	 Vector = 0x0000000F
[    1.946222] Interrupt Taken: 	 Vector = 0x0000000F
[    1.946287] Interrupt Served: 	 Vector = 0x0000000F
[    1.951353] Interrupt Taken: 	 Vector = 0x0000000F
[    1.951441] Interrupt Served: 	 Vector = 0x0000000F
[    1.954994] [passthrough] Read: 	 address = 0x5800042C, size = 4 bytes, value = 0x00000000, pc=0x080006A8 
[    1.955534] Interrupt Taken: 	 Vector = 0x0000000F
[    1.955596] Interrupt Served: 	 Vector = 0x0000000F
[    1.960274] Interrupt Taken: 	 Vector = 0x0000000F
[    1.960369] Interrupt Served: 	 Vector = 0x0000000F
[    1.964002] [passthrough] Write: 	 address = 0x5800042C, size = 4 bytes, value = 0x00000000, pc=0x080006B0 
[    1.964723] Interrupt Taken: 	 Vector = 0x0000000F
[    1.964805] Interrupt Served: 	 Vector = 0x0000000F
[    1.969250] Interrupt Taken: 	 Vector = 0x0000000F
[    1.969316] Interrupt Served: 	 Vector = 0x0000000F
[    1.972806] [passthrough] Read: 	 address = 0x5800042C, size = 4 bytes, value = 0x00000000, pc=0x080006B4 
[    1.973258] Interrupt Taken: 	 Vector = 0x0000000F
[    1.973367] Interrupt Served: 	 Vector = 0x0000000F
[    1.977585] Interrupt Taken: 	 Vector = 0x0000000F
[    1.977646] Interrupt Served: 	 Vector = 0x0000000F
[    1.981123] [passthrough] Read: 	 address = 0x58024818, size = 4 bytes, value = 0x00006000, pc=0x080006BE 
[    1.981607] Interrupt Taken: 	 Vector = 0x0000000F
[    1.981652] Interrupt Served: 	 Vector = 0x0000000F
[    1.986226] [passthrough] Write: 	 address = 0x58024818, size = 4 bytes, value = 0x0000a000, pc=0x080006CA 
[    1.987832] Interrupt Taken: 	 Vector = 0x0000000F
[    1.987915] Interrupt Served: 	 Vector = 0x0000000F
[    1.991685] [passthrough] Read: 	 address = 0x58024818, size = 4 bytes, value = 0x0000a000, pc=0x080006CE 
[    1.992296] Interrupt Taken: 	 Vector = 0x0000000F
[    1.992399] Interrupt Served: 	 Vector = 0x0000000F
[    1.996290] Interrupt Taken: 	 Vector = 0x0000000F
[    1.996492] Interrupt Served: 	 Vector = 0x0000000F
[    1.999423] Interrupt Taken: 	 Vector = 0x0000000F
[    1.999605] Interrupt Served: 	 Vector = 0x0000000F
[    2.003302] [passthrough] Read: 	 address = 0x58024818, size = 4 bytes, value = 0x0000a000, pc=0x080006DC 
[    2.003827] Interrupt Taken: 	 Vector = 0x0000000F
[    2.003958] Interrupt Served: 	 Vector = 0x0000000F
[    2.006897] Interrupt Taken: 	 Vector = 0x0000000F
[    2.007021] Interrupt Served: 	 Vector = 0x0000000F
[    2.010770] Interrupt Taken: 	 Vector = 0x0000000F
[    2.010912] Interrupt Served: 	 Vector = 0x0000000F
[    2.013748] Interrupt Taken: 	 Vector = 0x0000000F
[    2.013837] Interrupt Served: 	 Vector = 0x0000000F
[    2.017763] Interrupt Taken: 	 Vector = 0x0000000F
[    2.017884] Interrupt Served: 	 Vector = 0x0000000F
[    2.020666] Interrupt Taken: 	 Vector = 0x0000000F
[    2.020747] Interrupt Served: 	 Vector = 0x0000000F
[    2.024095] Interrupt Taken: 	 Vector = 0x0000000F
[    2.024183] Interrupt Served: 	 Vector = 0x0000000F
[    2.026792] Interrupt Taken: 	 Vector = 0x0000000F
[    2.026850] Interrupt Served: 	 Vector = 0x0000000F
[    2.029896] Interrupt Taken: 	 Vector = 0x0000000F
[    2.029937] Interrupt Served: 	 Vector = 0x0000000F
[    2.033179] Interrupt Taken: 	 Vector = 0x0000000F
[    2.033213] Interrupt Served: 	 Vector = 0x0000000F
[    2.036817] Interrupt Taken: 	 Vector = 0x0000000F
[    2.036894] Interrupt Served: 	 Vector = 0x0000000F
[    2.039891] [passthrough] Read: 	 address = 0x58024410, size = 4 bytes, value = 0x00000000, pc=0x080017E2 
[    2.040335] Interrupt Taken: 	 Vector = 0x0000000F
[    2.040373] Interrupt Served: 	 Vector = 0x0000000F
[    2.043680] Interrupt Taken: 	 Vector = 0x0000000F
[    2.043726] Interrupt Served: 	 Vector = 0x0000000F
[    2.046807] [passthrough] Read: 	 address = 0x58024428, size = 4 bytes, value = 0x02020200, pc=0x080017EC 
[    2.047239] Interrupt Taken: 	 Vector = 0x0000000F
[    2.047309] Interrupt Served: 	 Vector = 0x0000000F
[    2.050008] Interrupt Taken: 	 Vector = 0x0000000F
[    2.050067] Interrupt Served: 	 Vector = 0x0000000F
[    2.053119] Interrupt Taken: 	 Vector = 0x0000000F
[    2.053164] Interrupt Served: 	 Vector = 0x0000000F
[    2.056311] Interrupt Taken: 	 Vector = 0x0000000F
[    2.056356] Interrupt Served: 	 Vector = 0x0000000F
[    2.059419] [passthrough] Read: 	 address = 0x58024400, size = 4 bytes, value = 0x00004025, pc=0x08001808 
[    2.059796] Interrupt Taken: 	 Vector = 0x0000000F
[    2.059876] Interrupt Served: 	 Vector = 0x0000000F
[    2.062618] Interrupt Taken: 	 Vector = 0x0000000F
[    2.062664] Interrupt Served: 	 Vector = 0x0000000F
[    2.065782] Interrupt Taken: 	 Vector = 0x0000000F
[    2.065816] Interrupt Served: 	 Vector = 0x0000000F
[    2.069088] Interrupt Taken: 	 Vector = 0x0000000F
[    2.069128] Interrupt Served: 	 Vector = 0x0000000F
[    2.072353] Interrupt Taken: 	 Vector = 0x0000000F
[    2.072393] Interrupt Served: 	 Vector = 0x0000000F
[    2.075433] [passthrough] Read: 	 address = 0x58024400, size = 4 bytes, value = 0x00004025, pc=0x08001820 
[    2.075881] Interrupt Taken: 	 Vector = 0x0000000F
[    2.075941] Interrupt Served: 	 Vector = 0x0000000F
[    2.078545] Interrupt Taken: 	 Vector = 0x0000000F
[    2.078585] Interrupt Served: 	 Vector = 0x0000000F
[    2.081690] Interrupt Taken: 	 Vector = 0x0000000F
[    2.081714] Interrupt Served: 	 Vector = 0x0000000F
[    2.084831] [passthrough] Write: 	 address = 0x58024400, size = 4 bytes, value = 0x00004025, pc=0x0800182E 
[    2.085346] Interrupt Taken: 	 Vector = 0x0000000F
[    2.085413] Interrupt Served: 	 Vector = 0x0000000F
[    2.088061] Interrupt Taken: 	 Vector = 0x0000000F
[    2.088122] Interrupt Served: 	 Vector = 0x0000000F
[    2.091042] Interrupt Taken: 	 Vector = 0x0000000F
[    2.091078] Interrupt Served: 	 Vector = 0x0000000F
[    2.094520] Interrupt Taken: 	 Vector = 0x0000000F
[    2.094558] Interrupt Served: 	 Vector = 0x0000000F
[    2.097771] Interrupt Taken: 	 Vector = 0x0000000F
[    2.097810] Interrupt Served: 	 Vector = 0x0000000F
[    2.101028] Interrupt Taken: 	 Vector = 0x0000000F
[    2.101061] Interrupt Served: 	 Vector = 0x0000000F
[    2.104534] [passthrough] Read: 	 address = 0x58024400, size = 4 bytes, value = 0x00004025, pc=0x0800184C 
[    2.105015] Interrupt Taken: 	 Vector = 0x0000000F
[    2.105128] Interrupt Served: 	 Vector = 0x0000000F
[    2.107819] Interrupt Taken: 	 Vector = 0x0000000F
[    2.108013] Interrupt Served: 	 Vector = 0x0000000F
[    2.110774] Interrupt Taken: 	 Vector = 0x0000000F
[    2.110879] Interrupt Served: 	 Vector = 0x0000000F
[    2.114440] Interrupt Taken: 	 Vector = 0x0000000F
[    2.114573] Interrupt Served: 	 Vector = 0x0000000F
[    2.117379] Interrupt Taken: 	 Vector = 0x0000000F
[    2.117469] Interrupt Served: 	 Vector = 0x0000000F
[    2.121267] Interrupt Taken: 	 Vector = 0x0000000F
[    2.121440] Interrupt Served: 	 Vector = 0x0000000F
[    2.124304] Interrupt Taken: 	 Vector = 0x0000000F
[    2.124423] Interrupt Served: 	 Vector = 0x0000000F
[    2.128620] Interrupt Taken: 	 Vector = 0x0000000F
[    2.128704] Interrupt Served: 	 Vector = 0x0000000F
[    2.132173] [passthrough] Read: 	 address = 0x5C001000, size = 4 bytes, value = 0x20036450, pc=0x08000F6E 
[    2.132682] Interrupt Taken: 	 Vector = 0x0000000F
[    2.132747] Interrupt Served: 	 Vector = 0x0000000F
[    2.136746] Interrupt Taken: 	 Vector = 0x0000000F
[    2.136821] Interrupt Served: 	 Vector = 0x0000000F
[    2.140353] Interrupt Taken: 	 Vector = 0x0000000F
[    2.140426] Interrupt Served: 	 Vector = 0x0000000F
[    2.144555] Interrupt Taken: 	 Vector = 0x0000000F
[    2.144700] Interrupt Served: 	 Vector = 0x0000000F
[    2.147857] Interrupt Taken: 	 Vector = 0x0000000F
[    2.147978] Interrupt Served: 	 Vector = 0x0000000F
[    2.151500] [passthrough] Read: 	 address = 0x58024404, size = 4 bytes, value = 0x40000edc, pc=0x08001896 
[    2.152015] Interrupt Taken: 	 Vector = 0x0000000F
[    2.152062] Interrupt Served: 	 Vector = 0x0000000F
[    2.155924] Interrupt Taken: 	 Vector = 0x0000000F
[    2.156082] Interrupt Served: 	 Vector = 0x0000000F
[    2.158905] Interrupt Taken: 	 Vector = 0x0000000F
[    2.159007] Interrupt Served: 	 Vector = 0x0000000F
[    2.162881] [passthrough] Write: 	 address = 0x58024404, size = 4 bytes, value = 0x40000edc, pc=0x080018A6 
[    2.163599] Interrupt Taken: 	 Vector = 0x0000000F
[    2.163741] Interrupt Served: 	 Vector = 0x0000000F
[    2.166456] Interrupt Taken: 	 Vector = 0x0000000F
[    2.166531] Interrupt Served: 	 Vector = 0x0000000F
[    2.169992] Interrupt Taken: 	 Vector = 0x0000000F
[    2.170113] Interrupt Served: 	 Vector = 0x0000000F
[    2.173119] Interrupt Taken: 	 Vector = 0x0000000F
[    2.173194] Interrupt Served: 	 Vector = 0x0000000F
[    2.176883] Interrupt Taken: 	 Vector = 0x0000000F
[    2.176976] Interrupt Served: 	 Vector = 0x0000000F
[    2.180568] Interrupt Taken: 	 Vector = 0x0000000F
[    2.180653] Interrupt Served: 	 Vector = 0x0000000F
[    2.184372] Interrupt Taken: 	 Vector = 0x0000000F
[    2.184425] Interrupt Served: 	 Vector = 0x0000000F
[    2.188017] Interrupt Taken: 	 Vector = 0x0000000F
[    2.188077] Interrupt Served: 	 Vector = 0x0000000F
[    2.191665] Interrupt Taken: 	 Vector = 0x0000000F
[    2.191735] Interrupt Served: 	 Vector = 0x0000000F
[    2.195376] Interrupt Taken: 	 Vector = 0x0000000F
[    2.195433] Interrupt Served: 	 Vector = 0x0000000F
[    2.199104] Interrupt Taken: 	 Vector = 0x0000000F
[    2.199158] Interrupt Served: 	 Vector = 0x0000000F
[    2.203018] Interrupt Taken: 	 Vector = 0x0000000F
[    2.203074] Interrupt Served: 	 Vector = 0x0000000F
[    2.206993] Interrupt Taken: 	 Vector = 0x0000000F
[    2.207068] Interrupt Served: 	 Vector = 0x0000000F
[    2.211168] Interrupt Taken: 	 Vector = 0x0000000F
[    2.211356] Interrupt Served: 	 Vector = 0x0000000F
[    2.214455] Interrupt Taken: 	 Vector = 0x0000000F
[    2.214557] Interrupt Served: 	 Vector = 0x0000000F
[    2.218198] [passthrough] Read: 	 address = 0x52002000, size = 4 bytes, value = 0x00000037, pc=0x08001F6A 
[    2.218703] Interrupt Taken: 	 Vector = 0x0000000F
[    2.218810] Interrupt Served: 	 Vector = 0x0000000F
[    2.221666] Interrupt Taken: 	 Vector = 0x0000000F
[    2.221785] Interrupt Served: 	 Vector = 0x0000000F
[    2.225704] Interrupt Taken: 	 Vector = 0x0000000F
[    2.225789] Interrupt Served: 	 Vector = 0x0000000F
[    2.229602] Interrupt Taken: 	 Vector = 0x0000000F
[    2.229657] Interrupt Served: 	 Vector = 0x0000000F
[    2.233673] Interrupt Taken: 	 Vector = 0x0000000F
[    2.233749] Interrupt Served: 	 Vector = 0x0000000F
[    2.237239] [passthrough] Read: 	 address = 0x58024418, size = 4 bytes, value = 0x00000000, pc=0x08001FAA 
[    2.237694] Interrupt Taken: 	 Vector = 0x0000000F
[    2.237817] Interrupt Served: 	 Vector = 0x0000000F
[    2.240641] Interrupt Taken: 	 Vector = 0x0000000F
[    2.240718] Interrupt Served: 	 Vector = 0x0000000F
[    2.244312] Interrupt Taken: 	 Vector = 0x0000000F
[    2.244404] Interrupt Served: 	 Vector = 0x0000000F
[    2.248027] Interrupt Taken: 	 Vector = 0x0000000F
[    2.248079] Interrupt Served: 	 Vector = 0x0000000F
[    2.251901] Interrupt Taken: 	 Vector = 0x0000000F
[    2.251947] Interrupt Served: 	 Vector = 0x0000000F
[    2.255387] [passthrough] Read: 	 address = 0x5802441C, size = 4 bytes, value = 0x00000000, pc=0x08001FD8 
[    2.255841] Interrupt Taken: 	 Vector = 0x0000000F
[    2.255875] Interrupt Served: 	 Vector = 0x0000000F
[    2.259228] Interrupt Taken: 	 Vector = 0x0000000F
[    2.259272] Interrupt Served: 	 Vector = 0x0000000F
[    2.263168] Interrupt Taken: 	 Vector = 0x0000000F
[    2.263240] Interrupt Served: 	 Vector = 0x0000000F
[    2.267166] Interrupt Taken: 	 Vector = 0x0000000F
[    2.267233] Interrupt Served: 	 Vector = 0x0000000F
[    2.270871] [passthrough] Read: 	 address = 0x5802441C, size = 4 bytes, value = 0x00000000, pc=0x08002006 
[    2.271384] Interrupt Taken: 	 Vector = 0x0000000F
[    2.271506] Interrupt Served: 	 Vector = 0x0000000F
[    2.274350] Interrupt Taken: 	 Vector = 0x0000000F
[    2.274456] Interrupt Served: 	 Vector = 0x0000000F
[    2.278074] Interrupt Taken: 	 Vector = 0x0000000F
[    2.278143] Interrupt Served: 	 Vector = 0x0000000F
[    2.282125] Interrupt Taken: 	 Vector = 0x0000000F
[    2.282195] Interrupt Served: 	 Vector = 0x0000000F
[    2.286008] Interrupt Taken: 	 Vector = 0x0000000F
[    2.286065] Interrupt Served: 	 Vector = 0x0000000F
[    2.289705] [passthrough] Read: 	 address = 0x58024420, size = 4 bytes, value = 0x00000000, pc=0x08002034 
[    2.290188] Interrupt Taken: 	 Vector = 0x0000000F
[    2.290316] Interrupt Served: 	 Vector = 0x0000000F
[    2.293295] Interrupt Taken: 	 Vector = 0x0000000F
[    2.293427] Interrupt Served: 	 Vector = 0x0000000F
[    2.296705] Interrupt Taken: 	 Vector = 0x0000000F
[    2.296754] Interrupt Served: 	 Vector = 0x0000000F
[    2.300314] Interrupt Taken: 	 Vector = 0x0000000F
[    2.300391] Interrupt Served: 	 Vector = 0x0000000F
[    2.304462] Interrupt Taken: 	 Vector = 0x0000000F
[    2.304584] Interrupt Served: 	 Vector = 0x0000000F
[    2.307637] Interrupt Taken: 	 Vector = 0x0000000F
[    2.307747] Interrupt Served: 	 Vector = 0x0000000F
[    2.311250] [passthrough] Read: 	 address = 0x58024418, size = 4 bytes, value = 0x00000000, pc=0x08002062 
[    2.311724] Interrupt Taken: 	 Vector = 0x0000000F
[    2.311832] Interrupt Served: 	 Vector = 0x0000000F
[    2.314686] Interrupt Taken: 	 Vector = 0x0000000F
[    2.314765] Interrupt Served: 	 Vector = 0x0000000F
[    2.318368] Interrupt Taken: 	 Vector = 0x0000000F
[    2.318432] Interrupt Served: 	 Vector = 0x0000000F
[    2.322149] Interrupt Taken: 	 Vector = 0x0000000F
[    2.322220] Interrupt Served: 	 Vector = 0x0000000F
[    2.326436] Interrupt Taken: 	 Vector = 0x0000000F
[    2.326521] Interrupt Served: 	 Vector = 0x0000000F
[    2.330019] [passthrough] Read: 	 address = 0x58024418, size = 4 bytes, value = 0x00000000, pc=0x0800208C 
[    2.330809] Interrupt Taken: 	 Vector = 0x0000000F
[    2.330851] Interrupt Served: 	 Vector = 0x0000000F
[    2.334731] Interrupt Taken: 	 Vector = 0x0000000F
[    2.334788] Interrupt Served: 	 Vector = 0x0000000F
[    2.338264] [passthrough] Write: 	 address = 0x58024418, size = 4 bytes, value = 0x00000000, pc=0x0800209A 
[    2.338950] Interrupt Taken: 	 Vector = 0x0000000F
[    2.338998] Interrupt Served: 	 Vector = 0x0000000F
[    2.342827] Interrupt Taken: 	 Vector = 0x0000000F
[    2.342893] Interrupt Served: 	 Vector = 0x0000000F
[    2.346689] Interrupt Taken: 	 Vector = 0x0000000F
[    2.346759] Interrupt Served: 	 Vector = 0x0000000F
[    2.350549] Interrupt Taken: 	 Vector = 0x0000000F
[    2.350664] Interrupt Served: 	 Vector = 0x0000000F
[    2.353557] Interrupt Taken: 	 Vector = 0x0000000F
[    2.353688] Interrupt Served: 	 Vector = 0x0000000F
[    2.357517] Interrupt Taken: 	 Vector = 0x0000000F
[    2.357617] Interrupt Served: 	 Vector = 0x0000000F
[    2.361053] [passthrough] Read: 	 address = 0x58024400, size = 4 bytes, value = 0x00004025, pc=0x080020E6 
[    2.361560] Interrupt Taken: 	 Vector = 0x0000000F
[    2.361686] Interrupt Served: 	 Vector = 0x0000000F
[    2.364874] Interrupt Taken: 	 Vector = 0x0000000F
[    2.364957] Interrupt Served: 	 Vector = 0x0000000F
[    2.368568] Interrupt Taken: 	 Vector = 0x0000000F
[    2.368629] Interrupt Served: 	 Vector = 0x0000000F
[    2.372611] Interrupt Taken: 	 Vector = 0x0000000F
[    2.372674] Interrupt Served: 	 Vector = 0x0000000F
[    2.376160] [passthrough] Read: 	 address = 0x58024410, size = 4 bytes, value = 0x00000000, pc=0x080020F6 
[    2.376619] Interrupt Taken: 	 Vector = 0x0000000F
[    2.376777] Interrupt Served: 	 Vector = 0x0000000F
[    2.379744] Interrupt Taken: 	 Vector = 0x0000000F
[    2.379837] Interrupt Served: 	 Vector = 0x0000000F
[    2.383513] Interrupt Taken: 	 Vector = 0x0000000F
[    2.383569] Interrupt Served: 	 Vector = 0x0000000F
[    2.387152] [passthrough] Write: 	 address = 0x58024410, size = 4 bytes, value = 0x00000000, pc=0x08002104 
[    2.387976] Interrupt Taken: 	 Vector = 0x0000000F
[    2.388037] Interrupt Served: 	 Vector = 0x0000000F
[    2.391457] Interrupt Taken: 	 Vector = 0x0000000F
[    2.391522] Interrupt Served: 	 Vector = 0x0000000F
[    2.394993] Interrupt Taken: 	 Vector = 0x0000000F
[    2.395055] Interrupt Served: 	 Vector = 0x0000000F
[    2.399111] Interrupt Taken: 	 Vector = 0x0000000F
[    2.399188] Interrupt Served: 	 Vector = 0x0000000F
[    2.402540] [passthrough] Read: 	 address = 0x58024410, size = 4 bytes, value = 0x00000000, pc=0x08002126 
[    2.403494] Interrupt Taken: 	 Vector = 0x0000000F
[    2.403637] Interrupt Served: 	 Vector = 0x0000000F
[    2.406508] Interrupt Taken: 	 Vector = 0x0000000F
[    2.406607] Interrupt Served: 	 Vector = 0x0000000F
[    2.410434] Interrupt Taken: 	 Vector = 0x0000000F
[    2.410528] Interrupt Served: 	 Vector = 0x0000000F
[    2.414134] Interrupt Taken: 	 Vector = 0x0000000F
[    2.414220] Interrupt Served: 	 Vector = 0x0000000F
[    2.417940] Interrupt Taken: 	 Vector = 0x0000000F
[    2.418006] Interrupt Served: 	 Vector = 0x0000000F
[    2.421520] [passthrough] Read: 	 address = 0x58024418, size = 4 bytes, value = 0x00000000, pc=0x08002148 
[    2.422033] Interrupt Taken: 	 Vector = 0x0000000F
[    2.422162] Interrupt Served: 	 Vector = 0x0000000F
[    2.425017] Interrupt Taken: 	 Vector = 0x0000000F
[    2.425115] Interrupt Served: 	 Vector = 0x0000000F
[    2.428606] Interrupt Taken: 	 Vector = 0x0000000F
[    2.428679] Interrupt Served: 	 Vector = 0x0000000F
[    2.432515] Interrupt Taken: 	 Vector = 0x0000000F
[    2.432589] Interrupt Served: 	 Vector = 0x0000000F
[    2.436151] [passthrough] Read: 	 address = 0x52002000, size = 4 bytes, value = 0x00000037, pc=0x08002166 
[    2.436720] Interrupt Taken: 	 Vector = 0x0000000F
[    2.436786] Interrupt Served: 	 Vector = 0x0000000F
[    2.440391] Interrupt Taken: 	 Vector = 0x0000000F
[    2.440463] Interrupt Served: 	 Vector = 0x0000000F
[    2.445164] Interrupt Taken: 	 Vector = 0x0000000F
[    2.445247] Interrupt Served: 	 Vector = 0x0000000F
[    2.448870] [passthrough] Read: 	 address = 0x52002000, size = 4 bytes, value = 0x00000037, pc=0x08002174 
[    2.449429] Interrupt Taken: 	 Vector = 0x0000000F
[    2.449493] Interrupt Served: 	 Vector = 0x0000000F
[    2.453749] Interrupt Taken: 	 Vector = 0x0000000F
[    2.453829] Interrupt Served: 	 Vector = 0x0000000F
[    2.457438] [passthrough] Write: 	 address = 0x52002000, size = 4 bytes, value = 0x00000031, pc=0x08002180 
[    2.458066] Interrupt Taken: 	 Vector = 0x0000000F
[    2.458128] Interrupt Served: 	 Vector = 0x0000000F
[    2.461780] Interrupt Taken: 	 Vector = 0x0000000F
[    2.461828] Interrupt Served: 	 Vector = 0x0000000F
[    2.465177] [passthrough] Read: 	 address = 0x52002000, size = 4 bytes, value = 0x00000031, pc=0x08002184 
[    2.465645] Interrupt Taken: 	 Vector = 0x0000000F
[    2.465685] Interrupt Served: 	 Vector = 0x0000000F
[    2.469468] Interrupt Taken: 	 Vector = 0x0000000F
[    2.469551] Interrupt Served: 	 Vector = 0x0000000F
[    2.473667] Interrupt Taken: 	 Vector = 0x0000000F
[    2.473758] Interrupt Served: 	 Vector = 0x0000000F
[    2.477805] Interrupt Taken: 	 Vector = 0x0000000F
[    2.477947] Interrupt Served: 	 Vector = 0x0000000F
[    2.480906] Interrupt Taken: 	 Vector = 0x0000000F
[    2.480981] Interrupt Served: 	 Vector = 0x0000000F
[    2.484294] [passthrough] Read: 	 address = 0x58024418, size = 4 bytes, value = 0x00000000, pc=0x080021AE 
[    2.484798] Interrupt Taken: 	 Vector = 0x0000000F
[    2.484846] Interrupt Served: 	 Vector = 0x0000000F
[    2.488361] Interrupt Taken: 	 Vector = 0x0000000F
[    2.488428] Interrupt Served: 	 Vector = 0x0000000F
[    2.491882] Interrupt Taken: 	 Vector = 0x0000000F
[    2.491935] Interrupt Served: 	 Vector = 0x0000000F
[    2.495743] Interrupt Taken: 	 Vector = 0x0000000F
[    2.495806] Interrupt Served: 	 Vector = 0x0000000F
[    2.499176] [passthrough] Read: 	 address = 0x5802441C, size = 4 bytes, value = 0x00000000, pc=0x080021DC 
[    2.500001] Interrupt Taken: 	 Vector = 0x0000000F
[    2.500049] Interrupt Served: 	 Vector = 0x0000000F
[    2.503750] Interrupt Taken: 	 Vector = 0x0000000F
[    2.503831] Interrupt Served: 	 Vector = 0x0000000F
[    2.508027] Interrupt Taken: 	 Vector = 0x0000000F
[    2.508098] Interrupt Served: 	 Vector = 0x0000000F
[    2.511614] [passthrough] Read: 	 address = 0x5802441C, size = 4 bytes, value = 0x00000000, pc=0x0800220A 
[    2.512082] Interrupt Taken: 	 Vector = 0x0000000F
[    2.512130] Interrupt Served: 	 Vector = 0x0000000F
[    2.515803] Interrupt Taken: 	 Vector = 0x0000000F
[    2.515854] Interrupt Served: 	 Vector = 0x0000000F
[    2.519604] Interrupt Taken: 	 Vector = 0x0000000F
[    2.519681] Interrupt Served: 	 Vector = 0x0000000F
[    2.523599] Interrupt Taken: 	 Vector = 0x0000000F
[    2.523757] Interrupt Served: 	 Vector = 0x0000000F
[    2.526645] Interrupt Taken: 	 Vector = 0x0000000F
[    2.526770] Interrupt Served: 	 Vector = 0x0000000F
[    2.530148] [passthrough] Read: 	 address = 0x58024420, size = 4 bytes, value = 0x00000000, pc=0x08002238 
[    2.530797] Interrupt Taken: 	 Vector = 0x0000000F
[    2.530835] Interrupt Served: 	 Vector = 0x0000000F
[    2.534222] Interrupt Taken: 	 Vector = 0x0000000F
[    2.534346] Interrupt Served: 	 Vector = 0x0000000F
[    2.537241] Interrupt Taken: 	 Vector = 0x0000000F
[    2.537885] Interrupt Served: 	 Vector = 0x0000000F
[    2.540731] Interrupt Taken: 	 Vector = 0x0000000F
[    2.540827] Interrupt Served: 	 Vector = 0x0000000F
[    2.544278] Interrupt Taken: 	 Vector = 0x0000000F
[    2.544360] Interrupt Served: 	 Vector = 0x0000000F
[    2.547547] [passthrough] Read: 	 address = 0x58024410, size = 4 bytes, value = 0x00000000, pc=0x080022C8 
[    2.547975] Interrupt Taken: 	 Vector = 0x0000000F
[    2.548027] Interrupt Served: 	 Vector = 0x0000000F
[    2.551194] [passthrough] Read: 	 address = 0x58024400, size = 4 bytes, value = 0x00004025, pc=0x08002342 
[    2.551691] Interrupt Taken: 	 Vector = 0x0000000F
[    2.551759] Interrupt Served: 	 Vector = 0x0000000F
[    2.555641] [passthrough] Read: 	 address = 0x58024400, size = 4 bytes, value = 0x00004025, pc=0x0800234E 
[    2.556172] Interrupt Taken: 	 Vector = 0x0000000F
[    2.556401] Interrupt Served: 	 Vector = 0x0000000F
[    2.559378] Interrupt Taken: 	 Vector = 0x0000000F
[    2.559497] Interrupt Served: 	 Vector = 0x0000000F
[    2.563753] Interrupt Taken: 	 Vector = 0x0000000F
[    2.563807] Interrupt Served: 	 Vector = 0x0000000F
[    2.567216] [passthrough] Read: 	 address = 0x58024418, size = 4 bytes, value = 0x00000000, pc=0x0800225C 
[    2.567679] Interrupt Taken: 	 Vector = 0x0000000F
[    2.567736] Interrupt Served: 	 Vector = 0x0000000F
[    2.572643] Interrupt Taken: 	 Vector = 0x0000000F
[    2.572790] Interrupt Served: 	 Vector = 0x0000000F
[    2.575810] Interrupt Taken: 	 Vector = 0x0000000F
[    2.575937] Interrupt Served: 	 Vector = 0x0000000F
[    2.579404] [passthrough] Read: 	 address = 0x58024418, size = 4 bytes, value = 0x00000000, pc=0x08002274 
[    2.579849] Interrupt Taken: 	 Vector = 0x0000000F
[    2.579886] Interrupt Served: 	 Vector = 0x0000000F
[    2.584038] Interrupt Taken: 	 Vector = 0x0000000F
[    2.584109] Interrupt Served: 	 Vector = 0x0000000F
[    2.587620] IO Write Access NOT Handled: 	 address = 0xE000E014, size = 4 bytes, value = 0x0000f9ff, pc=0x080010F8 
[    2.587734] IO Write Access NOT Handled (Unknown Region): 	 address = 0x00000004, size = 4 bytes, value = 0x0000f9ff, pc=0x080010F8 
[    2.587815] Interrupt Taken: 	 Vector = 0x0000000F
[    2.587888] Interrupt Served: 	 Vector = 0x0000000F
[    2.591124] IO Write Access NOT Handled: 	 address = 0xE000ED23, size = 1 bytes, value = 0xf0, pc=0x0800105E 
[    2.591214] Interrupt Taken: 	 Vector = 0x0000000F
[    2.591265] Interrupt Served: 	 Vector = 0x0000000F
[    2.594598] IO Write Access NOT Handled: 	 address = 0xE000E018, size = 4 bytes, value = 0x00000000, pc=0x08001108 
[    2.594711] IO Write Access NOT Handled (Unknown Region): 	 address = 0x00000008, size = 4 bytes, value = 0x00000000, pc=0x08001108 
[    2.594786] Interrupt Taken: 	 Vector = 0x0000000F
[    2.594834] Interrupt Served: 	 Vector = 0x0000000F
[    2.597839] IO Write Access NOT Handled: 	 address = 0xE000E010, size = 4 bytes, value = 0x00000007, pc=0x0800110E 
[    2.597899] IO Write Access NOT Handled (Unknown Region): 	 address = 0x00000000, size = 4 bytes, value = 0x00000007, pc=0x0800110E 
[    2.597958] IO Read Access NOT Handled: 	 address=0xe000ed0c, size=4 bytes, pc=0x08000fce
[    2.598013] IO Write Access NOT Handled: 	 address = 0xE000ED23, size = 1 bytes, value = 0x00, pc=0x0800105E 
[    2.598742] Interrupt Taken: 	 Vector = 0x0000000F
[    2.598814] Interrupt Served: 	 Vector = 0x0000000F
[    2.603748] Interrupt Taken: 	 Vector = 0x0000000F
[    2.603849] Interrupt Served: 	 Vector = 0x0000000F
[    2.608249] Interrupt Taken: 	 Vector = 0x0000000F
[    2.608312] Interrupt Served: 	 Vector = 0x0000000F
[    2.611798] Interrupt Taken: 	 Vector = 0x0000000F
[    2.611893] Interrupt Served: 	 Vector = 0x0000000F
[    2.617023] Interrupt Taken: 	 Vector = 0x0000000F
[    2.617080] Interrupt Served: 	 Vector = 0x0000000F
[    2.620612] [passthrough] Read: 	 address = 0x580244E0, size = 4 bytes, value = 0x00000000, pc=0x08000768 
[    2.621088] Interrupt Taken: 	 Vector = 0x0000000F
[    2.621213] Interrupt Served: 	 Vector = 0x0000000F
[    2.624009] Interrupt Taken: 	 Vector = 0x0000000F
[    2.624139] Interrupt Served: 	 Vector = 0x0000000F
[    2.627389] Interrupt Taken: 	 Vector = 0x0000000F
[    2.627608] Interrupt Served: 	 Vector = 0x0000000F
[    2.630559] Interrupt Taken: 	 Vector = 0x0000000F
[    2.630652] Interrupt Served: 	 Vector = 0x0000000F
[    2.635994] Interrupt Taken: 	 Vector = 0x0000000F
[    2.636079] Interrupt Served: 	 Vector = 0x0000000F
[    2.639553] [passthrough] Write: 	 address = 0x580244E0, size = 4 bytes, value = 0x00000004, pc=0x08000772 
[    2.640909] Interrupt Taken: 	 Vector = 0x0000000F
[    2.641056] Interrupt Served: 	 Vector = 0x0000000F
[    2.643840] Interrupt Taken: 	 Vector = 0x0000000F
[    2.643961] Interrupt Served: 	 Vector = 0x0000000F
[    2.649153] Interrupt Taken: 	 Vector = 0x0000000F
[    2.649226] Interrupt Served: 	 Vector = 0x0000000F
[    2.652668] [passthrough] Read: 	 address = 0x580244E0, size = 4 bytes, value = 0x00000004, pc=0x08000778 
[    2.653611] Interrupt Taken: 	 Vector = 0x0000000F
[    2.653678] Interrupt Served: 	 Vector = 0x0000000F
[    2.658729] Interrupt Taken: 	 Vector = 0x0000000F
[    2.658832] Interrupt Served: 	 Vector = 0x0000000F
[    2.662384] [passthrough] Read: 	 address = 0x580244E0, size = 4 bytes, value = 0x00000004, pc=0x08000786 
[    2.662840] Interrupt Taken: 	 Vector = 0x0000000F
[    2.662887] Interrupt Served: 	 Vector = 0x0000000F
[    2.666988] Interrupt Taken: 	 Vector = 0x0000000F
[    2.667046] Interrupt Served: 	 Vector = 0x0000000F
[    2.670729] [passthrough] Write: 	 address = 0x580244E0, size = 4 bytes, value = 0x00000084, pc=0x08000790 
[    2.671411] Interrupt Taken: 	 Vector = 0x0000000F
[    2.671459] Interrupt Served: 	 Vector = 0x0000000F
[    2.675950] Interrupt Taken: 	 Vector = 0x0000000F
[    2.676103] Interrupt Served: 	 Vector = 0x0000000F
[    2.679096] Interrupt Taken: 	 Vector = 0x0000000F
[    2.679200] Interrupt Served: 	 Vector = 0x0000000F
[    2.683073] [passthrough] Read: 	 address = 0x580244E0, size = 4 bytes, value = 0x00000084, pc=0x08000796 
[    2.683555] Interrupt Taken: 	 Vector = 0x0000000F
[    2.683664] Interrupt Served: 	 Vector = 0x0000000F
[    2.686639] Interrupt Taken: 	 Vector = 0x0000000F
[    2.686725] Interrupt Served: 	 Vector = 0x0000000F
[    2.691250] Interrupt Taken: 	 Vector = 0x0000000F
[    2.691353] Interrupt Served: 	 Vector = 0x0000000F
[    2.694903] [passthrough] Read: 	 address = 0x580244E0, size = 4 bytes, value = 0x00000084, pc=0x080007A4 
[    2.695430] Interrupt Taken: 	 Vector = 0x0000000F
[    2.695475] Interrupt Served: 	 Vector = 0x0000000F
[    2.699099] Interrupt Taken: 	 Vector = 0x0000000F
[    2.699144] Interrupt Served: 	 Vector = 0x0000000F
[    2.702760] [passthrough] Write: 	 address = 0x580244E0, size = 4 bytes, value = 0x00000086, pc=0x080007AE 
[    2.703598] Interrupt Taken: 	 Vector = 0x0000000F
[    2.703669] Interrupt Served: 	 Vector = 0x0000000F
[    2.707677] Interrupt Taken: 	 Vector = 0x0000000F
[    2.707741] Interrupt Served: 	 Vector = 0x0000000F
[    2.711049] [passthrough] Read: 	 address = 0x580244E0, size = 4 bytes, value = 0x00000086, pc=0x080007B4 
[    2.711501] Interrupt Taken: 	 Vector = 0x0000000F
[    2.711548] Interrupt Served: 	 Vector = 0x0000000F
[    2.715216] Interrupt Taken: 	 Vector = 0x0000000F
[    2.715290] Interrupt Served: 	 Vector = 0x0000000F
[    2.719798] Interrupt Taken: 	 Vector = 0x0000000F
[    2.719878] Interrupt Served: 	 Vector = 0x0000000F
[    2.723867] Interrupt Taken: 	 Vector = 0x0000000F
[    2.723944] Interrupt Served: 	 Vector = 0x0000000F
[    2.727408] [passthrough] Write: 	 address = 0x58020418, size = 4 bytes, value = 0x00010000, pc=0x080015E8 
[    2.728222] Interrupt Taken: 	 Vector = 0x0000000F
[    2.728302] Interrupt Served: 	 Vector = 0x0000000F
[    2.732130] Interrupt Taken: 	 Vector = 0x0000000F
[    2.732195] Interrupt Served: 	 Vector = 0x0000000F
[    2.736199] Interrupt Taken: 	 Vector = 0x0000000F
[    2.736281] Interrupt Served: 	 Vector = 0x0000000F
[    2.740715] Interrupt Taken: 	 Vector = 0x0000000F
[    2.740810] Interrupt Served: 	 Vector = 0x0000000F
[    2.744703] Interrupt Taken: 	 Vector = 0x0000000F
[    2.744763] Interrupt Served: 	 Vector = 0x0000000F
[    2.748868] Interrupt Taken: 	 Vector = 0x0000000F
[    2.748924] Interrupt Served: 	 Vector = 0x0000000F
[    2.752730] Interrupt Taken: 	 Vector = 0x0000000F
[    2.752804] Interrupt Served: 	 Vector = 0x0000000F
[    2.759305] Interrupt Taken: 	 Vector = 0x0000000F
[    2.759621] Interrupt Served: 	 Vector = 0x0000000F
[    2.762492] Interrupt Taken: 	 Vector = 0x0000000F
[    2.762609] Interrupt Served: 	 Vector = 0x0000000F
[    2.766173] [passthrough] Read: 	 address = 0x58020408, size = 4 bytes, value = 0x000000c0, pc=0x080012AA 
[    2.766659] Interrupt Taken: 	 Vector = 0x0000000F
[    2.766699] Interrupt Served: 	 Vector = 0x0000000F
[    2.772916] Interrupt Taken: 	 Vector = 0x0000000F
[    2.772987] Interrupt Served: 	 Vector = 0x0000000F
[    2.776729] [passthrough] Write: 	 address = 0x58020408, size = 4 bytes, value = 0x000000c0, pc=0x080012D6 
[    2.777410] Interrupt Taken: 	 Vector = 0x0000000F
[    2.777571] Interrupt Served: 	 Vector = 0x0000000F
[    2.780757] Interrupt Taken: 	 Vector = 0x0000000F
[    2.780832] Interrupt Served: 	 Vector = 0x0000000F
[    2.785979] Interrupt Taken: 	 Vector = 0x0000000F
[    2.786134] Interrupt Served: 	 Vector = 0x0000000F
[    2.789160] Interrupt Taken: 	 Vector = 0x0000000F
[    2.789249] Interrupt Served: 	 Vector = 0x0000000F
[    2.792785] [passthrough] Read: 	 address = 0x58020404, size = 4 bytes, value = 0x00000000, pc=0x080012DA 
[    2.793279] Interrupt Taken: 	 Vector = 0x0000000F
[    2.793422] Interrupt Served: 	 Vector = 0x0000000F
[    2.796197] Interrupt Taken: 	 Vector = 0x0000000F
[    2.796262] Interrupt Served: 	 Vector = 0x0000000F
[    2.801211] Interrupt Taken: 	 Vector = 0x0000000F
[    2.801265] Interrupt Served: 	 Vector = 0x0000000F
[    2.804856] [passthrough] Write: 	 address = 0x58020404, size = 4 bytes, value = 0x00000000, pc=0x08001308 
[    2.805575] Interrupt Taken: 	 Vector = 0x0000000F
[    2.805637] Interrupt Served: 	 Vector = 0x0000000F
[    2.809533] Interrupt Taken: 	 Vector = 0x0000000F
[    2.809617] Interrupt Served: 	 Vector = 0x0000000F
[    2.814496] Interrupt Taken: 	 Vector = 0x0000000F
[    2.814551] Interrupt Served: 	 Vector = 0x0000000F
[    2.817766] [passthrough] Read: 	 address = 0x5802040C, size = 4 bytes, value = 0x00000100, pc=0x08001318 
[    2.818252] Interrupt Taken: 	 Vector = 0x0000000F
[    2.818390] Interrupt Served: 	 Vector = 0x0000000F
[    2.821277] Interrupt Taken: 	 Vector = 0x0000000F
[    2.821400] Interrupt Served: 	 Vector = 0x0000000F
[    2.826320] Interrupt Taken: 	 Vector = 0x0000000F
[    2.826518] Interrupt Served: 	 Vector = 0x0000000F
[    2.829505] Interrupt Taken: 	 Vector = 0x0000000F
[    2.829592] Interrupt Served: 	 Vector = 0x0000000F
[    2.833091] [passthrough] Write: 	 address = 0x5802040C, size = 4 bytes, value = 0x00000100, pc=0x08001344 
[    2.833814] Interrupt Taken: 	 Vector = 0x0000000F
[    2.833946] Interrupt Served: 	 Vector = 0x0000000F
[    2.836908] Interrupt Taken: 	 Vector = 0x0000000F
[    2.836991] Interrupt Served: 	 Vector = 0x0000000F
[    2.840752] Interrupt Taken: 	 Vector = 0x0000000F
[    2.840827] Interrupt Served: 	 Vector = 0x0000000F
[    2.845597] Interrupt Taken: 	 Vector = 0x0000000F
[    2.845654] Interrupt Served: 	 Vector = 0x0000000F
[    2.849157] [passthrough] Read: 	 address = 0x58020400, size = 4 bytes, value = 0xfffffebf, pc=0x0800139C 
[    2.849633] Interrupt Taken: 	 Vector = 0x0000000F
[    2.849668] Interrupt Served: 	 Vector = 0x0000000F
[    2.854700] Interrupt Taken: 	 Vector = 0x0000000F
[    2.854838] Interrupt Served: 	 Vector = 0x0000000F
[    2.858263] [passthrough] Write: 	 address = 0x58020400, size = 4 bytes, value = 0xfffffebd, pc=0x080013CC 
[    2.858984] Interrupt Taken: 	 Vector = 0x0000000F
[    2.859152] Interrupt Served: 	 Vector = 0x0000000F
[    2.862020] Interrupt Taken: 	 Vector = 0x0000000F
[    2.862114] Interrupt Served: 	 Vector = 0x0000000F
[    2.865784] Interrupt Taken: 	 Vector = 0x0000000F
[    2.865846] Interrupt Served: 	 Vector = 0x0000000F
[    2.869757] Interrupt Taken: 	 Vector = 0x0000000F
[    2.869810] Interrupt Served: 	 Vector = 0x0000000F
[    2.873557] Interrupt Taken: 	 Vector = 0x0000000F
[    2.873630] Interrupt Served: 	 Vector = 0x0000000F
[    2.877556] Interrupt Taken: 	 Vector = 0x0000000F
[    2.877618] Interrupt Served: 	 Vector = 0x0000000F
[    2.881180] Interrupt Taken: 	 Vector = 0x0000000F
[    2.881251] Interrupt Served: 	 Vector = 0x0000000F
[    2.885233] Interrupt Taken: 	 Vector = 0x0000000F
[    2.885287] Interrupt Served: 	 Vector = 0x0000000F
[    2.888887] Interrupt Taken: 	 Vector = 0x0000000F
[    2.888974] Interrupt Served: 	 Vector = 0x0000000F
[    2.893017] Interrupt Taken: 	 Vector = 0x0000000F
[    2.893163] Interrupt Served: 	 Vector = 0x0000000F
[    2.896070] Interrupt Taken: 	 Vector = 0x0000000F
[    2.896164] Interrupt Served: 	 Vector = 0x0000000F
[    2.899864] [passthrough] Read: 	 address = 0x580244E0, size = 4 bytes, value = 0x00000086, pc=0x08000A9C 
[    2.900396] Interrupt Taken: 	 Vector = 0x0000000F
[    2.900497] Interrupt Served: 	 Vector = 0x0000000F
[    2.903573] Interrupt Taken: 	 Vector = 0x0000000F
[    2.903657] Interrupt Served: 	 Vector = 0x0000000F
[    2.907646] Interrupt Taken: 	 Vector = 0x0000000F
[    2.907723] Interrupt Served: 	 Vector = 0x0000000F
[    2.911299] [passthrough] Write: 	 address = 0x580244E0, size = 4 bytes, value = 0x00000086, pc=0x08000AA6 
[    2.912195] Interrupt Taken: 	 Vector = 0x0000000F
[    2.912263] Interrupt Served: 	 Vector = 0x0000000F
[    2.916002] Interrupt Taken: 	 Vector = 0x0000000F
[    2.916056] Interrupt Served: 	 Vector = 0x0000000F
[    2.919573] [passthrough] Read: 	 address = 0x580244E0, size = 4 bytes, value = 0x00000086, pc=0x08000AAC 
[    2.920021] Interrupt Taken: 	 Vector = 0x0000000F
[    2.920061] Interrupt Served: 	 Vector = 0x0000000F
[    2.923673] Interrupt Taken: 	 Vector = 0x0000000F
[    2.923739] Interrupt Served: 	 Vector = 0x0000000F
[    2.928374] Interrupt Taken: 	 Vector = 0x0000000F
[    2.928453] Interrupt Served: 	 Vector = 0x0000000F
[    2.931915] [passthrough] Read: 	 address = 0x58020408, size = 4 bytes, value = 0x000000c0, pc=0x080012AA 
[    2.932461] [passthrough] Write: 	 address = 0x58020408, size = 4 bytes, value = 0x000000c3, pc=0x080012D6 
[    2.933049] [passthrough] Read: 	 address = 0x58020404, size = 4 bytes, value = 0x00000000, pc=0x080012DA 
[    2.933460] [passthrough] Write: 	 address = 0x58020404, size = 4 bytes, value = 0x00000000, pc=0x08001308 
[    2.934010] [passthrough] Read: 	 address = 0x5802040C, size = 4 bytes, value = 0x00000100, pc=0x08001318 
[    2.934494] [passthrough] Write: 	 address = 0x5802040C, size = 4 bytes, value = 0x00000100, pc=0x08001344 
[    2.935054] [passthrough] Read: 	 address = 0x58020400, size = 4 bytes, value = 0xfffffebd, pc=0x0800139C 
[    2.935512] [passthrough] Write: 	 address = 0x58020400, size = 4 bytes, value = 0xfffffebd, pc=0x080013CC 
[    2.936648] Interrupt Taken: 	 Vector = 0x0000000F
[    2.936718] Interrupt Served: 	 Vector = 0x0000000F
[    2.940070] [passthrough] Write: 	 address = 0x58020418, size = 4 bytes, value = 0x00010000, pc=0x080015E8 
[    2.940801] Interrupt Taken: 	 Vector = 0x0000000F
[    2.940923] Interrupt Served: 	 Vector = 0x0000000F
[    2.943811] Interrupt Taken: 	 Vector = 0x0000000F
[    2.943928] Interrupt Served: 	 Vector = 0x0000000F
[    2.947801] Interrupt Taken: 	 Vector = 0x0000000F
[    2.947859] Interrupt Served: 	 Vector = 0x0000000F
[    2.951640] Interrupt Taken: 	 Vector = 0x0000000F
[    2.951705] Interrupt Served: 	 Vector = 0x0000000F
[    2.955537] Interrupt Taken: 	 Vector = 0x0000000F
[    2.955619] Interrupt Served: 	 Vector = 0x0000000F
[    2.959519] Interrupt Taken: 	 Vector = 0x0000000F
[    2.959599] Interrupt Served: 	 Vector = 0x0000000F
[    2.963421] Interrupt Taken: 	 Vector = 0x0000000F
[    2.963475] Interrupt Served: 	 Vector = 0x0000000F
[    2.967201] [passthrough] Read: 	 address = 0x580244E0, size = 4 bytes, value = 0x00000086, pc=0x08000AC2 
[    2.967728] Interrupt Taken: 	 Vector = 0x0000000F
[    2.967907] Interrupt Served: 	 Vector = 0x0000000F
[    2.970924] Interrupt Taken: 	 Vector = 0x0000000F
[    2.971012] Interrupt Served: 	 Vector = 0x0000000F
[    2.974975] Interrupt Taken: 	 Vector = 0x0000000F
[    2.975035] Interrupt Served: 	 Vector = 0x0000000F
[    2.978521] [passthrough] Write: 	 address = 0x580244E0, size = 4 bytes, value = 0x00000086, pc=0x08000ACC 
[    2.979122] Interrupt Taken: 	 Vector = 0x0000000F
[    2.979233] Interrupt Served: 	 Vector = 0x0000000F
[    2.982175] Interrupt Taken: 	 Vector = 0x0000000F
[    2.982257] Interrupt Served: 	 Vector = 0x0000000F
[    2.986191] Interrupt Taken: 	 Vector = 0x0000000F
[    2.986245] Interrupt Served: 	 Vector = 0x0000000F
[    2.989792] [passthrough] Read: 	 address = 0x580244E0, size = 4 bytes, value = 0x00000086, pc=0x08000AD2 
[    2.990252] Interrupt Taken: 	 Vector = 0x0000000F
[    2.990407] Interrupt Served: 	 Vector = 0x0000000F
[    2.993289] Interrupt Taken: 	 Vector = 0x0000000F
[    2.993420] Interrupt Served: 	 Vector = 0x0000000F
[    2.997033] Interrupt Taken: 	 Vector = 0x0000000F
[    2.997150] Interrupt Served: 	 Vector = 0x0000000F
[    3.000032] Interrupt Taken: 	 Vector = 0x0000000F
[    3.000096] Interrupt Served: 	 Vector = 0x0000000F
[    3.003373] [passthrough] Read: 	 address = 0x58020408, size = 4 bytes, value = 0x000000c3, pc=0x080012AA 
[    3.003863] Interrupt Taken: 	 Vector = 0x0000000F
[    3.004007] Interrupt Served: 	 Vector = 0x0000000F
[    3.007351] Interrupt Taken: 	 Vector = 0x0000000F
[    3.007463] Interrupt Served: 	 Vector = 0x0000000F
[    3.010860] [passthrough] Write: 	 address = 0x58020408, size = 4 bytes, value = 0x0000c0c3, pc=0x080012D6 
[    3.011563] Interrupt Taken: 	 Vector = 0x0000000F
[    3.011612] Interrupt Served: 	 Vector = 0x0000000F
[    3.014869] [passthrough] Read: 	 address = 0x58020404, size = 4 bytes, value = 0x00000000, pc=0x080012DA 
[    3.015420] [passthrough] Write: 	 address = 0x58020404, size = 4 bytes, value = 0x00000000, pc=0x08001308 
[    3.016053] [passthrough] Read: 	 address = 0x5802040C, size = 4 bytes, value = 0x00000100, pc=0x08001318 
[    3.016503] [passthrough] Write: 	 address = 0x5802040C, size = 4 bytes, value = 0x00000100, pc=0x08001344 
[    3.017170] [passthrough] Read: 	 address = 0x58020400, size = 4 bytes, value = 0xfffffebd, pc=0x0800139C 
[    3.017610] [passthrough] Write: 	 address = 0x58020400, size = 4 bytes, value = 0xffff7ebd, pc=0x080013CC 
[    3.018426] [passthrough] Write: 	 address = 0x58020418, size = 4 bytes, value = 0x00800000, pc=0x080015E8 
[    3.018989] Interrupt Taken: 	 Vector = 0x0000000F
[    3.019049] Interrupt Served: 	 Vector = 0x0000000F
[    3.022680] Interrupt Taken: 	 Vector = 0x0000000F
[    3.022750] Interrupt Served: 	 Vector = 0x0000000F
[    3.026251] Interrupt Taken: 	 Vector = 0x0000000F
[    3.026320] Interrupt Served: 	 Vector = 0x0000000F
[    3.031114] Interrupt Taken: 	 Vector = 0x0000000F
[    3.031177] Interrupt Served: 	 Vector = 0x0000000F
[    3.034424] [passthrough] Read: 	 address = 0x580244E0, size = 4 bytes, value = 0x00000086, pc=0x08000AE2 
[    3.034902] Interrupt Taken: 	 Vector = 0x0000000F
[    3.034948] Interrupt Served: 	 Vector = 0x0000000F
[    3.039523] Interrupt Taken: 	 Vector = 0x0000000F
[    3.039589] Interrupt Served: 	 Vector = 0x0000000F
[    3.043005] [passthrough] Write: 	 address = 0x580244E0, size = 4 bytes, value = 0x00000086, pc=0x08000AEC 
[    3.043682] Interrupt Taken: 	 Vector = 0x0000000F
[    3.043744] Interrupt Served: 	 Vector = 0x0000000F
[    3.048726] Interrupt Taken: 	 Vector = 0x0000000F
[    3.048804] Interrupt Served: 	 Vector = 0x0000000F
[    3.052128] [passthrough] Read: 	 address = 0x580244E0, size = 4 bytes, value = 0x00000086, pc=0x08000AF2 
[    3.052669] Interrupt Taken: 	 Vector = 0x0000000F
[    3.052745] Interrupt Served: 	 Vector = 0x0000000F
[    3.057434] Interrupt Taken: 	 Vector = 0x0000000F
[    3.057514] Interrupt Served: 	 Vector = 0x0000000F
[    3.060869] [passthrough] Read: 	 address = 0x58020408, size = 4 bytes, value = 0x0000c0c3, pc=0x080012AA 
[    3.061369] Interrupt Taken: 	 Vector = 0x0000000F
[    3.061460] Interrupt Served: 	 Vector = 0x0000000F
[    3.064599] [passthrough] Write: 	 address = 0x58020408, size = 4 bytes, value = 0x3000c0c3, pc=0x080012D6 
[    3.065276] [passthrough] Read: 	 address = 0x58020404, size = 4 bytes, value = 0x00000000, pc=0x080012DA 
[    3.065707] [passthrough] Write: 	 address = 0x58020404, size = 4 bytes, value = 0x00000000, pc=0x08001308 
[    3.066242] [passthrough] Read: 	 address = 0x5802040C, size = 4 bytes, value = 0x00000100, pc=0x08001318 
[    3.066703] [passthrough] Write: 	 address = 0x5802040C, size = 4 bytes, value = 0x00000100, pc=0x08001344 
[    3.067404] [passthrough] Read: 	 address = 0x58020400, size = 4 bytes, value = 0xffff7ebd, pc=0x0800139C 
[    3.067889] [passthrough] Write: 	 address = 0x58020400, size = 4 bytes, value = 0xdfff7ebd, pc=0x080013CC 
[    3.068604] [passthrough] Write: 	 address = 0x58020418, size = 4 bytes, value = 0x40000000, pc=0x080015E8 
[    3.069679] Interrupt Taken: 	 Vector = 0x0000000F
[    3.069750] Interrupt Served: 	 Vector = 0x0000000F
[    3.074210] Interrupt Taken: 	 Vector = 0x0000000F
[    3.074286] Interrupt Served: 	 Vector = 0x0000000F
[    3.077898] [passthrough] Read: 	 address = 0x580244E0, size = 4 bytes, value = 0x00000086, pc=0x08000B6A 
[    3.078465] Interrupt Taken: 	 Vector = 0x0000000F
[    3.078673] Interrupt Served: 	 Vector = 0x0000000F
[    3.081608] Interrupt Taken: 	 Vector = 0x0000000F
[    3.081678] Interrupt Served: 	 Vector = 0x0000000F
[    3.085778] Interrupt Taken: 	 Vector = 0x0000000F
[    3.085827] Interrupt Served: 	 Vector = 0x0000000F
[    3.089441] [passthrough] Write: 	 address = 0x580244E0, size = 4 bytes, value = 0x00000086, pc=0x08000B74 
[    3.090023] Interrupt Taken: 	 Vector = 0x0000000F
[    3.090187] Interrupt Served: 	 Vector = 0x0000000F
[    3.093005] Interrupt Taken: 	 Vector = 0x0000000F
[    3.093136] Interrupt Served: 	 Vector = 0x0000000F
[    3.097209] Interrupt Taken: 	 Vector = 0x0000000F
[    3.097257] Interrupt Served: 	 Vector = 0x0000000F
[    3.100525] [passthrough] Read: 	 address = 0x580244E0, size = 4 bytes, value = 0x00000086, pc=0x08000B7A 
[    3.100988] Interrupt Taken: 	 Vector = 0x0000000F
[    3.101126] Interrupt Served: 	 Vector = 0x0000000F
[    3.104113] Interrupt Taken: 	 Vector = 0x0000000F
[    3.104405] Interrupt Served: 	 Vector = 0x0000000F
[    3.107460] Interrupt Taken: 	 Vector = 0x0000000F
[    3.107551] Interrupt Served: 	 Vector = 0x0000000F
[    3.111475] Interrupt Taken: 	 Vector = 0x0000000F
[    3.111531] Interrupt Served: 	 Vector = 0x0000000F
[    3.115406] Interrupt Taken: 	 Vector = 0x0000000F
[    3.115454] Interrupt Served: 	 Vector = 0x0000000F
[    3.118748] Interrupt Taken: 	 Vector = 0x0000000F
[    3.118828] Interrupt Served: 	 Vector = 0x0000000F
[    3.122807] Interrupt Taken: 	 Vector = 0x0000000F
[    3.122946] Interrupt Served: 	 Vector = 0x0000000F
[    3.125815] Interrupt Taken: 	 Vector = 0x0000000F
[    3.125911] Interrupt Served: 	 Vector = 0x0000000F
[    3.129378] [passthrough] Read: 	 address = 0x5802080C, size = 4 bytes, value = 0x00000000, pc=0x08001318 
[    3.130020] Interrupt Taken: 	 Vector = 0x0000000F
[    3.130061] Interrupt Served: 	 Vector = 0x0000000F
[    3.133386] [passthrough] Write: 	 address = 0x5802080C, size = 4 bytes, value = 0x08000000, pc=0x08001344 
[    3.134175] [passthrough] Read: 	 address = 0x58020800, size = 4 bytes, value = 0xffffffff, pc=0x0800139C 
[    3.134596] [passthrough] Write: 	 address = 0x58020800, size = 4 bytes, value = 0xf3ffffff, pc=0x080013CC 
[    3.136215] Interrupt Taken: 	 Vector = 0x0000000F
[    3.136292] Interrupt Served: 	 Vector = 0x0000000F
[    3.139825] [passthrough] Read: 	 address = 0x580244F4, size = 4 bytes, value = 0x00010002, pc=0x080013DE 
[    3.140360] Interrupt Taken: 	 Vector = 0x0000000F
[    3.140518] Interrupt Served: 	 Vector = 0x0000000F
[    3.143443] Interrupt Taken: 	 Vector = 0x0000000F
[    3.143595] Interrupt Served: 	 Vector = 0x0000000F
[    3.147764] Interrupt Taken: 	 Vector = 0x0000000F
[    3.147816] Interrupt Served: 	 Vector = 0x0000000F
[    3.151408] [passthrough] Write: 	 address = 0x580244F4, size = 4 bytes, value = 0x00010002, pc=0x080013E8 
[    3.152067] Interrupt Taken: 	 Vector = 0x0000000F
[    3.152126] Interrupt Served: 	 Vector = 0x0000000F
[    3.156035] Interrupt Taken: 	 Vector = 0x0000000F
[    3.156118] Interrupt Served: 	 Vector = 0x0000000F
[    3.159907] [passthrough] Read: 	 address = 0x580244F4, size = 4 bytes, value = 0x00010002, pc=0x080013EE 
[    3.160454] Interrupt Taken: 	 Vector = 0x0000000F
[    3.160517] Interrupt Served: 	 Vector = 0x0000000F
[    3.164430] Interrupt Taken: 	 Vector = 0x0000000F
[    3.164486] Interrupt Served: 	 Vector = 0x0000000F
[    3.168785] Interrupt Taken: 	 Vector = 0x0000000F
[    3.168851] Interrupt Served: 	 Vector = 0x0000000F
[    3.172575] [passthrough] Read: 	 address = 0x58000414, size = 4 bytes, value = 0x00000000, pc=0x08001402 
[    3.173040] Interrupt Taken: 	 Vector = 0x0000000F
[    3.173105] Interrupt Served: 	 Vector = 0x0000000F
[    3.177515] Interrupt Taken: 	 Vector = 0x0000000F
[    3.177599] Interrupt Served: 	 Vector = 0x0000000F
[    3.181357] Interrupt Taken: 	 Vector = 0x0000000F
[    3.181430] Interrupt Served: 	 Vector = 0x0000000F
[    3.185287] Interrupt Taken: 	 Vector = 0x0000000F
[    3.185380] Interrupt Served: 	 Vector = 0x0000000F
[    3.188882] Interrupt Taken: 	 Vector = 0x0000000F
[    3.188955] Interrupt Served: 	 Vector = 0x0000000F
[    3.193463] Interrupt Taken: 	 Vector = 0x0000000F
[    3.193533] Interrupt Served: 	 Vector = 0x0000000F
[    3.197211] [passthrough] Write: 	 address = 0x58000414, size = 4 bytes, value = 0x00000020, pc=0x080014E8 
[    3.197888] Interrupt Taken: 	 Vector = 0x0000000F
[    3.197935] Interrupt Served: 	 Vector = 0x0000000F
[    3.201935] Interrupt Taken: 	 Vector = 0x0000000F
[    3.202012] Interrupt Served: 	 Vector = 0x0000000F
[    3.205759] [passthrough] Read: 	 address = 0x58000000, size = 4 bytes, value = 0x00000000, pc=0x080014F0 
[    3.206271] Interrupt Taken: 	 Vector = 0x0000000F
[    3.206356] Interrupt Served: 	 Vector = 0x0000000F
[    3.210405] Interrupt Taken: 	 Vector = 0x0000000F
[    3.210502] Interrupt Served: 	 Vector = 0x0000000F
[    3.214668] Interrupt Taken: 	 Vector = 0x0000000F
[    3.214737] Interrupt Served: 	 Vector = 0x0000000F
[    3.218302] [passthrough] Write: 	 address = 0x58000000, size = 4 bytes, value = 0x00002000, pc=0x08001518 
[    3.218948] Interrupt Taken: 	 Vector = 0x0000000F
[    3.219002] Interrupt Served: 	 Vector = 0x0000000F
[    3.223155] Interrupt Taken: 	 Vector = 0x0000000F
[    3.223250] Interrupt Served: 	 Vector = 0x0000000F
[    3.226908] [passthrough] Read: 	 address = 0x58000004, size = 4 bytes, value = 0x00000000, pc=0x0800151E 
[    3.227431] Interrupt Taken: 	 Vector = 0x0000000F
[    3.227591] Interrupt Served: 	 Vector = 0x0000000F
[    3.230629] Interrupt Taken: 	 Vector = 0x0000000F
[    3.230715] Interrupt Served: 	 Vector = 0x0000000F
[    3.234917] Interrupt Taken: 	 Vector = 0x0000000F
[    3.234981] Interrupt Served: 	 Vector = 0x0000000F
[    3.239463] Interrupt Taken: 	 Vector = 0x0000000F
[    3.239550] Interrupt Served: 	 Vector = 0x0000000F
[    3.243106] [passthrough] Write: 	 address = 0x58000004, size = 4 bytes, value = 0x00000000, pc=0x08001546 
[    3.243824] Interrupt Taken: 	 Vector = 0x0000000F
[    3.243885] Interrupt Served: 	 Vector = 0x0000000F
[    3.248032] Interrupt Taken: 	 Vector = 0x0000000F
[    3.248091] Interrupt Served: 	 Vector = 0x0000000F
[    3.251461] [passthrough] Read: 	 address = 0x58000084, size = 4 bytes, value = 0x00000000, pc=0x0800154A 
[    3.251986] Interrupt Taken: 	 Vector = 0x0000000F
[    3.252092] Interrupt Served: 	 Vector = 0x0000000F
[    3.255126] Interrupt Taken: 	 Vector = 0x0000000F
[    3.255215] Interrupt Served: 	 Vector = 0x0000000F
[    3.259465] Interrupt Taken: 	 Vector = 0x0000000F
[    3.259523] Interrupt Served: 	 Vector = 0x0000000F
[    3.263553] Interrupt Taken: 	 Vector = 0x0000000F
[    3.263612] Interrupt Served: 	 Vector = 0x0000000F
[    3.266962] [passthrough] Write: 	 address = 0x58000084, size = 4 bytes, value = 0x00000000, pc=0x08001570 
[    3.267540] Interrupt Taken: 	 Vector = 0x0000000F
[    3.267602] Interrupt Served: 	 Vector = 0x0000000F
[    3.271592] Interrupt Taken: 	 Vector = 0x0000000F
[    3.271674] Interrupt Served: 	 Vector = 0x0000000F
[    3.275403] [passthrough] Read: 	 address = 0x58000080, size = 4 bytes, value = 0xffc00000, pc=0x08001574 
[    3.275935] Interrupt Taken: 	 Vector = 0x0000000F
[    3.276094] Interrupt Served: 	 Vector = 0x0000000F
[    3.279194] Interrupt Taken: 	 Vector = 0x0000000F
[    3.279293] Interrupt Served: 	 Vector = 0x0000000F
[    3.283130] Interrupt Taken: 	 Vector = 0x0000000F
[    3.283261] Interrupt Served: 	 Vector = 0x0000000F
[    3.286302] Interrupt Taken: 	 Vector = 0x0000000F
[    3.286396] Interrupt Served: 	 Vector = 0x0000000F
[    3.290926] Interrupt Taken: 	 Vector = 0x0000000F
[    3.291004] Interrupt Served: 	 Vector = 0x0000000F
[    3.294557] [passthrough] Write: 	 address = 0x58000080, size = 4 bytes, value = 0xffc02000, pc=0x0800159A 
[    3.295386] Interrupt Taken: 	 Vector = 0x0000000F
[    3.295511] Interrupt Served: 	 Vector = 0x0000000F
[    3.298739] Interrupt Taken: 	 Vector = 0x0000000F
[    3.298806] Interrupt Served: 	 Vector = 0x0000000F
[    3.303357] Interrupt Taken: 	 Vector = 0x0000000F
[    3.303422] Interrupt Served: 	 Vector = 0x0000000F
[    3.307102] Interrupt Taken: 	 Vector = 0x0000000F
[    3.307174] Interrupt Served: 	 Vector = 0x0000000F
[    3.311320] Interrupt Taken: 	 Vector = 0x0000000F
[    3.311429] Interrupt Served: 	 Vector = 0x0000000F
[    3.314890] Interrupt Taken: 	 Vector = 0x0000000F
[    3.314937] Interrupt Served: 	 Vector = 0x0000000F
[    3.318601] Interrupt Taken: 	 Vector = 0x0000000F
[    3.318662] Interrupt Served: 	 Vector = 0x0000000F
[    3.322315] Interrupt Taken: 	 Vector = 0x0000000F
[    3.322403] Interrupt Served: 	 Vector = 0x0000000F
[    3.326171] Interrupt Taken: 	 Vector = 0x0000000F
[    3.326315] Interrupt Served: 	 Vector = 0x0000000F
[    3.329315] Interrupt Taken: 	 Vector = 0x0000000F
[    3.329424] Interrupt Served: 	 Vector = 0x0000000F
[    3.333019] Interrupt Taken: 	 Vector = 0x0000000F
[    3.333109] Interrupt Served: 	 Vector = 0x0000000F
[    3.336129] Interrupt Taken: 	 Vector = 0x0000000F
[    3.336202] Interrupt Served: 	 Vector = 0x0000000F
[    3.339872] Interrupt Taken: 	 Vector = 0x0000000F
[    3.339926] Interrupt Served: 	 Vector = 0x0000000F
[    3.343727] Interrupt Taken: 	 Vector = 0x0000000F
[    3.343812] Interrupt Served: 	 Vector = 0x0000000F
[    3.347148] IO Read Access NOT Handled: 	 address=0xe000ed0c, size=4 bytes, pc=0x08000fce
[    3.347227] Interrupt Taken: 	 Vector = 0x0000000F
[    3.347268] Interrupt Served: 	 Vector = 0x0000000F
[    3.351022] Interrupt Taken: 	 Vector = 0x0000000F
[    3.351074] Interrupt Served: 	 Vector = 0x0000000F
[    3.354647] IO Write Access NOT Handled: 	 address = 0xE000E428, size = 1 bytes, value = 0xf0, pc=0x08001044 
[    3.354726] Interrupt Taken: 	 Vector = 0x0000000F
[    3.354777] Interrupt Served: 	 Vector = 0x0000000F
[    3.358180] Interrupt Taken: 	 Vector = 0x0000000F
[    3.358310] Interrupt Served: 	 Vector = 0x0000000F
[    3.361267] Interrupt Taken: 	 Vector = 0x0000000F
[    3.361406] Interrupt Served: 	 Vector = 0x0000000F
[    3.365092] Interrupt Taken: 	 Vector = 0x0000000F
[    3.365139] Interrupt Served: 	 Vector = 0x0000000F
[    3.368866] Interrupt Taken: 	 Vector = 0x0000000F
[    3.368918] Interrupt Served: 	 Vector = 0x0000000F
[    3.372985] Interrupt Taken: 	 Vector = 0x0000000F
[    3.373058] Interrupt Served: 	 Vector = 0x0000000F
[    3.376759] Interrupt Taken: 	 Vector = 0x0000000F
[    3.376830] Interrupt Served: 	 Vector = 0x0000000F
[    3.380254] Interrupt Taken: 	 Vector = 0x0000000F
[    3.380308] Interrupt Served: 	 Vector = 0x0000000F
[    3.384245] Interrupt Taken: 	 Vector = 0x0000000F
[    3.384298] Interrupt Served: 	 Vector = 0x0000000F
[    3.387839] IO Write Access NOT Handled: 	 address = 0xE000E104, size = 4 bytes, value = 0x00000100, pc=0x0800100A 
[    3.387925] Interrupt Taken: 	 Vector = 0x0000000F
[    3.388203] Interrupt Served: 	 Vector = 0x0000000F
[    3.391196] Interrupt Taken: 	 Vector = 0x0000000F
[    3.391314] Interrupt Served: 	 Vector = 0x0000000F
[    3.395109] Interrupt Taken: 	 Vector = 0x0000000F
[    3.395227] Interrupt Served: 	 Vector = 0x0000000F
[    3.398190] Interrupt Taken: 	 Vector = 0x0000000F
[    3.398244] Interrupt Served: 	 Vector = 0x0000000F
[    3.401936] Interrupt Taken: 	 Vector = 0x0000000F
[    3.402015] Interrupt Served: 	 Vector = 0x0000000F
[    3.405774] Interrupt Taken: 	 Vector = 0x0000000F
[    3.405828] Interrupt Served: 	 Vector = 0x0000000F
[    3.409956] Interrupt Taken: 	 Vector = 0x0000000F
[    3.410132] Interrupt Served: 	 Vector = 0x0000000F
[    3.413083] Interrupt Taken: 	 Vector = 0x0000000F
[    3.413171] Interrupt Served: 	 Vector = 0x0000000F
[    3.416930] Interrupt Taken: 	 Vector = 0x0000000F
[    3.416980] Interrupt Served: 	 Vector = 0x0000000F
[    3.420955] Interrupt Taken: 	 Vector = 0x0000000F
[    3.421023] Interrupt Served: 	 Vector = 0x0000000F
[    3.426803] Interrupt Taken: 	 Vector = 0x0000000F
[    3.426945] Interrupt Served: 	 Vector = 0x0000000F
[    3.429692] Interrupt Taken: 	 Vector = 0x0000000F
[    3.429801] Interrupt Served: 	 Vector = 0x0000000F
[    3.433113] [passthrough] Read: 	 address = 0x580244E0, size = 4 bytes, value = 0x00000086, pc=0x08000D56 
[    3.433588] Interrupt Taken: 	 Vector = 0x0000000F
[    3.433633] Interrupt Served: 	 Vector = 0x0000000F
[    3.439564] Interrupt Taken: 	 Vector = 0x0000000F
[    3.439651] Interrupt Served: 	 Vector = 0x0000000F
[    3.443484] [passthrough] Write: 	 address = 0x580244E0, size = 4 bytes, value = 0x0000008e, pc=0x08000D60 
[    3.444206] Interrupt Taken: 	 Vector = 0x0000000F
[    3.444348] Interrupt Served: 	 Vector = 0x0000000F
[    3.447353] Interrupt Taken: 	 Vector = 0x0000000F
[    3.447434] Interrupt Served: 	 Vector = 0x0000000F
[    3.452555] Interrupt Taken: 	 Vector = 0x0000000F
[    3.452630] Interrupt Served: 	 Vector = 0x0000000F
[    3.456148] [passthrough] Read: 	 address = 0x580244E0, size = 4 bytes, value = 0x0000008e, pc=0x08000D66 
[    3.456630] Interrupt Taken: 	 Vector = 0x0000000F
[    3.456706] Interrupt Served: 	 Vector = 0x0000000F
[    3.461410] Interrupt Taken: 	 Vector = 0x0000000F
[    3.461514] Interrupt Served: 	 Vector = 0x0000000F
[    3.464671] Interrupt Taken: 	 Vector = 0x0000000F
[    3.464739] Interrupt Served: 	 Vector = 0x0000000F
[    3.468201] [passthrough] Read: 	 address = 0x580244E0, size = 4 bytes, value = 0x0000008e, pc=0x08000D74 
[    3.468670] Interrupt Taken: 	 Vector = 0x0000000F
[    3.468772] Interrupt Served: 	 Vector = 0x0000000F
[    3.471559] Interrupt Taken: 	 Vector = 0x0000000F
[    3.471642] Interrupt Served: 	 Vector = 0x0000000F
[    3.476820] Interrupt Taken: 	 Vector = 0x0000000F
[    3.476915] Interrupt Served: 	 Vector = 0x0000000F
[    3.480307] [passthrough] Write: 	 address = 0x580244E0, size = 4 bytes, value = 0x0000008e, pc=0x08000D7E 
[    3.481373] Interrupt Taken: 	 Vector = 0x0000000F
[    3.481427] Interrupt Served: 	 Vector = 0x0000000F
[    3.485551] Interrupt Taken: 	 Vector = 0x0000000F
[    3.485602] Interrupt Served: 	 Vector = 0x0000000F
[    3.489092] [passthrough] Read: 	 address = 0x580244E0, size = 4 bytes, value = 0x0000008e, pc=0x08000D84 
[    3.489564] Interrupt Taken: 	 Vector = 0x0000000F
[    3.489625] Interrupt Served: 	 Vector = 0x0000000F
[    3.494694] Interrupt Taken: 	 Vector = 0x0000000F
[    3.494768] Interrupt Served: 	 Vector = 0x0000000F
[    3.498311] [passthrough] Read: 	 address = 0x580244E8, size = 4 bytes, value = 0x00000000, pc=0x08000D92 
[    3.498981] Interrupt Taken: 	 Vector = 0x0000000F
[    3.499088] Interrupt Served: 	 Vector = 0x0000000F
[    3.502178] Interrupt Taken: 	 Vector = 0x0000000F
[    3.502258] Interrupt Served: 	 Vector = 0x0000000F
[    3.507292] Interrupt Taken: 	 Vector = 0x0000000F
[    3.507403] Interrupt Served: 	 Vector = 0x0000000F
[    3.510832] [passthrough] Write: 	 address = 0x580244E8, size = 4 bytes, value = 0x00040000, pc=0x08000D9C 
[    3.511586] Interrupt Taken: 	 Vector = 0x0000000F
[    3.511643] Interrupt Served: 	 Vector = 0x0000000F
[    3.515746] Interrupt Taken: 	 Vector = 0x0000000F
[    3.515803] Interrupt Served: 	 Vector = 0x0000000F
[    3.519268] [passthrough] Read: 	 address = 0x580244E8, size = 4 bytes, value = 0x00040000, pc=0x08000DA2 
[    3.519689] Interrupt Taken: 	 Vector = 0x0000000F
[    3.519730] Interrupt Served: 	 Vector = 0x0000000F
[    3.524078] Interrupt Taken: 	 Vector = 0x0000000F
[    3.524252] Interrupt Served: 	 Vector = 0x0000000F
[    3.527539] [passthrough] Read: 	 address = 0x58020C08, size = 4 bytes, value = 0x00000000, pc=0x080012AA 
[    3.528035] Interrupt Taken: 	 Vector = 0x0000000F
[    3.528101] Interrupt Served: 	 Vector = 0x0000000F
[    3.531114] [passthrough] Write: 	 address = 0x58020C08, size = 4 bytes, value = 0x00020000, pc=0x080012D6 
[    3.532033] [passthrough] Read: 	 address = 0x58020C04, size = 4 bytes, value = 0x00000000, pc=0x080012DA 
[    3.532555] [passthrough] Write: 	 address = 0x58020C04, size = 4 bytes, value = 0x00000000, pc=0x08001308 
[    3.533265] [passthrough] Read: 	 address = 0x58020C0C, size = 4 bytes, value = 0x00000000, pc=0x08001318 
[    3.533750] [passthrough] Write: 	 address = 0x58020C0C, size = 4 bytes, value = 0x00010000, pc=0x08001344 
[    3.537573] Interrupt Taken: 	 Vector = 0x0000000F
[    3.537653] Interrupt Served: 	 Vector = 0x0000000F
[    3.541390] [passthrough] Read: 	 address = 0x58020C24, size = 4 bytes, value = 0x00000000, pc=0x0800135A 
[    3.541881] Interrupt Taken: 	 Vector = 0x0000000F
[    3.542011] Interrupt Served: 	 Vector = 0x0000000F
[    3.544806] Interrupt Taken: 	 Vector = 0x0000000F
[    3.544913] Interrupt Served: 	 Vector = 0x0000000F
[    3.550830] Interrupt Taken: 	 Vector = 0x0000000F
[    3.550887] Interrupt Served: 	 Vector = 0x0000000F
[    3.554530] [passthrough] Write: 	 address = 0x58020C24, size = 4 bytes, value = 0x00000007, pc=0x08001396 
[    3.555252] Interrupt Taken: 	 Vector = 0x0000000F
[    3.555372] Interrupt Served: 	 Vector = 0x0000000F
[    3.558673] [passthrough] Read: 	 address = 0x58020C00, size = 4 bytes, value = 0xffffffff, pc=0x0800139C 
[    3.559130] Interrupt Taken: 	 Vector = 0x0000000F
[    3.559276] Interrupt Served: 	 Vector = 0x0000000F
[    3.562256] Interrupt Taken: 	 Vector = 0x0000000F
[    3.562404] Interrupt Served: 	 Vector = 0x0000000F
[    3.565503] [passthrough] Write: 	 address = 0x58020C00, size = 4 bytes, value = 0xfffeffff, pc=0x080013CC 
[    3.566762] Interrupt Taken: 	 Vector = 0x0000000F
[    3.566812] Interrupt Served: 	 Vector = 0x0000000F
[    3.570138] [passthrough] Read: 	 address = 0x58020C08, size = 4 bytes, value = 0x00020000, pc=0x080012AA 
[    3.570607] Interrupt Taken: 	 Vector = 0x0000000F
[    3.570714] Interrupt Served: 	 Vector = 0x0000000F
[    3.573451] Interrupt Taken: 	 Vector = 0x0000000F
[    3.573557] Interrupt Served: 	 Vector = 0x0000000F
[    3.576680] [passthrough] Write: 	 address = 0x58020C08, size = 4 bytes, value = 0x000a0000, pc=0x080012D6 
[    3.577615] [passthrough] Read: 	 address = 0x58020C04, size = 4 bytes, value = 0x00000000, pc=0x080012DA 
[    3.578090] Interrupt Taken: 	 Vector = 0x0000000F
[    3.578153] Interrupt Served: 	 Vector = 0x0000000F
[    3.581367] [passthrough] Write: 	 address = 0x58020C04, size = 4 bytes, value = 0x00000000, pc=0x08001308 
[    3.582142] [passthrough] Read: 	 address = 0x58020C0C, size = 4 bytes, value = 0x00010000, pc=0x08001318 
[    3.582738] [passthrough] Write: 	 address = 0x58020C0C, size = 4 bytes, value = 0x00050000, pc=0x08001344 
[    3.583287] Interrupt Taken: 	 Vector = 0x0000000F
[    3.583359] Interrupt Served: 	 Vector = 0x0000000F
[    3.586513] [passthrough] Read: 	 address = 0x58020C24, size = 4 bytes, value = 0x00000007, pc=0x0800135A 
[    3.587445] [passthrough] Write: 	 address = 0x58020C24, size = 4 bytes, value = 0x00000077, pc=0x08001396 
[    3.588132] Interrupt Taken: 	 Vector = 0x0000000F
[    3.588201] Interrupt Served: 	 Vector = 0x0000000F
[    3.591511] [passthrough] Read: 	 address = 0x58020C00, size = 4 bytes, value = 0xfffeffff, pc=0x0800139C 
[    3.591994] Interrupt Taken: 	 Vector = 0x0000000F
[    3.592053] Interrupt Served: 	 Vector = 0x0000000F
[    3.595312] [passthrough] Write: 	 address = 0x58020C00, size = 4 bytes, value = 0xfffaffff, pc=0x080013CC 
[    3.595912] Interrupt Taken: 	 Vector = 0x0000000F
[    3.595957] Interrupt Served: 	 Vector = 0x0000000F
[    3.599441] Interrupt Taken: 	 Vector = 0x0000000F
[    3.599494] Interrupt Served: 	 Vector = 0x0000000F
[    3.603254] Interrupt Taken: 	 Vector = 0x0000000F
[    3.603321] Interrupt Served: 	 Vector = 0x0000000F
[    3.609721] Interrupt Taken: 	 Vector = 0x0000000F
[    3.609795] Interrupt Served: 	 Vector = 0x0000000F
[    3.613776] Interrupt Taken: 	 Vector = 0x0000000F
[    3.613839] Interrupt Served: 	 Vector = 0x0000000F
[    3.617252] Interrupt Taken: 	 Vector = 0x0000000F
[    3.617389] Interrupt Served: 	 Vector = 0x0000000F
[    3.620269] Interrupt Taken: 	 Vector = 0x0000000F
[    3.620388] Interrupt Served: 	 Vector = 0x0000000F
[    3.624029] Interrupt Taken: 	 Vector = 0x0000000F
[    3.624103] Interrupt Served: 	 Vector = 0x0000000F
[    3.628028] Interrupt Taken: 	 Vector = 0x0000000F
[    3.628093] Interrupt Served: 	 Vector = 0x0000000F
[    3.631703] Interrupt Taken: 	 Vector = 0x0000000F
[    3.631748] Interrupt Served: 	 Vector = 0x0000000F
[    3.635787] Interrupt Taken: 	 Vector = 0x0000000F
[    3.635836] Interrupt Served: 	 Vector = 0x0000000F
[    3.639549] [passthrough] Read: 	 address = 0x40004800, size = 4 bytes, value = 0x00000000, pc=0x08002C1E 
[    3.640064] Interrupt Taken: 	 Vector = 0x0000000F
[    3.640134] Interrupt Served: 	 Vector = 0x0000000F
[    3.644168] Interrupt Taken: 	 Vector = 0x0000000F
[    3.644274] Interrupt Served: 	 Vector = 0x0000000F
[    3.647862] [passthrough] Write: 	 address = 0x40004800, size = 4 bytes, value = 0x00000000, pc=0x08002C28 
[    3.648535] Interrupt Taken: 	 Vector = 0x0000000F
[    3.648573] Interrupt Served: 	 Vector = 0x0000000F
[    3.652119] Interrupt Taken: 	 Vector = 0x0000000F
[    3.652182] Interrupt Served: 	 Vector = 0x0000000F
[    3.655888] Interrupt Taken: 	 Vector = 0x0000000F
[    3.655971] Interrupt Served: 	 Vector = 0x0000000F
[    3.662682] Interrupt Taken: 	 Vector = 0x0000000F
[    3.662755] Interrupt Served: 	 Vector = 0x0000000F
[    3.666206] [passthrough] Read: 	 address = 0x40004800, size = 4 bytes, value = 0x00000000, pc=0x08002CC8 
[    3.666655] Interrupt Taken: 	 Vector = 0x0000000F
[    3.666709] Interrupt Served: 	 Vector = 0x0000000F
[    3.671637] Interrupt Taken: 	 Vector = 0x0000000F
[    3.671721] Interrupt Served: 	 Vector = 0x0000000F
[    3.675235] [passthrough] Write: 	 address = 0x40004800, size = 4 bytes, value = 0x0000800c, pc=0x08002CD6 
[    3.675881] Interrupt Taken: 	 Vector = 0x0000000F
[    3.676022] Interrupt Served: 	 Vector = 0x0000000F
[    3.679016] Interrupt Taken: 	 Vector = 0x0000000F
[    3.679109] Interrupt Served: 	 Vector = 0x0000000F
[    3.683246] Interrupt Taken: 	 Vector = 0x0000000F
[    3.683302] Interrupt Served: 	 Vector = 0x0000000F
[    3.686862] [passthrough] Read: 	 address = 0x40004804, size = 4 bytes, value = 0x00000000, pc=0x08002CDC 
[    3.687443] Interrupt Taken: 	 Vector = 0x0000000F
[    3.687620] Interrupt Served: 	 Vector = 0x0000000F
[    3.690467] Interrupt Taken: 	 Vector = 0x0000000F
[    3.690576] Interrupt Served: 	 Vector = 0x0000000F
[    3.695066] Interrupt Taken: 	 Vector = 0x0000000F
[    3.695128] Interrupt Served: 	 Vector = 0x0000000F
[    3.698842] [passthrough] Write: 	 address = 0x40004804, size = 4 bytes, value = 0x00000000, pc=0x08002CEC 
[    3.699473] Interrupt Taken: 	 Vector = 0x0000000F
[    3.699534] Interrupt Served: 	 Vector = 0x0000000F
[    3.703445] Interrupt Taken: 	 Vector = 0x0000000F
[    3.703517] Interrupt Served: 	 Vector = 0x0000000F
[    3.708915] Interrupt Taken: 	 Vector = 0x0000000F
[    3.708998] Interrupt Served: 	 Vector = 0x0000000F
[    3.712406] [passthrough] Read: 	 address = 0x40004808, size = 4 bytes, value = 0x00000000, pc=0x08002D0C 
[    3.712902] Interrupt Taken: 	 Vector = 0x0000000F
[    3.713004] Interrupt Served: 	 Vector = 0x0000000F
[    3.715953] Interrupt Taken: 	 Vector = 0x0000000F
[    3.716039] Interrupt Served: 	 Vector = 0x0000000F
[    3.720615] Interrupt Taken: 	 Vector = 0x0000000F
[    3.720692] Interrupt Served: 	 Vector = 0x0000000F
[    3.724556] [passthrough] Write: 	 address = 0x40004808, size = 4 bytes, value = 0x00000000, pc=0x08002D1A 
[    3.725181] Interrupt Taken: 	 Vector = 0x0000000F
[    3.725238] Interrupt Served: 	 Vector = 0x0000000F
[    3.729543] Interrupt Taken: 	 Vector = 0x0000000F
[    3.729627] Interrupt Served: 	 Vector = 0x0000000F
[    3.733191] [passthrough] Read: 	 address = 0x4000482C, size = 4 bytes, value = 0x00000000, pc=0x08002D20 
[    3.733640] Interrupt Taken: 	 Vector = 0x0000000F
[    3.733679] Interrupt Served: 	 Vector = 0x0000000F
[    3.737423] Interrupt Taken: 	 Vector = 0x0000000F
[    3.737475] Interrupt Served: 	 Vector = 0x0000000F
[    3.740981] [passthrough] Write: 	 address = 0x4000482C, size = 4 bytes, value = 0x00000000, pc=0x08002D30 
[    3.741688] Interrupt Taken: 	 Vector = 0x0000000F
[    3.741786] Interrupt Served: 	 Vector = 0x0000000F
[    3.744709] Interrupt Taken: 	 Vector = 0x0000000F
[    3.744808] Interrupt Served: 	 Vector = 0x0000000F
[    3.748661] Interrupt Taken: 	 Vector = 0x0000000F
[    3.748785] Interrupt Served: 	 Vector = 0x0000000F
[    3.751604] Interrupt Taken: 	 Vector = 0x0000000F
[    3.751663] Interrupt Served: 	 Vector = 0x0000000F
[    3.755357] Interrupt Taken: 	 Vector = 0x0000000F
[    3.755428] Interrupt Served: 	 Vector = 0x0000000F
[    3.759066] Interrupt Taken: 	 Vector = 0x0000000F
[    3.759140] Interrupt Served: 	 Vector = 0x0000000F
[    3.763001] Interrupt Taken: 	 Vector = 0x0000000F
[    3.763069] Interrupt Served: 	 Vector = 0x0000000F
[    3.766717] [passthrough] Read: 	 address = 0x58024454, size = 4 bytes, value = 0x00000000, pc=0x08002EA4 
[    3.767165] Interrupt Taken: 	 Vector = 0x0000000F
[    3.767283] Interrupt Served: 	 Vector = 0x0000000F
[    3.770125] Interrupt Taken: 	 Vector = 0x0000000F
[    3.770221] Interrupt Served: 	 Vector = 0x0000000F
[    3.774068] Interrupt Taken: 	 Vector = 0x0000000F
[    3.774133] Interrupt Served: 	 Vector = 0x0000000F
[    3.777757] Interrupt Taken: 	 Vector = 0x0000000F
[    3.777835] Interrupt Served: 	 Vector = 0x0000000F
[    3.781137] Interrupt Taken: 	 Vector = 0x0000000F
[    3.781187] Interrupt Served: 	 Vector = 0x0000000F
[    3.784995] Interrupt Taken: 	 Vector = 0x0000000F
[    3.785043] Interrupt Served: 	 Vector = 0x0000000F
[    3.789009] Interrupt Taken: 	 Vector = 0x0000000F
[    3.789143] Interrupt Served: 	 Vector = 0x0000000F
[    3.791965] Interrupt Taken: 	 Vector = 0x0000000F
[    3.792061] Interrupt Served: 	 Vector = 0x0000000F
[    3.795734] Interrupt Taken: 	 Vector = 0x0000000F
[    3.795791] Interrupt Served: 	 Vector = 0x0000000F
[    3.799136] Interrupt Taken: 	 Vector = 0x0000000F
[    3.799179] Interrupt Served: 	 Vector = 0x0000000F
[    3.802756] Interrupt Taken: 	 Vector = 0x0000000F
[    3.802879] Interrupt Served: 	 Vector = 0x0000000F
[    3.805773] Interrupt Taken: 	 Vector = 0x0000000F
[    3.805884] Interrupt Served: 	 Vector = 0x0000000F
[    3.809452] Interrupt Taken: 	 Vector = 0x0000000F
[    3.809534] Interrupt Served: 	 Vector = 0x0000000F
[    3.812952] Interrupt Taken: 	 Vector = 0x0000000F
[    3.813020] Interrupt Served: 	 Vector = 0x0000000F
[    3.816780] Interrupt Taken: 	 Vector = 0x0000000F
[    3.816849] Interrupt Served: 	 Vector = 0x0000000F
[    3.820788] Interrupt Taken: 	 Vector = 0x0000000F
[    3.820869] Interrupt Served: 	 Vector = 0x0000000F
[    3.824249] [passthrough] Read: 	 address = 0x58024410, size = 4 bytes, value = 0x00000000, pc=0x080022C8 
[    3.824760] Interrupt Taken: 	 Vector = 0x0000000F
[    3.824822] Interrupt Served: 	 Vector = 0x0000000F
[    3.828212] [passthrough] Read: 	 address = 0x58024400, size = 4 bytes, value = 0x0000c025, pc=0x08002342 
[    3.828771] Interrupt Taken: 	 Vector = 0x0000000F
[    3.828834] Interrupt Served: 	 Vector = 0x0000000F
[    3.831998] [passthrough] Read: 	 address = 0x58024400, size = 4 bytes, value = 0x0000c025, pc=0x0800234E 
[    3.834277] Interrupt Taken: 	 Vector = 0x0000000F
[    3.834365] Interrupt Served: 	 Vector = 0x0000000F
[    3.838007] [passthrough] Read: 	 address = 0x58024418, size = 4 bytes, value = 0x00000000, pc=0x080025C2 
[    3.838564] Interrupt Taken: 	 Vector = 0x0000000F
[    3.838637] Interrupt Served: 	 Vector = 0x0000000F
[    3.844025] Interrupt Taken: 	 Vector = 0x0000000F
[    3.844128] Interrupt Served: 	 Vector = 0x0000000F
[    3.847866] [passthrough] Read: 	 address = 0x58024418, size = 4 bytes, value = 0x00000000, pc=0x080025DA 
[    3.848375] Interrupt Taken: 	 Vector = 0x0000000F
[    3.848424] Interrupt Served: 	 Vector = 0x0000000F
[    3.852973] Interrupt Taken: 	 Vector = 0x0000000F
[    3.853045] Interrupt Served: 	 Vector = 0x0000000F
[    3.857231] Interrupt Taken: 	 Vector = 0x0000000F
[    3.857405] Interrupt Served: 	 Vector = 0x0000000F
[    3.860357] Interrupt Taken: 	 Vector = 0x0000000F
[    3.860473] Interrupt Served: 	 Vector = 0x0000000F
[    3.863867] [passthrough] Read: 	 address = 0x5802441C, size = 4 bytes, value = 0x00000000, pc=0x08002620 
[    3.864503] Interrupt Taken: 	 Vector = 0x0000000F
[    3.864659] Interrupt Served: 	 Vector = 0x0000000F
[    3.867640] Interrupt Taken: 	 Vector = 0x0000000F
[    3.867708] Interrupt Served: 	 Vector = 0x0000000F
[    3.871726] Interrupt Taken: 	 Vector = 0x0000000F
[    3.871806] Interrupt Served: 	 Vector = 0x0000000F
[    3.875278] Interrupt Taken: 	 Vector = 0x0000000F
[    3.875365] Interrupt Served: 	 Vector = 0x0000000F
[    3.879103] Interrupt Taken: 	 Vector = 0x0000000F
[    3.879182] Interrupt Served: 	 Vector = 0x0000000F
[    3.883773] Interrupt Taken: 	 Vector = 0x0000000F
[    3.883829] Interrupt Served: 	 Vector = 0x0000000F
[    3.887851] Interrupt Taken: 	 Vector = 0x0000000F
[    3.887932] Interrupt Served: 	 Vector = 0x0000000F
[    3.892462] Interrupt Taken: 	 Vector = 0x0000000F
[    3.892526] Interrupt Served: 	 Vector = 0x0000000F
[    3.896285] [passthrough] Write: 	 address = 0x4000480C, size = 4 bytes, value = 0x00000453, pc=0x080035B8 
[    3.897009] Interrupt Taken: 	 Vector = 0x0000000F
[    3.897066] Interrupt Served: 	 Vector = 0x0000000F
[    3.900573] Interrupt Taken: 	 Vector = 0x0000000F
[    3.900632] Interrupt Served: 	 Vector = 0x0000000F
[    3.905442] Interrupt Taken: 	 Vector = 0x0000000F
[    3.905519] Interrupt Served: 	 Vector = 0x0000000F
[    3.909069] Interrupt Taken: 	 Vector = 0x0000000F
[    3.909137] Interrupt Served: 	 Vector = 0x0000000F
[    3.913488] Interrupt Taken: 	 Vector = 0x0000000F
[    3.913547] Interrupt Served: 	 Vector = 0x0000000F
[    3.917128] [passthrough] Read: 	 address = 0x40004804, size = 4 bytes, value = 0x00000000, pc=0x08002C4C 
[    3.917660] Interrupt Taken: 	 Vector = 0x0000000F
[    3.917735] Interrupt Served: 	 Vector = 0x0000000F
[    3.920728] Interrupt Taken: 	 Vector = 0x0000000F
[    3.920809] Interrupt Served: 	 Vector = 0x0000000F
[    3.925702] Interrupt Taken: 	 Vector = 0x0000000F
[    3.925764] Interrupt Served: 	 Vector = 0x0000000F
[    3.929381] [passthrough] Write: 	 address = 0x40004804, size = 4 bytes, value = 0x00000000, pc=0x08002C56 
[    3.930037] Interrupt Taken: 	 Vector = 0x0000000F
[    3.930094] Interrupt Served: 	 Vector = 0x0000000F
[    3.934398] Interrupt Taken: 	 Vector = 0x0000000F
[    3.934451] Interrupt Served: 	 Vector = 0x0000000F
[    3.937938] [passthrough] Read: 	 address = 0x40004808, size = 4 bytes, value = 0x00000000, pc=0x08002C5C 
[    3.938459] Interrupt Taken: 	 Vector = 0x0000000F
[    3.938505] Interrupt Served: 	 Vector = 0x0000000F
[    3.942737] Interrupt Taken: 	 Vector = 0x0000000F
[    3.942817] Interrupt Served: 	 Vector = 0x0000000F
[    3.946560] [passthrough] Write: 	 address = 0x40004808, size = 4 bytes, value = 0x00000000, pc=0x08002C66 
[    3.947497] Interrupt Taken: 	 Vector = 0x0000000F
[    3.947652] Interrupt Served: 	 Vector = 0x0000000F
[    3.950692] Interrupt Taken: 	 Vector = 0x0000000F
[    3.950759] Interrupt Served: 	 Vector = 0x0000000F
[    3.954486] Interrupt Taken: 	 Vector = 0x0000000F
[    3.954565] Interrupt Served: 	 Vector = 0x0000000F
[    3.957867] [passthrough] Read: 	 address = 0x40004800, size = 4 bytes, value = 0x0000800c, pc=0x08002C6C 
[    3.958287] Interrupt Taken: 	 Vector = 0x0000000F
[    3.958322] Interrupt Served: 	 Vector = 0x0000000F
[    3.962193] Interrupt Taken: 	 Vector = 0x0000000F
[    3.962272] Interrupt Served: 	 Vector = 0x0000000F
[    3.965789] [passthrough] Write: 	 address = 0x40004800, size = 4 bytes, value = 0x0000800d, pc=0x08002C76 
[    3.966372] Interrupt Taken: 	 Vector = 0x0000000F
[    3.966422] Interrupt Served: 	 Vector = 0x0000000F
[    3.969942] Interrupt Taken: 	 Vector = 0x0000000F
[    3.969993] Interrupt Served: 	 Vector = 0x0000000F
[    3.973927] Interrupt Taken: 	 Vector = 0x0000000F
[    3.974003] Interrupt Served: 	 Vector = 0x0000000F
[    3.977983] Interrupt Taken: 	 Vector = 0x0000000F
[    3.978112] Interrupt Served: 	 Vector = 0x0000000F
[    3.981098] Interrupt Taken: 	 Vector = 0x0000000F
[    3.981177] Interrupt Served: 	 Vector = 0x0000000F
[    3.984704] [passthrough] Read: 	 address = 0x40004800, size = 4 bytes, value = 0x0000800d, pc=0x080038CA 
[    3.985168] Interrupt Taken: 	 Vector = 0x0000000F
[    3.985283] Interrupt Served: 	 Vector = 0x0000000F
[    3.988216] Interrupt Taken: 	 Vector = 0x0000000F
[    3.988301] Interrupt Served: 	 Vector = 0x0000000F
[    3.992050] Interrupt Taken: 	 Vector = 0x0000000F
[    3.992252] Interrupt Served: 	 Vector = 0x0000000F
[    3.995268] Interrupt Taken: 	 Vector = 0x0000000F
[    3.995401] Interrupt Served: 	 Vector = 0x0000000F
[    3.999428] Interrupt Taken: 	 Vector = 0x0000000F
[    3.999486] Interrupt Served: 	 Vector = 0x0000000F
[    4.003164] Interrupt Taken: 	 Vector = 0x0000000F
[    4.003218] Interrupt Served: 	 Vector = 0x0000000F
[    4.007438] Interrupt Taken: 	 Vector = 0x0000000F
[    4.007520] Interrupt Served: 	 Vector = 0x0000000F
[    4.010937] [passthrough] Read: 	 address = 0x4000481C, size = 4 bytes, value = 0x006000d0, pc=0x08003ABA 
[    4.011425] Interrupt Taken: 	 Vector = 0x0000000F
[    4.011529] Interrupt Served: 	 Vector = 0x0000000F
[    4.014517] Interrupt Taken: 	 Vector = 0x0000000F
[    4.014630] Interrupt Served: 	 Vector = 0x0000000F
[    4.018611] Interrupt Taken: 	 Vector = 0x0000000F
[    4.018678] Interrupt Served: 	 Vector = 0x0000000F
[    4.022609] Interrupt Taken: 	 Vector = 0x0000000F
[    4.022692] Interrupt Served: 	 Vector = 0x0000000F
[    4.026136] Interrupt Taken: 	 Vector = 0x0000000F
[    4.026191] Interrupt Served: 	 Vector = 0x0000000F
[    4.029954] Interrupt Taken: 	 Vector = 0x0000000F
[    4.030025] Interrupt Served: 	 Vector = 0x0000000F
[    4.033795] [passthrough] Read: 	 address = 0x40004800, size = 4 bytes, value = 0x0000800d, pc=0x08003938 
[    4.034292] Interrupt Taken: 	 Vector = 0x0000000F
[    4.034428] Interrupt Served: 	 Vector = 0x0000000F
[    4.037372] Interrupt Taken: 	 Vector = 0x0000000F
[    4.037462] Interrupt Served: 	 Vector = 0x0000000F
[    4.041156] Interrupt Taken: 	 Vector = 0x0000000F
[    4.041218] Interrupt Served: 	 Vector = 0x0000000F
[    4.044877] Interrupt Taken: 	 Vector = 0x0000000F
[    4.044958] Interrupt Served: 	 Vector = 0x0000000F
[    4.048103] [passthrough] Read: 	 address = 0x4000481C, size = 4 bytes, value = 0x006000d0, pc=0x08003ABA 
[    4.048891] Interrupt Taken: 	 Vector = 0x0000000F
[    4.048943] Interrupt Served: 	 Vector = 0x0000000F
[    4.053005] Interrupt Taken: 	 Vector = 0x0000000F
[    4.053081] Interrupt Served: 	 Vector = 0x0000000F
[    4.057077] Interrupt Taken: 	 Vector = 0x0000000F
[    4.057180] Interrupt Served: 	 Vector = 0x0000000F
[    4.060912] Interrupt Taken: 	 Vector = 0x0000000F
[    4.060990] Interrupt Served: 	 Vector = 0x0000000F
[    4.064554] Interrupt Taken: 	 Vector = 0x0000000F
[    4.064615] Interrupt Served: 	 Vector = 0x0000000F
[    4.068360] Interrupt Taken: 	 Vector = 0x0000000F
[    4.068418] Interrupt Served: 	 Vector = 0x0000000F
[    4.072244] Interrupt Taken: 	 Vector = 0x0000000F
[    4.072316] Interrupt Served: 	 Vector = 0x0000000F
[    4.076031] Interrupt Taken: 	 Vector = 0x0000000F
[    4.076108] Interrupt Served: 	 Vector = 0x0000000F
[    4.080978] Interrupt Taken: 	 Vector = 0x0000000F
[    4.081048] Interrupt Served: 	 Vector = 0x0000000F
[    4.084427] [passthrough] Read: 	 address = 0x58020414, size = 4 bytes, value = 0x00000000, pc=0x08001604 
[    4.084935] Interrupt Taken: 	 Vector = 0x0000000F
[    4.084986] Interrupt Served: 	 Vector = 0x0000000F
[    4.089881] Interrupt Taken: 	 Vector = 0x0000000F
[    4.089944] Interrupt Served: 	 Vector = 0x0000000F
[    4.093536] [passthrough] Write: 	 address = 0x58020418, size = 4 bytes, value = 0x00000001, pc=0x0800161C 
[    4.094223] Interrupt Taken: 	 Vector = 0x0000000F
[    4.094299] Interrupt Served: 	 Vector = 0x0000000F
[    4.098113] Interrupt Taken: 	 Vector = 0x0000000F
[    4.098200] Interrupt Served: 	 Vector = 0x0000000F
[    4.101250] Interrupt Taken: 	 Vector = 0x0000000F
[    4.101289] Interrupt Served: 	 Vector = 0x0000000F
[    4.105388] Interrupt Taken: 	 Vector = 0x0000000F
[    4.105474] Interrupt Served: 	 Vector = 0x0000000F
[    4.109270] Interrupt Taken: 	 Vector = 0x0000000F
[    4.109353] Interrupt Served: 	 Vector = 0x0000000F
[    4.113137] Interrupt Taken: 	 Vector = 0x0000000F
[    4.113198] Interrupt Served: 	 Vector = 0x0000000F
[    4.117020] Interrupt Taken: 	 Vector = 0x0000000F
[    4.117073] Interrupt Served: 	 Vector = 0x0000000F
[    4.120437] Interrupt Taken: 	 Vector = 0x0000000F
[    4.120509] Interrupt Served: 	 Vector = 0x0000000F
[    4.123474] Interrupt Taken: 	 Vector = 0x0000000F
[    4.123584] Interrupt Served: 	 Vector = 0x0000000F
[    4.126935] Interrupt Taken: 	 Vector = 0x0000000F
[    4.127044] Interrupt Served: 	 Vector = 0x0000000F
[    4.130247] Interrupt Taken: 	 Vector = 0x0000000F
[    4.130349] Interrupt Served: 	 Vector = 0x0000000F
[    4.133587] Interrupt Taken: 	 Vector = 0x0000000F
[    4.133670] Interrupt Served: 	 Vector = 0x0000000F
[    4.136930] Interrupt Taken: 	 Vector = 0x0000000F
[    4.136993] Interrupt Served: 	 Vector = 0x0000000F
[    4.140055] Interrupt Taken: 	 Vector = 0x0000000F
[    4.140147] Interrupt Served: 	 Vector = 0x0000000F
[    4.143446] Interrupt Taken: 	 Vector = 0x0000000F
[    4.143535] Interrupt Served: 	 Vector = 0x0000000F
[    4.146853] Interrupt Taken: 	 Vector = 0x0000000F
[    4.146938] Interrupt Served: 	 Vector = 0x0000000F
[    4.150151] Interrupt Taken: 	 Vector = 0x0000000F
[    4.150250] Interrupt Served: 	 Vector = 0x0000000F
[    4.153154] Interrupt Taken: 	 Vector = 0x0000000F
[    4.153238] Interrupt Served: 	 Vector = 0x0000000F
[    4.156593] Interrupt Taken: 	 Vector = 0x0000000F
[    4.156684] Interrupt Served: 	 Vector = 0x0000000F
[    4.160118] Interrupt Taken: 	 Vector = 0x0000000F
[    4.160237] Interrupt Served: 	 Vector = 0x0000000F
[    4.163713] Interrupt Taken: 	 Vector = 0x0000000F
[    4.163797] Interrupt Served: 	 Vector = 0x0000000F
[    4.167003] Interrupt Taken: 	 Vector = 0x0000000F
[    4.167080] Interrupt Served: 	 Vector = 0x0000000F
[    4.170726] Interrupt Taken: 	 Vector = 0x0000000F
[    4.170812] Interrupt Served: 	 Vector = 0x0000000F
[    4.173930] Interrupt Taken: 	 Vector = 0x0000000F
[    4.174021] Interrupt Served: 	 Vector = 0x0000000F
[    4.177506] Interrupt Taken: 	 Vector = 0x0000000F
[    4.177610] Interrupt Served: 	 Vector = 0x0000000F
[    4.180892] Interrupt Taken: 	 Vector = 0x0000000F
[    4.180991] Interrupt Served: 	 Vector = 0x0000000F
[    4.184145] Interrupt Taken: 	 Vector = 0x0000000F
[    4.184222] Interrupt Served: 	 Vector = 0x0000000F
[    4.187617] Interrupt Taken: 	 Vector = 0x0000000F
[    4.187702] Interrupt Served: 	 Vector = 0x0000000F
[    4.190932] Interrupt Taken: 	 Vector = 0x0000000F
[    4.191036] Interrupt Served: 	 Vector = 0x0000000F
[    4.194239] Interrupt Taken: 	 Vector = 0x0000000F
[    4.194368] Interrupt Served: 	 Vector = 0x0000000F
[    4.197613] Interrupt Taken: 	 Vector = 0x0000000F
[    4.197694] Interrupt Served: 	 Vector = 0x0000000F
[    4.201020] Interrupt Taken: 	 Vector = 0x0000000F
[    4.201088] Interrupt Served: 	 Vector = 0x0000000F
[    4.204568] Interrupt Taken: 	 Vector = 0x0000000F
[    4.204650] Interrupt Served: 	 Vector = 0x0000000F
[    4.207849] Interrupt Taken: 	 Vector = 0x0000000F
[    4.207959] Interrupt Served: 	 Vector = 0x0000000F
[    4.211233] Interrupt Taken: 	 Vector = 0x0000000F
[    4.211316] Interrupt Served: 	 Vector = 0x0000000F
[    4.214788] Interrupt Taken: 	 Vector = 0x0000000F
[    4.214873] Interrupt Served: 	 Vector = 0x0000000F
[    4.218091] Interrupt Taken: 	 Vector = 0x0000000F
[    4.218160] Interrupt Served: 	 Vector = 0x0000000F
[    4.221496] Interrupt Taken: 	 Vector = 0x0000000F
[    4.221559] Interrupt Served: 	 Vector = 0x0000000F
[    4.224674] Interrupt Taken: 	 Vector = 0x0000000F
[    4.224768] Interrupt Served: 	 Vector = 0x0000000F
[    4.227825] Interrupt Taken: 	 Vector = 0x0000000F
[    4.227924] Interrupt Served: 	 Vector = 0x0000000F
[    4.231199] Interrupt Taken: 	 Vector = 0x0000000F
[    4.231294] Interrupt Served: 	 Vector = 0x0000000F
[    4.234557] Interrupt Taken: 	 Vector = 0x0000000F
[    4.234621] Interrupt Served: 	 Vector = 0x0000000F
[    4.237972] Interrupt Taken: 	 Vector = 0x0000000F
[    4.238066] Interrupt Served: 	 Vector = 0x0000000F
[    4.241489] Interrupt Taken: 	 Vector = 0x0000000F
[    4.241569] Interrupt Served: 	 Vector = 0x0000000F
[    4.244886] Interrupt Taken: 	 Vector = 0x0000000F
[    4.244994] Interrupt Served: 	 Vector = 0x0000000F
[    4.248472] Interrupt Taken: 	 Vector = 0x0000000F
[    4.248561] Interrupt Served: 	 Vector = 0x0000000F
[    4.252007] Interrupt Taken: 	 Vector = 0x0000000F
[    4.252088] Interrupt Served: 	 Vector = 0x0000000F
[    4.255493] Interrupt Taken: 	 Vector = 0x0000000F
[    4.255580] Interrupt Served: 	 Vector = 0x0000000F
[    4.258887] Interrupt Taken: 	 Vector = 0x0000000F
[    4.258978] Interrupt Served: 	 Vector = 0x0000000F
[    4.262065] Interrupt Taken: 	 Vector = 0x0000000F
[    4.262156] Interrupt Served: 	 Vector = 0x0000000F
[    4.265267] Interrupt Taken: 	 Vector = 0x0000000F
[    4.265762] Interrupt Served: 	 Vector = 0x0000000F
[    4.268600] Interrupt Taken: 	 Vector = 0x0000000F
[    4.268679] Interrupt Served: 	 Vector = 0x0000000F
[    4.272092] Interrupt Taken: 	 Vector = 0x0000000F
[    4.272195] Interrupt Served: 	 Vector = 0x0000000F
[    4.276159] Interrupt Taken: 	 Vector = 0x0000000F
[    4.276261] Interrupt Served: 	 Vector = 0x0000000F
[    4.279476] Interrupt Taken: 	 Vector = 0x0000000F
[    4.279580] Interrupt Served: 	 Vector = 0x0000000F
[    4.282958] Interrupt Taken: 	 Vector = 0x0000000F
[    4.283037] Interrupt Served: 	 Vector = 0x0000000F
[    4.286295] Interrupt Taken: 	 Vector = 0x0000000F
[    4.286393] Interrupt Served: 	 Vector = 0x0000000F
[    4.289736] Interrupt Taken: 	 Vector = 0x0000000F
[    4.289838] Interrupt Served: 	 Vector = 0x0000000F
[    4.293000] Interrupt Taken: 	 Vector = 0x0000000F
[    4.293154] Interrupt Served: 	 Vector = 0x0000000F
[    4.296133] Interrupt Taken: 	 Vector = 0x0000000F
[    4.296238] Interrupt Served: 	 Vector = 0x0000000F
[    4.299866] Interrupt Taken: 	 Vector = 0x0000000F
[    4.299999] Interrupt Served: 	 Vector = 0x0000000F
[    4.302987] Interrupt Taken: 	 Vector = 0x0000000F
[    4.303097] Interrupt Served: 	 Vector = 0x0000000F
[    4.306483] Interrupt Taken: 	 Vector = 0x0000000F
[    4.306573] Interrupt Served: 	 Vector = 0x0000000F
[    4.309814] Interrupt Taken: 	 Vector = 0x0000000F
[    4.309914] Interrupt Served: 	 Vector = 0x0000000F
[    4.313154] Interrupt Taken: 	 Vector = 0x0000000F
[    4.313264] Interrupt Served: 	 Vector = 0x0000000F
[    4.316523] Interrupt Taken: 	 Vector = 0x0000000F
[    4.316582] Interrupt Served: 	 Vector = 0x0000000F
[    4.319806] Interrupt Taken: 	 Vector = 0x0000000F
[    4.319876] Interrupt Served: 	 Vector = 0x0000000F
[    4.323164] Interrupt Taken: 	 Vector = 0x0000000F
[    4.323368] Interrupt Served: 	 Vector = 0x0000000F
[    4.326219] Interrupt Taken: 	 Vector = 0x0000000F
[    4.326320] Interrupt Served: 	 Vector = 0x0000000F
[    4.329565] Interrupt Taken: 	 Vector = 0x0000000F
[    4.329703] Interrupt Served: 	 Vector = 0x0000000F
[    4.332728] Interrupt Taken: 	 Vector = 0x0000000F
[    4.332795] Interrupt Served: 	 Vector = 0x0000000F
[    4.336671] Interrupt Taken: 	 Vector = 0x0000000F
[    4.336747] Interrupt Served: 	 Vector = 0x0000000F
[    4.339883] Interrupt Taken: 	 Vector = 0x0000000F
[    4.340038] Interrupt Served: 	 Vector = 0x0000000F
[    4.342798] Interrupt Taken: 	 Vector = 0x0000000F
[    4.342901] Interrupt Served: 	 Vector = 0x0000000F
[    4.346152] Interrupt Taken: 	 Vector = 0x0000000F
[    4.346251] Interrupt Served: 	 Vector = 0x0000000F
[    4.349367] Interrupt Taken: 	 Vector = 0x0000000F
[    4.349458] Interrupt Served: 	 Vector = 0x0000000F
[    4.352430] Interrupt Taken: 	 Vector = 0x0000000F
[    4.352514] Interrupt Served: 	 Vector = 0x0000000F
[    4.355998] Interrupt Taken: 	 Vector = 0x0000000F
[    4.356102] Interrupt Served: 	 Vector = 0x0000000F
[    4.359256] Interrupt Taken: 	 Vector = 0x0000000F
[    4.359384] Interrupt Served: 	 Vector = 0x0000000F
[    4.362633] Interrupt Taken: 	 Vector = 0x0000000F
[    4.362712] Interrupt Served: 	 Vector = 0x0000000F
[    4.365973] Interrupt Taken: 	 Vector = 0x0000000F
[    4.366035] Interrupt Served: 	 Vector = 0x0000000F
[    4.369488] Interrupt Taken: 	 Vector = 0x0000000F
[    4.369558] Interrupt Served: 	 Vector = 0x0000000F
[    4.372773] Interrupt Taken: 	 Vector = 0x0000000F
[    4.372856] Interrupt Served: 	 Vector = 0x0000000F
[    4.376001] Interrupt Taken: 	 Vector = 0x0000000F
[    4.376092] Interrupt Served: 	 Vector = 0x0000000F
[    4.379238] Interrupt Taken: 	 Vector = 0x0000000F
[    4.379379] Interrupt Served: 	 Vector = 0x0000000F
[    4.382917] Interrupt Taken: 	 Vector = 0x0000000F
[    4.383023] Interrupt Served: 	 Vector = 0x0000000F
[    4.386041] Interrupt Taken: 	 Vector = 0x0000000F
[    4.386115] Interrupt Served: 	 Vector = 0x0000000F
[    4.389581] Interrupt Taken: 	 Vector = 0x0000000F
[    4.389676] Interrupt Served: 	 Vector = 0x0000000F
[    4.392921] Interrupt Taken: 	 Vector = 0x0000000F
[    4.393013] Interrupt Served: 	 Vector = 0x0000000F
[    4.396232] Interrupt Taken: 	 Vector = 0x0000000F
[    4.396427] Interrupt Served: 	 Vector = 0x0000000F
[    4.399268] Interrupt Taken: 	 Vector = 0x0000000F
[    4.399366] Interrupt Served: 	 Vector = 0x0000000F
[    4.402535] Interrupt Taken: 	 Vector = 0x0000000F
[    4.402607] Interrupt Served: 	 Vector = 0x0000000F
[    4.405765] Interrupt Taken: 	 Vector = 0x0000000F
[    4.405917] Interrupt Served: 	 Vector = 0x0000000F
[    4.408872] Interrupt Taken: 	 Vector = 0x0000000F
[    4.408977] Interrupt Served: 	 Vector = 0x0000000F
[    4.412273] Interrupt Taken: 	 Vector = 0x0000000F
[    4.412387] Interrupt Served: 	 Vector = 0x0000000F
[    4.415899] Interrupt Taken: 	 Vector = 0x0000000F
[    4.415974] Interrupt Served: 	 Vector = 0x0000000F
[    4.419224] Interrupt Taken: 	 Vector = 0x0000000F
[    4.419303] Interrupt Served: 	 Vector = 0x0000000F
[    4.422925] Interrupt Taken: 	 Vector = 0x0000000F
[    4.423092] Interrupt Served: 	 Vector = 0x0000000F
[    4.426007] Interrupt Taken: 	 Vector = 0x0000000F
[    4.426115] Interrupt Served: 	 Vector = 0x0000000F
[    4.429426] Interrupt Taken: 	 Vector = 0x0000000F
[    4.429508] Interrupt Served: 	 Vector = 0x0000000F
[    4.433031] Interrupt Taken: 	 Vector = 0x0000000F
[    4.433090] Interrupt Served: 	 Vector = 0x0000000F
[    4.436474] Interrupt Taken: 	 Vector = 0x0000000F
[    4.436540] Interrupt Served: 	 Vector = 0x0000000F
[    4.439723] Interrupt Taken: 	 Vector = 0x0000000F
[    4.439810] Interrupt Served: 	 Vector = 0x0000000F
[    4.443060] Interrupt Taken: 	 Vector = 0x0000000F
[    4.443181] Interrupt Served: 	 Vector = 0x0000000F
[    4.446397] Interrupt Taken: 	 Vector = 0x0000000F
[    4.446489] Interrupt Served: 	 Vector = 0x0000000F
[    4.449663] Interrupt Taken: 	 Vector = 0x0000000F
[    4.449727] Interrupt Served: 	 Vector = 0x0000000F
[    4.453113] Interrupt Taken: 	 Vector = 0x0000000F
[    4.453177] Interrupt Served: 	 Vector = 0x0000000F
[    4.456557] Interrupt Taken: 	 Vector = 0x0000000F
[    4.456682] Interrupt Served: 	 Vector = 0x0000000F
[    4.460073] Interrupt Taken: 	 Vector = 0x0000000F
[    4.460178] Interrupt Served: 	 Vector = 0x0000000F
[    4.463472] Interrupt Taken: 	 Vector = 0x0000000F
[    4.463559] Interrupt Served: 	 Vector = 0x0000000F
[    4.466541] Interrupt Taken: 	 Vector = 0x0000000F
[    4.466602] Interrupt Served: 	 Vector = 0x0000000F
[    4.469920] Interrupt Taken: 	 Vector = 0x0000000F
[    4.470000] Interrupt Served: 	 Vector = 0x0000000F
[    4.473344] Interrupt Taken: 	 Vector = 0x0000000F
[    4.473424] Interrupt Served: 	 Vector = 0x0000000F
[    4.476602] Interrupt Taken: 	 Vector = 0x0000000F
[    4.476691] Interrupt Served: 	 Vector = 0x0000000F
[    4.479890] Interrupt Taken: 	 Vector = 0x0000000F
[    4.479972] Interrupt Served: 	 Vector = 0x0000000F
[    4.483445] Interrupt Taken: 	 Vector = 0x0000000F
[    4.483508] Interrupt Served: 	 Vector = 0x0000000F
[    4.486784] Interrupt Taken: 	 Vector = 0x0000000F
[    4.486846] Interrupt Served: 	 Vector = 0x0000000F
[    4.490272] Interrupt Taken: 	 Vector = 0x0000000F
[    4.490394] Interrupt Served: 	 Vector = 0x0000000F
[    4.493660] Interrupt Taken: 	 Vector = 0x0000000F
[    4.493785] Interrupt Served: 	 Vector = 0x0000000F
[    4.497077] Interrupt Taken: 	 Vector = 0x0000000F
[    4.497153] Interrupt Served: 	 Vector = 0x0000000F
[    4.500724] Interrupt Taken: 	 Vector = 0x0000000F
[    4.500800] Interrupt Served: 	 Vector = 0x0000000F
[    4.504494] Interrupt Taken: 	 Vector = 0x0000000F
[    4.504603] Interrupt Served: 	 Vector = 0x0000000F
[    4.507837] Interrupt Taken: 	 Vector = 0x0000000F
[    4.507934] Interrupt Served: 	 Vector = 0x0000000F
[    4.511132] Interrupt Taken: 	 Vector = 0x0000000F
[    4.511216] Interrupt Served: 	 Vector = 0x0000000F
[    4.514664] Interrupt Taken: 	 Vector = 0x0000000F
[    4.514752] Interrupt Served: 	 Vector = 0x0000000F
[    4.517963] Interrupt Taken: 	 Vector = 0x0000000F
[    4.518031] Interrupt Served: 	 Vector = 0x0000000F
[    4.521424] Interrupt Taken: 	 Vector = 0x0000000F
[    4.521497] Interrupt Served: 	 Vector = 0x0000000F
[    4.524870] Interrupt Taken: 	 Vector = 0x0000000F
[    4.524972] Interrupt Served: 	 Vector = 0x0000000F
[    4.528251] Interrupt Taken: 	 Vector = 0x0000000F
[    4.528374] Interrupt Served: 	 Vector = 0x0000000F
[    4.531619] Interrupt Taken: 	 Vector = 0x0000000F
[    4.531708] Interrupt Served: 	 Vector = 0x0000000F
[    4.534965] Interrupt Taken: 	 Vector = 0x0000000F
[    4.535025] Interrupt Served: 	 Vector = 0x0000000F
[    4.538474] Interrupt Taken: 	 Vector = 0x0000000F
[    4.538594] Interrupt Served: 	 Vector = 0x0000000F
[    4.541956] Interrupt Taken: 	 Vector = 0x0000000F
[    4.542036] Interrupt Served: 	 Vector = 0x0000000F
[    4.545400] Interrupt Taken: 	 Vector = 0x0000000F
[    4.545513] Interrupt Served: 	 Vector = 0x0000000F
[    4.548672] Interrupt Taken: 	 Vector = 0x0000000F
[    4.548748] Interrupt Served: 	 Vector = 0x0000000F
[    4.551891] Interrupt Taken: 	 Vector = 0x0000000F
[    4.551955] Interrupt Served: 	 Vector = 0x0000000F
[    4.555400] Interrupt Taken: 	 Vector = 0x0000000F
[    4.555496] Interrupt Served: 	 Vector = 0x0000000F
[    4.558802] Interrupt Taken: 	 Vector = 0x0000000F
[    4.558914] Interrupt Served: 	 Vector = 0x0000000F
[    4.562145] Interrupt Taken: 	 Vector = 0x0000000F
[    4.562267] Interrupt Served: 	 Vector = 0x0000000F
[    4.565683] Interrupt Taken: 	 Vector = 0x0000000F
[    4.565749] Interrupt Served: 	 Vector = 0x0000000F
[    4.568977] Interrupt Taken: 	 Vector = 0x0000000F
[    4.569040] Interrupt Served: 	 Vector = 0x0000000F
[    4.572651] Interrupt Taken: 	 Vector = 0x0000000F
[    4.572756] Interrupt Served: 	 Vector = 0x0000000F
[    4.575949] Interrupt Taken: 	 Vector = 0x0000000F
[    4.576042] Interrupt Served: 	 Vector = 0x0000000F
[    4.579317] Interrupt Taken: 	 Vector = 0x0000000F
[    4.579441] Interrupt Served: 	 Vector = 0x0000000F
[    4.582679] Interrupt Taken: 	 Vector = 0x0000000F
[    4.582749] Interrupt Served: 	 Vector = 0x0000000F
[    4.586081] Interrupt Taken: 	 Vector = 0x0000000F
[    4.586160] Interrupt Served: 	 Vector = 0x0000000F
[    4.589473] Interrupt Taken: 	 Vector = 0x0000000F
[    4.589561] Interrupt Served: 	 Vector = 0x0000000F
[    4.592721] Interrupt Taken: 	 Vector = 0x0000000F
[    4.592825] Interrupt Served: 	 Vector = 0x0000000F
[    4.596067] Interrupt Taken: 	 Vector = 0x0000000F
[    4.596156] Interrupt Served: 	 Vector = 0x0000000F
[    4.599603] Interrupt Taken: 	 Vector = 0x0000000F
[    4.599672] Interrupt Served: 	 Vector = 0x0000000F
[    4.602952] Interrupt Taken: 	 Vector = 0x0000000F
[    4.603033] Interrupt Served: 	 Vector = 0x0000000F
[    4.607851] Interrupt Taken: 	 Vector = 0x0000000F
[    4.607978] Interrupt Served: 	 Vector = 0x0000000F
[    4.611266] Interrupt Taken: 	 Vector = 0x0000000F
[    4.611445] Interrupt Served: 	 Vector = 0x0000000F
[    4.614666] Interrupt Taken: 	 Vector = 0x0000000F
[    4.614742] Interrupt Served: 	 Vector = 0x0000000F
[    4.618344] Interrupt Taken: 	 Vector = 0x0000000F
[    4.618453] Interrupt Served: 	 Vector = 0x0000000F
[    4.621450] Interrupt Taken: 	 Vector = 0x0000000F
[    4.621534] Interrupt Served: 	 Vector = 0x0000000F
[    4.624977] Interrupt Taken: 	 Vector = 0x0000000F
[    4.625073] Interrupt Served: 	 Vector = 0x0000000F
[    4.628294] Interrupt Taken: 	 Vector = 0x0000000F
[    4.628465] Interrupt Served: 	 Vector = 0x0000000F
[    4.631368] Interrupt Taken: 	 Vector = 0x0000000F
[    4.631463] Interrupt Served: 	 Vector = 0x0000000F
[    4.634848] Interrupt Taken: 	 Vector = 0x0000000F
[    4.634933] Interrupt Served: 	 Vector = 0x0000000F
[    4.638377] Interrupt Taken: 	 Vector = 0x0000000F
[    4.638467] Interrupt Served: 	 Vector = 0x0000000F
[    4.641812] Interrupt Taken: 	 Vector = 0x0000000F
[    4.641901] Interrupt Served: 	 Vector = 0x0000000F
[    4.645234] Interrupt Taken: 	 Vector = 0x0000000F
[    4.645351] Interrupt Served: 	 Vector = 0x0000000F
[    4.648737] Interrupt Taken: 	 Vector = 0x0000000F
[    4.648819] Interrupt Served: 	 Vector = 0x0000000F
[    4.652151] Interrupt Taken: 	 Vector = 0x0000000F
[    4.652229] Interrupt Served: 	 Vector = 0x0000000F
[    4.655596] Interrupt Taken: 	 Vector = 0x0000000F
[    4.655697] Interrupt Served: 	 Vector = 0x0000000F
[    4.658874] Interrupt Taken: 	 Vector = 0x0000000F
[    4.658949] Interrupt Served: 	 Vector = 0x0000000F
[    4.662297] Interrupt Taken: 	 Vector = 0x0000000F
[    4.662410] Interrupt Served: 	 Vector = 0x0000000F
[    4.665962] Interrupt Taken: 	 Vector = 0x0000000F
[    4.666065] Interrupt Served: 	 Vector = 0x0000000F
[    4.669255] Interrupt Taken: 	 Vector = 0x0000000F
[    4.669355] Interrupt Served: 	 Vector = 0x0000000F
[    4.672870] Interrupt Taken: 	 Vector = 0x0000000F
[    4.672975] Interrupt Served: 	 Vector = 0x0000000F
[    4.676170] Interrupt Taken: 	 Vector = 0x0000000F
[    4.676266] Interrupt Served: 	 Vector = 0x0000000F
[    4.679484] Interrupt Taken: 	 Vector = 0x0000000F
[    4.679563] Interrupt Served: 	 Vector = 0x0000000F
[    4.682888] Interrupt Taken: 	 Vector = 0x0000000F
[    4.682979] Interrupt Served: 	 Vector = 0x0000000F
[    4.686229] Interrupt Taken: 	 Vector = 0x0000000F
[    4.686365] Interrupt Served: 	 Vector = 0x0000000F
[    4.689613] Interrupt Taken: 	 Vector = 0x0000000F
[    4.689790] Interrupt Served: 	 Vector = 0x0000000F
[    4.692776] Interrupt Taken: 	 Vector = 0x0000000F
[    4.692880] Interrupt Served: 	 Vector = 0x0000000F
[    4.696082] Interrupt Taken: 	 Vector = 0x0000000F
[    4.696275] Interrupt Served: 	 Vector = 0x0000000F
[    4.699181] Interrupt Taken: 	 Vector = 0x0000000F
[    4.699257] Interrupt Served: 	 Vector = 0x0000000F
[    4.702467] Interrupt Taken: 	 Vector = 0x0000000F
[    4.702540] Interrupt Served: 	 Vector = 0x0000000F
[    4.705902] Interrupt Taken: 	 Vector = 0x0000000F
[    4.705994] Interrupt Served: 	 Vector = 0x0000000F
[    4.709300] Interrupt Taken: 	 Vector = 0x0000000F
[    4.709445] Interrupt Served: 	 Vector = 0x0000000F
[    4.712698] Interrupt Taken: 	 Vector = 0x0000000F
[    4.712784] Interrupt Served: 	 Vector = 0x0000000F
[    4.716031] Interrupt Taken: 	 Vector = 0x0000000F
[    4.716096] Interrupt Served: 	 Vector = 0x0000000F
[    4.719507] Interrupt Taken: 	 Vector = 0x0000000F
[    4.719569] Interrupt Served: 	 Vector = 0x0000000F
[    4.722764] Interrupt Taken: 	 Vector = 0x0000000F
[    4.722864] Interrupt Served: 	 Vector = 0x0000000F
[    4.726162] Interrupt Taken: 	 Vector = 0x0000000F
[    4.726346] Interrupt Served: 	 Vector = 0x0000000F
[    4.729275] Interrupt Taken: 	 Vector = 0x0000000F
[    4.729402] Interrupt Served: 	 Vector = 0x0000000F
[    4.732970] Interrupt Taken: 	 Vector = 0x0000000F
[    4.733109] Interrupt Served: 	 Vector = 0x0000000F
[    4.736023] Interrupt Taken: 	 Vector = 0x0000000F
[    4.736098] Interrupt Served: 	 Vector = 0x0000000F
[    4.739500] Interrupt Taken: 	 Vector = 0x0000000F
[    4.739645] Interrupt Served: 	 Vector = 0x0000000F
[    4.742739] Interrupt Taken: 	 Vector = 0x0000000F
[    4.742828] Interrupt Served: 	 Vector = 0x0000000F
[    4.746200] Interrupt Taken: 	 Vector = 0x0000000F
[    4.746284] Interrupt Served: 	 Vector = 0x0000000F
[    4.749941] Interrupt Taken: 	 Vector = 0x0000000F
[    4.750013] Interrupt Served: 	 Vector = 0x0000000F
[    4.753119] Interrupt Taken: 	 Vector = 0x0000000F
[    4.753190] Interrupt Served: 	 Vector = 0x0000000F
[    4.756536] Interrupt Taken: 	 Vector = 0x0000000F
[    4.756616] Interrupt Served: 	 Vector = 0x0000000F
[    4.759961] Interrupt Taken: 	 Vector = 0x0000000F
[    4.760055] Interrupt Served: 	 Vector = 0x0000000F
[    4.763305] Interrupt Taken: 	 Vector = 0x0000000F
[    4.763411] Interrupt Served: 	 Vector = 0x0000000F
[    4.766575] Interrupt Taken: 	 Vector = 0x0000000F
[    4.766643] Interrupt Served: 	 Vector = 0x0000000F
[    4.769892] Interrupt Taken: 	 Vector = 0x0000000F
[    4.769954] Interrupt Served: 	 Vector = 0x0000000F
[    4.773396] Interrupt Taken: 	 Vector = 0x0000000F
[    4.773530] Interrupt Served: 	 Vector = 0x0000000F
[    4.776811] Interrupt Taken: 	 Vector = 0x0000000F
[    4.776979] Interrupt Served: 	 Vector = 0x0000000F
[    4.779885] Interrupt Taken: 	 Vector = 0x0000000F
[    4.780028] Interrupt Served: 	 Vector = 0x0000000F
[    4.783266] Interrupt Taken: 	 Vector = 0x0000000F
[    4.783430] Interrupt Served: 	 Vector = 0x0000000F
[    4.786395] Interrupt Taken: 	 Vector = 0x0000000F
[    4.786472] Interrupt Served: 	 Vector = 0x0000000F
[    4.790524] Interrupt Taken: 	 Vector = 0x0000000F
[    4.790595] Interrupt Served: 	 Vector = 0x0000000F
[    4.793927] Interrupt Taken: 	 Vector = 0x0000000F
[    4.793992] Interrupt Served: 	 Vector = 0x0000000F
[    4.797164] [passthrough] Read: 	 address = 0x58020414, size = 4 bytes, value = 0x00000001, pc=0x08001604 
[    4.797658] [passthrough] Write: 	 address = 0x58020418, size = 4 bytes, value = 0x00010000, pc=0x0800161C 
[    4.798501] Interrupt Taken: 	 Vector = 0x0000000F
[    4.798551] Interrupt Served: 	 Vector = 0x0000000F
[    4.801850] Interrupt Taken: 	 Vector = 0x0000000F
[    4.801910] Interrupt Served: 	 Vector = 0x0000000F
[    4.805362] Interrupt Taken: 	 Vector = 0x0000000F
[    4.805456] Interrupt Served: 	 Vector = 0x0000000F
[    4.808710] Interrupt Taken: 	 Vector = 0x0000000F
[    4.808817] Interrupt Served: 	 Vector = 0x0000000F
[    4.812215] Interrupt Taken: 	 Vector = 0x0000000F
[    4.812305] Interrupt Served: 	 Vector = 0x0000000F
[    4.815441] Interrupt Taken: 	 Vector = 0x0000000F
[    4.815510] Interrupt Served: 	 Vector = 0x0000000F
[    4.818837] Interrupt Taken: 	 Vector = 0x0000000F
[    4.818898] Interrupt Served: 	 Vector = 0x0000000F
[    4.822230] Interrupt Taken: 	 Vector = 0x0000000F
[    4.822378] Interrupt Served: 	 Vector = 0x0000000F
[    4.825718] Interrupt Taken: 	 Vector = 0x0000000F
[    4.825796] Interrupt Served: 	 Vector = 0x0000000F
[    4.828927] Interrupt Taken: 	 Vector = 0x0000000F
[    4.829009] Interrupt Served: 	 Vector = 0x0000000F
[    4.832269] Interrupt Taken: 	 Vector = 0x0000000F
[    4.832555] Interrupt Served: 	 Vector = 0x0000000F
[    4.835607] Interrupt Taken: 	 Vector = 0x0000000F
[    4.835679] Interrupt Served: 	 Vector = 0x0000000F
[    4.839886] Interrupt Taken: 	 Vector = 0x0000000F
[    4.839977] Interrupt Served: 	 Vector = 0x0000000F
[    4.843169] Interrupt Taken: 	 Vector = 0x0000000F
[    4.843257] Interrupt Served: 	 Vector = 0x0000000F
[    4.846501] Interrupt Taken: 	 Vector = 0x0000000F
[    4.846581] Interrupt Served: 	 Vector = 0x0000000F
[    4.850042] Interrupt Taken: 	 Vector = 0x0000000F
[    4.850100] Interrupt Served: 	 Vector = 0x0000000F
[    4.853389] Interrupt Taken: 	 Vector = 0x0000000F
[    4.853468] Interrupt Served: 	 Vector = 0x0000000F
[    4.857127] Interrupt Taken: 	 Vector = 0x0000000F
[    4.857240] Interrupt Served: 	 Vector = 0x0000000F
[    4.860447] Interrupt Taken: 	 Vector = 0x0000000F
[    4.860541] Interrupt Served: 	 Vector = 0x0000000F
[    4.863861] Interrupt Taken: 	 Vector = 0x0000000F
[    4.863942] Interrupt Served: 	 Vector = 0x0000000F
[    4.867143] Interrupt Taken: 	 Vector = 0x0000000F
[    4.867225] Interrupt Served: 	 Vector = 0x0000000F
[    4.870559] Interrupt Taken: 	 Vector = 0x0000000F
[    4.870645] Interrupt Served: 	 Vector = 0x0000000F
[    4.873957] Interrupt Taken: 	 Vector = 0x0000000F
[    4.874128] Interrupt Served: 	 Vector = 0x0000000F
[    4.877024] Interrupt Taken: 	 Vector = 0x0000000F
[    4.877112] Interrupt Served: 	 Vector = 0x0000000F
[    4.880385] Interrupt Taken: 	 Vector = 0x0000000F
[    4.880476] Interrupt Served: 	 Vector = 0x0000000F
[    4.883808] Interrupt Taken: 	 Vector = 0x0000000F
[    4.883887] Interrupt Served: 	 Vector = 0x0000000F
[    4.887275] Interrupt Taken: 	 Vector = 0x0000000F
[    4.887427] Interrupt Served: 	 Vector = 0x0000000F
[    4.890360] Interrupt Taken: 	 Vector = 0x0000000F
[    4.890460] Interrupt Served: 	 Vector = 0x0000000F
[    4.893995] Interrupt Taken: 	 Vector = 0x0000000F
[    4.894105] Interrupt Served: 	 Vector = 0x0000000F
[    4.897413] Interrupt Taken: 	 Vector = 0x0000000F
[    4.897490] Interrupt Served: 	 Vector = 0x0000000F
[    4.901038] Interrupt Taken: 	 Vector = 0x0000000F
[    4.901103] Interrupt Served: 	 Vector = 0x0000000F
[    4.904616] Interrupt Taken: 	 Vector = 0x0000000F
[    4.904706] Interrupt Served: 	 Vector = 0x0000000F
[    4.908008] Interrupt Taken: 	 Vector = 0x0000000F
[    4.908093] Interrupt Served: 	 Vector = 0x0000000F
[    4.911224] Interrupt Taken: 	 Vector = 0x0000000F
[    4.911347] Interrupt Served: 	 Vector = 0x0000000F
[    4.914668] Interrupt Taken: 	 Vector = 0x0000000F
[    4.914762] Interrupt Served: 	 Vector = 0x0000000F
[    4.918065] Interrupt Taken: 	 Vector = 0x0000000F
[    4.918139] Interrupt Served: 	 Vector = 0x0000000F
[    4.921516] Interrupt Taken: 	 Vector = 0x0000000F
[    4.921599] Interrupt Served: 	 Vector = 0x0000000F
[    4.924896] Interrupt Taken: 	 Vector = 0x0000000F
[    4.924985] Interrupt Served: 	 Vector = 0x0000000F
[    4.928239] Interrupt Taken: 	 Vector = 0x0000000F
[    4.928377] Interrupt Served: 	 Vector = 0x0000000F
[    4.931743] Interrupt Taken: 	 Vector = 0x0000000F
[    4.931839] Interrupt Served: 	 Vector = 0x0000000F
[    4.935217] Interrupt Taken: 	 Vector = 0x0000000F
[    4.935300] Interrupt Served: 	 Vector = 0x0000000F
[    4.938664] Interrupt Taken: 	 Vector = 0x0000000F
[    4.938752] Interrupt Served: 	 Vector = 0x0000000F
[    4.941858] Interrupt Taken: 	 Vector = 0x0000000F
[    4.941980] Interrupt Served: 	 Vector = 0x0000000F
[    4.945159] Interrupt Taken: 	 Vector = 0x0000000F
[    4.945267] Interrupt Served: 	 Vector = 0x0000000F
[    4.948402] Interrupt Taken: 	 Vector = 0x0000000F
[    4.948473] Interrupt Served: 	 Vector = 0x0000000F
[    4.951885] Interrupt Taken: 	 Vector = 0x0000000F
[    4.951946] Interrupt Served: 	 Vector = 0x0000000F
[    4.955220] Interrupt Taken: 	 Vector = 0x0000000F
[    4.955354] Interrupt Served: 	 Vector = 0x0000000F
[    4.958597] Interrupt Taken: 	 Vector = 0x0000000F
[    4.958698] Interrupt Served: 	 Vector = 0x0000000F
[    4.961932] Interrupt Taken: 	 Vector = 0x0000000F
[    4.962036] Interrupt Served: 	 Vector = 0x0000000F
[    4.965287] Interrupt Taken: 	 Vector = 0x0000000F
[    4.965386] Interrupt Served: 	 Vector = 0x0000000F
[    4.968675] Interrupt Taken: 	 Vector = 0x0000000F
[    4.968755] Interrupt Served: 	 Vector = 0x0000000F
[    4.972031] Interrupt Taken: 	 Vector = 0x0000000F
[    4.972116] Interrupt Served: 	 Vector = 0x0000000F
[    4.975590] Interrupt Taken: 	 Vector = 0x0000000F
[    4.975705] Interrupt Served: 	 Vector = 0x0000000F
[    4.978919] Interrupt Taken: 	 Vector = 0x0000000F
[    4.979019] Interrupt Served: 	 Vector = 0x0000000F
[    4.982068] Interrupt Taken: 	 Vector = 0x0000000F
[    4.982129] Interrupt Served: 	 Vector = 0x0000000F
[    4.985153] Interrupt Taken: 	 Vector = 0x0000000F
[    4.985214] Interrupt Served: 	 Vector = 0x0000000F
[    4.988722] Interrupt Taken: 	 Vector = 0x0000000F
[    4.988827] Interrupt Served: 	 Vector = 0x0000000F
[    4.991995] Interrupt Taken: 	 Vector = 0x0000000F
[    4.992093] Interrupt Served: 	 Vector = 0x0000000F
[    4.995387] Interrupt Taken: 	 Vector = 0x0000000F
[    4.995495] Interrupt Served: 	 Vector = 0x0000000F
[    4.999021] Interrupt Taken: 	 Vector = 0x0000000F
[    4.999101] Interrupt Served: 	 Vector = 0x0000000F
[    5.002460] Interrupt Taken: 	 Vector = 0x0000000F
[    5.002543] Interrupt Served: 	 Vector = 0x0000000F
[    5.005984] Interrupt Taken: 	 Vector = 0x0000000F
[    5.006075] Interrupt Served: 	 Vector = 0x0000000F
[    5.009388] Interrupt Taken: 	 Vector = 0x0000000F
[    5.009476] Interrupt Served: 	 Vector = 0x0000000F
[    5.012876] Interrupt Taken: 	 Vector = 0x0000000F
[    5.012981] Interrupt Served: 	 Vector = 0x0000000F
[    5.016121] Interrupt Taken: 	 Vector = 0x0000000F
[    5.016260] Interrupt Served: 	 Vector = 0x0000000F
[    5.019465] Interrupt Taken: 	 Vector = 0x0000000F
[    5.019584] Interrupt Served: 	 Vector = 0x0000000F
[    5.022553] Interrupt Taken: 	 Vector = 0x0000000F
[    5.022667] Interrupt Served: 	 Vector = 0x0000000F
[    5.025853] Interrupt Taken: 	 Vector = 0x0000000F
[    5.025950] Interrupt Served: 	 Vector = 0x0000000F
[    5.029109] Interrupt Taken: 	 Vector = 0x0000000F
[    5.029185] Interrupt Served: 	 Vector = 0x0000000F
[    5.032414] Interrupt Taken: 	 Vector = 0x0000000F
[    5.032507] Interrupt Served: 	 Vector = 0x0000000F
[    5.035874] Interrupt Taken: 	 Vector = 0x0000000F
[    5.035941] Interrupt Served: 	 Vector = 0x0000000F
[    5.039427] Interrupt Taken: 	 Vector = 0x0000000F
[    5.039522] Interrupt Served: 	 Vector = 0x0000000F
[    5.042748] Interrupt Taken: 	 Vector = 0x0000000F
[    5.042922] Interrupt Served: 	 Vector = 0x0000000F
[    5.045900] Interrupt Taken: 	 Vector = 0x0000000F
[    5.046023] Interrupt Served: 	 Vector = 0x0000000F
[    5.049560] Interrupt Taken: 	 Vector = 0x0000000F
[    5.049626] Interrupt Served: 	 Vector = 0x0000000F
[    5.053073] Interrupt Taken: 	 Vector = 0x0000000F
[    5.053154] Interrupt Served: 	 Vector = 0x0000000F
[    5.056569] Interrupt Taken: 	 Vector = 0x0000000F
[    5.056657] Interrupt Served: 	 Vector = 0x0000000F
[    5.059759] Interrupt Taken: 	 Vector = 0x0000000F
[    5.059831] Interrupt Served: 	 Vector = 0x0000000F
[    5.063098] Interrupt Taken: 	 Vector = 0x0000000F
[    5.063218] Interrupt Served: 	 Vector = 0x0000000F
[    5.066445] Interrupt Taken: 	 Vector = 0x0000000F
[    5.066510] Interrupt Served: 	 Vector = 0x0000000F
[    5.069992] Interrupt Taken: 	 Vector = 0x0000000F
[    5.070057] Interrupt Served: 	 Vector = 0x0000000F
[    5.073427] Interrupt Taken: 	 Vector = 0x0000000F
[    5.073531] Interrupt Served: 	 Vector = 0x0000000F
[    5.076786] Interrupt Taken: 	 Vector = 0x0000000F
[    5.076881] Interrupt Served: 	 Vector = 0x0000000F
[    5.080199] Interrupt Taken: 	 Vector = 0x0000000F
[    5.080278] Interrupt Served: 	 Vector = 0x0000000F
[    5.083891] Interrupt Taken: 	 Vector = 0x0000000F
[    5.083976] Interrupt Served: 	 Vector = 0x0000000F
[    5.087458] Interrupt Taken: 	 Vector = 0x0000000F
[    5.087543] Interrupt Served: 	 Vector = 0x0000000F
[    5.090705] Interrupt Taken: 	 Vector = 0x0000000F
[    5.090805] Interrupt Served: 	 Vector = 0x0000000F
[    5.094107] Interrupt Taken: 	 Vector = 0x0000000F
[    5.094189] Interrupt Served: 	 Vector = 0x0000000F
[    5.097347] Interrupt Taken: 	 Vector = 0x0000000F
[    5.097450] Interrupt Served: 	 Vector = 0x0000000F
[    5.100631] Interrupt Taken: 	 Vector = 0x0000000F
[    5.100775] Interrupt Served: 	 Vector = 0x0000000F
[    5.103710] Interrupt Taken: 	 Vector = 0x0000000F
[    5.103794] Interrupt Served: 	 Vector = 0x0000000F
[    5.107117] Interrupt Taken: 	 Vector = 0x0000000F
[    5.107231] Interrupt Served: 	 Vector = 0x0000000F
[    5.110424] Interrupt Taken: 	 Vector = 0x0000000F
[    5.110520] Interrupt Served: 	 Vector = 0x0000000F
[    5.113675] Interrupt Taken: 	 Vector = 0x0000000F
[    5.113757] Interrupt Served: 	 Vector = 0x0000000F
[    5.117042] Interrupt Taken: 	 Vector = 0x0000000F
[    5.117136] Interrupt Served: 	 Vector = 0x0000000F
[    5.120643] Interrupt Taken: 	 Vector = 0x0000000F
[    5.120705] Interrupt Served: 	 Vector = 0x0000000F
[    5.124038] Interrupt Taken: 	 Vector = 0x0000000F
[    5.124127] Interrupt Served: 	 Vector = 0x0000000F
[    5.127267] Interrupt Taken: 	 Vector = 0x0000000F
[    5.127484] Interrupt Served: 	 Vector = 0x0000000F
[    5.130286] Interrupt Taken: 	 Vector = 0x0000000F
[    5.130410] Interrupt Served: 	 Vector = 0x0000000F
[    5.133692] Interrupt Taken: 	 Vector = 0x0000000F
[    5.133773] Interrupt Served: 	 Vector = 0x0000000F
[    5.136977] Interrupt Taken: 	 Vector = 0x0000000F
[    5.137031] Interrupt Served: 	 Vector = 0x0000000F
[    5.140563] Interrupt Taken: 	 Vector = 0x0000000F
[    5.140663] Interrupt Served: 	 Vector = 0x0000000F
[    5.143853] Interrupt Taken: 	 Vector = 0x0000000F
[    5.143961] Interrupt Served: 	 Vector = 0x0000000F
[    5.147097] Interrupt Taken: 	 Vector = 0x0000000F
[    5.147227] Interrupt Served: 	 Vector = 0x0000000F
[    5.150320] Interrupt Taken: 	 Vector = 0x0000000F
[    5.150422] Interrupt Served: 	 Vector = 0x0000000F
[    5.153657] Interrupt Taken: 	 Vector = 0x0000000F
[    5.153733] Interrupt Served: 	 Vector = 0x0000000F
[    5.157055] Interrupt Taken: 	 Vector = 0x0000000F
[    5.157529] Interrupt Served: 	 Vector = 0x0000000F
[    5.160921] Interrupt Taken: 	 Vector = 0x0000000F
[    5.161085] Interrupt Served: 	 Vector = 0x0000000F
[    5.164271] Interrupt Taken: 	 Vector = 0x0000000F
[    5.164399] Interrupt Served: 	 Vector = 0x0000000F
[    5.167632] Interrupt Taken: 	 Vector = 0x0000000F
[    5.167697] Interrupt Served: 	 Vector = 0x0000000F
[    5.170906] Interrupt Taken: 	 Vector = 0x0000000F
[    5.170997] Interrupt Served: 	 Vector = 0x0000000F
[    5.174322] Interrupt Taken: 	 Vector = 0x0000000F
[    5.174459] Interrupt Served: 	 Vector = 0x0000000F
[    5.177751] Interrupt Taken: 	 Vector = 0x0000000F
[    5.177866] Interrupt Served: 	 Vector = 0x0000000F
[    5.181186] Interrupt Taken: 	 Vector = 0x0000000F
[    5.181262] Interrupt Served: 	 Vector = 0x0000000F
[    5.184600] Interrupt Taken: 	 Vector = 0x0000000F
[    5.184667] Interrupt Served: 	 Vector = 0x0000000F
[    5.188012] Interrupt Taken: 	 Vector = 0x0000000F
[    5.188111] Interrupt Served: 	 Vector = 0x0000000F
[    5.191445] Interrupt Taken: 	 Vector = 0x0000000F
[    5.191541] Interrupt Served: 	 Vector = 0x0000000F
[    5.194768] Interrupt Taken: 	 Vector = 0x0000000F
[    5.194878] Interrupt Served: 	 Vector = 0x0000000F
[    5.198094] Interrupt Taken: 	 Vector = 0x0000000F
[    5.198196] Interrupt Served: 	 Vector = 0x0000000F
[    5.201952] Interrupt Taken: 	 Vector = 0x0000000F
[    5.202014] Interrupt Served: 	 Vector = 0x0000000F
[    5.205319] Interrupt Taken: 	 Vector = 0x0000000F
[    5.205483] Interrupt Served: 	 Vector = 0x0000000F
[    5.208854] Interrupt Taken: 	 Vector = 0x0000000F
[    5.208966] Interrupt Served: 	 Vector = 0x0000000F
[    5.212382] Interrupt Taken: 	 Vector = 0x0000000F
[    5.212491] Interrupt Served: 	 Vector = 0x0000000F
[    5.215705] Interrupt Taken: 	 Vector = 0x0000000F
[    5.215792] Interrupt Served: 	 Vector = 0x0000000F
[    5.219191] Interrupt Taken: 	 Vector = 0x0000000F
[    5.219257] Interrupt Served: 	 Vector = 0x0000000F
[    5.222506] Interrupt Taken: 	 Vector = 0x0000000F
[    5.222604] Interrupt Served: 	 Vector = 0x0000000F
[    5.225789] Interrupt Taken: 	 Vector = 0x0000000F
[    5.225875] Interrupt Served: 	 Vector = 0x0000000F
[    5.229049] Interrupt Taken: 	 Vector = 0x0000000F
[    5.229219] Interrupt Served: 	 Vector = 0x0000000F
[    5.231983] Interrupt Taken: 	 Vector = 0x0000000F
[    5.232070] Interrupt Served: 	 Vector = 0x0000000F
[    5.235168] Interrupt Taken: 	 Vector = 0x0000000F
[    5.235226] Interrupt Served: 	 Vector = 0x0000000F
[    5.238624] Interrupt Taken: 	 Vector = 0x0000000F
[    5.238704] Interrupt Served: 	 Vector = 0x0000000F
[    5.242125] Interrupt Taken: 	 Vector = 0x0000000F
[    5.242212] Interrupt Served: 	 Vector = 0x0000000F
[    5.245421] Interrupt Taken: 	 Vector = 0x0000000F
[    5.245566] Interrupt Served: 	 Vector = 0x0000000F
[    5.248654] Interrupt Taken: 	 Vector = 0x0000000F
[    5.248741] Interrupt Served: 	 Vector = 0x0000000F
[    5.252210] Interrupt Taken: 	 Vector = 0x0000000F
[    5.252286] Interrupt Served: 	 Vector = 0x0000000F
[    5.255497] Interrupt Taken: 	 Vector = 0x0000000F
[    5.255596] Interrupt Served: 	 Vector = 0x0000000F
[    5.258801] Interrupt Taken: 	 Vector = 0x0000000F
[    5.258901] Interrupt Served: 	 Vector = 0x0000000F
[    5.262181] Interrupt Taken: 	 Vector = 0x0000000F
[    5.262396] Interrupt Served: 	 Vector = 0x0000000F
[    5.265412] Interrupt Taken: 	 Vector = 0x0000000F
[    5.265492] Interrupt Served: 	 Vector = 0x0000000F
[    5.268754] Interrupt Taken: 	 Vector = 0x0000000F
[    5.268831] Interrupt Served: 	 Vector = 0x0000000F
[    5.272218] Interrupt Taken: 	 Vector = 0x0000000F
[    5.272314] Interrupt Served: 	 Vector = 0x0000000F
[    5.275718] Interrupt Taken: 	 Vector = 0x0000000F
[    5.275814] Interrupt Served: 	 Vector = 0x0000000F
[    5.278874] Interrupt Taken: 	 Vector = 0x0000000F
[    5.278987] Interrupt Served: 	 Vector = 0x0000000F
[    5.282515] Interrupt Taken: 	 Vector = 0x0000000F
[    5.282584] Interrupt Served: 	 Vector = 0x0000000F
[    5.285981] Interrupt Taken: 	 Vector = 0x0000000F
[    5.286043] Interrupt Served: 	 Vector = 0x0000000F
[    5.289394] Interrupt Taken: 	 Vector = 0x0000000F
[    5.289494] Interrupt Served: 	 Vector = 0x0000000F
[    5.292692] Interrupt Taken: 	 Vector = 0x0000000F
[    5.292797] Interrupt Served: 	 Vector = 0x0000000F
[    5.295971] Interrupt Taken: 	 Vector = 0x0000000F
[    5.296120] Interrupt Served: 	 Vector = 0x0000000F
[    5.299742] Interrupt Taken: 	 Vector = 0x0000000F
[    5.299802] Interrupt Served: 	 Vector = 0x0000000F
[    5.303034] Interrupt Taken: 	 Vector = 0x0000000F
[    5.303098] Interrupt Served: 	 Vector = 0x0000000F
[    5.306415] Interrupt Taken: 	 Vector = 0x0000000F
[    5.306511] Interrupt Served: 	 Vector = 0x0000000F
[    5.309839] Interrupt Taken: 	 Vector = 0x0000000F
[    5.309964] Interrupt Served: 	 Vector = 0x0000000F
[    5.313388] Interrupt Taken: 	 Vector = 0x0000000F
[    5.313481] Interrupt Served: 	 Vector = 0x0000000F
[    5.316656] Interrupt Taken: 	 Vector = 0x0000000F
[    5.316801] Interrupt Served: 	 Vector = 0x0000000F
[    5.319730] Interrupt Taken: 	 Vector = 0x0000000F
[    5.319803] Interrupt Served: 	 Vector = 0x0000000F
[    5.323687] Interrupt Taken: 	 Vector = 0x0000000F
[    5.323813] Interrupt Served: 	 Vector = 0x0000000F
[    5.327175] Interrupt Taken: 	 Vector = 0x0000000F
[    5.327277] Interrupt Served: 	 Vector = 0x0000000F
[    5.330623] Interrupt Taken: 	 Vector = 0x0000000F
[    5.330701] Interrupt Served: 	 Vector = 0x0000000F
[    5.333952] Interrupt Taken: 	 Vector = 0x0000000F
[    5.334026] Interrupt Served: 	 Vector = 0x0000000F
[    5.337515] Interrupt Taken: 	 Vector = 0x0000000F
[    5.337593] Interrupt Served: 	 Vector = 0x0000000F
[    5.340877] Interrupt Taken: 	 Vector = 0x0000000F
[    5.340968] Interrupt Served: 	 Vector = 0x0000000F
[    5.344343] Interrupt Taken: 	 Vector = 0x0000000F
[    5.344474] Interrupt Served: 	 Vector = 0x0000000F
[    5.347785] Interrupt Taken: 	 Vector = 0x0000000F
[    5.347863] Interrupt Served: 	 Vector = 0x0000000F
[    5.351092] Interrupt Taken: 	 Vector = 0x0000000F
[    5.351176] Interrupt Served: 	 Vector = 0x0000000F
[    5.354369] Interrupt Taken: 	 Vector = 0x0000000F
[    5.354470] Interrupt Served: 	 Vector = 0x0000000F
[    5.358011] Interrupt Taken: 	 Vector = 0x0000000F
[    5.358167] Interrupt Served: 	 Vector = 0x0000000F
[    5.361223] Interrupt Taken: 	 Vector = 0x0000000F
[    5.361433] Interrupt Served: 	 Vector = 0x0000000F
[    5.364645] Interrupt Taken: 	 Vector = 0x0000000F
[    5.364784] Interrupt Served: 	 Vector = 0x0000000F
[    5.367873] Interrupt Taken: 	 Vector = 0x0000000F
[    5.367951] Interrupt Served: 	 Vector = 0x0000000F
[    5.371453] Interrupt Taken: 	 Vector = 0x0000000F
[    5.371537] Interrupt Served: 	 Vector = 0x0000000F
[    5.374806] Interrupt Taken: 	 Vector = 0x0000000F
[    5.374903] Interrupt Served: 	 Vector = 0x0000000F
[    5.378289] Interrupt Taken: 	 Vector = 0x0000000F
[    5.378483] Interrupt Served: 	 Vector = 0x0000000F
[    5.381639] Interrupt Taken: 	 Vector = 0x0000000F
[    5.381726] Interrupt Served: 	 Vector = 0x0000000F
[    5.385363] Interrupt Taken: 	 Vector = 0x0000000F
[    5.385428] Interrupt Served: 	 Vector = 0x0000000F
[    5.388791] Interrupt Taken: 	 Vector = 0x0000000F
[    5.388879] Interrupt Served: 	 Vector = 0x0000000F
[    5.392020] Interrupt Taken: 	 Vector = 0x0000000F
[    5.392100] Interrupt Served: 	 Vector = 0x0000000F
[    5.395241] Interrupt Taken: 	 Vector = 0x0000000F
[    5.395367] Interrupt Served: 	 Vector = 0x0000000F
[    5.398728] Interrupt Taken: 	 Vector = 0x0000000F
[    5.398821] Interrupt Served: 	 Vector = 0x0000000F
[    5.402124] Interrupt Taken: 	 Vector = 0x0000000F
[    5.402196] Interrupt Served: 	 Vector = 0x0000000F
[    5.405810] Interrupt Taken: 	 Vector = 0x0000000F
[    5.405906] Interrupt Served: 	 Vector = 0x0000000F
[    5.409217] Interrupt Taken: 	 Vector = 0x0000000F
[    5.409354] Interrupt Served: 	 Vector = 0x0000000F
[    5.412674] Interrupt Taken: 	 Vector = 0x0000000F
[    5.412756] Interrupt Served: 	 Vector = 0x0000000F
[    5.415978] Interrupt Taken: 	 Vector = 0x0000000F
[    5.416044] Interrupt Served: 	 Vector = 0x0000000F
[    5.419310] Interrupt Taken: 	 Vector = 0x0000000F
[    5.419432] Interrupt Served: 	 Vector = 0x0000000F
[    5.422931] Interrupt Taken: 	 Vector = 0x0000000F
[    5.423101] Interrupt Served: 	 Vector = 0x0000000F
[    5.426028] Interrupt Taken: 	 Vector = 0x0000000F
[    5.426156] Interrupt Served: 	 Vector = 0x0000000F
[    5.429356] Interrupt Taken: 	 Vector = 0x0000000F
[    5.429486] Interrupt Served: 	 Vector = 0x0000000F
[    5.432296] Interrupt Taken: 	 Vector = 0x0000000F
[    5.432409] Interrupt Served: 	 Vector = 0x0000000F
[    5.435741] Interrupt Taken: 	 Vector = 0x0000000F
[    5.435819] Interrupt Served: 	 Vector = 0x0000000F
[    5.438996] Interrupt Taken: 	 Vector = 0x0000000F
[    5.439097] Interrupt Served: 	 Vector = 0x0000000F
[    5.442362] Interrupt Taken: 	 Vector = 0x0000000F
[    5.442463] Interrupt Served: 	 Vector = 0x0000000F
[    5.445861] Interrupt Taken: 	 Vector = 0x0000000F
[    5.445944] Interrupt Served: 	 Vector = 0x0000000F
[    5.449161] Interrupt Taken: 	 Vector = 0x0000000F
[    5.449241] Interrupt Served: 	 Vector = 0x0000000F
[    5.452587] Interrupt Taken: 	 Vector = 0x0000000F
[    5.452667] Interrupt Served: 	 Vector = 0x0000000F
[    5.455938] Interrupt Taken: 	 Vector = 0x0000000F
[    5.456025] Interrupt Served: 	 Vector = 0x0000000F
[    5.459352] Interrupt Taken: 	 Vector = 0x0000000F
[    5.459441] Interrupt Served: 	 Vector = 0x0000000F
[    5.462617] Interrupt Taken: 	 Vector = 0x0000000F
[    5.462755] Interrupt Served: 	 Vector = 0x0000000F
[    5.465985] Interrupt Taken: 	 Vector = 0x0000000F
[    5.466056] Interrupt Served: 	 Vector = 0x0000000F
[    5.469683] Interrupt Taken: 	 Vector = 0x0000000F
[    5.469748] Interrupt Served: 	 Vector = 0x0000000F
[    5.472987] Interrupt Taken: 	 Vector = 0x0000000F
[    5.473097] Interrupt Served: 	 Vector = 0x0000000F
[    5.476320] Interrupt Taken: 	 Vector = 0x0000000F
[    5.476441] Interrupt Served: 	 Vector = 0x0000000F
[    5.479673] [passthrough] Read: 	 address = 0x58020414, size = 4 bytes, value = 0x00000000, pc=0x08001604 
[    5.480159] [passthrough] Write: 	 address = 0x58020418, size = 4 bytes, value = 0x00000001, pc=0x0800161C 
[    5.480902] Interrupt Taken: 	 Vector = 0x0000000F
[    5.480952] Interrupt Served: 	 Vector = 0x0000000F
[    5.484011] Interrupt Taken: 	 Vector = 0x0000000F
[    5.484071] Interrupt Served: 	 Vector = 0x0000000F
[    5.487387] Interrupt Taken: 	 Vector = 0x0000000F
[    5.487474] Interrupt Served: 	 Vector = 0x0000000F
[    5.490900] Interrupt Taken: 	 Vector = 0x0000000F
[    5.490991] Interrupt Served: 	 Vector = 0x0000000F
[    5.494322] Interrupt Taken: 	 Vector = 0x0000000F
[    5.494460] Interrupt Served: 	 Vector = 0x0000000F
[    5.497775] Interrupt Taken: 	 Vector = 0x0000000F
[    5.497860] Interrupt Served: 	 Vector = 0x0000000F
[    5.501359] Interrupt Taken: 	 Vector = 0x0000000F
[    5.501432] Interrupt Served: 	 Vector = 0x0000000F
[    5.504803] Interrupt Taken: 	 Vector = 0x0000000F
[    5.504943] Interrupt Served: 	 Vector = 0x0000000F
[    5.507972] Interrupt Taken: 	 Vector = 0x0000000F
[    5.508078] Interrupt Served: 	 Vector = 0x0000000F
[    5.511263] Interrupt Taken: 	 Vector = 0x0000000F
[    5.511498] Interrupt Served: 	 Vector = 0x0000000F
[    5.514681] Interrupt Taken: 	 Vector = 0x0000000F
[    5.514769] Interrupt Served: 	 Vector = 0x0000000F
[    5.518300] Interrupt Taken: 	 Vector = 0x0000000F
[    5.518394] Interrupt Served: 	 Vector = 0x0000000F
[    5.521702] Interrupt Taken: 	 Vector = 0x0000000F
[    5.521774] Interrupt Served: 	 Vector = 0x0000000F
[    5.525042] Interrupt Taken: 	 Vector = 0x0000000F
[    5.525188] Interrupt Served: 	 Vector = 0x0000000F
[    5.528473] Interrupt Taken: 	 Vector = 0x0000000F
[    5.528639] Interrupt Served: 	 Vector = 0x0000000F
[    5.531486] Interrupt Taken: 	 Vector = 0x0000000F
[    5.531584] Interrupt Served: 	 Vector = 0x0000000F
[    5.535050] Interrupt Taken: 	 Vector = 0x0000000F
[    5.535138] Interrupt Served: 	 Vector = 0x0000000F
[    5.538490] Interrupt Taken: 	 Vector = 0x0000000F
[    5.538573] Interrupt Served: 	 Vector = 0x0000000F
[    5.541832] Interrupt Taken: 	 Vector = 0x0000000F
[    5.541935] Interrupt Served: 	 Vector = 0x0000000F
[    5.544987] Interrupt Taken: 	 Vector = 0x0000000F
[    5.545108] Interrupt Served: 	 Vector = 0x0000000F
[    5.548155] Interrupt Taken: 	 Vector = 0x0000000F
[    5.548231] Interrupt Served: 	 Vector = 0x0000000F
[    5.551484] Interrupt Taken: 	 Vector = 0x0000000F
[    5.551550] Interrupt Served: 	 Vector = 0x0000000F
[    5.554728] Interrupt Taken: 	 Vector = 0x0000000F
[    5.554881] Interrupt Served: 	 Vector = 0x0000000F
[    5.557814] Interrupt Taken: 	 Vector = 0x0000000F
[    5.557920] Interrupt Served: 	 Vector = 0x0000000F
[    5.561568] Interrupt Taken: 	 Vector = 0x0000000F
[    5.561763] Interrupt Served: 	 Vector = 0x0000000F
[    5.564849] Interrupt Taken: 	 Vector = 0x0000000F
[    5.564970] Interrupt Served: 	 Vector = 0x0000000F
[    5.568270] Interrupt Taken: 	 Vector = 0x0000000F
[    5.568371] Interrupt Served: 	 Vector = 0x0000000F
[    5.571524] Interrupt Taken: 	 Vector = 0x0000000F
[    5.571592] Interrupt Served: 	 Vector = 0x0000000F
[    5.575065] Interrupt Taken: 	 Vector = 0x0000000F
[    5.575148] Interrupt Served: 	 Vector = 0x0000000F
[    5.578272] Interrupt Taken: 	 Vector = 0x0000000F
[    5.578417] Interrupt Served: 	 Vector = 0x0000000F
[    5.581629] Interrupt Taken: 	 Vector = 0x0000000F
[    5.581723] Interrupt Served: 	 Vector = 0x0000000F
[    5.584915] Interrupt Taken: 	 Vector = 0x0000000F
[    5.584987] Interrupt Served: 	 Vector = 0x0000000F
[    5.588152] Interrupt Taken: 	 Vector = 0x0000000F
[    5.588250] Interrupt Served: 	 Vector = 0x0000000F
[    5.592162] Interrupt Taken: 	 Vector = 0x0000000F
[    5.592271] Interrupt Served: 	 Vector = 0x0000000F
[    5.595499] Interrupt Taken: 	 Vector = 0x0000000F
[    5.595592] Interrupt Served: 	 Vector = 0x0000000F
[    5.598911] Interrupt Taken: 	 Vector = 0x0000000F
[    5.599015] Interrupt Served: 	 Vector = 0x0000000F
[    5.602000] Interrupt Taken: 	 Vector = 0x0000000F
[    5.602092] Interrupt Served: 	 Vector = 0x0000000F
[    5.605537] Interrupt Taken: 	 Vector = 0x0000000F
[    5.605660] Interrupt Served: 	 Vector = 0x0000000F
[    5.609380] Interrupt Taken: 	 Vector = 0x0000000F
[    5.609492] Interrupt Served: 	 Vector = 0x0000000F
[    5.613540] Interrupt Taken: 	 Vector = 0x0000000F
[    5.613661] Interrupt Served: 	 Vector = 0x0000000F
[    5.616933] Interrupt Taken: 	 Vector = 0x0000000F
[    5.617000] Interrupt Served: 	 Vector = 0x0000000F
[    5.620234] Interrupt Taken: 	 Vector = 0x0000000F
[    5.620314] Interrupt Served: 	 Vector = 0x0000000F
[    5.623612] Interrupt Taken: 	 Vector = 0x0000000F
[    5.623708] Interrupt Served: 	 Vector = 0x0000000F
[    5.626958] Interrupt Taken: 	 Vector = 0x0000000F
[    5.627069] Interrupt Served: 	 Vector = 0x0000000F
[    5.630418] Interrupt Taken: 	 Vector = 0x0000000F
[    5.630500] Interrupt Served: 	 Vector = 0x0000000F
[    5.633840] Interrupt Taken: 	 Vector = 0x0000000F
[    5.633907] Interrupt Served: 	 Vector = 0x0000000F
[    5.637264] Interrupt Taken: 	 Vector = 0x0000000F
[    5.637347] Interrupt Served: 	 Vector = 0x0000000F
[    5.640981] Interrupt Taken: 	 Vector = 0x0000000F
[    5.641085] Interrupt Served: 	 Vector = 0x0000000F
[    5.644469] Interrupt Taken: 	 Vector = 0x0000000F
[    5.644572] Interrupt Served: 	 Vector = 0x0000000F
[    5.647733] Interrupt Taken: 	 Vector = 0x0000000F
[    5.647883] Interrupt Served: 	 Vector = 0x0000000F
[    5.650860] Interrupt Taken: 	 Vector = 0x0000000F
[    5.650934] Interrupt Served: 	 Vector = 0x0000000F
[    5.654741] Interrupt Taken: 	 Vector = 0x0000000F
[    5.654847] Interrupt Served: 	 Vector = 0x0000000F
[    5.658024] Interrupt Taken: 	 Vector = 0x0000000F
[    5.658175] Interrupt Served: 	 Vector = 0x0000000F
[    5.661105] Interrupt Taken: 	 Vector = 0x0000000F
[    5.661202] Interrupt Served: 	 Vector = 0x0000000F
[    5.664466] Interrupt Taken: 	 Vector = 0x0000000F
[    5.664627] Interrupt Served: 	 Vector = 0x0000000F
[    5.667630] Interrupt Taken: 	 Vector = 0x0000000F
[    5.667700] Interrupt Served: 	 Vector = 0x0000000F
[    5.670936] Interrupt Taken: 	 Vector = 0x0000000F
[    5.671112] Interrupt Served: 	 Vector = 0x0000000F
[    5.674067] Interrupt Taken: 	 Vector = 0x0000000F
[    5.674168] Interrupt Served: 	 Vector = 0x0000000F
[    5.677363] Interrupt Taken: 	 Vector = 0x0000000F
[    5.677539] Interrupt Served: 	 Vector = 0x0000000F
[    5.680633] Interrupt Taken: 	 Vector = 0x0000000F
[    5.680726] Interrupt Served: 	 Vector = 0x0000000F
[    5.684453] Interrupt Taken: 	 Vector = 0x0000000F
[    5.684541] Interrupt Served: 	 Vector = 0x0000000F
[    5.687896] Interrupt Taken: 	 Vector = 0x0000000F
[    5.687993] Interrupt Served: 	 Vector = 0x0000000F
[    5.691118] Interrupt Taken: 	 Vector = 0x0000000F
[    5.691277] Interrupt Served: 	 Vector = 0x0000000F
[    5.694266] Interrupt Taken: 	 Vector = 0x0000000F
[    5.694428] Interrupt Served: 	 Vector = 0x0000000F
[    5.697658] Interrupt Taken: 	 Vector = 0x0000000F
[    5.697740] Interrupt Served: 	 Vector = 0x0000000F
[    5.701097] Interrupt Taken: 	 Vector = 0x0000000F
[    5.701160] Interrupt Served: 	 Vector = 0x0000000F
[    5.704387] Interrupt Taken: 	 Vector = 0x0000000F
[    5.704477] Interrupt Served: 	 Vector = 0x0000000F
[    5.707807] Interrupt Taken: 	 Vector = 0x0000000F
[    5.707916] Interrupt Served: 	 Vector = 0x0000000F
[    5.711446] Interrupt Taken: 	 Vector = 0x0000000F
[    5.711558] Interrupt Served: 	 Vector = 0x0000000F
[    5.714858] Interrupt Taken: 	 Vector = 0x0000000F
[    5.714963] Interrupt Served: 	 Vector = 0x0000000F
[    5.718298] Interrupt Taken: 	 Vector = 0x0000000F
[    5.718395] Interrupt Served: 	 Vector = 0x0000000F
[    5.721708] Interrupt Taken: 	 Vector = 0x0000000F
[    5.721790] Interrupt Served: 	 Vector = 0x0000000F
[    5.725164] Interrupt Taken: 	 Vector = 0x0000000F
[    5.725278] Interrupt Served: 	 Vector = 0x0000000F
[    5.728657] Interrupt Taken: 	 Vector = 0x0000000F
[    5.728784] Interrupt Served: 	 Vector = 0x0000000F
[    5.732141] Interrupt Taken: 	 Vector = 0x0000000F
[    5.732226] Interrupt Served: 	 Vector = 0x0000000F
[    5.735635] Interrupt Taken: 	 Vector = 0x0000000F
[    5.735703] Interrupt Served: 	 Vector = 0x0000000F
[    5.738955] Interrupt Taken: 	 Vector = 0x0000000F
[    5.739051] Interrupt Served: 	 Vector = 0x0000000F
[    5.742318] Interrupt Taken: 	 Vector = 0x0000000F
[    5.742422] Interrupt Served: 	 Vector = 0x0000000F
[    5.745628] Interrupt Taken: 	 Vector = 0x0000000F
[    5.745730] Interrupt Served: 	 Vector = 0x0000000F
[    5.748943] Interrupt Taken: 	 Vector = 0x0000000F
[    5.749014] Interrupt Served: 	 Vector = 0x0000000F
[    5.752240] Interrupt Taken: 	 Vector = 0x0000000F
[    5.752314] Interrupt Served: 	 Vector = 0x0000000F
[    5.755712] Interrupt Taken: 	 Vector = 0x0000000F
[    5.755809] Interrupt Served: 	 Vector = 0x0000000F
[    5.759072] Interrupt Taken: 	 Vector = 0x0000000F
[    5.759169] Interrupt Served: 	 Vector = 0x0000000F
[    5.762295] Interrupt Taken: 	 Vector = 0x0000000F
[    5.762415] Interrupt Served: 	 Vector = 0x0000000F
[    5.765580] Interrupt Taken: 	 Vector = 0x0000000F
[    5.765659] Interrupt Served: 	 Vector = 0x0000000F
[    5.768965] Interrupt Taken: 	 Vector = 0x0000000F
[    5.769026] Interrupt Served: 	 Vector = 0x0000000F
[    5.772442] Interrupt Taken: 	 Vector = 0x0000000F
[    5.772560] Interrupt Served: 	 Vector = 0x0000000F
[    5.775946] Interrupt Taken: 	 Vector = 0x0000000F
[    5.776048] Interrupt Served: 	 Vector = 0x0000000F
[    5.779439] Interrupt Taken: 	 Vector = 0x0000000F
[    5.779591] Interrupt Served: 	 Vector = 0x0000000F
[    5.782896] Interrupt Taken: 	 Vector = 0x0000000F
[    5.782971] Interrupt Served: 	 Vector = 0x0000000F
[    5.786235] Interrupt Taken: 	 Vector = 0x0000000F
[    5.786316] Interrupt Served: 	 Vector = 0x0000000F
[    5.790367] Interrupt Taken: 	 Vector = 0x0000000F
[    5.790448] Interrupt Served: 	 Vector = 0x0000000F
[    5.793752] Interrupt Taken: 	 Vector = 0x0000000F
[    5.793875] Interrupt Served: 	 Vector = 0x0000000F
[    5.797039] Interrupt Taken: 	 Vector = 0x0000000F
[    5.797135] Interrupt Served: 	 Vector = 0x0000000F
[    5.800481] Interrupt Taken: 	 Vector = 0x0000000F
[    5.800555] Interrupt Served: 	 Vector = 0x0000000F
[    5.803778] Interrupt Taken: 	 Vector = 0x0000000F
[    5.803848] Interrupt Served: 	 Vector = 0x0000000F
[    5.807121] Interrupt Taken: 	 Vector = 0x0000000F
[    5.807265] Interrupt Served: 	 Vector = 0x0000000F
[    5.810543] Interrupt Taken: 	 Vector = 0x0000000F
[    5.810645] Interrupt Served: 	 Vector = 0x0000000F
[    5.813925] Interrupt Taken: 	 Vector = 0x0000000F
[    5.813999] Interrupt Served: 	 Vector = 0x0000000F
[    5.817393] Interrupt Taken: 	 Vector = 0x0000000F
[    5.817462] Interrupt Served: 	 Vector = 0x0000000F
[    5.820522] Interrupt Taken: 	 Vector = 0x0000000F
[    5.820620] Interrupt Served: 	 Vector = 0x0000000F
[    5.823932] Interrupt Taken: 	 Vector = 0x0000000F
[    5.824038] Interrupt Served: 	 Vector = 0x0000000F
[    5.827241] Interrupt Taken: 	 Vector = 0x0000000F
[    5.827322] Interrupt Served: 	 Vector = 0x0000000F
[    5.830548] Interrupt Taken: 	 Vector = 0x0000000F
[    5.830723] Interrupt Served: 	 Vector = 0x0000000F
[    5.833771] Interrupt Taken: 	 Vector = 0x0000000F
[    5.833842] Interrupt Served: 	 Vector = 0x0000000F
[    5.837077] Interrupt Taken: 	 Vector = 0x0000000F
[    5.837141] Interrupt Served: 	 Vector = 0x0000000F
[    5.840463] Interrupt Taken: 	 Vector = 0x0000000F
[    5.840580] Interrupt Served: 	 Vector = 0x0000000F
[    5.843859] Interrupt Taken: 	 Vector = 0x0000000F
[    5.844027] Interrupt Served: 	 Vector = 0x0000000F
[    5.847147] Interrupt Taken: 	 Vector = 0x0000000F
[    5.847240] Interrupt Served: 	 Vector = 0x0000000F
[    5.850612] Interrupt Taken: 	 Vector = 0x0000000F
[    5.850674] Interrupt Served: 	 Vector = 0x0000000F
[    5.853777] Interrupt Taken: 	 Vector = 0x0000000F
[    5.853870] Interrupt Served: 	 Vector = 0x0000000F
[    5.856764] Interrupt Taken: 	 Vector = 0x0000000F
[    5.856873] Interrupt Served: 	 Vector = 0x0000000F
[    5.860266] Interrupt Taken: 	 Vector = 0x0000000F
[    5.860451] Interrupt Served: 	 Vector = 0x0000000F
[    5.863317] Interrupt Taken: 	 Vector = 0x0000000F
[    5.863495] Interrupt Served: 	 Vector = 0x0000000F
[    5.867100] Interrupt Taken: 	 Vector = 0x0000000F
[    5.867243] Interrupt Served: 	 Vector = 0x0000000F
[    5.870200] Interrupt Taken: 	 Vector = 0x0000000F
[    5.870280] Interrupt Served: 	 Vector = 0x0000000F
[    5.873753] Interrupt Taken: 	 Vector = 0x0000000F
[    5.873870] Interrupt Served: 	 Vector = 0x0000000F
[    5.877078] Interrupt Taken: 	 Vector = 0x0000000F
[    5.877212] Interrupt Served: 	 Vector = 0x0000000F
[    5.880449] Interrupt Taken: 	 Vector = 0x0000000F
[    5.880531] Interrupt Served: 	 Vector = 0x0000000F
[    5.883919] Interrupt Taken: 	 Vector = 0x0000000F
[    5.884068] Interrupt Served: 	 Vector = 0x0000000F
[    5.887145] Interrupt Taken: 	 Vector = 0x0000000F
[    5.887235] Interrupt Served: 	 Vector = 0x0000000F
[    5.890696] Interrupt Taken: 	 Vector = 0x0000000F
[    5.890801] Interrupt Served: 	 Vector = 0x0000000F
[    5.894164] Interrupt Taken: 	 Vector = 0x0000000F
[    5.894346] Interrupt Served: 	 Vector = 0x0000000F
[    5.897227] Interrupt Taken: 	 Vector = 0x0000000F
[    5.897322] Interrupt Served: 	 Vector = 0x0000000F
[    5.900681] Interrupt Taken: 	 Vector = 0x0000000F
[    5.900746] Interrupt Served: 	 Vector = 0x0000000F
[    5.904014] Interrupt Taken: 	 Vector = 0x0000000F
[    5.904095] Interrupt Served: 	 Vector = 0x0000000F
[    5.907614] Interrupt Taken: 	 Vector = 0x0000000F
[    5.907711] Interrupt Served: 	 Vector = 0x0000000F
[    5.910994] Interrupt Taken: 	 Vector = 0x0000000F
[    5.911118] Interrupt Served: 	 Vector = 0x0000000F
[    5.914305] Interrupt Taken: 	 Vector = 0x0000000F
[    5.914459] Interrupt Served: 	 Vector = 0x0000000F
[    5.917236] Interrupt Taken: 	 Vector = 0x0000000F
[    5.917294] Interrupt Served: 	 Vector = 0x0000000F
[    5.920235] Interrupt Taken: 	 Vector = 0x0000000F
[    5.920295] Interrupt Served: 	 Vector = 0x0000000F
[    5.923438] Interrupt Taken: 	 Vector = 0x0000000F
[    5.923521] Interrupt Served: 	 Vector = 0x0000000F
[    5.926661] Interrupt Taken: 	 Vector = 0x0000000F
[    5.926751] Interrupt Served: 	 Vector = 0x0000000F
[    5.929963] Interrupt Taken: 	 Vector = 0x0000000F
[    5.930060] Interrupt Served: 	 Vector = 0x0000000F
[    5.933413] Interrupt Taken: 	 Vector = 0x0000000F
[    5.933486] Interrupt Served: 	 Vector = 0x0000000F
[    5.936864] Interrupt Taken: 	 Vector = 0x0000000F
[    5.936970] Interrupt Served: 	 Vector = 0x0000000F
[    5.939862] Interrupt Taken: 	 Vector = 0x0000000F
[    5.940014] Interrupt Served: 	 Vector = 0x0000000F
[    5.943097] Interrupt Taken: 	 Vector = 0x0000000F
[    5.943180] Interrupt Served: 	 Vector = 0x0000000F
[    5.946633] Interrupt Taken: 	 Vector = 0x0000000F
[    5.946729] Interrupt Served: 	 Vector = 0x0000000F
[    5.950057] Interrupt Taken: 	 Vector = 0x0000000F
[    5.950138] Interrupt Served: 	 Vector = 0x0000000F
[    5.953451] Interrupt Taken: 	 Vector = 0x0000000F
[    5.953522] Interrupt Served: 	 Vector = 0x0000000F
[    5.956862] Interrupt Taken: 	 Vector = 0x0000000F
[    5.956958] Interrupt Served: 	 Vector = 0x0000000F
[    5.960182] Interrupt Taken: 	 Vector = 0x0000000F
[    5.960281] Interrupt Served: 	 Vector = 0x0000000F
[    5.963504] Interrupt Taken: 	 Vector = 0x0000000F
[    5.963664] Interrupt Served: 	 Vector = 0x0000000F
[    5.966757] Interrupt Taken: 	 Vector = 0x0000000F
[    5.966826] Interrupt Served: 	 Vector = 0x0000000F
[    5.970126] Interrupt Taken: 	 Vector = 0x0000000F
[    5.970197] Interrupt Served: 	 Vector = 0x0000000F
[    5.973530] Interrupt Taken: 	 Vector = 0x0000000F
[    5.973626] Interrupt Served: 	 Vector = 0x0000000F
[    5.976919] Interrupt Taken: 	 Vector = 0x0000000F
[    5.977023] Interrupt Served: 	 Vector = 0x0000000F
[    5.980392] Interrupt Taken: 	 Vector = 0x0000000F
[    5.980502] Interrupt Served: 	 Vector = 0x0000000F
[    5.983573] Interrupt Taken: 	 Vector = 0x0000000F
[    5.983659] Interrupt Served: 	 Vector = 0x0000000F
[    5.986775] Interrupt Taken: 	 Vector = 0x0000000F
[    5.986949] Interrupt Served: 	 Vector = 0x0000000F
[    5.990190] Interrupt Taken: 	 Vector = 0x0000000F
[    5.990344] Interrupt Served: 	 Vector = 0x0000000F
[    5.993411] Interrupt Taken: 	 Vector = 0x0000000F
[    5.993487] Interrupt Served: 	 Vector = 0x0000000F
[    5.996694] Interrupt Taken: 	 Vector = 0x0000000F
[    5.996782] Interrupt Served: 	 Vector = 0x0000000F
[    6.000107] Interrupt Taken: 	 Vector = 0x0000000F
[    6.000184] Interrupt Served: 	 Vector = 0x0000000F
[    6.003613] Interrupt Taken: 	 Vector = 0x0000000F
[    6.003689] Interrupt Served: 	 Vector = 0x0000000F
[    6.007462] Interrupt Taken: 	 Vector = 0x0000000F
[    6.007581] Interrupt Served: 	 Vector = 0x0000000F
[    6.010743] Interrupt Taken: 	 Vector = 0x0000000F
[    6.010834] Interrupt Served: 	 Vector = 0x0000000F
[    6.014091] Interrupt Taken: 	 Vector = 0x0000000F
[    6.014185] Interrupt Served: 	 Vector = 0x0000000F
[    6.017690] Interrupt Taken: 	 Vector = 0x0000000F
[    6.017763] Interrupt Served: 	 Vector = 0x0000000F
[    6.020938] Interrupt Taken: 	 Vector = 0x0000000F
[    6.021014] Interrupt Served: 	 Vector = 0x0000000F
[    6.024250] Interrupt Taken: 	 Vector = 0x0000000F
[    6.024360] Interrupt Served: 	 Vector = 0x0000000F
[    6.027660] Interrupt Taken: 	 Vector = 0x0000000F
[    6.027760] Interrupt Served: 	 Vector = 0x0000000F
[    6.031020] Interrupt Taken: 	 Vector = 0x0000000F
[    6.031098] Interrupt Served: 	 Vector = 0x0000000F
[    6.034664] Interrupt Taken: 	 Vector = 0x0000000F
[    6.034734] Interrupt Served: 	 Vector = 0x0000000F
[    6.037971] Interrupt Taken: 	 Vector = 0x0000000F
[    6.038060] Interrupt Served: 	 Vector = 0x0000000F
[    6.041367] Interrupt Taken: 	 Vector = 0x0000000F
[    6.041472] Interrupt Served: 	 Vector = 0x0000000F
[    6.044687] Interrupt Taken: 	 Vector = 0x0000000F
[    6.044794] Interrupt Served: 	 Vector = 0x0000000F
[    6.048167] Interrupt Taken: 	 Vector = 0x0000000F
[    6.048269] Interrupt Served: 	 Vector = 0x0000000F
[    6.051653] Interrupt Taken: 	 Vector = 0x0000000F
[    6.051713] Interrupt Served: 	 Vector = 0x0000000F
[    6.054942] Interrupt Taken: 	 Vector = 0x0000000F
[    6.055030] Interrupt Served: 	 Vector = 0x0000000F
[    6.058294] Interrupt Taken: 	 Vector = 0x0000000F
[    6.058483] Interrupt Served: 	 Vector = 0x0000000F
[    6.061498] Interrupt Taken: 	 Vector = 0x0000000F
[    6.061595] Interrupt Served: 	 Vector = 0x0000000F
[    6.064950] Interrupt Taken: 	 Vector = 0x0000000F
[    6.065025] Interrupt Served: 	 Vector = 0x0000000F
[    6.068517] Interrupt Taken: 	 Vector = 0x0000000F
[    6.068588] Interrupt Served: 	 Vector = 0x0000000F
[    6.071839] Interrupt Taken: 	 Vector = 0x0000000F
[    6.071935] Interrupt Served: 	 Vector = 0x0000000F
[    6.075025] Interrupt Taken: 	 Vector = 0x0000000F
[    6.075102] Interrupt Served: 	 Vector = 0x0000000F
[    6.078391] Interrupt Taken: 	 Vector = 0x0000000F
[    6.078507] Interrupt Served: 	 Vector = 0x0000000F
[    6.081744] Interrupt Taken: 	 Vector = 0x0000000F
[    6.081833] Interrupt Served: 	 Vector = 0x0000000F
[    6.085211] Interrupt Taken: 	 Vector = 0x0000000F
[    6.085288] Interrupt Served: 	 Vector = 0x0000000F
[    6.088466] Interrupt Taken: 	 Vector = 0x0000000F
[    6.088556] Interrupt Served: 	 Vector = 0x0000000F
[    6.092815] Interrupt Taken: 	 Vector = 0x0000000F
[    6.092924] Interrupt Served: 	 Vector = 0x0000000F
[    6.096485] Interrupt Taken: 	 Vector = 0x0000000F
[    6.096673] Interrupt Served: 	 Vector = 0x0000000F
[    6.099893] Interrupt Taken: 	 Vector = 0x0000000F
[    6.099995] Interrupt Served: 	 Vector = 0x0000000F
[    6.103110] Interrupt Taken: 	 Vector = 0x0000000F
[    6.103199] Interrupt Served: 	 Vector = 0x0000000F
[    6.106608] Interrupt Taken: 	 Vector = 0x0000000F
[    6.106720] Interrupt Served: 	 Vector = 0x0000000F
[    6.109938] Interrupt Taken: 	 Vector = 0x0000000F
[    6.110037] Interrupt Served: 	 Vector = 0x0000000F
[    6.113663] Interrupt Taken: 	 Vector = 0x0000000F
[    6.113759] Interrupt Served: 	 Vector = 0x0000000F
[    6.116969] Interrupt Taken: 	 Vector = 0x0000000F
[    6.117041] Interrupt Served: 	 Vector = 0x0000000F
[    6.120199] Interrupt Taken: 	 Vector = 0x0000000F
[    6.120259] Interrupt Served: 	 Vector = 0x0000000F
[    6.123644] Interrupt Taken: 	 Vector = 0x0000000F
[    6.123746] Interrupt Served: 	 Vector = 0x0000000F
[    6.126761] Interrupt Taken: 	 Vector = 0x0000000F
[    6.126848] Interrupt Served: 	 Vector = 0x0000000F
[    6.130610] Interrupt Taken: 	 Vector = 0x0000000F
[    6.130720] Interrupt Served: 	 Vector = 0x0000000F
[    6.133898] Interrupt Taken: 	 Vector = 0x0000000F
[    6.133970] Interrupt Served: 	 Vector = 0x0000000F
[    6.137431] Interrupt Taken: 	 Vector = 0x0000000F
[    6.137514] Interrupt Served: 	 Vector = 0x0000000F
[    6.140863] Interrupt Taken: 	 Vector = 0x0000000F
[    6.140952] Interrupt Served: 	 Vector = 0x0000000F
[    6.144127] Interrupt Taken: 	 Vector = 0x0000000F
[    6.144231] Interrupt Served: 	 Vector = 0x0000000F
[    6.147604] Interrupt Taken: 	 Vector = 0x0000000F
[    6.147678] Interrupt Served: 	 Vector = 0x0000000F
[    6.150921] Interrupt Taken: 	 Vector = 0x0000000F
[    6.151038] Interrupt Served: 	 Vector = 0x0000000F
[    6.154508] Interrupt Taken: 	 Vector = 0x0000000F
[    6.154594] Interrupt Served: 	 Vector = 0x0000000F
[    6.158767] Interrupt Taken: 	 Vector = 0x0000000F
[    6.158863] Interrupt Served: 	 Vector = 0x0000000F
[    6.162232] [passthrough] Read: 	 address = 0x58020414, size = 4 bytes, value = 0x00000001, pc=0x08001604 
[    6.162741] Interrupt Taken: 	 Vector = 0x0000000F
[    6.162803] Interrupt Served: 	 Vector = 0x0000000F
[    6.165812] [passthrough] Write: 	 address = 0x58020418, size = 4 bytes, value = 0x00010000, pc=0x0800161C 
[    6.166532] Interrupt Taken: 	 Vector = 0x0000000F
[    6.166582] Interrupt Served: 	 Vector = 0x0000000F
[    6.170237] Interrupt Taken: 	 Vector = 0x0000000F
[    6.170300] Interrupt Served: 	 Vector = 0x0000000F
[    6.173762] Interrupt Taken: 	 Vector = 0x0000000F
[    6.173908] Interrupt Served: 	 Vector = 0x0000000F
[    6.177152] Interrupt Taken: 	 Vector = 0x0000000F
[    6.177269] Interrupt Served: 	 Vector = 0x0000000F
[    6.180682] Interrupt Taken: 	 Vector = 0x0000000F
[    6.180836] Interrupt Served: 	 Vector = 0x0000000F
[    6.183933] Interrupt Taken: 	 Vector = 0x0000000F
[    6.183999] Interrupt Served: 	 Vector = 0x0000000F
[    6.187291] Interrupt Taken: 	 Vector = 0x0000000F
[    6.187390] Interrupt Served: 	 Vector = 0x0000000F
[    6.190717] Interrupt Taken: 	 Vector = 0x0000000F
[    6.190816] Interrupt Served: 	 Vector = 0x0000000F
[    6.193957] Interrupt Taken: 	 Vector = 0x0000000F
[    6.194060] Interrupt Served: 	 Vector = 0x0000000F
[    6.197365] Interrupt Taken: 	 Vector = 0x0000000F
[    6.197452] Interrupt Served: 	 Vector = 0x0000000F
[    6.200949] Interrupt Taken: 	 Vector = 0x0000000F
[    6.201010] Interrupt Served: 	 Vector = 0x0000000F
[    6.204464] Interrupt Taken: 	 Vector = 0x0000000F
[    6.204541] Interrupt Served: 	 Vector = 0x0000000F
[    6.207874] Interrupt Taken: 	 Vector = 0x0000000F
[    6.207977] Interrupt Served: 	 Vector = 0x0000000F
[    6.211243] Interrupt Taken: 	 Vector = 0x0000000F
[    6.211360] Interrupt Served: 	 Vector = 0x0000000F
[    6.214524] Interrupt Taken: 	 Vector = 0x0000000F
[    6.214665] Interrupt Served: 	 Vector = 0x0000000F
[    6.217635] Interrupt Taken: 	 Vector = 0x0000000F
[    6.217705] Interrupt Served: 	 Vector = 0x0000000F
[    6.220984] Interrupt Taken: 	 Vector = 0x0000000F
[    6.221183] Interrupt Served: 	 Vector = 0x0000000F
[    6.223957] Interrupt Taken: 	 Vector = 0x0000000F
[    6.224074] Interrupt Served: 	 Vector = 0x0000000F
[    6.227683] Interrupt Taken: 	 Vector = 0x0000000F
[    6.227785] Interrupt Served: 	 Vector = 0x0000000F
[    6.230974] Interrupt Taken: 	 Vector = 0x0000000F
[    6.231080] Interrupt Served: 	 Vector = 0x0000000F
[    6.234593] Interrupt Taken: 	 Vector = 0x0000000F
[    6.234677] Interrupt Served: 	 Vector = 0x0000000F
[    6.238104] Interrupt Taken: 	 Vector = 0x0000000F
[    6.238167] Interrupt Served: 	 Vector = 0x0000000F
[    6.242114] Interrupt Taken: 	 Vector = 0x0000000F
[    6.242209] Interrupt Served: 	 Vector = 0x0000000F
[    6.245587] Interrupt Taken: 	 Vector = 0x0000000F
[    6.245683] Interrupt Served: 	 Vector = 0x0000000F
[    6.249068] Interrupt Taken: 	 Vector = 0x0000000F
[    6.249160] Interrupt Served: 	 Vector = 0x0000000F
[    6.252589] Interrupt Taken: 	 Vector = 0x0000000F
[    6.252650] Interrupt Served: 	 Vector = 0x0000000F
[    6.255714] Interrupt Taken: 	 Vector = 0x0000000F
[    6.255816] Interrupt Served: 	 Vector = 0x0000000F
[    6.259054] Interrupt Taken: 	 Vector = 0x0000000F
[    6.259149] Interrupt Served: 	 Vector = 0x0000000F
[    6.262488] Interrupt Taken: 	 Vector = 0x0000000F
[    6.262645] Interrupt Served: 	 Vector = 0x0000000F
[    6.265702] Interrupt Taken: 	 Vector = 0x0000000F
[    6.265796] Interrupt Served: 	 Vector = 0x0000000F
[    6.269273] Interrupt Taken: 	 Vector = 0x0000000F
[    6.269358] Interrupt Served: 	 Vector = 0x0000000F
[    6.272517] Interrupt Taken: 	 Vector = 0x0000000F
[    6.272648] Interrupt Served: 	 Vector = 0x0000000F
[    6.276069] Interrupt Taken: 	 Vector = 0x0000000F
[    6.276165] Interrupt Served: 	 Vector = 0x0000000F
[    6.279457] Interrupt Taken: 	 Vector = 0x0000000F
[    6.279564] Interrupt Served: 	 Vector = 0x0000000F
[    6.282761] Interrupt Taken: 	 Vector = 0x0000000F
[    6.282865] Interrupt Served: 	 Vector = 0x0000000F
[    6.286033] Interrupt Taken: 	 Vector = 0x0000000F
[    6.286090] Interrupt Served: 	 Vector = 0x0000000F
[    6.289369] Interrupt Taken: 	 Vector = 0x0000000F
[    6.289468] Interrupt Served: 	 Vector = 0x0000000F
[    6.292978] Interrupt Taken: 	 Vector = 0x0000000F
[    6.293127] Interrupt Served: 	 Vector = 0x0000000F
[    6.296159] Interrupt Taken: 	 Vector = 0x0000000F
[    6.296276] Interrupt Served: 	 Vector = 0x0000000F
[    6.299513] Interrupt Taken: 	 Vector = 0x0000000F
[    6.299598] Interrupt Served: 	 Vector = 0x0000000F
[    6.302933] Interrupt Taken: 	 Vector = 0x0000000F
[    6.303053] Interrupt Served: 	 Vector = 0x0000000F
[    6.305974] Interrupt Taken: 	 Vector = 0x0000000F
[    6.306099] Interrupt Served: 	 Vector = 0x0000000F
[    6.309501] Interrupt Taken: 	 Vector = 0x0000000F
[    6.309593] Interrupt Served: 	 Vector = 0x0000000F
[    6.312822] Interrupt Taken: 	 Vector = 0x0000000F
[    6.312953] Interrupt Served: 	 Vector = 0x0000000F
[    6.316131] Interrupt Taken: 	 Vector = 0x0000000F
[    6.316213] Interrupt Served: 	 Vector = 0x0000000F
[    6.319434] Interrupt Taken: 	 Vector = 0x0000000F
[    6.319537] Interrupt Served: 	 Vector = 0x0000000F
[    6.322816] Interrupt Taken: 	 Vector = 0x0000000F
[    6.322914] Interrupt Served: 	 Vector = 0x0000000F
[    6.326136] Interrupt Taken: 	 Vector = 0x0000000F
[    6.326224] Interrupt Served: 	 Vector = 0x0000000F
[    6.329514] Interrupt Taken: 	 Vector = 0x0000000F
[    6.329622] Interrupt Served: 	 Vector = 0x0000000F
[    6.333049] Interrupt Taken: 	 Vector = 0x0000000F
[    6.333113] Interrupt Served: 	 Vector = 0x0000000F
[    6.336490] Interrupt Taken: 	 Vector = 0x0000000F
[    6.336582] Interrupt Served: 	 Vector = 0x0000000F
[    6.339903] Interrupt Taken: 	 Vector = 0x0000000F
[    6.340009] Interrupt Served: 	 Vector = 0x0000000F
[    6.343274] Interrupt Taken: 	 Vector = 0x0000000F
[    6.343447] Interrupt Served: 	 Vector = 0x0000000F
[    6.346166] Interrupt Taken: 	 Vector = 0x0000000F
[    6.346272] Interrupt Served: 	 Vector = 0x0000000F
[    6.349608] Interrupt Taken: 	 Vector = 0x0000000F
[    6.349677] Interrupt Served: 	 Vector = 0x0000000F
[    6.353041] Interrupt Taken: 	 Vector = 0x0000000F
[    6.353105] Interrupt Served: 	 Vector = 0x0000000F
[    6.356515] Interrupt Taken: 	 Vector = 0x0000000F
[    6.356609] Interrupt Served: 	 Vector = 0x0000000F
[    6.359794] Interrupt Taken: 	 Vector = 0x0000000F
[    6.359877] Interrupt Served: 	 Vector = 0x0000000F
[    6.363269] Interrupt Taken: 	 Vector = 0x0000000F
[    6.363404] Interrupt Served: 	 Vector = 0x0000000F
[    6.366682] Interrupt Taken: 	 Vector = 0x0000000F
[    6.366759] Interrupt Served: 	 Vector = 0x0000000F
[    6.369992] Interrupt Taken: 	 Vector = 0x0000000F
[    6.370072] Interrupt Served: 	 Vector = 0x0000000F
[    6.373322] Interrupt Taken: 	 Vector = 0x0000000F
[    6.373452] Interrupt Served: 	 Vector = 0x0000000F
[    6.376644] Interrupt Taken: 	 Vector = 0x0000000F
[    6.376724] Interrupt Served: 	 Vector = 0x0000000F
[    6.380018] Interrupt Taken: 	 Vector = 0x0000000F
[    6.380226] Interrupt Served: 	 Vector = 0x0000000F
[    6.383617] Interrupt Taken: 	 Vector = 0x0000000F
[    6.383684] Interrupt Served: 	 Vector = 0x0000000F
[    6.387023] Interrupt Taken: 	 Vector = 0x0000000F
[    6.387090] Interrupt Served: 	 Vector = 0x0000000F
[    6.390558] Interrupt Taken: 	 Vector = 0x0000000F
[    6.390675] Interrupt Served: 	 Vector = 0x0000000F
[    6.394657] Interrupt Taken: 	 Vector = 0x0000000F
[    6.394769] Interrupt Served: 	 Vector = 0x0000000F
[    6.398085] Interrupt Taken: 	 Vector = 0x0000000F
[    6.398178] Interrupt Served: 	 Vector = 0x0000000F
[    6.401198] Interrupt Taken: 	 Vector = 0x0000000F
[    6.401340] Interrupt Served: 	 Vector = 0x0000000F
[    6.404422] Interrupt Taken: 	 Vector = 0x0000000F
[    6.404501] Interrupt Served: 	 Vector = 0x0000000F
[    6.407731] Interrupt Taken: 	 Vector = 0x0000000F
[    6.407828] Interrupt Served: 	 Vector = 0x0000000F
[    6.410898] Interrupt Taken: 	 Vector = 0x0000000F
[    6.411017] Interrupt Served: 	 Vector = 0x0000000F
[    6.414178] Interrupt Taken: 	 Vector = 0x0000000F
[    6.414267] Interrupt Served: 	 Vector = 0x0000000F
[    6.417648] Interrupt Taken: 	 Vector = 0x0000000F
[    6.417715] Interrupt Served: 	 Vector = 0x0000000F
[    6.421170] Interrupt Taken: 	 Vector = 0x0000000F
[    6.421249] Interrupt Served: 	 Vector = 0x0000000F
[    6.424494] Interrupt Taken: 	 Vector = 0x0000000F
[    6.424593] Interrupt Served: 	 Vector = 0x0000000F
[    6.428148] Interrupt Taken: 	 Vector = 0x0000000F
[    6.428252] Interrupt Served: 	 Vector = 0x0000000F
[    6.431289] Interrupt Taken: 	 Vector = 0x0000000F
[    6.431679] Interrupt Served: 	 Vector = 0x0000000F
[    6.434924] Interrupt Taken: 	 Vector = 0x0000000F
[    6.434985] Interrupt Served: 	 Vector = 0x0000000F
[    6.438508] Interrupt Taken: 	 Vector = 0x0000000F
[    6.438641] Interrupt Served: 	 Vector = 0x0000000F
[    6.441556] Interrupt Taken: 	 Vector = 0x0000000F
[    6.441656] Interrupt Served: 	 Vector = 0x0000000F
[    6.445240] Interrupt Taken: 	 Vector = 0x0000000F
[    6.445355] Interrupt Served: 	 Vector = 0x0000000F
[    6.448833] Interrupt Taken: 	 Vector = 0x0000000F
[    6.448977] Interrupt Served: 	 Vector = 0x0000000F
[    6.451865] Interrupt Taken: 	 Vector = 0x0000000F
[    6.451977] Interrupt Served: 	 Vector = 0x0000000F
[    6.455399] Interrupt Taken: 	 Vector = 0x0000000F
[    6.455553] Interrupt Served: 	 Vector = 0x0000000F
[    6.458849] Interrupt Taken: 	 Vector = 0x0000000F
[    6.459015] Interrupt Served: 	 Vector = 0x0000000F
[    6.462454] Interrupt Taken: 	 Vector = 0x0000000F
[    6.462558] Interrupt Served: 	 Vector = 0x0000000F
[    6.466082] Interrupt Taken: 	 Vector = 0x0000000F
[    6.466149] Interrupt Served: 	 Vector = 0x0000000F
[    6.469321] Interrupt Taken: 	 Vector = 0x0000000F
[    6.469406] Interrupt Served: 	 Vector = 0x0000000F
[    6.472640] Interrupt Taken: 	 Vector = 0x0000000F
[    6.472727] Interrupt Served: 	 Vector = 0x0000000F
[    6.476060] Interrupt Taken: 	 Vector = 0x0000000F
[    6.476169] Interrupt Served: 	 Vector = 0x0000000F
[    6.479444] Interrupt Taken: 	 Vector = 0x0000000F
[    6.479542] Interrupt Served: 	 Vector = 0x0000000F
[    6.482824] Interrupt Taken: 	 Vector = 0x0000000F
[    6.482902] Interrupt Served: 	 Vector = 0x0000000F
[    6.486310] Interrupt Taken: 	 Vector = 0x0000000F
[    6.486411] Interrupt Served: 	 Vector = 0x0000000F
[    6.489818] Interrupt Taken: 	 Vector = 0x0000000F
[    6.489929] Interrupt Served: 	 Vector = 0x0000000F
[    6.493029] Interrupt Taken: 	 Vector = 0x0000000F
[    6.493122] Interrupt Served: 	 Vector = 0x0000000F
[    6.496466] Interrupt Taken: 	 Vector = 0x0000000F
[    6.496634] Interrupt Served: 	 Vector = 0x0000000F
[    6.499772] Interrupt Taken: 	 Vector = 0x0000000F
[    6.499842] Interrupt Served: 	 Vector = 0x0000000F
[    6.503192] Interrupt Taken: 	 Vector = 0x0000000F
[    6.503257] Interrupt Served: 	 Vector = 0x0000000F
[    6.506560] Interrupt Taken: 	 Vector = 0x0000000F
[    6.506645] Interrupt Served: 	 Vector = 0x0000000F
[    6.509889] Interrupt Taken: 	 Vector = 0x0000000F
[    6.509979] Interrupt Served: 	 Vector = 0x0000000F
[    6.513385] Interrupt Taken: 	 Vector = 0x0000000F
[    6.513478] Interrupt Served: 	 Vector = 0x0000000F
[    6.516593] Interrupt Taken: 	 Vector = 0x0000000F
[    6.516666] Interrupt Served: 	 Vector = 0x0000000F
[    6.520024] Interrupt Taken: 	 Vector = 0x0000000F
[    6.520102] Interrupt Served: 	 Vector = 0x0000000F
[    6.523587] Interrupt Taken: 	 Vector = 0x0000000F
[    6.523689] Interrupt Served: 	 Vector = 0x0000000F
[    6.526915] Interrupt Taken: 	 Vector = 0x0000000F
[    6.527050] Interrupt Served: 	 Vector = 0x0000000F
[    6.529896] Interrupt Taken: 	 Vector = 0x0000000F
[    6.529999] Interrupt Served: 	 Vector = 0x0000000F
[    6.533508] Interrupt Taken: 	 Vector = 0x0000000F
[    6.533574] Interrupt Served: 	 Vector = 0x0000000F
[    6.536839] Interrupt Taken: 	 Vector = 0x0000000F
[    6.536928] Interrupt Served: 	 Vector = 0x0000000F
[    6.539874] Interrupt Taken: 	 Vector = 0x0000000F
[    6.539978] Interrupt Served: 	 Vector = 0x0000000F
[    6.543061] Interrupt Taken: 	 Vector = 0x0000000F
[    6.543156] Interrupt Served: 	 Vector = 0x0000000F
[    6.546494] Interrupt Taken: 	 Vector = 0x0000000F
[    6.546577] Interrupt Served: 	 Vector = 0x0000000F
[    6.549879] Interrupt Taken: 	 Vector = 0x0000000F
[    6.549940] Interrupt Served: 	 Vector = 0x0000000F
[    6.553195] Interrupt Taken: 	 Vector = 0x0000000F
[    6.553257] Interrupt Served: 	 Vector = 0x0000000F
[    6.556489] Interrupt Taken: 	 Vector = 0x0000000F
[    6.556589] Interrupt Served: 	 Vector = 0x0000000F
[    6.559941] Interrupt Taken: 	 Vector = 0x0000000F
[    6.560033] Interrupt Served: 	 Vector = 0x0000000F
[    6.563108] Interrupt Taken: 	 Vector = 0x0000000F
[    6.563261] Interrupt Served: 	 Vector = 0x0000000F
[    6.566298] Interrupt Taken: 	 Vector = 0x0000000F
[    6.566415] Interrupt Served: 	 Vector = 0x0000000F
[    6.569961] Interrupt Taken: 	 Vector = 0x0000000F
[    6.570057] Interrupt Served: 	 Vector = 0x0000000F
[    6.573169] Interrupt Taken: 	 Vector = 0x0000000F
[    6.573270] Interrupt Served: 	 Vector = 0x0000000F
[    6.576489] Interrupt Taken: 	 Vector = 0x0000000F
[    6.576649] Interrupt Served: 	 Vector = 0x0000000F
[    6.579527] Interrupt Taken: 	 Vector = 0x0000000F
[    6.579630] Interrupt Served: 	 Vector = 0x0000000F
[    6.583134] Interrupt Taken: 	 Vector = 0x0000000F
[    6.583228] Interrupt Served: 	 Vector = 0x0000000F
[    6.586673] Interrupt Taken: 	 Vector = 0x0000000F
[    6.586749] Interrupt Served: 	 Vector = 0x0000000F
[    6.590085] Interrupt Taken: 	 Vector = 0x0000000F
[    6.590194] Interrupt Served: 	 Vector = 0x0000000F
[    6.593317] Interrupt Taken: 	 Vector = 0x0000000F
[    6.593426] Interrupt Served: 	 Vector = 0x0000000F
[    6.596640] Interrupt Taken: 	 Vector = 0x0000000F
[    6.596795] Interrupt Served: 	 Vector = 0x0000000F
[    6.599928] Interrupt Taken: 	 Vector = 0x0000000F
[    6.600008] Interrupt Served: 	 Vector = 0x0000000F
[    6.603382] Interrupt Taken: 	 Vector = 0x0000000F
[    6.603464] Interrupt Served: 	 Vector = 0x0000000F
[    6.607480] Interrupt Taken: 	 Vector = 0x0000000F
[    6.607594] Interrupt Served: 	 Vector = 0x0000000F
[    6.610839] Interrupt Taken: 	 Vector = 0x0000000F
[    6.610940] Interrupt Served: 	 Vector = 0x0000000F
[    6.614356] Interrupt Taken: 	 Vector = 0x0000000F
[    6.614441] Interrupt Served: 	 Vector = 0x0000000F
[    6.617927] Interrupt Taken: 	 Vector = 0x0000000F
[    6.618001] Interrupt Served: 	 Vector = 0x0000000F
[    6.621160] Interrupt Taken: 	 Vector = 0x0000000F
[    6.621260] Interrupt Served: 	 Vector = 0x0000000F
[    6.624591] Interrupt Taken: 	 Vector = 0x0000000F
[    6.624694] Interrupt Served: 	 Vector = 0x0000000F
[    6.627827] Interrupt Taken: 	 Vector = 0x0000000F
[    6.627918] Interrupt Served: 	 Vector = 0x0000000F
[    6.631161] Interrupt Taken: 	 Vector = 0x0000000F
[    6.631262] Interrupt Served: 	 Vector = 0x0000000F
[    6.634455] Interrupt Taken: 	 Vector = 0x0000000F
[    6.634535] Interrupt Served: 	 Vector = 0x0000000F
[    6.637926] Interrupt Taken: 	 Vector = 0x0000000F
[    6.638020] Interrupt Served: 	 Vector = 0x0000000F
[    6.641309] Interrupt Taken: 	 Vector = 0x0000000F
[    6.641421] Interrupt Served: 	 Vector = 0x0000000F
[    6.645157] Interrupt Taken: 	 Vector = 0x0000000F
[    6.645254] Interrupt Served: 	 Vector = 0x0000000F
[    6.648406] Interrupt Taken: 	 Vector = 0x0000000F
[    6.648492] Interrupt Served: 	 Vector = 0x0000000F
[    6.651858] Interrupt Taken: 	 Vector = 0x0000000F
[    6.651994] Interrupt Served: 	 Vector = 0x0000000F
[    6.654812] Interrupt Taken: 	 Vector = 0x0000000F
[    6.654891] Interrupt Served: 	 Vector = 0x0000000F
[    6.658458] Interrupt Taken: 	 Vector = 0x0000000F
[    6.658568] Interrupt Served: 	 Vector = 0x0000000F
[    6.661688] Interrupt Taken: 	 Vector = 0x0000000F
[    6.661797] Interrupt Served: 	 Vector = 0x0000000F
[    6.664937] Interrupt Taken: 	 Vector = 0x0000000F
[    6.665036] Interrupt Served: 	 Vector = 0x0000000F
[    6.668361] Interrupt Taken: 	 Vector = 0x0000000F
[    6.668428] Interrupt Served: 	 Vector = 0x0000000F
[    6.671858] Interrupt Taken: 	 Vector = 0x0000000F
[    6.671951] Interrupt Served: 	 Vector = 0x0000000F
[    6.675155] Interrupt Taken: 	 Vector = 0x0000000F
[    6.675258] Interrupt Served: 	 Vector = 0x0000000F
[    6.678530] Interrupt Taken: 	 Vector = 0x0000000F
[    6.678643] Interrupt Served: 	 Vector = 0x0000000F
[    6.681723] Interrupt Taken: 	 Vector = 0x0000000F
[    6.681791] Interrupt Served: 	 Vector = 0x0000000F
[    6.685141] Interrupt Taken: 	 Vector = 0x0000000F
[    6.685202] Interrupt Served: 	 Vector = 0x0000000F
[    6.688482] Interrupt Taken: 	 Vector = 0x0000000F
[    6.688572] Interrupt Served: 	 Vector = 0x0000000F
[    6.692428] Interrupt Taken: 	 Vector = 0x0000000F
[    6.692512] Interrupt Served: 	 Vector = 0x0000000F
[    6.695724] Interrupt Taken: 	 Vector = 0x0000000F
[    6.695815] Interrupt Served: 	 Vector = 0x0000000F
[    6.699260] Interrupt Taken: 	 Vector = 0x0000000F
[    6.699355] Interrupt Served: 	 Vector = 0x0000000F
[    6.702666] Interrupt Taken: 	 Vector = 0x0000000F
[    6.702743] Interrupt Served: 	 Vector = 0x0000000F
[    6.705928] Interrupt Taken: 	 Vector = 0x0000000F
[    6.706094] Interrupt Served: 	 Vector = 0x0000000F
[    6.709104] Interrupt Taken: 	 Vector = 0x0000000F
[    6.709200] Interrupt Served: 	 Vector = 0x0000000F
[    6.712638] Interrupt Taken: 	 Vector = 0x0000000F
[    6.712731] Interrupt Served: 	 Vector = 0x0000000F
[    6.716103] Interrupt Taken: 	 Vector = 0x0000000F
[    6.716168] Interrupt Served: 	 Vector = 0x0000000F
[    6.719600] Interrupt Taken: 	 Vector = 0x0000000F
[    6.719680] Interrupt Served: 	 Vector = 0x0000000F
[    6.723183] Interrupt Taken: 	 Vector = 0x0000000F
[    6.723274] Interrupt Served: 	 Vector = 0x0000000F
[    6.726558] Interrupt Taken: 	 Vector = 0x0000000F
[    6.726694] Interrupt Served: 	 Vector = 0x0000000F
[    6.729501] Interrupt Taken: 	 Vector = 0x0000000F
[    6.729838] Interrupt Served: 	 Vector = 0x0000000F
[    6.733000] Interrupt Taken: 	 Vector = 0x0000000F
[    6.733104] Interrupt Served: 	 Vector = 0x0000000F
[    6.736531] Interrupt Taken: 	 Vector = 0x0000000F
[    6.736594] Interrupt Served: 	 Vector = 0x0000000F
[    6.739821] Interrupt Taken: 	 Vector = 0x0000000F
[    6.739919] Interrupt Served: 	 Vector = 0x0000000F
[    6.744586] Interrupt Taken: 	 Vector = 0x0000000F
[    6.744697] Interrupt Served: 	 Vector = 0x0000000F
[    6.747894] Interrupt Taken: 	 Vector = 0x0000000F
[    6.747976] Interrupt Served: 	 Vector = 0x0000000F
[    6.751052] Interrupt Taken: 	 Vector = 0x0000000F
[    6.751115] Interrupt Served: 	 Vector = 0x0000000F
[    6.754261] Interrupt Taken: 	 Vector = 0x0000000F
[    6.754349] Interrupt Served: 	 Vector = 0x0000000F
[    6.758534] Interrupt Taken: 	 Vector = 0x0000000F
[    6.758827] Interrupt Served: 	 Vector = 0x0000000F
[    6.761749] Interrupt Taken: 	 Vector = 0x0000000F
[    6.761853] Interrupt Served: 	 Vector = 0x0000000F
[    6.764996] Interrupt Taken: 	 Vector = 0x0000000F
[    6.765102] Interrupt Served: 	 Vector = 0x0000000F
[    6.767984] Interrupt Taken: 	 Vector = 0x0000000F
[    6.768044] Interrupt Served: 	 Vector = 0x0000000F
[    6.771426] Interrupt Taken: 	 Vector = 0x0000000F
[    6.771517] Interrupt Served: 	 Vector = 0x0000000F
[    6.774747] Interrupt Taken: 	 Vector = 0x0000000F
[    6.774845] Interrupt Served: 	 Vector = 0x0000000F
[    6.778164] Interrupt Taken: 	 Vector = 0x0000000F
[    6.778281] Interrupt Served: 	 Vector = 0x0000000F
[    6.781516] Interrupt Taken: 	 Vector = 0x0000000F
[    6.781592] Interrupt Served: 	 Vector = 0x0000000F
[    6.785209] Interrupt Taken: 	 Vector = 0x0000000F
[    6.785395] Interrupt Served: 	 Vector = 0x0000000F
[    6.788466] Interrupt Taken: 	 Vector = 0x0000000F
[    6.788542] Interrupt Served: 	 Vector = 0x0000000F
[    6.791848] Interrupt Taken: 	 Vector = 0x0000000F
[    6.791954] Interrupt Served: 	 Vector = 0x0000000F
[    6.795148] Interrupt Taken: 	 Vector = 0x0000000F
[    6.795388] Interrupt Served: 	 Vector = 0x0000000F
[    6.798391] Interrupt Taken: 	 Vector = 0x0000000F
[    6.798487] Interrupt Served: 	 Vector = 0x0000000F
[    6.801705] Interrupt Taken: 	 Vector = 0x0000000F
[    6.801775] Interrupt Served: 	 Vector = 0x0000000F
[    6.805120] Interrupt Taken: 	 Vector = 0x0000000F
[    6.805202] Interrupt Served: 	 Vector = 0x0000000F
[    6.808532] Interrupt Taken: 	 Vector = 0x0000000F
[    6.808716] Interrupt Served: 	 Vector = 0x0000000F
[    6.811827] Interrupt Taken: 	 Vector = 0x0000000F
[    6.812086] Interrupt Served: 	 Vector = 0x0000000F
[    6.815291] Interrupt Taken: 	 Vector = 0x0000000F
[    6.815429] Interrupt Served: 	 Vector = 0x0000000F
[    6.818856] Interrupt Taken: 	 Vector = 0x0000000F
[    6.818920] Interrupt Served: 	 Vector = 0x0000000F
[    6.822127] Interrupt Taken: 	 Vector = 0x0000000F
[    6.822203] Interrupt Served: 	 Vector = 0x0000000F
[    6.825371] Interrupt Taken: 	 Vector = 0x0000000F
[    6.825462] Interrupt Served: 	 Vector = 0x0000000F
[    6.828641] Interrupt Taken: 	 Vector = 0x0000000F
[    6.828753] Interrupt Served: 	 Vector = 0x0000000F
[    6.832050] Interrupt Taken: 	 Vector = 0x0000000F
[    6.832165] Interrupt Served: 	 Vector = 0x0000000F
[    6.835098] Interrupt Taken: 	 Vector = 0x0000000F
[    6.835168] Interrupt Served: 	 Vector = 0x0000000F
[    6.838556] Interrupt Taken: 	 Vector = 0x0000000F
[    6.838946] Interrupt Served: 	 Vector = 0x0000000F
[    6.841860] Interrupt Taken: 	 Vector = 0x0000000F
[    6.841973] Interrupt Served: 	 Vector = 0x0000000F
[    6.845439] Interrupt Taken: 	 Vector = 0x0000000F
[    6.845604] Interrupt Served: 	 Vector = 0x0000000F
[    6.848684] Interrupt Taken: 	 Vector = 0x0000000F
[    6.848753] Interrupt Served: 	 Vector = 0x0000000F
[    6.852079] [passthrough] Read: 	 address = 0x58020414, size = 4 bytes, value = 0x00000000, pc=0x08001604 
[    6.852569] Interrupt Taken: 	 Vector = 0x0000000F
[    6.852725] Interrupt Served: 	 Vector = 0x0000000F
[    6.855903] Interrupt Taken: 	 Vector = 0x0000000F
[    6.855990] Interrupt Served: 	 Vector = 0x0000000F
[    6.859619] [passthrough] Write: 	 address = 0x58020418, size = 4 bytes, value = 0x00000001, pc=0x0800161C 
[    6.860300] Interrupt Taken: 	 Vector = 0x0000000F
[    6.860478] Interrupt Served: 	 Vector = 0x0000000F
[    6.863371] Interrupt Taken: 	 Vector = 0x0000000F
[    6.863485] Interrupt Served: 	 Vector = 0x0000000F
[    6.866735] Interrupt Taken: 	 Vector = 0x0000000F
[    6.866828] Interrupt Served: 	 Vector = 0x0000000F
[    6.870180] Interrupt Taken: 	 Vector = 0x0000000F
[    6.870291] Interrupt Served: 	 Vector = 0x0000000F
[    6.873309] Interrupt Taken: 	 Vector = 0x0000000F
[    6.873448] Interrupt Served: 	 Vector = 0x0000000F
[    6.876774] Interrupt Taken: 	 Vector = 0x0000000F
[    6.876869] Interrupt Served: 	 Vector = 0x0000000F
[    6.880102] Interrupt Taken: 	 Vector = 0x0000000F
[    6.880231] Interrupt Served: 	 Vector = 0x0000000F
[    6.883158] Interrupt Taken: 	 Vector = 0x0000000F
[    6.883242] Interrupt Served: 	 Vector = 0x0000000F
[    6.886460] Interrupt Taken: 	 Vector = 0x0000000F
[    6.886534] Interrupt Served: 	 Vector = 0x0000000F
[    6.889700] Interrupt Taken: 	 Vector = 0x0000000F
[    6.889771] Interrupt Served: 	 Vector = 0x0000000F
[    6.892959] Interrupt Taken: 	 Vector = 0x0000000F
[    6.893049] Interrupt Served: 	 Vector = 0x0000000F
[    6.896665] Interrupt Taken: 	 Vector = 0x0000000F
[    6.896772] Interrupt Served: 	 Vector = 0x0000000F
[    6.899869] Interrupt Taken: 	 Vector = 0x0000000F
[    6.900021] Interrupt Served: 	 Vector = 0x0000000F
[    6.902824] Interrupt Taken: 	 Vector = 0x0000000F
[    6.902898] Interrupt Served: 	 Vector = 0x0000000F
[    6.906104] Interrupt Taken: 	 Vector = 0x0000000F
[    6.906177] Interrupt Served: 	 Vector = 0x0000000F
[    6.909435] Interrupt Taken: 	 Vector = 0x0000000F
[    6.909525] Interrupt Served: 	 Vector = 0x0000000F
[    6.912682] Interrupt Taken: 	 Vector = 0x0000000F
[    6.912765] Interrupt Served: 	 Vector = 0x0000000F
[    6.916223] Interrupt Taken: 	 Vector = 0x0000000F
[    6.916357] Interrupt Served: 	 Vector = 0x0000000F
[    6.919585] Interrupt Taken: 	 Vector = 0x0000000F
[    6.919666] Interrupt Served: 	 Vector = 0x0000000F
[    6.923079] Interrupt Taken: 	 Vector = 0x0000000F
[    6.923184] Interrupt Served: 	 Vector = 0x0000000F
[    6.926360] Interrupt Taken: 	 Vector = 0x0000000F
[    6.926464] Interrupt Served: 	 Vector = 0x0000000F
[    6.929611] Interrupt Taken: 	 Vector = 0x0000000F
[    6.929711] Interrupt Served: 	 Vector = 0x0000000F
[    6.932826] Interrupt Taken: 	 Vector = 0x0000000F
[    6.932893] Interrupt Served: 	 Vector = 0x0000000F
[    6.936422] Interrupt Taken: 	 Vector = 0x0000000F
[    6.936550] Interrupt Served: 	 Vector = 0x0000000F
[    6.939467] Interrupt Taken: 	 Vector = 0x0000000F
[    6.939566] Interrupt Served: 	 Vector = 0x0000000F
[    6.942865] Interrupt Taken: 	 Vector = 0x0000000F
[    6.942948] Interrupt Served: 	 Vector = 0x0000000F
[    6.946144] Interrupt Taken: 	 Vector = 0x0000000F
[    6.946224] Interrupt Served: 	 Vector = 0x0000000F
[    6.949286] Interrupt Taken: 	 Vector = 0x0000000F
[    6.949381] Interrupt Served: 	 Vector = 0x0000000F
[    6.952696] Interrupt Taken: 	 Vector = 0x0000000F
[    6.952778] Interrupt Served: 	 Vector = 0x0000000F
[    6.956012] Interrupt Taken: 	 Vector = 0x0000000F
[    6.956102] Interrupt Served: 	 Vector = 0x0000000F
[    6.959483] Interrupt Taken: 	 Vector = 0x0000000F
[    6.959578] Interrupt Served: 	 Vector = 0x0000000F
[    6.962833] Interrupt Taken: 	 Vector = 0x0000000F
[    6.962913] Interrupt Served: 	 Vector = 0x0000000F
[    6.966124] Interrupt Taken: 	 Vector = 0x0000000F
[    6.966214] Interrupt Served: 	 Vector = 0x0000000F
[    6.969452] Interrupt Taken: 	 Vector = 0x0000000F
[    6.969523] Interrupt Served: 	 Vector = 0x0000000F
[    6.972716] Interrupt Taken: 	 Vector = 0x0000000F
[    6.972802] Interrupt Served: 	 Vector = 0x0000000F
[    6.976098] Interrupt Taken: 	 Vector = 0x0000000F
[    6.976220] Interrupt Served: 	 Vector = 0x0000000F
[    6.979599] Interrupt Taken: 	 Vector = 0x0000000F
[    6.979731] Interrupt Served: 	 Vector = 0x0000000F
[    6.983075] Interrupt Taken: 	 Vector = 0x0000000F
[    6.983173] Interrupt Served: 	 Vector = 0x0000000F
[    6.988566] Interrupt Taken: 	 Vector = 0x0000000F
[    6.988905] Interrupt Served: 	 Vector = 0x0000000F
[    6.992302] Interrupt Taken: 	 Vector = 0x0000000F
[    6.992615] Interrupt Served: 	 Vector = 0x0000000F
[    6.995711] Interrupt Taken: 	 Vector = 0x0000000F
[    6.995825] Interrupt Served: 	 Vector = 0x0000000F
[    6.999535] Interrupt Taken: 	 Vector = 0x0000000F
[    6.999623] Interrupt Served: 	 Vector = 0x0000000F
[    7.006935] Interrupt Taken: 	 Vector = 0x0000000F
[    7.007277] Interrupt Served: 	 Vector = 0x0000000F
[    7.010386] Interrupt Taken: 	 Vector = 0x0000000F
[    7.010820] Interrupt Served: 	 Vector = 0x0000000F
[    7.013901] Interrupt Taken: 	 Vector = 0x0000000F
[    7.014208] Interrupt Served: 	 Vector = 0x0000000F
[    7.018067] Interrupt Taken: 	 Vector = 0x0000000F
[    7.018198] Interrupt Served: 	 Vector = 0x0000000F
[    7.022777] Interrupt Taken: 	 Vector = 0x0000000F
[    7.022897] Interrupt Served: 	 Vector = 0x0000000F
[    7.031162] Interrupt Taken: 	 Vector = 0x0000000F
[    7.031276] Interrupt Served: 	 Vector = 0x0000000F
[    7.034671] Interrupt Taken: 	 Vector = 0x0000000F
[    7.034785] Interrupt Served: 	 Vector = 0x0000000F
[    7.041547] Interrupt Taken: 	 Vector = 0x0000000F
[    7.041663] Interrupt Served: 	 Vector = 0x0000000F
[    7.047569] Interrupt Taken: 	 Vector = 0x0000000F
[    7.047677] Interrupt Served: 	 Vector = 0x0000000F
[    7.053588] Interrupt Taken: 	 Vector = 0x0000000F
[    7.053721] Interrupt Served: 	 Vector = 0x0000000F
[    7.060091] Interrupt Taken: 	 Vector = 0x0000000F
[    7.060206] Interrupt Served: 	 Vector = 0x0000000F
[    7.063952] Interrupt Taken: 	 Vector = 0x0000000F
[    7.064041] Interrupt Served: 	 Vector = 0x0000000F
[    7.069286] Interrupt Taken: 	 Vector = 0x0000000F
[    7.069446] Interrupt Served: 	 Vector = 0x0000000F
[    7.078300] Interrupt Taken: 	 Vector = 0x0000000F
[    7.078437] Interrupt Served: 	 Vector = 0x0000000F
[    7.084799] Interrupt Taken: 	 Vector = 0x0000000F
[    7.084899] Interrupt Served: 	 Vector = 0x0000000F
[    7.094425] Interrupt Taken: 	 Vector = 0x0000000F
[    7.094535] Interrupt Served: 	 Vector = 0x0000000F
[    7.101574] Interrupt Taken: 	 Vector = 0x0000000F
[    7.101692] Interrupt Served: 	 Vector = 0x0000000F
[    7.121745] Interrupt Taken: 	 Vector = 0x0000000F
[    7.121878] Interrupt Served: 	 Vector = 0x0000000F
[    7.128757] Interrupt Taken: 	 Vector = 0x0000000F
[    7.129109] Interrupt Served: 	 Vector = 0x0000000F
[    7.131854] Interrupt Taken: 	 Vector = 0x0000000F
[    7.132066] Interrupt Served: 	 Vector = 0x0000000F
[    7.137830] Interrupt Taken: 	 Vector = 0x0000000F
[    7.137964] Interrupt Served: 	 Vector = 0x0000000F
[    7.146020] Interrupt Taken: 	 Vector = 0x0000000F
[    7.146264] Interrupt Served: 	 Vector = 0x0000000F
[    7.149115] Interrupt Taken: 	 Vector = 0x0000000F
[    7.149229] Interrupt Served: 	 Vector = 0x0000000F
[    7.154744] Interrupt Taken: 	 Vector = 0x0000000F
[    7.155007] Interrupt Served: 	 Vector = 0x0000000F
[    7.158003] Interrupt Taken: 	 Vector = 0x0000000F
[    7.158163] Interrupt Served: 	 Vector = 0x0000000F
[    7.163173] Interrupt Taken: 	 Vector = 0x0000000F
[    7.163382] Interrupt Served: 	 Vector = 0x0000000F
[    7.167395] Interrupt Taken: 	 Vector = 0x0000000F
[    7.167650] Interrupt Served: 	 Vector = 0x0000000F
[    7.171313] Interrupt Taken: 	 Vector = 0x0000000F
[    7.171471] Interrupt Served: 	 Vector = 0x0000000F
[    7.174702] Interrupt Taken: 	 Vector = 0x0000000F
[    7.174816] Interrupt Served: 	 Vector = 0x0000000F
[    7.178028] Interrupt Taken: 	 Vector = 0x0000000F
[    7.178104] Interrupt Served: 	 Vector = 0x0000000F
[    7.181495] Interrupt Taken: 	 Vector = 0x0000000F
[    7.181606] Interrupt Served: 	 Vector = 0x0000000F
[    7.185043] Interrupt Taken: 	 Vector = 0x0000000F
[    7.185145] Interrupt Served: 	 Vector = 0x0000000F
[    7.188426] Interrupt Taken: 	 Vector = 0x0000000F
[    7.188532] Interrupt Served: 	 Vector = 0x0000000F
[    7.191575] Interrupt Taken: 	 Vector = 0x0000000F
[    7.191652] Interrupt Served: 	 Vector = 0x0000000F
[    7.200403] Interrupt Taken: 	 Vector = 0x0000000F
[    7.200759] Interrupt Served: 	 Vector = 0x0000000F
[    7.203989] Interrupt Taken: 	 Vector = 0x0000000F
[    7.204106] Interrupt Served: 	 Vector = 0x0000000F
[    7.208275] Interrupt Taken: 	 Vector = 0x0000000F
[    7.208389] Interrupt Served: 	 Vector = 0x0000000F
[    7.211954] Interrupt Taken: 	 Vector = 0x0000000F
[    7.212416] Interrupt Served: 	 Vector = 0x0000000F
[    7.215263] Interrupt Taken: 	 Vector = 0x0000000F
[    7.215382] Interrupt Served: 	 Vector = 0x0000000F
[    7.218750] Interrupt Taken: 	 Vector = 0x0000000F
[    7.219247] Interrupt Served: 	 Vector = 0x0000000F
[    7.222431] Interrupt Taken: 	 Vector = 0x0000000F
[    7.222543] Interrupt Served: 	 Vector = 0x0000000F
[    7.229622] Interrupt Taken: 	 Vector = 0x0000000F
[    7.229757] Interrupt Served: 	 Vector = 0x0000000F
[    7.232954] Interrupt Taken: 	 Vector = 0x0000000F
[    7.233046] Interrupt Served: 	 Vector = 0x0000000F
[    7.236415] Interrupt Taken: 	 Vector = 0x0000000F
[    7.236506] Interrupt Served: 	 Vector = 0x0000000F
[    7.239873] Interrupt Taken: 	 Vector = 0x0000000F
[    7.239974] Interrupt Served: 	 Vector = 0x0000000F
[    7.243094] Interrupt Taken: 	 Vector = 0x0000000F
[    7.243210] Interrupt Served: 	 Vector = 0x0000000F
[    7.246122] Interrupt Taken: 	 Vector = 0x0000000F
[    7.246225] Interrupt Served: 	 Vector = 0x0000000F
[    7.249554] Interrupt Taken: 	 Vector = 0x0000000F
[    7.249627] Interrupt Served: 	 Vector = 0x0000000F
[    7.252730] Interrupt Taken: 	 Vector = 0x0000000F
[    7.252795] Interrupt Served: 	 Vector = 0x0000000F
[    7.255898] Interrupt Taken: 	 Vector = 0x0000000F
[    7.255983] Interrupt Served: 	 Vector = 0x0000000F
[    7.259240] Interrupt Taken: 	 Vector = 0x0000000F
[    7.259350] Interrupt Served: 	 Vector = 0x0000000F
[    7.262556] Interrupt Taken: 	 Vector = 0x0000000F
[    7.262640] Interrupt Served: 	 Vector = 0x0000000F
[    7.265858] Interrupt Taken: 	 Vector = 0x0000000F
[    7.265977] Interrupt Served: 	 Vector = 0x0000000F
[    7.270540] Interrupt Taken: 	 Vector = 0x0000000F
[    7.270735] Interrupt Served: 	 Vector = 0x0000000F
[    7.273565] Interrupt Taken: 	 Vector = 0x0000000F
[    7.273677] Interrupt Served: 	 Vector = 0x0000000F
[    7.276950] Interrupt Taken: 	 Vector = 0x0000000F
[    7.277029] Interrupt Served: 	 Vector = 0x0000000F
[    7.280094] Interrupt Taken: 	 Vector = 0x0000000F
[    7.280177] Interrupt Served: 	 Vector = 0x0000000F
[    7.283679] Interrupt Taken: 	 Vector = 0x0000000F
[    7.283753] Interrupt Served: 	 Vector = 0x0000000F
[    7.287105] Interrupt Taken: 	 Vector = 0x0000000F
[    7.287208] Interrupt Served: 	 Vector = 0x0000000F
[    7.290227] Interrupt Taken: 	 Vector = 0x0000000F
[    7.290308] Interrupt Served: 	 Vector = 0x0000000F
[    7.293300] Interrupt Taken: 	 Vector = 0x0000000F
[    7.293374] Interrupt Served: 	 Vector = 0x0000000F
[    7.296338] Interrupt Taken: 	 Vector = 0x0000000F
[    7.296384] Interrupt Served: 	 Vector = 0x0000000F
[    7.299440] Interrupt Taken: 	 Vector = 0x0000000F
[    7.299487] Interrupt Served: 	 Vector = 0x0000000F
[    7.302468] Interrupt Taken: 	 Vector = 0x0000000F
[    7.302533] Interrupt Served: 	 Vector = 0x0000000F
[    7.305455] Interrupt Taken: 	 Vector = 0x0000000F
[    7.305524] Interrupt Served: 	 Vector = 0x0000000F
[    7.308514] Interrupt Taken: 	 Vector = 0x0000000F
[    7.308578] Interrupt Served: 	 Vector = 0x0000000F
[    7.311854] Interrupt Taken: 	 Vector = 0x0000000F
[    7.311902] Interrupt Served: 	 Vector = 0x0000000F
[    7.315053] Interrupt Taken: 	 Vector = 0x0000000F
[    7.315103] Interrupt Served: 	 Vector = 0x0000000F
[    7.318257] Interrupt Taken: 	 Vector = 0x0000000F
[    7.318315] Interrupt Served: 	 Vector = 0x0000000F
[    7.321356] Interrupt Taken: 	 Vector = 0x0000000F
[    7.321433] Interrupt Served: 	 Vector = 0x0000000F
[    7.324424] Interrupt Taken: 	 Vector = 0x0000000F
[    7.324504] Interrupt Served: 	 Vector = 0x0000000F
[    7.327816] Interrupt Taken: 	 Vector = 0x0000000F
[    7.327881] Interrupt Served: 	 Vector = 0x0000000F
[    7.331083] Interrupt Taken: 	 Vector = 0x0000000F
[    7.331135] Interrupt Served: 	 Vector = 0x0000000F
[    7.334455] Interrupt Taken: 	 Vector = 0x0000000F
[    7.334525] Interrupt Served: 	 Vector = 0x0000000F
[    7.337851] Interrupt Taken: 	 Vector = 0x0000000F
[    7.337946] Interrupt Served: 	 Vector = 0x0000000F
[    7.341256] Interrupt Taken: 	 Vector = 0x0000000F
[    7.341400] Interrupt Served: 	 Vector = 0x0000000F
[    7.344782] Interrupt Taken: 	 Vector = 0x0000000F
[    7.344860] Interrupt Served: 	 Vector = 0x0000000F
[    7.348180] Interrupt Taken: 	 Vector = 0x0000000F
[    7.348240] Interrupt Served: 	 Vector = 0x0000000F
[    7.351549] Interrupt Taken: 	 Vector = 0x0000000F
[    7.351615] Interrupt Served: 	 Vector = 0x0000000F
[    7.354736] Interrupt Taken: 	 Vector = 0x0000000F
[    7.354884] Interrupt Served: 	 Vector = 0x0000000F
[    7.357796] Interrupt Taken: 	 Vector = 0x0000000F
[    7.357901] Interrupt Served: 	 Vector = 0x0000000F
[    7.361175] Interrupt Taken: 	 Vector = 0x0000000F
[    7.361265] Interrupt Served: 	 Vector = 0x0000000F
[    7.364669] Interrupt Taken: 	 Vector = 0x0000000F
[    7.364829] Interrupt Served: 	 Vector = 0x0000000F
[    7.367710] Interrupt Taken: 	 Vector = 0x0000000F
[    7.367792] Interrupt Served: 	 Vector = 0x0000000F
[    7.371072] Interrupt Taken: 	 Vector = 0x0000000F
[    7.371220] Interrupt Served: 	 Vector = 0x0000000F
[    7.373969] Interrupt Taken: 	 Vector = 0x0000000F
[    7.374059] Interrupt Served: 	 Vector = 0x0000000F
[    7.377475] Interrupt Taken: 	 Vector = 0x0000000F
[    7.377569] Interrupt Served: 	 Vector = 0x0000000F
[    7.380889] Interrupt Taken: 	 Vector = 0x0000000F
[    7.380962] Interrupt Served: 	 Vector = 0x0000000F
[    7.384198] Interrupt Taken: 	 Vector = 0x0000000F
[    7.384285] Interrupt Served: 	 Vector = 0x0000000F
[    7.387619] Interrupt Taken: 	 Vector = 0x0000000F
[    7.387716] Interrupt Served: 	 Vector = 0x0000000F
[    7.390824] Interrupt Taken: 	 Vector = 0x0000000F
[    7.390912] Interrupt Served: 	 Vector = 0x0000000F
[    7.394248] Interrupt Taken: 	 Vector = 0x0000000F
[    7.394372] Interrupt Served: 	 Vector = 0x0000000F
[    7.398015] Interrupt Taken: 	 Vector = 0x0000000F
[    7.398086] Interrupt Served: 	 Vector = 0x0000000F
[    7.401375] Interrupt Taken: 	 Vector = 0x0000000F
[    7.401451] Interrupt Served: 	 Vector = 0x0000000F
[    7.404863] Interrupt Taken: 	 Vector = 0x0000000F
[    7.404979] Interrupt Served: 	 Vector = 0x0000000F
[    7.408619] Interrupt Taken: 	 Vector = 0x0000000F
[    7.408743] Interrupt Served: 	 Vector = 0x0000000F
[    7.411982] Interrupt Taken: 	 Vector = 0x0000000F
[    7.412078] Interrupt Served: 	 Vector = 0x0000000F
[    7.415503] Interrupt Taken: 	 Vector = 0x0000000F
[    7.415577] Interrupt Served: 	 Vector = 0x0000000F
[    7.418890] Interrupt Taken: 	 Vector = 0x0000000F
[    7.418968] Interrupt Served: 	 Vector = 0x0000000F
[    7.422195] Interrupt Taken: 	 Vector = 0x0000000F
[    7.422362] Interrupt Served: 	 Vector = 0x0000000F
[    7.425593] Interrupt Taken: 	 Vector = 0x0000000F
[    7.425718] Interrupt Served: 	 Vector = 0x0000000F
[    7.429139] Interrupt Taken: 	 Vector = 0x0000000F
[    7.429238] Interrupt Served: 	 Vector = 0x0000000F
[    7.432469] Interrupt Taken: 	 Vector = 0x0000000F
[    7.432552] Interrupt Served: 	 Vector = 0x0000000F
[    7.435638] Interrupt Taken: 	 Vector = 0x0000000F
[    7.435764] Interrupt Served: 	 Vector = 0x0000000F
[    7.438910] Interrupt Taken: 	 Vector = 0x0000000F
[    7.439098] Interrupt Served: 	 Vector = 0x0000000F
[    7.441960] Interrupt Taken: 	 Vector = 0x0000000F
[    7.442071] Interrupt Served: 	 Vector = 0x0000000F
[    7.445432] Interrupt Taken: 	 Vector = 0x0000000F
[    7.445533] Interrupt Served: 	 Vector = 0x0000000F
[    7.449083] Interrupt Taken: 	 Vector = 0x0000000F
[    7.449149] Interrupt Served: 	 Vector = 0x0000000F
[    7.452437] Interrupt Taken: 	 Vector = 0x0000000F
[    7.452531] Interrupt Served: 	 Vector = 0x0000000F
[    7.455669] Interrupt Taken: 	 Vector = 0x0000000F
[    7.455822] Interrupt Served: 	 Vector = 0x0000000F
[    7.458592] Interrupt Taken: 	 Vector = 0x0000000F
[    7.458710] Interrupt Served: 	 Vector = 0x0000000F
[    7.462125] Interrupt Taken: 	 Vector = 0x0000000F
[    7.462211] Interrupt Served: 	 Vector = 0x0000000F
[    7.465569] Interrupt Taken: 	 Vector = 0x0000000F
[    7.465698] Interrupt Served: 	 Vector = 0x0000000F
[    7.468528] Interrupt Taken: 	 Vector = 0x0000000F
[    7.468590] Interrupt Served: 	 Vector = 0x0000000F
[    7.471993] Interrupt Taken: 	 Vector = 0x0000000F
[    7.472097] Interrupt Served: 	 Vector = 0x0000000F
[    7.475401] Interrupt Taken: 	 Vector = 0x0000000F
[    7.475495] Interrupt Served: 	 Vector = 0x0000000F
[    7.478763] Interrupt Taken: 	 Vector = 0x0000000F
[    7.478876] Interrupt Served: 	 Vector = 0x0000000F
[    7.481853] Interrupt Taken: 	 Vector = 0x0000000F
[    7.481916] Interrupt Served: 	 Vector = 0x0000000F
[    7.485141] Interrupt Taken: 	 Vector = 0x0000000F
[    7.485252] Interrupt Served: 	 Vector = 0x0000000F
[    7.488634] Interrupt Taken: 	 Vector = 0x0000000F
[    7.488729] Interrupt Served: 	 Vector = 0x0000000F
[    7.491966] Interrupt Taken: 	 Vector = 0x0000000F
[    7.492077] Interrupt Served: 	 Vector = 0x0000000F
[    7.495231] Interrupt Taken: 	 Vector = 0x0000000F
[    7.495314] Interrupt Served: 	 Vector = 0x0000000F
[    7.498541] Interrupt Taken: 	 Vector = 0x0000000F
[    7.498604] Interrupt Served: 	 Vector = 0x0000000F
[    7.502020] Interrupt Taken: 	 Vector = 0x0000000F
[    7.502085] Interrupt Served: 	 Vector = 0x0000000F
[    7.505382] Interrupt Taken: 	 Vector = 0x0000000F
[    7.505481] Interrupt Served: 	 Vector = 0x0000000F
[    7.508661] Interrupt Taken: 	 Vector = 0x0000000F
[    7.508770] Interrupt Served: 	 Vector = 0x0000000F
[    7.511981] Interrupt Taken: 	 Vector = 0x0000000F
[    7.512081] Interrupt Served: 	 Vector = 0x0000000F
[    7.515136] Interrupt Taken: 	 Vector = 0x0000000F
[    7.515205] Interrupt Served: 	 Vector = 0x0000000F
[    7.518346] Interrupt Taken: 	 Vector = 0x0000000F
[    7.518422] Interrupt Served: 	 Vector = 0x0000000F
[    7.521546] Interrupt Taken: 	 Vector = 0x0000000F
[    7.521632] Interrupt Served: 	 Vector = 0x0000000F
[    7.525082] Interrupt Taken: 	 Vector = 0x0000000F
[    7.525195] Interrupt Served: 	 Vector = 0x0000000F
[    7.528439] Interrupt Taken: 	 Vector = 0x0000000F
[    7.528585] Interrupt Served: 	 Vector = 0x0000000F
[    7.531289] Interrupt Taken: 	 Vector = 0x0000000F
[    7.531387] Interrupt Served: 	 Vector = 0x0000000F
[    7.535008] Interrupt Taken: 	 Vector = 0x0000000F
[    7.535080] Interrupt Served: 	 Vector = 0x0000000F
[    7.538368] Interrupt Taken: 	 Vector = 0x0000000F
[    7.538495] Interrupt Served: 	 Vector = 0x0000000F
[    7.542121] Interrupt Taken: 	 Vector = 0x0000000F
[    7.542220] Interrupt Served: 	 Vector = 0x0000000F
[    7.545612] Interrupt Taken: 	 Vector = 0x0000000F
[    7.545686] Interrupt Served: 	 Vector = 0x0000000F
[    7.548943] Interrupt Taken: 	 Vector = 0x0000000F
[    7.549026] Interrupt Served: 	 Vector = 0x0000000F
[    7.552486] Interrupt Taken: 	 Vector = 0x0000000F
[    7.552559] Interrupt Served: 	 Vector = 0x0000000F
[    7.555795] Interrupt Taken: 	 Vector = 0x0000000F
[    7.555892] Interrupt Served: 	 Vector = 0x0000000F
[    7.559822] Interrupt Taken: 	 Vector = 0x0000000F
[    7.559924] Interrupt Served: 	 Vector = 0x0000000F
[    7.563310] Interrupt Taken: 	 Vector = 0x0000000F
[    7.563421] Interrupt Served: 	 Vector = 0x0000000F
[    7.566663] Interrupt Taken: 	 Vector = 0x0000000F
[    7.566723] Interrupt Served: 	 Vector = 0x0000000F
[    7.570290] Interrupt Taken: 	 Vector = 0x0000000F
[    7.570412] Interrupt Served: 	 Vector = 0x0000000F
[    7.573773] Interrupt Taken: 	 Vector = 0x0000000F
[    7.573882] Interrupt Served: 	 Vector = 0x0000000F
[    7.577185] Interrupt Taken: 	 Vector = 0x0000000F
[    7.577296] Interrupt Served: 	 Vector = 0x0000000F
[    7.580388] Interrupt Taken: 	 Vector = 0x0000000F
[    7.580476] Interrupt Served: 	 Vector = 0x0000000F
[    7.583772] Interrupt Taken: 	 Vector = 0x0000000F
[    7.583858] Interrupt Served: 	 Vector = 0x0000000F
[    7.587109] Interrupt Taken: 	 Vector = 0x0000000F
[    7.587320] Interrupt Served: 	 Vector = 0x0000000F
[    7.590162] Interrupt Taken: 	 Vector = 0x0000000F
[    7.590249] Interrupt Served: 	 Vector = 0x0000000F
[    7.593654] Interrupt Taken: 	 Vector = 0x0000000F
[    7.593748] Interrupt Served: 	 Vector = 0x0000000F
[    7.597113] Interrupt Taken: 	 Vector = 0x0000000F
[    7.597204] Interrupt Served: 	 Vector = 0x0000000F
[    7.600184] Interrupt Taken: 	 Vector = 0x0000000F
[    7.600244] Interrupt Served: 	 Vector = 0x0000000F
[    7.603508] Interrupt Taken: 	 Vector = 0x0000000F
[    7.603613] Interrupt Served: 	 Vector = 0x0000000F
[    7.607088] Interrupt Taken: 	 Vector = 0x0000000F
[    7.607232] Interrupt Served: 	 Vector = 0x0000000F
[    7.610876] Interrupt Taken: 	 Vector = 0x0000000F
[    7.610977] Interrupt Served: 	 Vector = 0x0000000F
[    7.614069] Interrupt Taken: 	 Vector = 0x0000000F
[    7.614150] Interrupt Served: 	 Vector = 0x0000000F
[    7.617521] Interrupt Taken: 	 Vector = 0x0000000F
[    7.617599] Interrupt Served: 	 Vector = 0x0000000F
[    7.620886] Interrupt Taken: 	 Vector = 0x0000000F
[    7.620982] Interrupt Served: 	 Vector = 0x0000000F
[    7.624275] Interrupt Taken: 	 Vector = 0x0000000F
[    7.624390] Interrupt Served: 	 Vector = 0x0000000F
[    7.627757] Interrupt Taken: 	 Vector = 0x0000000F
[    7.627856] Interrupt Served: 	 Vector = 0x0000000F
[    7.630808] [passthrough] Read: 	 address = 0x58020414, size = 4 bytes, value = 0x00000001, pc=0x08001604 
[    7.631485] [passthrough] Write: 	 address = 0x58020418, size = 4 bytes, value = 0x00010000, pc=0x0800161C 
[    7.632163] Interrupt Taken: 	 Vector = 0x0000000F
[    7.632204] Interrupt Served: 	 Vector = 0x0000000F
[    7.635454] Interrupt Taken: 	 Vector = 0x0000000F
[    7.635588] Interrupt Served: 	 Vector = 0x0000000F
[    7.638371] Interrupt Taken: 	 Vector = 0x0000000F
[    7.638456] Interrupt Served: 	 Vector = 0x0000000F
[    7.641743] Interrupt Taken: 	 Vector = 0x0000000F
[    7.641843] Interrupt Served: 	 Vector = 0x0000000F
[    7.644875] Interrupt Taken: 	 Vector = 0x0000000F
[    7.644960] Interrupt Served: 	 Vector = 0x0000000F
[    7.647982] Interrupt Taken: 	 Vector = 0x0000000F
[    7.648064] Interrupt Served: 	 Vector = 0x0000000F
[    7.651449] Interrupt Taken: 	 Vector = 0x0000000F
[    7.651533] Interrupt Served: 	 Vector = 0x0000000F
[    7.655105] Interrupt Taken: 	 Vector = 0x0000000F
[    7.655191] Interrupt Served: 	 Vector = 0x0000000F
[    7.658306] Interrupt Taken: 	 Vector = 0x0000000F
[    7.658437] Interrupt Served: 	 Vector = 0x0000000F
[    7.661940] Interrupt Taken: 	 Vector = 0x0000000F
[    7.662029] Interrupt Served: 	 Vector = 0x0000000F
[    7.665433] Interrupt Taken: 	 Vector = 0x0000000F
[    7.665507] Interrupt Served: 	 Vector = 0x0000000F
[    7.668733] Interrupt Taken: 	 Vector = 0x0000000F
[    7.668812] Interrupt Served: 	 Vector = 0x0000000F
[    7.671886] Interrupt Taken: 	 Vector = 0x0000000F
[    7.671980] Interrupt Served: 	 Vector = 0x0000000F
[    7.675510] Interrupt Taken: 	 Vector = 0x0000000F
[    7.675694] Interrupt Served: 	 Vector = 0x0000000F
[    7.678808] Interrupt Taken: 	 Vector = 0x0000000F
[    7.678900] Interrupt Served: 	 Vector = 0x0000000F
[    7.682243] Interrupt Taken: 	 Vector = 0x0000000F
[    7.682359] Interrupt Served: 	 Vector = 0x0000000F
[    7.685526] Interrupt Taken: 	 Vector = 0x0000000F
[    7.685610] Interrupt Served: 	 Vector = 0x0000000F
[    7.688902] Interrupt Taken: 	 Vector = 0x0000000F
[    7.688985] Interrupt Served: 	 Vector = 0x0000000F
[    7.692428] Interrupt Taken: 	 Vector = 0x0000000F
[    7.692527] Interrupt Served: 	 Vector = 0x0000000F
[    7.695778] Interrupt Taken: 	 Vector = 0x0000000F
[    7.695851] Interrupt Served: 	 Vector = 0x0000000F
[    7.699066] Interrupt Taken: 	 Vector = 0x0000000F
[    7.699124] Interrupt Served: 	 Vector = 0x0000000F
[    7.702369] Interrupt Taken: 	 Vector = 0x0000000F
[    7.702444] Interrupt Served: 	 Vector = 0x0000000F
[    7.705567] Interrupt Taken: 	 Vector = 0x0000000F
[    7.705725] Interrupt Served: 	 Vector = 0x0000000F
[    7.708654] Interrupt Taken: 	 Vector = 0x0000000F
[    7.708764] Interrupt Served: 	 Vector = 0x0000000F
[    7.711945] Interrupt Taken: 	 Vector = 0x0000000F
[    7.712024] Interrupt Served: 	 Vector = 0x0000000F
[    7.715262] Interrupt Taken: 	 Vector = 0x0000000F
[    7.715360] Interrupt Served: 	 Vector = 0x0000000F
[    7.718691] Interrupt Taken: 	 Vector = 0x0000000F
[    7.718769] Interrupt Served: 	 Vector = 0x0000000F
[    7.721902] Interrupt Taken: 	 Vector = 0x0000000F
[    7.721996] Interrupt Served: 	 Vector = 0x0000000F
[    7.725201] Interrupt Taken: 	 Vector = 0x0000000F
[    7.725317] Interrupt Served: 	 Vector = 0x0000000F
[    7.728634] Interrupt Taken: 	 Vector = 0x0000000F
[    7.728737] Interrupt Served: 	 Vector = 0x0000000F
[    7.732237] Interrupt Taken: 	 Vector = 0x0000000F
[    7.732377] Interrupt Served: 	 Vector = 0x0000000F
[    7.735376] Interrupt Taken: 	 Vector = 0x0000000F
[    7.735472] Interrupt Served: 	 Vector = 0x0000000F
[    7.738737] Interrupt Taken: 	 Vector = 0x0000000F
[    7.738826] Interrupt Served: 	 Vector = 0x0000000F
[    7.742123] Interrupt Taken: 	 Vector = 0x0000000F
[    7.742269] Interrupt Served: 	 Vector = 0x0000000F
[    7.745209] Interrupt Taken: 	 Vector = 0x0000000F
[    7.745301] Interrupt Served: 	 Vector = 0x0000000F
[    7.748611] Interrupt Taken: 	 Vector = 0x0000000F
[    7.748677] Interrupt Served: 	 Vector = 0x0000000F
[    7.751957] Interrupt Taken: 	 Vector = 0x0000000F
[    7.752020] Interrupt Served: 	 Vector = 0x0000000F
[    7.755458] Interrupt Taken: 	 Vector = 0x0000000F
[    7.755553] Interrupt Served: 	 Vector = 0x0000000F
[    7.758699] Interrupt Taken: 	 Vector = 0x0000000F
[    7.758798] Interrupt Served: 	 Vector = 0x0000000F
[    7.762053] Interrupt Taken: 	 Vector = 0x0000000F
[    7.762133] Interrupt Served: 	 Vector = 0x0000000F
[    7.765629] Interrupt Taken: 	 Vector = 0x0000000F
[    7.765695] Interrupt Served: 	 Vector = 0x0000000F
[    7.768920] Interrupt Taken: 	 Vector = 0x0000000F
[    7.769014] Interrupt Served: 	 Vector = 0x0000000F
[    7.772251] Interrupt Taken: 	 Vector = 0x0000000F
[    7.772441] Interrupt Served: 	 Vector = 0x0000000F
[    7.775313] Interrupt Taken: 	 Vector = 0x0000000F
[    7.775454] Interrupt Served: 	 Vector = 0x0000000F
[    7.778695] Interrupt Taken: 	 Vector = 0x0000000F
[    7.778805] Interrupt Served: 	 Vector = 0x0000000F
[    7.781816] Interrupt Taken: 	 Vector = 0x0000000F
[    7.781886] Interrupt Served: 	 Vector = 0x0000000F
[    7.785611] Interrupt Taken: 	 Vector = 0x0000000F
[    7.785711] Interrupt Served: 	 Vector = 0x0000000F
[    7.788807] Interrupt Taken: 	 Vector = 0x0000000F
[    7.788897] Interrupt Served: 	 Vector = 0x0000000F
[    7.792209] Interrupt Taken: 	 Vector = 0x0000000F
[    7.792307] Interrupt Served: 	 Vector = 0x0000000F
[    7.795510] Interrupt Taken: 	 Vector = 0x0000000F
[    7.795629] Interrupt Served: 	 Vector = 0x0000000F
[    7.798643] Interrupt Taken: 	 Vector = 0x0000000F
[    7.798736] Interrupt Served: 	 Vector = 0x0000000F
[    7.802081] Interrupt Taken: 	 Vector = 0x0000000F
[    7.802148] Interrupt Served: 	 Vector = 0x0000000F
[    7.805322] Interrupt Taken: 	 Vector = 0x0000000F
[    7.805420] Interrupt Served: 	 Vector = 0x0000000F
[    7.808606] Interrupt Taken: 	 Vector = 0x0000000F
[    7.808712] Interrupt Served: 	 Vector = 0x0000000F
[    7.811846] Interrupt Taken: 	 Vector = 0x0000000F
[    7.811919] Interrupt Served: 	 Vector = 0x0000000F
[    7.815086] Interrupt Taken: 	 Vector = 0x0000000F
[    7.815175] Interrupt Served: 	 Vector = 0x0000000F
[    7.818574] Interrupt Taken: 	 Vector = 0x0000000F
[    7.818636] Interrupt Served: 	 Vector = 0x0000000F
[    7.821719] Interrupt Taken: 	 Vector = 0x0000000F
[    7.821801] Interrupt Served: 	 Vector = 0x0000000F
[    7.825030] Interrupt Taken: 	 Vector = 0x0000000F
[    7.825121] Interrupt Served: 	 Vector = 0x0000000F
[    7.828510] Interrupt Taken: 	 Vector = 0x0000000F
[    7.828612] Interrupt Served: 	 Vector = 0x0000000F
[    7.831977] Interrupt Taken: 	 Vector = 0x0000000F
[    7.832066] Interrupt Served: 	 Vector = 0x0000000F
[    7.835348] Interrupt Taken: 	 Vector = 0x0000000F
[    7.835429] Interrupt Served: 	 Vector = 0x0000000F
[    7.838707] Interrupt Taken: 	 Vector = 0x0000000F
[    7.838803] Interrupt Served: 	 Vector = 0x0000000F
[    7.842010] Interrupt Taken: 	 Vector = 0x0000000F
[    7.842106] Interrupt Served: 	 Vector = 0x0000000F
[    7.845370] Interrupt Taken: 	 Vector = 0x0000000F
[    7.845450] Interrupt Served: 	 Vector = 0x0000000F
[    7.848657] Interrupt Taken: 	 Vector = 0x0000000F
[    7.848741] Interrupt Served: 	 Vector = 0x0000000F
[    7.852011] Interrupt Taken: 	 Vector = 0x0000000F
[    7.852075] Interrupt Served: 	 Vector = 0x0000000F
[    7.855461] Interrupt Taken: 	 Vector = 0x0000000F
[    7.855561] Interrupt Served: 	 Vector = 0x0000000F
[    7.858866] Interrupt Taken: 	 Vector = 0x0000000F
[    7.858944] Interrupt Served: 	 Vector = 0x0000000F
[    7.862054] Interrupt Taken: 	 Vector = 0x0000000F
[    7.862145] Interrupt Served: 	 Vector = 0x0000000F
[    7.865504] Interrupt Taken: 	 Vector = 0x0000000F
[    7.865590] Interrupt Served: 	 Vector = 0x0000000F
[    7.868850] Interrupt Taken: 	 Vector = 0x0000000F
[    7.868934] Interrupt Served: 	 Vector = 0x0000000F
[    7.872254] Interrupt Taken: 	 Vector = 0x0000000F
[    7.872359] Interrupt Served: 	 Vector = 0x0000000F
[    7.875693] Interrupt Taken: 	 Vector = 0x0000000F
[    7.875796] Interrupt Served: 	 Vector = 0x0000000F
[    7.878835] Interrupt Taken: 	 Vector = 0x0000000F
[    7.878913] Interrupt Served: 	 Vector = 0x0000000F
[    7.881948] Interrupt Taken: 	 Vector = 0x0000000F
[    7.882010] Interrupt Served: 	 Vector = 0x0000000F
[    7.885429] Interrupt Taken: 	 Vector = 0x0000000F
[    7.885524] Interrupt Served: 	 Vector = 0x0000000F
[    7.888684] Interrupt Taken: 	 Vector = 0x0000000F
[    7.888774] Interrupt Served: 	 Vector = 0x0000000F
[    7.892186] Interrupt Taken: 	 Vector = 0x0000000F
[    7.892269] Interrupt Served: 	 Vector = 0x0000000F
[    7.895435] Interrupt Taken: 	 Vector = 0x0000000F
[    7.895509] Interrupt Served: 	 Vector = 0x0000000F
[    7.898569] Interrupt Taken: 	 Vector = 0x0000000F
[    7.898629] Interrupt Served: 	 Vector = 0x0000000F
[    7.901757] Interrupt Taken: 	 Vector = 0x0000000F
[    7.901829] Interrupt Served: 	 Vector = 0x0000000F
[    7.904969] Interrupt Taken: 	 Vector = 0x0000000F
[    7.905048] Interrupt Served: 	 Vector = 0x0000000F
[    7.908529] Interrupt Taken: 	 Vector = 0x0000000F
[    7.908634] Interrupt Served: 	 Vector = 0x0000000F
[    7.911873] Interrupt Taken: 	 Vector = 0x0000000F
[    7.911963] Interrupt Served: 	 Vector = 0x0000000F
[    7.915277] Interrupt Taken: 	 Vector = 0x0000000F
[    7.915378] Interrupt Served: 	 Vector = 0x0000000F
[    7.918781] Interrupt Taken: 	 Vector = 0x0000000F
[    7.918882] Interrupt Served: 	 Vector = 0x0000000F
[    7.922140] Interrupt Taken: 	 Vector = 0x0000000F
[    7.922236] Interrupt Served: 	 Vector = 0x0000000F
[    7.925668] Interrupt Taken: 	 Vector = 0x0000000F
[    7.925769] Interrupt Served: 	 Vector = 0x0000000F
[    7.928962] Interrupt Taken: 	 Vector = 0x0000000F
[    7.929056] Interrupt Served: 	 Vector = 0x0000000F
[    7.932482] Interrupt Taken: 	 Vector = 0x0000000F
[    7.932558] Interrupt Served: 	 Vector = 0x0000000F
[    7.935828] Interrupt Taken: 	 Vector = 0x0000000F
[    7.935918] Interrupt Served: 	 Vector = 0x0000000F
[    7.939361] Interrupt Taken: 	 Vector = 0x0000000F
[    7.939454] Interrupt Served: 	 Vector = 0x0000000F
[    7.942578] Interrupt Taken: 	 Vector = 0x0000000F
[    7.942672] Interrupt Served: 	 Vector = 0x0000000F
[    7.945934] Interrupt Taken: 	 Vector = 0x0000000F
[    7.946006] Interrupt Served: 	 Vector = 0x0000000F
[    7.949446] Interrupt Taken: 	 Vector = 0x0000000F
[    7.949541] Interrupt Served: 	 Vector = 0x0000000F
[    7.952931] Interrupt Taken: 	 Vector = 0x0000000F
[    7.953012] Interrupt Served: 	 Vector = 0x0000000F
[    7.956189] Interrupt Taken: 	 Vector = 0x0000000F
[    7.956360] Interrupt Served: 	 Vector = 0x0000000F
[    7.959871] Interrupt Taken: 	 Vector = 0x0000000F
[    7.959971] Interrupt Served: 	 Vector = 0x0000000F
[    7.963246] Interrupt Taken: 	 Vector = 0x0000000F
[    7.963356] Interrupt Served: 	 Vector = 0x0000000F
[    7.966551] Interrupt Taken: 	 Vector = 0x0000000F
[    7.966618] Interrupt Served: 	 Vector = 0x0000000F
[    7.970042] Interrupt Taken: 	 Vector = 0x0000000F
[    7.970196] Interrupt Served: 	 Vector = 0x0000000F
[    7.973101] Interrupt Taken: 	 Vector = 0x0000000F
[    7.973212] Interrupt Served: 	 Vector = 0x0000000F
[    7.976655] Interrupt Taken: 	 Vector = 0x0000000F
[    7.976757] Interrupt Served: 	 Vector = 0x0000000F
[    7.979895] Interrupt Taken: 	 Vector = 0x0000000F
[    7.979986] Interrupt Served: 	 Vector = 0x0000000F
[    7.983292] Interrupt Taken: 	 Vector = 0x0000000F
[    7.983464] Interrupt Served: 	 Vector = 0x0000000F
[    7.986453] Interrupt Taken: 	 Vector = 0x0000000F
[    7.986526] Interrupt Served: 	 Vector = 0x0000000F
[    7.989720] Interrupt Taken: 	 Vector = 0x0000000F
[    7.989806] Interrupt Served: 	 Vector = 0x0000000F
[    7.993103] Interrupt Taken: 	 Vector = 0x0000000F
[    7.993194] Interrupt Served: 	 Vector = 0x0000000F
[    7.996477] Interrupt Taken: 	 Vector = 0x0000000F
[    7.996564] Interrupt Served: 	 Vector = 0x0000000F
[    7.999980] Interrupt Taken: 	 Vector = 0x0000000F
[    8.000045] Interrupt Served: 	 Vector = 0x0000000F
[    8.003517] Interrupt Taken: 	 Vector = 0x0000000F
[    8.003678] Interrupt Served: 	 Vector = 0x0000000F
[    8.006489] Interrupt Taken: 	 Vector = 0x0000000F
[    8.006690] Interrupt Served: 	 Vector = 0x0000000F
[    8.009957] Interrupt Taken: 	 Vector = 0x0000000F
[    8.010050] Interrupt Served: 	 Vector = 0x0000000F
[    8.013567] Interrupt Taken: 	 Vector = 0x0000000F
[    8.013639] Interrupt Served: 	 Vector = 0x0000000F
[    8.016934] Interrupt Taken: 	 Vector = 0x0000000F
[    8.017001] Interrupt Served: 	 Vector = 0x0000000F
[    8.020384] Interrupt Taken: 	 Vector = 0x0000000F
[    8.020464] Interrupt Served: 	 Vector = 0x0000000F
[    8.023657] Interrupt Taken: 	 Vector = 0x0000000F
[    8.023736] Interrupt Served: 	 Vector = 0x0000000F
[    8.027025] Interrupt Taken: 	 Vector = 0x0000000F
[    8.027109] Interrupt Served: 	 Vector = 0x0000000F
[    8.030269] Interrupt Taken: 	 Vector = 0x0000000F
[    8.030369] Interrupt Served: 	 Vector = 0x0000000F
[    8.033683] Interrupt Taken: 	 Vector = 0x0000000F
[    8.033743] Interrupt Served: 	 Vector = 0x0000000F
[    8.036964] Interrupt Taken: 	 Vector = 0x0000000F
[    8.037063] Interrupt Served: 	 Vector = 0x0000000F
[    8.040247] Interrupt Taken: 	 Vector = 0x0000000F
[    8.040346] Interrupt Served: 	 Vector = 0x0000000F
[    8.043628] Interrupt Taken: 	 Vector = 0x0000000F
[    8.043712] Interrupt Served: 	 Vector = 0x0000000F
[    8.047034] Interrupt Taken: 	 Vector = 0x0000000F
[    8.047101] Interrupt Served: 	 Vector = 0x0000000F
[    8.050475] Interrupt Taken: 	 Vector = 0x0000000F
[    8.050544] Interrupt Served: 	 Vector = 0x0000000F
[    8.053954] Interrupt Taken: 	 Vector = 0x0000000F
[    8.054048] Interrupt Served: 	 Vector = 0x0000000F
[    8.057209] Interrupt Taken: 	 Vector = 0x0000000F
[    8.057363] Interrupt Served: 	 Vector = 0x0000000F
[    8.060573] Interrupt Taken: 	 Vector = 0x0000000F
[    8.060683] Interrupt Served: 	 Vector = 0x0000000F
[    8.064200] Interrupt Taken: 	 Vector = 0x0000000F
[    8.064270] Interrupt Served: 	 Vector = 0x0000000F
[    8.067582] Interrupt Taken: 	 Vector = 0x0000000F
[    8.067643] Interrupt Served: 	 Vector = 0x0000000F
[    8.070786] Interrupt Taken: 	 Vector = 0x0000000F
[    8.070881] Interrupt Served: 	 Vector = 0x0000000F
[    8.074307] Interrupt Taken: 	 Vector = 0x0000000F
[    8.074437] Interrupt Served: 	 Vector = 0x0000000F
[    8.077640] Interrupt Taken: 	 Vector = 0x0000000F
[    8.077718] Interrupt Served: 	 Vector = 0x0000000F
[    8.080990] Interrupt Taken: 	 Vector = 0x0000000F
[    8.081050] Interrupt Served: 	 Vector = 0x0000000F
[    8.084401] Interrupt Taken: 	 Vector = 0x0000000F
[    8.084470] Interrupt Served: 	 Vector = 0x0000000F
[    8.087858] Interrupt Taken: 	 Vector = 0x0000000F
[    8.087953] Interrupt Served: 	 Vector = 0x0000000F
[    8.091058] Interrupt Taken: 	 Vector = 0x0000000F
[    8.091158] Interrupt Served: 	 Vector = 0x0000000F
[    8.094613] Interrupt Taken: 	 Vector = 0x0000000F
[    8.094711] Interrupt Served: 	 Vector = 0x0000000F
[    8.097933] Interrupt Taken: 	 Vector = 0x0000000F
[    8.098009] Interrupt Served: 	 Vector = 0x0000000F
[    8.101475] Interrupt Taken: 	 Vector = 0x0000000F
[    8.101542] Interrupt Served: 	 Vector = 0x0000000F
[    8.104823] Interrupt Taken: 	 Vector = 0x0000000F
[    8.104926] Interrupt Served: 	 Vector = 0x0000000F
[    8.108191] Interrupt Taken: 	 Vector = 0x0000000F
[    8.108268] Interrupt Served: 	 Vector = 0x0000000F
[    8.111546] Interrupt Taken: 	 Vector = 0x0000000F
[    8.111625] Interrupt Served: 	 Vector = 0x0000000F
[    8.114859] Interrupt Taken: 	 Vector = 0x0000000F
[    8.114921] Interrupt Served: 	 Vector = 0x0000000F
[    8.118270] Interrupt Taken: 	 Vector = 0x0000000F
[    8.118381] Interrupt Served: 	 Vector = 0x0000000F
[    8.121628] Interrupt Taken: 	 Vector = 0x0000000F
[    8.121732] Interrupt Served: 	 Vector = 0x0000000F
[    8.124956] Interrupt Taken: 	 Vector = 0x0000000F
[    8.125055] Interrupt Served: 	 Vector = 0x0000000F
[    8.128318] Interrupt Taken: 	 Vector = 0x0000000F
[    8.128429] Interrupt Served: 	 Vector = 0x0000000F
[    8.131929] Interrupt Taken: 	 Vector = 0x0000000F
[    8.132019] Interrupt Served: 	 Vector = 0x0000000F
[    8.135528] Interrupt Taken: 	 Vector = 0x0000000F
[    8.135613] Interrupt Served: 	 Vector = 0x0000000F
[    8.138799] Interrupt Taken: 	 Vector = 0x0000000F
[    8.138898] Interrupt Served: 	 Vector = 0x0000000F
[    8.142117] Interrupt Taken: 	 Vector = 0x0000000F
[    8.142223] Interrupt Served: 	 Vector = 0x0000000F
[    8.145419] Interrupt Taken: 	 Vector = 0x0000000F
[    8.145515] Interrupt Served: 	 Vector = 0x0000000F
[    8.148603] Interrupt Taken: 	 Vector = 0x0000000F
[    8.148660] Interrupt Served: 	 Vector = 0x0000000F
[    8.151917] Interrupt Taken: 	 Vector = 0x0000000F
[    8.151999] Interrupt Served: 	 Vector = 0x0000000F
[    8.155293] Interrupt Taken: 	 Vector = 0x0000000F
[    8.155408] Interrupt Served: 	 Vector = 0x0000000F
[    8.158841] Interrupt Taken: 	 Vector = 0x0000000F
[    8.158943] Interrupt Served: 	 Vector = 0x0000000F
[    8.162093] Interrupt Taken: 	 Vector = 0x0000000F
[    8.162165] Interrupt Served: 	 Vector = 0x0000000F
[    8.165527] Interrupt Taken: 	 Vector = 0x0000000F
[    8.165607] Interrupt Served: 	 Vector = 0x0000000F
[    8.168945] Interrupt Taken: 	 Vector = 0x0000000F
[    8.169037] Interrupt Served: 	 Vector = 0x0000000F
[    8.172308] Interrupt Taken: 	 Vector = 0x0000000F
[    8.172422] Interrupt Served: 	 Vector = 0x0000000F
[    8.175769] Interrupt Taken: 	 Vector = 0x0000000F
[    8.175871] Interrupt Served: 	 Vector = 0x0000000F
[    8.178951] Interrupt Taken: 	 Vector = 0x0000000F
[    8.179038] Interrupt Served: 	 Vector = 0x0000000F
[    8.182291] Interrupt Taken: 	 Vector = 0x0000000F
[    8.182375] Interrupt Served: 	 Vector = 0x0000000F
[    8.185690] Interrupt Taken: 	 Vector = 0x0000000F
[    8.185780] Interrupt Served: 	 Vector = 0x0000000F
[    8.189131] Interrupt Taken: 	 Vector = 0x0000000F
[    8.189213] Interrupt Served: 	 Vector = 0x0000000F
[    8.192582] Interrupt Taken: 	 Vector = 0x0000000F
[    8.192666] Interrupt Served: 	 Vector = 0x0000000F
[    8.195889] Interrupt Taken: 	 Vector = 0x0000000F
[    8.195961] Interrupt Served: 	 Vector = 0x0000000F
[    8.199454] Interrupt Taken: 	 Vector = 0x0000000F
[    8.199548] Interrupt Served: 	 Vector = 0x0000000F
[    8.202976] Interrupt Taken: 	 Vector = 0x0000000F
[    8.203055] Interrupt Served: 	 Vector = 0x0000000F
[    8.206187] Interrupt Taken: 	 Vector = 0x0000000F
[    8.206378] Interrupt Served: 	 Vector = 0x0000000F
[    8.209230] Interrupt Taken: 	 Vector = 0x0000000F
[    8.209321] Interrupt Served: 	 Vector = 0x0000000F
[    8.212478] Interrupt Taken: 	 Vector = 0x0000000F
[    8.212554] Interrupt Served: 	 Vector = 0x0000000F
[    8.215903] Interrupt Taken: 	 Vector = 0x0000000F
[    8.215983] Interrupt Served: 	 Vector = 0x0000000F
[    8.219482] Interrupt Taken: 	 Vector = 0x0000000F
[    8.219616] Interrupt Served: 	 Vector = 0x0000000F
[    8.222562] Interrupt Taken: 	 Vector = 0x0000000F
[    8.222650] Interrupt Served: 	 Vector = 0x0000000F
[    8.225955] Interrupt Taken: 	 Vector = 0x0000000F
[    8.226080] Interrupt Served: 	 Vector = 0x0000000F
[    8.229370] Interrupt Taken: 	 Vector = 0x0000000F
[    8.229538] Interrupt Served: 	 Vector = 0x0000000F
[    8.232565] Interrupt Taken: 	 Vector = 0x0000000F
[    8.232637] Interrupt Served: 	 Vector = 0x0000000F
[    8.236421] Interrupt Taken: 	 Vector = 0x0000000F
[    8.236494] Interrupt Served: 	 Vector = 0x0000000F
[    8.239724] Interrupt Taken: 	 Vector = 0x0000000F
[    8.239843] Interrupt Served: 	 Vector = 0x0000000F
[    8.242962] Interrupt Taken: 	 Vector = 0x0000000F
[    8.243065] Interrupt Served: 	 Vector = 0x0000000F
[    8.246400] Interrupt Taken: 	 Vector = 0x0000000F
[    8.246472] Interrupt Served: 	 Vector = 0x0000000F
[    8.249927] Interrupt Taken: 	 Vector = 0x0000000F
[    8.250014] Interrupt Served: 	 Vector = 0x0000000F
[    8.253433] Interrupt Taken: 	 Vector = 0x0000000F
[    8.253548] Interrupt Served: 	 Vector = 0x0000000F
[    8.256971] Interrupt Taken: 	 Vector = 0x0000000F
[    8.257062] Interrupt Served: 	 Vector = 0x0000000F
[    8.260264] Interrupt Taken: 	 Vector = 0x0000000F
[    8.260392] Interrupt Served: 	 Vector = 0x0000000F
[    8.263672] Interrupt Taken: 	 Vector = 0x0000000F
[    8.263812] Interrupt Served: 	 Vector = 0x0000000F
[    8.266933] Interrupt Taken: 	 Vector = 0x0000000F
[    8.267010] Interrupt Served: 	 Vector = 0x0000000F
[    8.270716] Interrupt Taken: 	 Vector = 0x0000000F
[    8.270812] Interrupt Served: 	 Vector = 0x0000000F
[    8.274070] Interrupt Taken: 	 Vector = 0x0000000F
[    8.274175] Interrupt Served: 	 Vector = 0x0000000F
[    8.277429] Interrupt Taken: 	 Vector = 0x0000000F
[    8.277520] Interrupt Served: 	 Vector = 0x0000000F
[    8.281045] Interrupt Taken: 	 Vector = 0x0000000F
[    8.281126] Interrupt Served: 	 Vector = 0x0000000F
[    8.284296] Interrupt Taken: 	 Vector = 0x0000000F
[    8.284409] Interrupt Served: 	 Vector = 0x0000000F
[    8.287678] Interrupt Taken: 	 Vector = 0x0000000F
[    8.287767] Interrupt Served: 	 Vector = 0x0000000F
[    8.290983] Interrupt Taken: 	 Vector = 0x0000000F
[    8.291082] Interrupt Served: 	 Vector = 0x0000000F
[    8.294123] Interrupt Taken: 	 Vector = 0x0000000F
[    8.294274] Interrupt Served: 	 Vector = 0x0000000F
[    8.297265] Interrupt Taken: 	 Vector = 0x0000000F
[    8.297377] Interrupt Served: 	 Vector = 0x0000000F
[    8.300744] Interrupt Taken: 	 Vector = 0x0000000F
[    8.300836] Interrupt Served: 	 Vector = 0x0000000F
[    8.304061] Interrupt Taken: 	 Vector = 0x0000000F
[    8.304154] Interrupt Served: 	 Vector = 0x0000000F
[    8.307605] Interrupt Taken: 	 Vector = 0x0000000F
[    8.307681] Interrupt Served: 	 Vector = 0x0000000F
[    8.310882] [passthrough] Read: 	 address = 0x58020414, size = 4 bytes, value = 0x00000000, pc=0x08001604 
[    8.311421] Interrupt Taken: 	 Vector = 0x0000000F
[    8.311496] Interrupt Served: 	 Vector = 0x0000000F
[    8.314732] [passthrough] Write: 	 address = 0x58020418, size = 4 bytes, value = 0x00000001, pc=0x0800161C 
[    8.315906] Interrupt Taken: 	 Vector = 0x0000000F
[    8.315958] Interrupt Served: 	 Vector = 0x0000000F
[    8.319351] Interrupt Taken: 	 Vector = 0x0000000F
[    8.319441] Interrupt Served: 	 Vector = 0x0000000F
[    8.322498] Interrupt Taken: 	 Vector = 0x0000000F
[    8.322570] Interrupt Served: 	 Vector = 0x0000000F
[    8.325784] Interrupt Taken: 	 Vector = 0x0000000F
[    8.325948] Interrupt Served: 	 Vector = 0x0000000F
[    8.328765] Interrupt Taken: 	 Vector = 0x0000000F
[    8.328881] Interrupt Served: 	 Vector = 0x0000000F
[    8.332232] Interrupt Taken: 	 Vector = 0x0000000F
[    8.332296] Interrupt Served: 	 Vector = 0x0000000F
[    8.335654] Interrupt Taken: 	 Vector = 0x0000000F
[    8.335725] Interrupt Served: 	 Vector = 0x0000000F
[    8.338940] Interrupt Taken: 	 Vector = 0x0000000F
[    8.339034] Interrupt Served: 	 Vector = 0x0000000F
[    8.342265] Interrupt Taken: 	 Vector = 0x0000000F
[    8.342372] Interrupt Served: 	 Vector = 0x0000000F
[    8.345625] Interrupt Taken: 	 Vector = 0x0000000F
[    8.345702] Interrupt Served: 	 Vector = 0x0000000F
[    8.349284] Interrupt Taken: 	 Vector = 0x0000000F
[    8.349363] Interrupt Served: 	 Vector = 0x0000000F
[    8.352604] Interrupt Taken: 	 Vector = 0x0000000F
[    8.352688] Interrupt Served: 	 Vector = 0x0000000F
[    8.355729] Interrupt Taken: 	 Vector = 0x0000000F
[    8.355833] Interrupt Served: 	 Vector = 0x0000000F
[    8.359454] Interrupt Taken: 	 Vector = 0x0000000F
[    8.359572] Interrupt Served: 	 Vector = 0x0000000F
[    8.362808] Interrupt Taken: 	 Vector = 0x0000000F
[    8.362874] Interrupt Served: 	 Vector = 0x0000000F
[    8.366106] Interrupt Taken: 	 Vector = 0x0000000F
[    8.366168] Interrupt Served: 	 Vector = 0x0000000F
[    8.369501] Interrupt Taken: 	 Vector = 0x0000000F
[    8.369588] Interrupt Served: 	 Vector = 0x0000000F
[    8.372752] Interrupt Taken: 	 Vector = 0x0000000F
[    8.373000] Interrupt Served: 	 Vector = 0x0000000F
[    8.376320] Interrupt Taken: 	 Vector = 0x0000000F
[    8.376486] Interrupt Served: 	 Vector = 0x0000000F
[    8.380008] Interrupt Taken: 	 Vector = 0x0000000F
[    8.380070] Interrupt Served: 	 Vector = 0x0000000F
[    8.383423] Interrupt Taken: 	 Vector = 0x0000000F
[    8.383481] Interrupt Served: 	 Vector = 0x0000000F
[    8.386761] Interrupt Taken: 	 Vector = 0x0000000F
[    8.386872] Interrupt Served: 	 Vector = 0x0000000F
[    8.390143] Interrupt Taken: 	 Vector = 0x0000000F
[    8.390227] Interrupt Served: 	 Vector = 0x0000000F
[    8.393448] Interrupt Taken: 	 Vector = 0x0000000F
[    8.393539] Interrupt Served: 	 Vector = 0x0000000F
[    8.396672] Interrupt Taken: 	 Vector = 0x0000000F
[    8.396736] Interrupt Served: 	 Vector = 0x0000000F
[    8.400359] Interrupt Taken: 	 Vector = 0x0000000F
[    8.400441] Interrupt Served: 	 Vector = 0x0000000F
[    8.403770] Interrupt Taken: 	 Vector = 0x0000000F
[    8.403866] Interrupt Served: 	 Vector = 0x0000000F
[    8.407080] Interrupt Taken: 	 Vector = 0x0000000F
[    8.407220] Interrupt Served: 	 Vector = 0x0000000F
[    8.410520] Interrupt Taken: 	 Vector = 0x0000000F
[    8.410615] Interrupt Served: 	 Vector = 0x0000000F
[    8.414053] Interrupt Taken: 	 Vector = 0x0000000F
[    8.414131] Interrupt Served: 	 Vector = 0x0000000F
[    8.417455] Interrupt Taken: 	 Vector = 0x0000000F
[    8.417531] Interrupt Served: 	 Vector = 0x0000000F
[    8.420770] Interrupt Taken: 	 Vector = 0x0000000F
[    8.420864] Interrupt Served: 	 Vector = 0x0000000F
[    8.424403] Interrupt Taken: 	 Vector = 0x0000000F
[    8.424481] Interrupt Served: 	 Vector = 0x0000000F
[    8.427660] Interrupt Taken: 	 Vector = 0x0000000F
[    8.427743] Interrupt Served: 	 Vector = 0x0000000F
[    8.431106] Interrupt Taken: 	 Vector = 0x0000000F
[    8.431176] Interrupt Served: 	 Vector = 0x0000000F
[    8.434236] Interrupt Taken: 	 Vector = 0x0000000F
[    8.434315] Interrupt Served: 	 Vector = 0x0000000F
[    8.437714] Interrupt Taken: 	 Vector = 0x0000000F
[    8.437807] Interrupt Served: 	 Vector = 0x0000000F
[    8.440926] Interrupt Taken: 	 Vector = 0x0000000F
[    8.441034] Interrupt Served: 	 Vector = 0x0000000F
[    8.444317] Interrupt Taken: 	 Vector = 0x0000000F
[    8.444516] Interrupt Served: 	 Vector = 0x0000000F
[    8.447186] Interrupt Taken: 	 Vector = 0x0000000F
[    8.447254] Interrupt Served: 	 Vector = 0x0000000F
[    8.450491] Interrupt Taken: 	 Vector = 0x0000000F
[    8.450563] Interrupt Served: 	 Vector = 0x0000000F
[    8.454012] Interrupt Taken: 	 Vector = 0x0000000F
[    8.454102] Interrupt Served: 	 Vector = 0x0000000F
[    8.457450] Interrupt Taken: 	 Vector = 0x0000000F
[    8.457604] Interrupt Served: 	 Vector = 0x0000000F
[    8.461126] Interrupt Taken: 	 Vector = 0x0000000F
[    8.461208] Interrupt Served: 	 Vector = 0x0000000F
[    8.464560] Interrupt Taken: 	 Vector = 0x0000000F
[    8.464624] Interrupt Served: 	 Vector = 0x0000000F
[    8.467851] Interrupt Taken: 	 Vector = 0x0000000F
[    8.467913] Interrupt Served: 	 Vector = 0x0000000F
[    8.471357] Interrupt Taken: 	 Vector = 0x0000000F
[    8.471466] Interrupt Served: 	 Vector = 0x0000000F
[    8.474591] Interrupt Taken: 	 Vector = 0x0000000F
[    8.474676] Interrupt Served: 	 Vector = 0x0000000F
[    8.477804] Interrupt Taken: 	 Vector = 0x0000000F
[    8.477942] Interrupt Served: 	 Vector = 0x0000000F
[    8.481294] Interrupt Taken: 	 Vector = 0x0000000F
[    8.481384] Interrupt Served: 	 Vector = 0x0000000F
[    8.484536] Interrupt Taken: 	 Vector = 0x0000000F
[    8.484615] Interrupt Served: 	 Vector = 0x0000000F
[    8.487826] Interrupt Taken: 	 Vector = 0x0000000F
[    8.487929] Interrupt Served: 	 Vector = 0x0000000F
[    8.491379] Interrupt Taken: 	 Vector = 0x0000000F
[    8.491472] Interrupt Served: 	 Vector = 0x0000000F
[    8.494651] Interrupt Taken: 	 Vector = 0x0000000F
[    8.494742] Interrupt Served: 	 Vector = 0x0000000F
[    8.498077] Interrupt Taken: 	 Vector = 0x0000000F
[    8.498147] Interrupt Served: 	 Vector = 0x0000000F
[    8.501176] Interrupt Taken: 	 Vector = 0x0000000F
[    8.501244] Interrupt Served: 	 Vector = 0x0000000F
[    8.504564] Interrupt Taken: 	 Vector = 0x0000000F
[    8.504688] Interrupt Served: 	 Vector = 0x0000000F
[    8.507818] Interrupt Taken: 	 Vector = 0x0000000F
[    8.507916] Interrupt Served: 	 Vector = 0x0000000F
[    8.511051] Interrupt Taken: 	 Vector = 0x0000000F
[    8.511138] Interrupt Served: 	 Vector = 0x0000000F
[    8.514273] Interrupt Taken: 	 Vector = 0x0000000F
[    8.514383] Interrupt Served: 	 Vector = 0x0000000F
[    8.517550] Interrupt Taken: 	 Vector = 0x0000000F
[    8.517642] Interrupt Served: 	 Vector = 0x0000000F
[    8.521166] Interrupt Taken: 	 Vector = 0x0000000F
[    8.521288] Interrupt Served: 	 Vector = 0x0000000F
[    8.524787] Interrupt Taken: 	 Vector = 0x0000000F
[    8.524886] Interrupt Served: 	 Vector = 0x0000000F
[    8.527974] Interrupt Taken: 	 Vector = 0x0000000F
[    8.528066] Interrupt Served: 	 Vector = 0x0000000F
[    8.531259] Interrupt Taken: 	 Vector = 0x0000000F
[    8.531351] Interrupt Served: 	 Vector = 0x0000000F
[    8.534562] Interrupt Taken: 	 Vector = 0x0000000F
[    8.534631] Interrupt Served: 	 Vector = 0x0000000F
[    8.537864] Interrupt Taken: 	 Vector = 0x0000000F
[    8.537971] Interrupt Served: 	 Vector = 0x0000000F
[    8.541111] Interrupt Taken: 	 Vector = 0x0000000F
[    8.541194] Interrupt Served: 	 Vector = 0x0000000F
[    8.544620] Interrupt Taken: 	 Vector = 0x0000000F
[    8.544723] Interrupt Served: 	 Vector = 0x0000000F
[    8.547960] Interrupt Taken: 	 Vector = 0x0000000F
[    8.548037] Interrupt Served: 	 Vector = 0x0000000F
[    8.551196] Interrupt Taken: 	 Vector = 0x0000000F
[    8.551288] Interrupt Served: 	 Vector = 0x0000000F
[    8.554495] Interrupt Taken: 	 Vector = 0x0000000F
[    8.554582] Interrupt Served: 	 Vector = 0x0000000F
[    8.557787] Interrupt Taken: 	 Vector = 0x0000000F
[    8.558302] Interrupt Served: 	 Vector = 0x0000000F
[    8.561254] Interrupt Taken: 	 Vector = 0x0000000F
[    8.561381] Interrupt Served: 	 Vector = 0x0000000F
[    8.564993] Interrupt Taken: 	 Vector = 0x0000000F
[    8.565051] Interrupt Served: 	 Vector = 0x0000000F
[    8.568465] Interrupt Taken: 	 Vector = 0x0000000F
[    8.568541] Interrupt Served: 	 Vector = 0x0000000F
[    8.571854] Interrupt Taken: 	 Vector = 0x0000000F
[    8.571934] Interrupt Served: 	 Vector = 0x0000000F
[    8.575192] Interrupt Taken: 	 Vector = 0x0000000F
[    8.575301] Interrupt Served: 	 Vector = 0x0000000F
[    8.578650] Interrupt Taken: 	 Vector = 0x0000000F
[    8.578727] Interrupt Served: 	 Vector = 0x0000000F
[    8.582354] Interrupt Taken: 	 Vector = 0x0000000F
[    8.582417] Interrupt Served: 	 Vector = 0x0000000F
[    8.585578] Interrupt Taken: 	 Vector = 0x0000000F
[    8.585749] Interrupt Served: 	 Vector = 0x0000000F
[    8.588690] Interrupt Taken: 	 Vector = 0x0000000F
[    8.588779] Interrupt Served: 	 Vector = 0x0000000F
[    8.592382] Interrupt Taken: 	 Vector = 0x0000000F
[    8.592501] Interrupt Served: 	 Vector = 0x0000000F
[    8.595504] Interrupt Taken: 	 Vector = 0x0000000F
[    8.595643] Interrupt Served: 	 Vector = 0x0000000F
[    8.598499] Interrupt Taken: 	 Vector = 0x0000000F
[    8.598571] Interrupt Served: 	 Vector = 0x0000000F
[    8.601759] Interrupt Taken: 	 Vector = 0x0000000F
[    8.601857] Interrupt Served: 	 Vector = 0x0000000F
[    8.605313] Interrupt Taken: 	 Vector = 0x0000000F
[    8.605412] Interrupt Served: 	 Vector = 0x0000000F
[    8.608926] Interrupt Taken: 	 Vector = 0x0000000F
[    8.609070] Interrupt Served: 	 Vector = 0x0000000F
[    8.612444] Interrupt Taken: 	 Vector = 0x0000000F
[    8.612521] Interrupt Served: 	 Vector = 0x0000000F
[    8.615661] Interrupt Taken: 	 Vector = 0x0000000F
[    8.615730] Interrupt Served: 	 Vector = 0x0000000F
[    8.618981] Interrupt Taken: 	 Vector = 0x0000000F
[    8.619058] Interrupt Served: 	 Vector = 0x0000000F
[    8.622493] Interrupt Taken: 	 Vector = 0x0000000F
[    8.622603] Interrupt Served: 	 Vector = 0x0000000F
[    8.625984] Interrupt Taken: 	 Vector = 0x0000000F
[    8.626150] Interrupt Served: 	 Vector = 0x0000000F
[    8.629004] Interrupt Taken: 	 Vector = 0x0000000F
[    8.629106] Interrupt Served: 	 Vector = 0x0000000F
[    8.632717] Interrupt Taken: 	 Vector = 0x0000000F
[    8.632786] Interrupt Served: 	 Vector = 0x0000000F
[    8.636169] Interrupt Taken: 	 Vector = 0x0000000F
[    8.636238] Interrupt Served: 	 Vector = 0x0000000F
[    8.639384] Interrupt Taken: 	 Vector = 0x0000000F
[    8.639464] Interrupt Served: 	 Vector = 0x0000000F
[    8.642848] Interrupt Taken: 	 Vector = 0x0000000F
[    8.642965] Interrupt Served: 	 Vector = 0x0000000F
[    8.646052] Interrupt Taken: 	 Vector = 0x0000000F
[    8.646127] Interrupt Served: 	 Vector = 0x0000000F
[    8.649143] Interrupt Taken: 	 Vector = 0x0000000F
[    8.649207] Interrupt Served: 	 Vector = 0x0000000F
[    8.652524] Interrupt Taken: 	 Vector = 0x0000000F
[    8.652629] Interrupt Served: 	 Vector = 0x0000000F
[    8.655868] Interrupt Taken: 	 Vector = 0x0000000F
[    8.655973] Interrupt Served: 	 Vector = 0x0000000F
[    8.659201] Interrupt Taken: 	 Vector = 0x0000000F
[    8.659317] Interrupt Served: 	 Vector = 0x0000000F
[    8.662511] Interrupt Taken: 	 Vector = 0x0000000F
[    8.662578] Interrupt Served: 	 Vector = 0x0000000F
[    8.665945] Interrupt Taken: 	 Vector = 0x0000000F
[    8.666013] Interrupt Served: 	 Vector = 0x0000000F
[    8.669274] Interrupt Taken: 	 Vector = 0x0000000F
[    8.669388] Interrupt Served: 	 Vector = 0x0000000F
[    8.672722] Interrupt Taken: 	 Vector = 0x0000000F
[    8.672820] Interrupt Served: 	 Vector = 0x0000000F
[    8.676064] Interrupt Taken: 	 Vector = 0x0000000F
[    8.676171] Interrupt Served: 	 Vector = 0x0000000F
[    8.679195] Interrupt Taken: 	 Vector = 0x0000000F
[    8.679291] Interrupt Served: 	 Vector = 0x0000000F
[    8.682576] Interrupt Taken: 	 Vector = 0x0000000F
[    8.682641] Interrupt Served: 	 Vector = 0x0000000F
[    8.686039] Interrupt Taken: 	 Vector = 0x0000000F
[    8.686136] Interrupt Served: 	 Vector = 0x0000000F
[    8.689370] Interrupt Taken: 	 Vector = 0x0000000F
[    8.689466] Interrupt Served: 	 Vector = 0x0000000F
[    8.692757] Interrupt Taken: 	 Vector = 0x0000000F
[    8.692878] Interrupt Served: 	 Vector = 0x0000000F
[    8.696064] Interrupt Taken: 	 Vector = 0x0000000F
[    8.696149] Interrupt Served: 	 Vector = 0x0000000F
[    8.699832] Interrupt Taken: 	 Vector = 0x0000000F
[    8.699910] Interrupt Served: 	 Vector = 0x0000000F
[    8.703284] Interrupt Taken: 	 Vector = 0x0000000F
[    8.703406] Interrupt Served: 	 Vector = 0x0000000F
[    8.706546] Interrupt Taken: 	 Vector = 0x0000000F
[    8.706638] Interrupt Served: 	 Vector = 0x0000000F
[    8.709956] Interrupt Taken: 	 Vector = 0x0000000F
[    8.710091] Interrupt Served: 	 Vector = 0x0000000F
[    8.713298] Interrupt Taken: 	 Vector = 0x0000000F
[    8.713423] Interrupt Served: 	 Vector = 0x0000000F
[    8.716742] Interrupt Taken: 	 Vector = 0x0000000F
[    8.716820] Interrupt Served: 	 Vector = 0x0000000F
[    8.720235] Interrupt Taken: 	 Vector = 0x0000000F
[    8.720317] Interrupt Served: 	 Vector = 0x0000000F
[    8.723649] Interrupt Taken: 	 Vector = 0x0000000F
[    8.723735] Interrupt Served: 	 Vector = 0x0000000F
[    8.726850] Interrupt Taken: 	 Vector = 0x0000000F
[    8.726945] Interrupt Served: 	 Vector = 0x0000000F
[    8.730255] Interrupt Taken: 	 Vector = 0x0000000F
[    8.730360] Interrupt Served: 	 Vector = 0x0000000F
[    8.733704] Interrupt Taken: 	 Vector = 0x0000000F
[    8.733785] Interrupt Served: 	 Vector = 0x0000000F
[    8.737150] Interrupt Taken: 	 Vector = 0x0000000F
[    8.737240] Interrupt Served: 	 Vector = 0x0000000F
[    8.740384] Interrupt Taken: 	 Vector = 0x0000000F
[    8.740469] Interrupt Served: 	 Vector = 0x0000000F
[    8.743669] Interrupt Taken: 	 Vector = 0x0000000F
[    8.743762] Interrupt Served: 	 Vector = 0x0000000F
[    8.746970] Interrupt Taken: 	 Vector = 0x0000000F
[    8.747046] Interrupt Served: 	 Vector = 0x0000000F
[    8.750454] Interrupt Taken: 	 Vector = 0x0000000F
[    8.750518] Interrupt Served: 	 Vector = 0x0000000F
[    8.753827] Interrupt Taken: 	 Vector = 0x0000000F
[    8.753922] Interrupt Served: 	 Vector = 0x0000000F
[    8.756994] Interrupt Taken: 	 Vector = 0x0000000F
[    8.757131] Interrupt Served: 	 Vector = 0x0000000F
[    8.759982] Interrupt Taken: 	 Vector = 0x0000000F
[    8.760120] Interrupt Served: 	 Vector = 0x0000000F
[    8.763403] Interrupt Taken: 	 Vector = 0x0000000F
[    8.763490] Interrupt Served: 	 Vector = 0x0000000F
[    8.766745] Interrupt Taken: 	 Vector = 0x0000000F
[    8.766820] Interrupt Served: 	 Vector = 0x0000000F
[    8.770360] Interrupt Taken: 	 Vector = 0x0000000F
[    8.770556] Interrupt Served: 	 Vector = 0x0000000F
[    8.773505] Interrupt Taken: 	 Vector = 0x0000000F
[    8.773605] Interrupt Served: 	 Vector = 0x0000000F
[    8.777002] Interrupt Taken: 	 Vector = 0x0000000F
[    8.777094] Interrupt Served: 	 Vector = 0x0000000F
[    8.780240] Interrupt Taken: 	 Vector = 0x0000000F
[    8.780305] Interrupt Served: 	 Vector = 0x0000000F
[    8.783522] Interrupt Taken: 	 Vector = 0x0000000F
[    8.783616] Interrupt Served: 	 Vector = 0x0000000F
[    8.786884] Interrupt Taken: 	 Vector = 0x0000000F
[    8.786974] Interrupt Served: 	 Vector = 0x0000000F
[    8.790299] Interrupt Taken: 	 Vector = 0x0000000F
[    8.790411] Interrupt Served: 	 Vector = 0x0000000F
[    8.793579] Interrupt Taken: 	 Vector = 0x0000000F
[    8.793756] Interrupt Served: 	 Vector = 0x0000000F
[    8.796752] Interrupt Taken: 	 Vector = 0x0000000F
[    8.796827] Interrupt Served: 	 Vector = 0x0000000F
[    8.800220] Interrupt Taken: 	 Vector = 0x0000000F
[    8.800298] Interrupt Served: 	 Vector = 0x0000000F
[    8.803668] Interrupt Taken: 	 Vector = 0x0000000F
[    8.803757] Interrupt Served: 	 Vector = 0x0000000F
[    8.806947] Interrupt Taken: 	 Vector = 0x0000000F
[    8.807091] Interrupt Served: 	 Vector = 0x0000000F
[    8.809925] Interrupt Taken: 	 Vector = 0x0000000F
[    8.810031] Interrupt Served: 	 Vector = 0x0000000F
[    8.813394] Interrupt Taken: 	 Vector = 0x0000000F
[    8.813494] Interrupt Served: 	 Vector = 0x0000000F
[    8.816801] Interrupt Taken: 	 Vector = 0x0000000F
[    8.816863] Interrupt Served: 	 Vector = 0x0000000F
[    8.820153] Interrupt Taken: 	 Vector = 0x0000000F
[    8.820247] Interrupt Served: 	 Vector = 0x0000000F
[    8.823344] Interrupt Taken: 	 Vector = 0x0000000F
[    8.823434] Interrupt Served: 	 Vector = 0x0000000F
[    8.826879] Interrupt Taken: 	 Vector = 0x0000000F
[    8.826968] Interrupt Served: 	 Vector = 0x0000000F
[    8.830397] Interrupt Taken: 	 Vector = 0x0000000F
[    8.830462] Interrupt Served: 	 Vector = 0x0000000F
[    8.833627] Interrupt Taken: 	 Vector = 0x0000000F
[    8.833685] Interrupt Served: 	 Vector = 0x0000000F
[    8.837005] Interrupt Taken: 	 Vector = 0x0000000F
[    8.837140] Interrupt Served: 	 Vector = 0x0000000F
[    8.839878] Interrupt Taken: 	 Vector = 0x0000000F
[    8.839966] Interrupt Served: 	 Vector = 0x0000000F
[    8.843115] Interrupt Taken: 	 Vector = 0x0000000F
[    8.843268] Interrupt Served: 	 Vector = 0x0000000F
[    8.846129] Interrupt Taken: 	 Vector = 0x0000000F
[    8.846219] Interrupt Served: 	 Vector = 0x0000000F
[    8.849483] Interrupt Taken: 	 Vector = 0x0000000F
[    8.849565] Interrupt Served: 	 Vector = 0x0000000F
[    8.852843] Interrupt Taken: 	 Vector = 0x0000000F
[    8.852912] Interrupt Served: 	 Vector = 0x0000000F
[    8.856493] Interrupt Taken: 	 Vector = 0x0000000F
[    8.856669] Interrupt Served: 	 Vector = 0x0000000F
[    8.859548] Interrupt Taken: 	 Vector = 0x0000000F
[    8.859664] Interrupt Served: 	 Vector = 0x0000000F
[    8.863028] Interrupt Taken: 	 Vector = 0x0000000F
[    8.863102] Interrupt Served: 	 Vector = 0x0000000F
[    8.866222] Interrupt Taken: 	 Vector = 0x0000000F
[    8.866286] Interrupt Served: 	 Vector = 0x0000000F
[    8.869429] Interrupt Taken: 	 Vector = 0x0000000F
[    8.869507] Interrupt Served: 	 Vector = 0x0000000F
[    8.872990] Interrupt Taken: 	 Vector = 0x0000000F
[    8.873077] Interrupt Served: 	 Vector = 0x0000000F
[    8.876386] Interrupt Taken: 	 Vector = 0x0000000F
[    8.876491] Interrupt Served: 	 Vector = 0x0000000F
[    8.879942] Interrupt Taken: 	 Vector = 0x0000000F
[    8.880023] Interrupt Served: 	 Vector = 0x0000000F
[    8.883235] Interrupt Taken: 	 Vector = 0x0000000F
[    8.883317] Interrupt Served: 	 Vector = 0x0000000F
[    8.886718] Interrupt Taken: 	 Vector = 0x0000000F
[    8.886805] Interrupt Served: 	 Vector = 0x0000000F
[    8.889872] Interrupt Taken: 	 Vector = 0x0000000F
[    8.889957] Interrupt Served: 	 Vector = 0x0000000F
[    8.893202] Interrupt Taken: 	 Vector = 0x0000000F
[    8.893299] Interrupt Served: 	 Vector = 0x0000000F
[    8.896679] Interrupt Taken: 	 Vector = 0x0000000F
[    8.896752] Interrupt Served: 	 Vector = 0x0000000F
[    8.900033] Interrupt Taken: 	 Vector = 0x0000000F
[    8.900095] Interrupt Served: 	 Vector = 0x0000000F
[    8.903516] Interrupt Taken: 	 Vector = 0x0000000F
[    8.903603] Interrupt Served: 	 Vector = 0x0000000F
[    8.906883] Interrupt Taken: 	 Vector = 0x0000000F
[    8.906972] Interrupt Served: 	 Vector = 0x0000000F
[    8.910720] Interrupt Taken: 	 Vector = 0x0000000F
[    8.910825] Interrupt Served: 	 Vector = 0x0000000F
[    8.914166] Interrupt Taken: 	 Vector = 0x0000000F
[    8.914240] Interrupt Served: 	 Vector = 0x0000000F
[    8.917513] Interrupt Taken: 	 Vector = 0x0000000F
[    8.917602] Interrupt Served: 	 Vector = 0x0000000F
[    8.920799] Interrupt Taken: 	 Vector = 0x0000000F
[    8.920940] Interrupt Served: 	 Vector = 0x0000000F
[    8.923787] Interrupt Taken: 	 Vector = 0x0000000F
[    8.923951] Interrupt Served: 	 Vector = 0x0000000F
[    8.927221] Interrupt Taken: 	 Vector = 0x0000000F
[    8.927384] Interrupt Served: 	 Vector = 0x0000000F
[    8.930724] Interrupt Taken: 	 Vector = 0x0000000F
[    8.930901] Interrupt Served: 	 Vector = 0x0000000F
[    8.933900] Interrupt Taken: 	 Vector = 0x0000000F
[    8.933985] Interrupt Served: 	 Vector = 0x0000000F
[    8.937532] Interrupt Taken: 	 Vector = 0x0000000F
[    8.937613] Interrupt Served: 	 Vector = 0x0000000F
[    8.940795] Interrupt Taken: 	 Vector = 0x0000000F
[    8.940863] Interrupt Served: 	 Vector = 0x0000000F
[    8.944152] Interrupt Taken: 	 Vector = 0x0000000F
[    8.944346] Interrupt Served: 	 Vector = 0x0000000F
[    8.947668] Interrupt Taken: 	 Vector = 0x0000000F
[    8.947744] Interrupt Served: 	 Vector = 0x0000000F
[    8.950995] Interrupt Taken: 	 Vector = 0x0000000F
[    8.951059] Interrupt Served: 	 Vector = 0x0000000F
[    8.954674] Interrupt Taken: 	 Vector = 0x0000000F
[    8.954776] Interrupt Served: 	 Vector = 0x0000000F
[    8.958041] Interrupt Taken: 	 Vector = 0x0000000F
[    8.958135] Interrupt Served: 	 Vector = 0x0000000F
[    8.961298] Interrupt Taken: 	 Vector = 0x0000000F
[    8.961426] Interrupt Served: 	 Vector = 0x0000000F
[    8.964585] Interrupt Taken: 	 Vector = 0x0000000F
[    8.964648] Interrupt Served: 	 Vector = 0x0000000F
[    8.968082] Interrupt Taken: 	 Vector = 0x0000000F
[    8.968145] Interrupt Served: 	 Vector = 0x0000000F
[    8.971564] Interrupt Taken: 	 Vector = 0x0000000F
[    8.971671] Interrupt Served: 	 Vector = 0x0000000F
[    8.974971] Interrupt Taken: 	 Vector = 0x0000000F
[    8.975050] Interrupt Served: 	 Vector = 0x0000000F
[    8.978365] Interrupt Taken: 	 Vector = 0x0000000F
[    8.978512] Interrupt Served: 	 Vector = 0x0000000F
[    8.981794] Interrupt Taken: 	 Vector = 0x0000000F
[    8.981874] Interrupt Served: 	 Vector = 0x0000000F
[    8.985357] Interrupt Taken: 	 Vector = 0x0000000F
[    8.985432] Interrupt Served: 	 Vector = 0x0000000F
[    8.988646] Interrupt Taken: 	 Vector = 0x0000000F
[    8.988776] Interrupt Served: 	 Vector = 0x0000000F
[    8.991760] Interrupt Taken: 	 Vector = 0x0000000F
[    8.991869] Interrupt Served: 	 Vector = 0x0000000F
[    8.994989] [passthrough] Read: 	 address = 0x58020414, size = 4 bytes, value = 0x00000001, pc=0x08001604 
[    8.995498] [passthrough] Write: 	 address = 0x58020418, size = 4 bytes, value = 0x00010000, pc=0x0800161C 
[    8.996280] Interrupt Taken: 	 Vector = 0x0000000F
[    8.996439] Interrupt Served: 	 Vector = 0x0000000F
[    8.999728] Interrupt Taken: 	 Vector = 0x0000000F
[    8.999796] Interrupt Served: 	 Vector = 0x0000000F
[    9.003139] Interrupt Taken: 	 Vector = 0x0000000F
[    9.003277] Interrupt Served: 	 Vector = 0x0000000F
[    9.006290] Interrupt Taken: 	 Vector = 0x0000000F
[    9.006400] Interrupt Served: 	 Vector = 0x0000000F
[    9.009750] Interrupt Taken: 	 Vector = 0x0000000F
[    9.009856] Interrupt Served: 	 Vector = 0x0000000F
[    9.013091] Interrupt Taken: 	 Vector = 0x0000000F
[    9.013169] Interrupt Served: 	 Vector = 0x0000000F
[    9.016628] Interrupt Taken: 	 Vector = 0x0000000F
[    9.016695] Interrupt Served: 	 Vector = 0x0000000F
[    9.020015] Interrupt Taken: 	 Vector = 0x0000000F
[    9.020434] Interrupt Served: 	 Vector = 0x0000000F
[    9.023722] Interrupt Taken: 	 Vector = 0x0000000F
[    9.023953] Interrupt Served: 	 Vector = 0x0000000F
[    9.026744] Interrupt Taken: 	 Vector = 0x0000000F
[    9.026839] Interrupt Served: 	 Vector = 0x0000000F
[    9.030295] Interrupt Taken: 	 Vector = 0x0000000F
[    9.030409] Interrupt Served: 	 Vector = 0x0000000F
[    9.033826] Interrupt Taken: 	 Vector = 0x0000000F
[    9.033894] Interrupt Served: 	 Vector = 0x0000000F
[    9.037350] Interrupt Taken: 	 Vector = 0x0000000F
[    9.037439] Interrupt Served: 	 Vector = 0x0000000F
[    9.040744] Interrupt Taken: 	 Vector = 0x0000000F
[    9.040845] Interrupt Served: 	 Vector = 0x0000000F
[    9.044602] Interrupt Taken: 	 Vector = 0x0000000F
[    9.044902] Interrupt Served: 	 Vector = 0x0000000F
[    9.047734] Interrupt Taken: 	 Vector = 0x0000000F
[    9.047832] Interrupt Served: 	 Vector = 0x0000000F
[    9.051079] Interrupt Taken: 	 Vector = 0x0000000F
[    9.051141] Interrupt Served: 	 Vector = 0x0000000F
[    9.054266] Interrupt Taken: 	 Vector = 0x0000000F
[    9.054412] Interrupt Served: 	 Vector = 0x0000000F
[    9.057793] Interrupt Taken: 	 Vector = 0x0000000F
[    9.057893] Interrupt Served: 	 Vector = 0x0000000F
[    9.061221] Interrupt Taken: 	 Vector = 0x0000000F
[    9.061358] Interrupt Served: 	 Vector = 0x0000000F
[    9.064777] Interrupt Taken: 	 Vector = 0x0000000F
[    9.064856] Interrupt Served: 	 Vector = 0x0000000F
[    9.068165] Interrupt Taken: 	 Vector = 0x0000000F
[    9.068227] Interrupt Served: 	 Vector = 0x0000000F
[    9.072254] Interrupt Taken: 	 Vector = 0x0000000F
[    9.072374] Interrupt Served: 	 Vector = 0x0000000F
[    9.075457] Interrupt Taken: 	 Vector = 0x0000000F
[    9.075600] Interrupt Served: 	 Vector = 0x0000000F
[    9.078448] Interrupt Taken: 	 Vector = 0x0000000F
[    9.078561] Interrupt Served: 	 Vector = 0x0000000F
[    9.082105] Interrupt Taken: 	 Vector = 0x0000000F
[    9.082177] Interrupt Served: 	 Vector = 0x0000000F
[    9.085540] Interrupt Taken: 	 Vector = 0x0000000F
[    9.085601] Interrupt Served: 	 Vector = 0x0000000F
[    9.088937] Interrupt Taken: 	 Vector = 0x0000000F
[    9.089028] Interrupt Served: 	 Vector = 0x0000000F
[    9.092210] Interrupt Taken: 	 Vector = 0x0000000F
[    9.092290] Interrupt Served: 	 Vector = 0x0000000F
[    9.095537] Interrupt Taken: 	 Vector = 0x0000000F
[    9.095610] Interrupt Served: 	 Vector = 0x0000000F
[    9.098994] Interrupt Taken: 	 Vector = 0x0000000F
[    9.099054] Interrupt Served: 	 Vector = 0x0000000F
[    9.102321] Interrupt Taken: 	 Vector = 0x0000000F
[    9.102419] Interrupt Served: 	 Vector = 0x0000000F
[    9.105767] Interrupt Taken: 	 Vector = 0x0000000F
[    9.105878] Interrupt Served: 	 Vector = 0x0000000F
[    9.109222] Interrupt Taken: 	 Vector = 0x0000000F
[    9.109345] Interrupt Served: 	 Vector = 0x0000000F
[    9.112562] Interrupt Taken: 	 Vector = 0x0000000F
[    9.112660] Interrupt Served: 	 Vector = 0x0000000F
[    9.115997] Interrupt Taken: 	 Vector = 0x0000000F
[    9.116078] Interrupt Served: 	 Vector = 0x0000000F
[    9.119300] Interrupt Taken: 	 Vector = 0x0000000F
[    9.119434] Interrupt Served: 	 Vector = 0x0000000F
[    9.122358] Interrupt Taken: 	 Vector = 0x0000000F
[    9.122452] Interrupt Served: 	 Vector = 0x0000000F
[    9.125529] Interrupt Taken: 	 Vector = 0x0000000F
[    9.125626] Interrupt Served: 	 Vector = 0x0000000F
[    9.128892] Interrupt Taken: 	 Vector = 0x0000000F
[    9.128989] Interrupt Served: 	 Vector = 0x0000000F
[    9.132370] Interrupt Taken: 	 Vector = 0x0000000F
[    9.132454] Interrupt Served: 	 Vector = 0x0000000F
[    9.135717] Interrupt Taken: 	 Vector = 0x0000000F
[    9.135781] Interrupt Served: 	 Vector = 0x0000000F
[    9.139117] Interrupt Taken: 	 Vector = 0x0000000F
[    9.139284] Interrupt Served: 	 Vector = 0x0000000F
[    9.142158] Interrupt Taken: 	 Vector = 0x0000000F
[    9.142273] Interrupt Served: 	 Vector = 0x0000000F
[    9.145620] Interrupt Taken: 	 Vector = 0x0000000F
[    9.145722] Interrupt Served: 	 Vector = 0x0000000F
[    9.149115] Interrupt Taken: 	 Vector = 0x0000000F
[    9.149182] Interrupt Served: 	 Vector = 0x0000000F
[    9.152304] Interrupt Taken: 	 Vector = 0x0000000F
[    9.152412] Interrupt Served: 	 Vector = 0x0000000F
[    9.155723] Interrupt Taken: 	 Vector = 0x0000000F
[    9.155820] Interrupt Served: 	 Vector = 0x0000000F
[    9.159081] Interrupt Taken: 	 Vector = 0x0000000F
[    9.159150] Interrupt Served: 	 Vector = 0x0000000F
[    9.162319] Interrupt Taken: 	 Vector = 0x0000000F
[    9.162474] Interrupt Served: 	 Vector = 0x0000000F
[    9.165934] Interrupt Taken: 	 Vector = 0x0000000F
[    9.166047] Interrupt Served: 	 Vector = 0x0000000F
[    9.169172] Interrupt Taken: 	 Vector = 0x0000000F
[    9.169237] Interrupt Served: 	 Vector = 0x0000000F
[    9.172474] Interrupt Taken: 	 Vector = 0x0000000F
[    9.172569] Interrupt Served: 	 Vector = 0x0000000F
[    9.175702] Interrupt Taken: 	 Vector = 0x0000000F
[    9.175806] Interrupt Served: 	 Vector = 0x0000000F
[    9.179017] Interrupt Taken: 	 Vector = 0x0000000F
[    9.179120] Interrupt Served: 	 Vector = 0x0000000F
[    9.182494] Interrupt Taken: 	 Vector = 0x0000000F
[    9.182577] Interrupt Served: 	 Vector = 0x0000000F
[    9.185897] Interrupt Taken: 	 Vector = 0x0000000F
[    9.185974] Interrupt Served: 	 Vector = 0x0000000F
[    9.189515] Interrupt Taken: 	 Vector = 0x0000000F
[    9.189615] Interrupt Served: 	 Vector = 0x0000000F
[    9.192790] Interrupt Taken: 	 Vector = 0x0000000F
[    9.192890] Interrupt Served: 	 Vector = 0x0000000F
[    9.196049] Interrupt Taken: 	 Vector = 0x0000000F
[    9.196126] Interrupt Served: 	 Vector = 0x0000000F
[    9.199539] Interrupt Taken: 	 Vector = 0x0000000F
[    9.199617] Interrupt Served: 	 Vector = 0x0000000F
[    9.202846] Interrupt Taken: 	 Vector = 0x0000000F
[    9.202913] Interrupt Served: 	 Vector = 0x0000000F
[    9.206282] Interrupt Taken: 	 Vector = 0x0000000F
[    9.206405] Interrupt Served: 	 Vector = 0x0000000F
[    9.209724] Interrupt Taken: 	 Vector = 0x0000000F
[    9.209827] Interrupt Served: 	 Vector = 0x0000000F
[    9.212978] Interrupt Taken: 	 Vector = 0x0000000F
[    9.213058] Interrupt Served: 	 Vector = 0x0000000F
[    9.216438] Interrupt Taken: 	 Vector = 0x0000000F
[    9.216530] Interrupt Served: 	 Vector = 0x0000000F
[    9.219445] Interrupt Taken: 	 Vector = 0x0000000F
[    9.219534] Interrupt Served: 	 Vector = 0x0000000F
[    9.222880] Interrupt Taken: 	 Vector = 0x0000000F
[    9.222978] Interrupt Served: 	 Vector = 0x0000000F
[    9.226160] Interrupt Taken: 	 Vector = 0x0000000F
[    9.226286] Interrupt Served: 	 Vector = 0x0000000F
[    9.230050] Interrupt Taken: 	 Vector = 0x0000000F
[    9.230129] Interrupt Served: 	 Vector = 0x0000000F
[    9.233361] Interrupt Taken: 	 Vector = 0x0000000F
[    9.233416] Interrupt Served: 	 Vector = 0x0000000F
[    9.236644] Interrupt Taken: 	 Vector = 0x0000000F
[    9.236710] Interrupt Served: 	 Vector = 0x0000000F
[    9.240095] Interrupt Taken: 	 Vector = 0x0000000F
[    9.240202] Interrupt Served: 	 Vector = 0x0000000F
[    9.243764] Interrupt Taken: 	 Vector = 0x0000000F
[    9.243873] Interrupt Served: 	 Vector = 0x0000000F
[    9.247070] Interrupt Taken: 	 Vector = 0x0000000F
[    9.247145] Interrupt Served: 	 Vector = 0x0000000F
[    9.250838] Interrupt Taken: 	 Vector = 0x0000000F
[    9.250919] Interrupt Served: 	 Vector = 0x0000000F
[    9.254358] Interrupt Taken: 	 Vector = 0x0000000F
[    9.254433] Interrupt Served: 	 Vector = 0x0000000F
[    9.257659] Interrupt Taken: 	 Vector = 0x0000000F
[    9.257735] Interrupt Served: 	 Vector = 0x0000000F
[    9.260939] Interrupt Taken: 	 Vector = 0x0000000F
[    9.261051] Interrupt Served: 	 Vector = 0x0000000F
[    9.264478] Interrupt Taken: 	 Vector = 0x0000000F
[    9.264643] Interrupt Served: 	 Vector = 0x0000000F
[    9.267989] Interrupt Taken: 	 Vector = 0x0000000F
[    9.268064] Interrupt Served: 	 Vector = 0x0000000F
[    9.271850] Interrupt Taken: 	 Vector = 0x0000000F
[    9.271948] Interrupt Served: 	 Vector = 0x0000000F
[    9.275146] Interrupt Taken: 	 Vector = 0x0000000F
[    9.275246] Interrupt Served: 	 Vector = 0x0000000F
[    9.278406] Interrupt Taken: 	 Vector = 0x0000000F
[    9.278500] Interrupt Served: 	 Vector = 0x0000000F
[    9.281924] Interrupt Taken: 	 Vector = 0x0000000F
[    9.281989] Interrupt Served: 	 Vector = 0x0000000F
[    9.285426] Interrupt Taken: 	 Vector = 0x0000000F
[    9.285543] Interrupt Served: 	 Vector = 0x0000000F
[    9.289263] Interrupt Taken: 	 Vector = 0x0000000F
[    9.289393] Interrupt Served: 	 Vector = 0x0000000F
[    9.292658] Interrupt Taken: 	 Vector = 0x0000000F
[    9.292883] Interrupt Served: 	 Vector = 0x0000000F
[    9.295772] Interrupt Taken: 	 Vector = 0x0000000F
[    9.295898] Interrupt Served: 	 Vector = 0x0000000F
[    9.299442] Interrupt Taken: 	 Vector = 0x0000000F
[    9.299517] Interrupt Served: 	 Vector = 0x0000000F
[    9.302837] Interrupt Taken: 	 Vector = 0x0000000F
[    9.302901] Interrupt Served: 	 Vector = 0x0000000F
[    9.306439] Interrupt Taken: 	 Vector = 0x0000000F
[    9.306554] Interrupt Served: 	 Vector = 0x0000000F
[    9.310384] Interrupt Taken: 	 Vector = 0x0000000F
[    9.310467] Interrupt Served: 	 Vector = 0x0000000F
[    9.313625] Interrupt Taken: 	 Vector = 0x0000000F
[    9.313723] Interrupt Served: 	 Vector = 0x0000000F
[    9.317007] Interrupt Taken: 	 Vector = 0x0000000F
[    9.317066] Interrupt Served: 	 Vector = 0x0000000F
[    9.320284] Interrupt Taken: 	 Vector = 0x0000000F
[    9.320384] Interrupt Served: 	 Vector = 0x0000000F
[    9.323603] Interrupt Taken: 	 Vector = 0x0000000F
[    9.323680] Interrupt Served: 	 Vector = 0x0000000F
[    9.326876] Interrupt Taken: 	 Vector = 0x0000000F
[    9.326985] Interrupt Served: 	 Vector = 0x0000000F
[    9.330179] Interrupt Taken: 	 Vector = 0x0000000F
[    9.330253] Interrupt Served: 	 Vector = 0x0000000F
[    9.333683] Interrupt Taken: 	 Vector = 0x0000000F
[    9.333747] Interrupt Served: 	 Vector = 0x0000000F
[    9.336973] Interrupt Taken: 	 Vector = 0x0000000F
[    9.337069] Interrupt Served: 	 Vector = 0x0000000F
[    9.340379] Interrupt Taken: 	 Vector = 0x0000000F
[    9.340479] Interrupt Served: 	 Vector = 0x0000000F
[    9.343618] Interrupt Taken: 	 Vector = 0x0000000F
[    9.343711] Interrupt Served: 	 Vector = 0x0000000F
[    9.346906] Interrupt Taken: 	 Vector = 0x0000000F
[    9.346988] Interrupt Served: 	 Vector = 0x0000000F
[    9.350529] Interrupt Taken: 	 Vector = 0x0000000F
[    9.350669] Interrupt Served: 	 Vector = 0x0000000F
[    9.353550] Interrupt Taken: 	 Vector = 0x0000000F
[    9.353610] Interrupt Served: 	 Vector = 0x0000000F
[    9.356823] Interrupt Taken: 	 Vector = 0x0000000F
[    9.356919] Interrupt Served: 	 Vector = 0x0000000F
[    9.360161] Interrupt Taken: 	 Vector = 0x0000000F
[    9.360249] Interrupt Served: 	 Vector = 0x0000000F
[    9.363361] Interrupt Taken: 	 Vector = 0x0000000F
[    9.363436] Interrupt Served: 	 Vector = 0x0000000F
[    9.366475] Interrupt Taken: 	 Vector = 0x0000000F
[    9.366534] Interrupt Served: 	 Vector = 0x0000000F
[    9.369714] Interrupt Taken: 	 Vector = 0x0000000F
[    9.369779] Interrupt Served: 	 Vector = 0x0000000F
[    9.373000] Interrupt Taken: 	 Vector = 0x0000000F
[    9.373169] Interrupt Served: 	 Vector = 0x0000000F
[    9.376165] Interrupt Taken: 	 Vector = 0x0000000F
[    9.376379] Interrupt Served: 	 Vector = 0x0000000F
[    9.379493] Interrupt Taken: 	 Vector = 0x0000000F
[    9.379566] Interrupt Served: 	 Vector = 0x0000000F
[    9.382658] Interrupt Taken: 	 Vector = 0x0000000F
[    9.382717] Interrupt Served: 	 Vector = 0x0000000F
[    9.385888] Interrupt Taken: 	 Vector = 0x0000000F
[    9.385971] Interrupt Served: 	 Vector = 0x0000000F
[    9.389152] Interrupt Taken: 	 Vector = 0x0000000F
[    9.389249] Interrupt Served: 	 Vector = 0x0000000F
[    9.392677] Interrupt Taken: 	 Vector = 0x0000000F
[    9.392771] Interrupt Served: 	 Vector = 0x0000000F
[    9.395996] Interrupt Taken: 	 Vector = 0x0000000F
[    9.396072] Interrupt Served: 	 Vector = 0x0000000F
[    9.399627] Interrupt Taken: 	 Vector = 0x0000000F
[    9.399692] Interrupt Served: 	 Vector = 0x0000000F
[    9.402996] Interrupt Taken: 	 Vector = 0x0000000F
[    9.403058] Interrupt Served: 	 Vector = 0x0000000F
[    9.406406] Interrupt Taken: 	 Vector = 0x0000000F
[    9.406492] Interrupt Served: 	 Vector = 0x0000000F
[    9.409728] Interrupt Taken: 	 Vector = 0x0000000F
[    9.409821] Interrupt Served: 	 Vector = 0x0000000F
[    9.412932] Interrupt Taken: 	 Vector = 0x0000000F
[    9.413026] Interrupt Served: 	 Vector = 0x0000000F
[    9.416085] Interrupt Taken: 	 Vector = 0x0000000F
[    9.416146] Interrupt Served: 	 Vector = 0x0000000F
[    9.419238] Interrupt Taken: 	 Vector = 0x0000000F
[    9.419300] Interrupt Served: 	 Vector = 0x0000000F
[    9.422677] Interrupt Taken: 	 Vector = 0x0000000F
[    9.422787] Interrupt Served: 	 Vector = 0x0000000F
[    9.426209] Interrupt Taken: 	 Vector = 0x0000000F
[    9.426345] Interrupt Served: 	 Vector = 0x0000000F
[    9.429683] Interrupt Taken: 	 Vector = 0x0000000F
[    9.429784] Interrupt Served: 	 Vector = 0x0000000F
[    9.432998] Interrupt Taken: 	 Vector = 0x0000000F
[    9.433072] Interrupt Served: 	 Vector = 0x0000000F
[    9.436576] Interrupt Taken: 	 Vector = 0x0000000F
[    9.436663] Interrupt Served: 	 Vector = 0x0000000F
[    9.439849] Interrupt Taken: 	 Vector = 0x0000000F
[    9.439939] Interrupt Served: 	 Vector = 0x0000000F
[    9.443270] Interrupt Taken: 	 Vector = 0x0000000F
[    9.443384] Interrupt Served: 	 Vector = 0x0000000F
[    9.446806] Interrupt Taken: 	 Vector = 0x0000000F
[    9.446894] Interrupt Served: 	 Vector = 0x0000000F
[    9.450297] Interrupt Taken: 	 Vector = 0x0000000F
[    9.450426] Interrupt Served: 	 Vector = 0x0000000F
[    9.453244] Interrupt Taken: 	 Vector = 0x0000000F
[    9.453357] Interrupt Served: 	 Vector = 0x0000000F
[    9.456708] Interrupt Taken: 	 Vector = 0x0000000F
[    9.456786] Interrupt Served: 	 Vector = 0x0000000F
[    9.460066] Interrupt Taken: 	 Vector = 0x0000000F
[    9.460159] Interrupt Served: 	 Vector = 0x0000000F
[    9.463482] Interrupt Taken: 	 Vector = 0x0000000F
[    9.463579] Interrupt Served: 	 Vector = 0x0000000F
[    9.466672] Interrupt Taken: 	 Vector = 0x0000000F
[    9.466736] Interrupt Served: 	 Vector = 0x0000000F
[    9.470007] Interrupt Taken: 	 Vector = 0x0000000F
[    9.470076] Interrupt Served: 	 Vector = 0x0000000F
[    9.473362] Interrupt Taken: 	 Vector = 0x0000000F
[    9.473436] Interrupt Served: 	 Vector = 0x0000000F
[    9.476968] Interrupt Taken: 	 Vector = 0x0000000F
[    9.477100] Interrupt Served: 	 Vector = 0x0000000F
[    9.480072] Interrupt Taken: 	 Vector = 0x0000000F
[    9.480237] Interrupt Served: 	 Vector = 0x0000000F
[    9.483274] Interrupt Taken: 	 Vector = 0x0000000F
[    9.483375] Interrupt Served: 	 Vector = 0x0000000F
[    9.486687] Interrupt Taken: 	 Vector = 0x0000000F
[    9.486774] Interrupt Served: 	 Vector = 0x0000000F
[    9.490096] Interrupt Taken: 	 Vector = 0x0000000F
[    9.490190] Interrupt Served: 	 Vector = 0x0000000F
[    9.493427] Interrupt Taken: 	 Vector = 0x0000000F
[    9.493605] Interrupt Served: 	 Vector = 0x0000000F
[    9.496480] Interrupt Taken: 	 Vector = 0x0000000F
[    9.496570] Interrupt Served: 	 Vector = 0x0000000F
[    9.499883] Interrupt Taken: 	 Vector = 0x0000000F
[    9.500035] Interrupt Served: 	 Vector = 0x0000000F
[    9.503182] Interrupt Taken: 	 Vector = 0x0000000F
[    9.503261] Interrupt Served: 	 Vector = 0x0000000F
[    9.506519] Interrupt Taken: 	 Vector = 0x0000000F
[    9.506617] Interrupt Served: 	 Vector = 0x0000000F
[    9.509768] Interrupt Taken: 	 Vector = 0x0000000F
[    9.509924] Interrupt Served: 	 Vector = 0x0000000F
[    9.512804] Interrupt Taken: 	 Vector = 0x0000000F
[    9.512928] Interrupt Served: 	 Vector = 0x0000000F
[    9.516468] Interrupt Taken: 	 Vector = 0x0000000F
[    9.516537] Interrupt Served: 	 Vector = 0x0000000F
[    9.519804] Interrupt Taken: 	 Vector = 0x0000000F
[    9.519870] Interrupt Served: 	 Vector = 0x0000000F
[    9.523405] Interrupt Taken: 	 Vector = 0x0000000F
[    9.523506] Interrupt Served: 	 Vector = 0x0000000F
[    9.526844] Interrupt Taken: 	 Vector = 0x0000000F
[    9.526948] Interrupt Served: 	 Vector = 0x0000000F
[    9.530082] Interrupt Taken: 	 Vector = 0x0000000F
[    9.530164] Interrupt Served: 	 Vector = 0x0000000F
[    9.533667] Interrupt Taken: 	 Vector = 0x0000000F
[    9.533727] Interrupt Served: 	 Vector = 0x0000000F
[    9.537062] Interrupt Taken: 	 Vector = 0x0000000F
[    9.537155] Interrupt Served: 	 Vector = 0x0000000F
[    9.540195] Interrupt Taken: 	 Vector = 0x0000000F
[    9.540270] Interrupt Served: 	 Vector = 0x0000000F
[    9.543376] Interrupt Taken: 	 Vector = 0x0000000F
[    9.543493] Interrupt Served: 	 Vector = 0x0000000F
[    9.546685] Interrupt Taken: 	 Vector = 0x0000000F
[    9.546759] Interrupt Served: 	 Vector = 0x0000000F
[    9.550146] Interrupt Taken: 	 Vector = 0x0000000F
[    9.550254] Interrupt Served: 	 Vector = 0x0000000F
[    9.553048] Interrupt Taken: 	 Vector = 0x0000000F
[    9.553121] Interrupt Served: 	 Vector = 0x0000000F
[    9.556731] Interrupt Taken: 	 Vector = 0x0000000F
[    9.556824] Interrupt Served: 	 Vector = 0x0000000F
[    9.560128] Interrupt Taken: 	 Vector = 0x0000000F
[    9.560235] Interrupt Served: 	 Vector = 0x0000000F
[    9.563435] Interrupt Taken: 	 Vector = 0x0000000F
[    9.563531] Interrupt Served: 	 Vector = 0x0000000F
[    9.566706] Interrupt Taken: 	 Vector = 0x0000000F
[    9.566780] Interrupt Served: 	 Vector = 0x0000000F
[    9.570117] Interrupt Taken: 	 Vector = 0x0000000F
[    9.570204] Interrupt Served: 	 Vector = 0x0000000F
[    9.573468] Interrupt Taken: 	 Vector = 0x0000000F
[    9.573550] Interrupt Served: 	 Vector = 0x0000000F
[    9.576684] Interrupt Taken: 	 Vector = 0x0000000F
[    9.576765] Interrupt Served: 	 Vector = 0x0000000F
[    9.580085] Interrupt Taken: 	 Vector = 0x0000000F
[    9.580164] Interrupt Served: 	 Vector = 0x0000000F
[    9.583556] Interrupt Taken: 	 Vector = 0x0000000F
[    9.583637] Interrupt Served: 	 Vector = 0x0000000F
[    9.587056] Interrupt Taken: 	 Vector = 0x0000000F
[    9.587151] Interrupt Served: 	 Vector = 0x0000000F
[    9.590425] Interrupt Taken: 	 Vector = 0x0000000F
[    9.590540] Interrupt Served: 	 Vector = 0x0000000F
[    9.593921] Interrupt Taken: 	 Vector = 0x0000000F
[    9.594014] Interrupt Served: 	 Vector = 0x0000000F
[    9.597241] Interrupt Taken: 	 Vector = 0x0000000F
[    9.597366] Interrupt Served: 	 Vector = 0x0000000F
[    9.601174] Interrupt Taken: 	 Vector = 0x0000000F
[    9.601238] Interrupt Served: 	 Vector = 0x0000000F
[    9.604640] Interrupt Taken: 	 Vector = 0x0000000F
[    9.604803] Interrupt Served: 	 Vector = 0x0000000F
[    9.607771] Interrupt Taken: 	 Vector = 0x0000000F
[    9.607874] Interrupt Served: 	 Vector = 0x0000000F
[    9.611398] Interrupt Taken: 	 Vector = 0x0000000F
[    9.611780] Interrupt Served: 	 Vector = 0x0000000F
[    9.614820] Interrupt Taken: 	 Vector = 0x0000000F
[    9.614893] Interrupt Served: 	 Vector = 0x0000000F
[    9.618261] Interrupt Taken: 	 Vector = 0x0000000F
[    9.618378] Interrupt Served: 	 Vector = 0x0000000F
[    9.621617] Interrupt Taken: 	 Vector = 0x0000000F
[    9.621713] Interrupt Served: 	 Vector = 0x0000000F
[    9.625041] Interrupt Taken: 	 Vector = 0x0000000F
[    9.625134] Interrupt Served: 	 Vector = 0x0000000F
[    9.628280] Interrupt Taken: 	 Vector = 0x0000000F
[    9.628392] Interrupt Served: 	 Vector = 0x0000000F
[    9.631596] Interrupt Taken: 	 Vector = 0x0000000F
[    9.631668] Interrupt Served: 	 Vector = 0x0000000F
[    9.635061] Interrupt Taken: 	 Vector = 0x0000000F
[    9.635129] Interrupt Served: 	 Vector = 0x0000000F
[    9.638721] Interrupt Taken: 	 Vector = 0x0000000F
[    9.638820] Interrupt Served: 	 Vector = 0x0000000F
[    9.642021] Interrupt Taken: 	 Vector = 0x0000000F
[    9.642185] Interrupt Served: 	 Vector = 0x0000000F
[    9.645122] Interrupt Taken: 	 Vector = 0x0000000F
[    9.645251] Interrupt Served: 	 Vector = 0x0000000F
[    9.648477] Interrupt Taken: 	 Vector = 0x0000000F
[    9.648548] Interrupt Served: 	 Vector = 0x0000000F
[    9.651917] Interrupt Taken: 	 Vector = 0x0000000F
[    9.651982] Interrupt Served: 	 Vector = 0x0000000F
[    9.655506] Interrupt Taken: 	 Vector = 0x0000000F
[    9.655600] Interrupt Served: 	 Vector = 0x0000000F
[    9.658710] Interrupt Taken: 	 Vector = 0x0000000F
[    9.658790] Interrupt Served: 	 Vector = 0x0000000F
[    9.662163] Interrupt Taken: 	 Vector = 0x0000000F
[    9.662319] Interrupt Served: 	 Vector = 0x0000000F
[    9.665346] Interrupt Taken: 	 Vector = 0x0000000F
[    9.665427] Interrupt Served: 	 Vector = 0x0000000F
[    9.668772] Interrupt Taken: 	 Vector = 0x0000000F
[    9.668851] Interrupt Served: 	 Vector = 0x0000000F
[    9.672076] Interrupt Taken: 	 Vector = 0x0000000F
[    9.672264] Interrupt Served: 	 Vector = 0x0000000F
[    9.675158] Interrupt Taken: 	 Vector = 0x0000000F
[    9.675239] Interrupt Served: 	 Vector = 0x0000000F
[    9.678672] [passthrough] Read: 	 address = 0x58020414, size = 4 bytes, value = 0x00000000, pc=0x08001604 
[    9.679139] Interrupt Taken: 	 Vector = 0x0000000F
[    9.679262] Interrupt Served: 	 Vector = 0x0000000F
[    9.682547] Interrupt Taken: 	 Vector = 0x0000000F
[    9.682622] Interrupt Served: 	 Vector = 0x0000000F
[    9.685763] [passthrough] Write: 	 address = 0x58020418, size = 4 bytes, value = 0x00000001, pc=0x0800161C 
[    9.686620] Interrupt Taken: 	 Vector = 0x0000000F
[    9.686693] Interrupt Served: 	 Vector = 0x0000000F
[    9.689813] Interrupt Taken: 	 Vector = 0x0000000F
[    9.689897] Interrupt Served: 	 Vector = 0x0000000F
[    9.693189] Interrupt Taken: 	 Vector = 0x0000000F
[    9.693284] Interrupt Served: 	 Vector = 0x0000000F
[    9.696644] Interrupt Taken: 	 Vector = 0x0000000F
[    9.696731] Interrupt Served: 	 Vector = 0x0000000F
[    9.699948] Interrupt Taken: 	 Vector = 0x0000000F
[    9.700027] Interrupt Served: 	 Vector = 0x0000000F
[    9.703489] Interrupt Taken: 	 Vector = 0x0000000F
[    9.703572] Interrupt Served: 	 Vector = 0x0000000F
[    9.706685] Interrupt Taken: 	 Vector = 0x0000000F
[    9.706779] Interrupt Served: 	 Vector = 0x0000000F
[    9.710025] Interrupt Taken: 	 Vector = 0x0000000F
[    9.710112] Interrupt Served: 	 Vector = 0x0000000F
[    9.713365] Interrupt Taken: 	 Vector = 0x0000000F
[    9.713441] Interrupt Served: 	 Vector = 0x0000000F
[    9.716671] Interrupt Taken: 	 Vector = 0x0000000F
[    9.716731] Interrupt Served: 	 Vector = 0x0000000F
[    9.719930] Interrupt Taken: 	 Vector = 0x0000000F
[    9.719999] Interrupt Served: 	 Vector = 0x0000000F
[    9.723302] Interrupt Taken: 	 Vector = 0x0000000F
[    9.723425] Interrupt Served: 	 Vector = 0x0000000F
[    9.726558] Interrupt Taken: 	 Vector = 0x0000000F
[    9.726658] Interrupt Served: 	 Vector = 0x0000000F
[    9.729886] Interrupt Taken: 	 Vector = 0x0000000F
[    9.729957] Interrupt Served: 	 Vector = 0x0000000F
[    9.733420] Interrupt Taken: 	 Vector = 0x0000000F
[    9.733514] Interrupt Served: 	 Vector = 0x0000000F
[    9.736972] Interrupt Taken: 	 Vector = 0x0000000F
[    9.737074] Interrupt Served: 	 Vector = 0x0000000F
[    9.740279] Interrupt Taken: 	 Vector = 0x0000000F
[    9.740412] Interrupt Served: 	 Vector = 0x0000000F
[    9.743687] Interrupt Taken: 	 Vector = 0x0000000F
[    9.743842] Interrupt Served: 	 Vector = 0x0000000F
[    9.746813] Interrupt Taken: 	 Vector = 0x0000000F
[    9.746912] Interrupt Served: 	 Vector = 0x0000000F
[    9.750375] Interrupt Taken: 	 Vector = 0x0000000F
[    9.750442] Interrupt Served: 	 Vector = 0x0000000F
[    9.753769] Interrupt Taken: 	 Vector = 0x0000000F
[    9.753854] Interrupt Served: 	 Vector = 0x0000000F
[    9.757003] Interrupt Taken: 	 Vector = 0x0000000F
[    9.757100] Interrupt Served: 	 Vector = 0x0000000F
[    9.760234] Interrupt Taken: 	 Vector = 0x0000000F
[    9.760369] Interrupt Served: 	 Vector = 0x0000000F
[    9.763917] Interrupt Taken: 	 Vector = 0x0000000F
[    9.764013] Interrupt Served: 	 Vector = 0x0000000F
[    9.767112] Interrupt Taken: 	 Vector = 0x0000000F
[    9.767190] Interrupt Served: 	 Vector = 0x0000000F
[    9.770852] Interrupt Taken: 	 Vector = 0x0000000F
[    9.770950] Interrupt Served: 	 Vector = 0x0000000F
[    9.774287] Interrupt Taken: 	 Vector = 0x0000000F
[    9.774406] Interrupt Served: 	 Vector = 0x0000000F
[    9.777695] Interrupt Taken: 	 Vector = 0x0000000F
[    9.777784] Interrupt Served: 	 Vector = 0x0000000F
[    9.781043] Interrupt Taken: 	 Vector = 0x0000000F
[    9.781104] Interrupt Served: 	 Vector = 0x0000000F
[    9.784194] Interrupt Taken: 	 Vector = 0x0000000F
[    9.784267] Interrupt Served: 	 Vector = 0x0000000F
[    9.787504] Interrupt Taken: 	 Vector = 0x0000000F
[    9.787675] Interrupt Served: 	 Vector = 0x0000000F
[    9.790460] Interrupt Taken: 	 Vector = 0x0000000F
[    9.790613] Interrupt Served: 	 Vector = 0x0000000F
[    9.793925] Interrupt Taken: 	 Vector = 0x0000000F
[    9.794082] Interrupt Served: 	 Vector = 0x0000000F
[    9.797026] Interrupt Taken: 	 Vector = 0x0000000F
[    9.797110] Interrupt Served: 	 Vector = 0x0000000F
[    9.800217] Interrupt Taken: 	 Vector = 0x0000000F
[    9.800278] Interrupt Served: 	 Vector = 0x0000000F
[    9.803420] Interrupt Taken: 	 Vector = 0x0000000F
[    9.803629] Interrupt Served: 	 Vector = 0x0000000F
[    9.806399] Interrupt Taken: 	 Vector = 0x0000000F
[    9.806503] Interrupt Served: 	 Vector = 0x0000000F
[    9.809988] Interrupt Taken: 	 Vector = 0x0000000F
[    9.810110] Interrupt Served: 	 Vector = 0x0000000F
[    9.813262] Interrupt Taken: 	 Vector = 0x0000000F
[    9.813359] Interrupt Served: 	 Vector = 0x0000000F
[    9.816487] Interrupt Taken: 	 Vector = 0x0000000F
[    9.816566] Interrupt Served: 	 Vector = 0x0000000F
[    9.819763] Interrupt Taken: 	 Vector = 0x0000000F
[    9.819842] Interrupt Served: 	 Vector = 0x0000000F
[    9.823211] Interrupt Taken: 	 Vector = 0x0000000F
[    9.823316] Interrupt Served: 	 Vector = 0x0000000F
[    9.826742] Interrupt Taken: 	 Vector = 0x0000000F
[    9.826933] Interrupt Served: 	 Vector = 0x0000000F
[    9.830042] Interrupt Taken: 	 Vector = 0x0000000F
[    9.830151] Interrupt Served: 	 Vector = 0x0000000F
[    9.833626] Interrupt Taken: 	 Vector = 0x0000000F
[    9.833710] Interrupt Served: 	 Vector = 0x0000000F
[    9.836989] Interrupt Taken: 	 Vector = 0x0000000F
[    9.837064] Interrupt Served: 	 Vector = 0x0000000F
[    9.840383] Interrupt Taken: 	 Vector = 0x0000000F
[    9.840479] Interrupt Served: 	 Vector = 0x0000000F
[    9.843847] Interrupt Taken: 	 Vector = 0x0000000F
[    9.844032] Interrupt Served: 	 Vector = 0x0000000F
[    9.847075] Interrupt Taken: 	 Vector = 0x0000000F
[    9.847181] Interrupt Served: 	 Vector = 0x0000000F
[    9.850645] Interrupt Taken: 	 Vector = 0x0000000F
[    9.850707] Interrupt Served: 	 Vector = 0x0000000F
[    9.854097] Interrupt Taken: 	 Vector = 0x0000000F
[    9.854179] Interrupt Served: 	 Vector = 0x0000000F
[    9.857563] Interrupt Taken: 	 Vector = 0x0000000F
[    9.857710] Interrupt Served: 	 Vector = 0x0000000F
[    9.860630] Interrupt Taken: 	 Vector = 0x0000000F
[    9.860745] Interrupt Served: 	 Vector = 0x0000000F
[    9.864226] Interrupt Taken: 	 Vector = 0x0000000F
[    9.864305] Interrupt Served: 	 Vector = 0x0000000F
[    9.867422] Interrupt Taken: 	 Vector = 0x0000000F
[    9.867483] Interrupt Served: 	 Vector = 0x0000000F
[    9.870739] Interrupt Taken: 	 Vector = 0x0000000F
[    9.870824] Interrupt Served: 	 Vector = 0x0000000F
[    9.874248] Interrupt Taken: 	 Vector = 0x0000000F
[    9.874359] Interrupt Served: 	 Vector = 0x0000000F
[    9.878392] Interrupt Taken: 	 Vector = 0x0000000F
[    9.878503] Interrupt Served: 	 Vector = 0x0000000F
[    9.881642] Interrupt Taken: 	 Vector = 0x0000000F
[    9.881727] Interrupt Served: 	 Vector = 0x0000000F
[    9.885104] Interrupt Taken: 	 Vector = 0x0000000F
[    9.885188] Interrupt Served: 	 Vector = 0x0000000F
[    9.888466] Interrupt Taken: 	 Vector = 0x0000000F
[    9.888564] Interrupt Served: 	 Vector = 0x0000000F
[    9.891741] Interrupt Taken: 	 Vector = 0x0000000F
[    9.891886] Interrupt Served: 	 Vector = 0x0000000F
[    9.895037] Interrupt Taken: 	 Vector = 0x0000000F
[    9.895138] Interrupt Served: 	 Vector = 0x0000000F
[    9.898532] Interrupt Taken: 	 Vector = 0x0000000F
[    9.898627] Interrupt Served: 	 Vector = 0x0000000F
[    9.901800] Interrupt Taken: 	 Vector = 0x0000000F
[    9.901889] Interrupt Served: 	 Vector = 0x0000000F
[    9.905086] Interrupt Taken: 	 Vector = 0x0000000F
[    9.905195] Interrupt Served: 	 Vector = 0x0000000F
[    9.908421] Interrupt Taken: 	 Vector = 0x0000000F
[    9.908517] Interrupt Served: 	 Vector = 0x0000000F
[    9.911832] Interrupt Taken: 	 Vector = 0x0000000F
[    9.911932] Interrupt Served: 	 Vector = 0x0000000F
[    9.915298] Interrupt Taken: 	 Vector = 0x0000000F
[    9.915398] Interrupt Served: 	 Vector = 0x0000000F
[    9.918540] Interrupt Taken: 	 Vector = 0x0000000F
[    9.918653] Interrupt Served: 	 Vector = 0x0000000F
[    9.921491] Interrupt Taken: 	 Vector = 0x0000000F
[    9.921577] Interrupt Served: 	 Vector = 0x0000000F
[    9.924813] Interrupt Taken: 	 Vector = 0x0000000F
[    9.924914] Interrupt Served: 	 Vector = 0x0000000F
[    9.928027] Interrupt Taken: 	 Vector = 0x0000000F
[    9.928108] Interrupt Served: 	 Vector = 0x0000000F
[    9.931427] Interrupt Taken: 	 Vector = 0x0000000F
[    9.931531] Interrupt Served: 	 Vector = 0x0000000F
[    9.934649] Interrupt Taken: 	 Vector = 0x0000000F
[    9.934704] Interrupt Served: 	 Vector = 0x0000000F
[    9.938057] Interrupt Taken: 	 Vector = 0x0000000F
[    9.938138] Interrupt Served: 	 Vector = 0x0000000F
[    9.941471] Interrupt Taken: 	 Vector = 0x0000000F
[    9.941588] Interrupt Served: 	 Vector = 0x0000000F
[    9.944977] Interrupt Taken: 	 Vector = 0x0000000F
[    9.945079] Interrupt Served: 	 Vector = 0x0000000F
[    9.948244] Interrupt Taken: 	 Vector = 0x0000000F
[    9.948403] Interrupt Served: 	 Vector = 0x0000000F
[    9.951423] Interrupt Taken: 	 Vector = 0x0000000F
[    9.951493] Interrupt Served: 	 Vector = 0x0000000F
[    9.954861] Interrupt Taken: 	 Vector = 0x0000000F
[    9.954955] Interrupt Served: 	 Vector = 0x0000000F
[    9.958308] Interrupt Taken: 	 Vector = 0x0000000F
[    9.958518] Interrupt Served: 	 Vector = 0x0000000F
[    9.961874] Interrupt Taken: 	 Vector = 0x0000000F
[    9.961950] Interrupt Served: 	 Vector = 0x0000000F
[    9.968619] Interrupt Taken: 	 Vector = 0x0000000F
[    9.968737] Interrupt Served: 	 Vector = 0x0000000F
[    9.975654] Interrupt Taken: 	 Vector = 0x0000000F
[    9.976580] Interrupt Served: 	 Vector = 0x0000000F
[    9.980127] Interrupt Taken: 	 Vector = 0x0000000F
[    9.980479] Interrupt Served: 	 Vector = 0x0000000F
[    9.985801] Interrupt Taken: 	 Vector = 0x0000000F
[    9.985940] Interrupt Served: 	 Vector = 0x0000000F
[    9.989391] Interrupt Taken: 	 Vector = 0x0000000F
[    9.989503] Interrupt Served: 	 Vector = 0x0000000F
[    9.997467] Interrupt Taken: 	 Vector = 0x0000000F
[    9.997585] Interrupt Served: 	 Vector = 0x0000000F
[   10.003183] Interrupt Taken: 	 Vector = 0x0000000F
[   10.003448] Interrupt Served: 	 Vector = 0x0000000F
[   10.006387] Interrupt Taken: 	 Vector = 0x0000000F
[   10.008432] Interrupt Served: 	 Vector = 0x0000000F
[   10.011378] Interrupt Taken: 	 Vector = 0x0000000F
[   10.011520] Interrupt Served: 	 Vector = 0x0000000F
[   10.018077] Interrupt Taken: 	 Vector = 0x0000000F
[   10.018281] Interrupt Served: 	 Vector = 0x0000000F
[   10.021256] Interrupt Taken: 	 Vector = 0x0000000F
[   10.022552] Interrupt Served: 	 Vector = 0x0000000F
[   10.025517] Interrupt Taken: 	 Vector = 0x0000000F
[   10.025642] Interrupt Served: 	 Vector = 0x0000000F
[   10.034043] Interrupt Taken: 	 Vector = 0x0000000F
[   10.034244] Interrupt Served: 	 Vector = 0x0000000F
[   10.037221] Interrupt Taken: 	 Vector = 0x0000000F
[   10.037416] Interrupt Served: 	 Vector = 0x0000000F
[   10.041016] Interrupt Taken: 	 Vector = 0x0000000F
[   10.041121] Interrupt Served: 	 Vector = 0x0000000F
[   10.045405] Interrupt Taken: 	 Vector = 0x0000000F
[   10.045643] Interrupt Served: 	 Vector = 0x0000000F
[   10.048556] Interrupt Taken: 	 Vector = 0x0000000F
[   10.048673] Interrupt Served: 	 Vector = 0x0000000F
[   10.054857] Interrupt Taken: 	 Vector = 0x0000000F
[   10.054978] Interrupt Served: 	 Vector = 0x0000000F
[   10.060055] Interrupt Taken: 	 Vector = 0x0000000F
[   10.060166] Interrupt Served: 	 Vector = 0x0000000F
[   10.064345] Interrupt Taken: 	 Vector = 0x0000000F
[   10.064460] Interrupt Served: 	 Vector = 0x0000000F
[   10.070525] Interrupt Taken: 	 Vector = 0x0000000F
[   10.070727] Interrupt Served: 	 Vector = 0x0000000F
[   10.073545] Interrupt Taken: 	 Vector = 0x0000000F
[   10.073771] Interrupt Served: 	 Vector = 0x0000000F
[   10.076875] Interrupt Taken: 	 Vector = 0x0000000F
[   10.077017] Interrupt Served: 	 Vector = 0x0000000F
[   10.082141] Interrupt Taken: 	 Vector = 0x0000000F
[   10.082250] Interrupt Served: 	 Vector = 0x0000000F
[   10.092407] Interrupt Taken: 	 Vector = 0x0000000F
[   10.092548] Interrupt Served: 	 Vector = 0x0000000F
[   10.096362] Interrupt Taken: 	 Vector = 0x0000000F
[   10.096475] Interrupt Served: 	 Vector = 0x0000000F
[   10.107411] Interrupt Taken: 	 Vector = 0x0000000F
[   10.107713] Interrupt Served: 	 Vector = 0x0000000F
[   10.110588] Interrupt Taken: 	 Vector = 0x0000000F
[   10.110745] Interrupt Served: 	 Vector = 0x0000000F
[   10.114082] Interrupt Taken: 	 Vector = 0x0000000F
[   10.114180] Interrupt Served: 	 Vector = 0x0000000F
[   10.118411] Interrupt Taken: 	 Vector = 0x0000000F
[   10.118533] Interrupt Served: 	 Vector = 0x0000000F
[   10.123405] Interrupt Taken: 	 Vector = 0x0000000F
[   10.123513] Interrupt Served: 	 Vector = 0x0000000F
[   10.132388] Interrupt Taken: 	 Vector = 0x0000000F
[   10.132495] Interrupt Served: 	 Vector = 0x0000000F
[   10.136402] Interrupt Taken: 	 Vector = 0x0000000F
[   10.136519] Interrupt Served: 	 Vector = 0x0000000F
[   10.142152] Interrupt Taken: 	 Vector = 0x0000000F
[   10.143406] Interrupt Served: 	 Vector = 0x0000000F
[   10.146550] Interrupt Taken: 	 Vector = 0x0000000F
[   10.146674] Interrupt Served: 	 Vector = 0x0000000F
[   10.152199] Interrupt Taken: 	 Vector = 0x0000000F
[   10.152298] Interrupt Served: 	 Vector = 0x0000000F
[   10.155618] Interrupt Taken: 	 Vector = 0x0000000F
[   10.155694] Interrupt Served: 	 Vector = 0x0000000F
[   10.158900] Interrupt Taken: 	 Vector = 0x0000000F
[   10.159050] Interrupt Served: 	 Vector = 0x0000000F
[   10.161856] Interrupt Taken: 	 Vector = 0x0000000F
[   10.161953] Interrupt Served: 	 Vector = 0x0000000F
[   10.165269] Interrupt Taken: 	 Vector = 0x0000000F
[   10.165404] Interrupt Served: 	 Vector = 0x0000000F
[   10.168626] Interrupt Taken: 	 Vector = 0x0000000F
[   10.168723] Interrupt Served: 	 Vector = 0x0000000F
[   10.171921] Interrupt Taken: 	 Vector = 0x0000000F
[   10.172065] Interrupt Served: 	 Vector = 0x0000000F
[   10.175116] Interrupt Taken: 	 Vector = 0x0000000F
[   10.175184] Interrupt Served: 	 Vector = 0x0000000F
[   10.178284] Interrupt Taken: 	 Vector = 0x0000000F
[   10.178391] Interrupt Served: 	 Vector = 0x0000000F
[   10.185392] Interrupt Taken: 	 Vector = 0x0000000F
[   10.185496] Interrupt Served: 	 Vector = 0x0000000F
[   10.191507] Interrupt Taken: 	 Vector = 0x0000000F
[   10.191750] Interrupt Served: 	 Vector = 0x0000000F
[   10.194593] Interrupt Taken: 	 Vector = 0x0000000F
[   10.194966] Interrupt Served: 	 Vector = 0x0000000F
[   10.203034] Interrupt Taken: 	 Vector = 0x0000000F
[   10.203207] Interrupt Served: 	 Vector = 0x0000000F
[   10.207294] Interrupt Taken: 	 Vector = 0x0000000F
[   10.207549] Interrupt Served: 	 Vector = 0x0000000F
[   10.210640] Interrupt Taken: 	 Vector = 0x0000000F
[   10.210864] Interrupt Served: 	 Vector = 0x0000000F
[   10.214697] Interrupt Taken: 	 Vector = 0x0000000F
[   10.214838] Interrupt Served: 	 Vector = 0x0000000F
[   10.218623] Interrupt Taken: 	 Vector = 0x0000000F
