[    2.378976] [passthrough] Read: 	 address = 0x5802480C, size = 4 bytes, value = 0x00000042, pc=0x08000946 
[    2.380140] [passthrough] Write: 	 address = 0x5802480C, size = 4 bytes, value = 0x00000042, pc=0x0800094E 
[    2.381411] [passthrough] Read: 	 address = 0x58024804, size = 4 bytes, value = 0x00006000, pc=0x08000954 
[    2.383603] IO Read Access NOT Handled: 	 address=0xe000ed88, size=4 bytes, pc=0x08000806
[    2.384306] IO Write Access NOT Handled: 	 address = 0xE000ED88, size = 4 bytes, value = 0x00f00000, pc=0x08000810 
[    2.384853] [passthrough] Read: 	 address = 0x52002000, size = 4 bytes, value = 0x00000037, pc=0x08000816 
[    2.386542] [passthrough] Read: 	 address = 0x58024400, size = 4 bytes, value = 0x00004025, pc=0x08000832 
[    2.387952] [passthrough] Write: 	 address = 0x58024400, size = 4 bytes, value = 0x00004025, pc=0x0800083A 
[    2.389322] [passthrough] Write: 	 address = 0x58024410, size = 4 bytes, value = 0x00000000, pc=0x08000840 
[    2.390548] [passthrough] Read: 	 address = 0x58024400, size = 4 bytes, value = 0x00004025, pc=0x08000844 
[    2.391549] [passthrough] Write: 	 address = 0x58024400, size = 4 bytes, value = 0x00004025, pc=0x0800084C 
[    2.392496] [passthrough] Read: 	 address = 0x52002000, size = 4 bytes, value = 0x00000037, pc=0x08000850 
[    2.395146] [passthrough] Write: 	 address = 0x58024418, size = 4 bytes, value = 0x00000000, pc=0x0800086E 
[    2.397491] [passthrough] Write: 	 address = 0x5802441C, size = 4 bytes, value = 0x00000000, pc=0x08000874 
[    2.400788] [passthrough] Write: 	 address = 0x58024420, size = 4 bytes, value = 0x00000000, pc=0x0800087A 
[    2.403682] [passthrough] Write: 	 address = 0x58024428, size = 4 bytes, value = 0x02020200, pc=0x08000880 
[    2.406492] [passthrough] Write: 	 address = 0x5802442C, size = 4 bytes, value = 0x01ff0000, pc=0x08000886 
[    2.409320] [passthrough] Write: 	 address = 0x58024430, size = 4 bytes, value = 0x01010280, pc=0x0800088C 
[    2.411802] [passthrough] Write: 	 address = 0x58024434, size = 4 bytes, value = 0x00000000, pc=0x08000892 
[    2.414194] [passthrough] Write: 	 address = 0x58024438, size = 4 bytes, value = 0x01010280, pc=0x08000898 
[    2.416271] [passthrough] Write: 	 address = 0x5802443C, size = 4 bytes, value = 0x00000000, pc=0x0800089E 
[    2.418221] [passthrough] Write: 	 address = 0x58024440, size = 4 bytes, value = 0x01010280, pc=0x080008A4 
[    2.420121] [passthrough] Write: 	 address = 0x58024444, size = 4 bytes, value = 0x00000000, pc=0x080008AA 
[    2.421824] [passthrough] Read: 	 address = 0x58024400, size = 4 bytes, value = 0x00004025, pc=0x080008AE 
[    2.423330] [passthrough] Write: 	 address = 0x58024400, size = 4 bytes, value = 0x00004025, pc=0x080008B6 
[    2.424849] [passthrough] Write: 	 address = 0x58024460, size = 4 bytes, value = 0x00000000, pc=0x080008BC 
[    2.426167] [passthrough] Read: 	 address = 0x5C001000, size = 4 bytes, value = 0x20036450, pc=0x080008C0 
[    2.427634] [passthrough] Read: 	 address = 0x580244D4, size = 4 bytes, value = 0x00000000, pc=0x080008D4 
[    2.429693] [passthrough] Read: 	 address = 0x580244D4, size = 4 bytes, value = 0x00000000, pc=0x080008E2 
[    2.431302] [passthrough] Write: 	 address = 0x580244D4, size = 4 bytes, value = 0x00001000, pc=0x080008EC 
[    2.432885] [passthrough] Write: 	 address = 0x52004000, size = 4 bytes, value = 0x000030d2, pc=0x080008F6 
[    2.434299] [passthrough] Read: 	 address = 0x580244D4, size = 4 bytes, value = 0x00001000, pc=0x080008FA 
[    2.435556] [passthrough] Write: 	 address = 0x580244D4, size = 4 bytes, value = 0x00000000, pc=0x08000904 
[    2.447811] IO Read Access NOT Handled: 	 address=0xe000ed0c, size=4 bytes, pc=0x08000cae
[    2.449279] IO Write Access NOT Handled: 	 address = 0xE000ED0C, size = 4 bytes, value = 0x05fa0300, pc=0x08000CCE 
[    2.451490] [passthrough] Read: 	 address = 0x58024410, size = 4 bytes, value = 0x00000000, pc=0x08001EC0 
[    2.453319] [passthrough] Read: 	 address = 0x58024400, size = 4 bytes, value = 0x00004025, pc=0x08001F3A 
[    2.454919] [passthrough] Read: 	 address = 0x58024400, size = 4 bytes, value = 0x00004025, pc=0x08001F46 
[    2.458201] [passthrough] Read: 	 address = 0x58024418, size = 4 bytes, value = 0x00000000, pc=0x08000B74 
[    2.460055] [passthrough] Read: 	 address = 0x58024418, size = 4 bytes, value = 0x00000000, pc=0x08000B8C 
[    2.464269] IO Write Access NOT Handled: 	 address = 0xE000E014, size = 4 bytes, value = 0x0000f9ff, pc=0x08000DD8 
[    2.464314] IO Write Access NOT Handled (Unknown Region): 	 address = 0x00000004, size = 4 bytes, value = 0x0000f9ff, pc=0x08000DD8 
[    2.465786] IO Write Access NOT Handled: 	 address = 0xE000ED23, size = 1 bytes, value = 0xf0, pc=0x08000D3E 
[    2.467115] IO Write Access NOT Handled: 	 address = 0xE000E018, size = 4 bytes, value = 0x00000000, pc=0x08000DE8 
[    2.467165] IO Write Access NOT Handled (Unknown Region): 	 address = 0x00000008, size = 4 bytes, value = 0x00000000, pc=0x08000DE8 
[    2.467928] IO Write Access NOT Handled: 	 address = 0xE000E010, size = 4 bytes, value = 0x00000007, pc=0x08000DEE 
[    2.467969] IO Write Access NOT Handled (Unknown Region): 	 address = 0x00000000, size = 4 bytes, value = 0x00000007, pc=0x08000DEE 
[    2.468501] Interrupt Taken: 	 Vector = 0x0000000F
[    2.469863] Interrupt Served: 	 Vector = 0x0000000F
[    2.472580] Interrupt Taken: 	 Vector = 0x0000000F
[    2.472660] Interrupt Served: 	 Vector = 0x0000000F
[    2.476498] Interrupt Taken: 	 Vector = 0x0000000F
[    2.476572] Interrupt Served: 	 Vector = 0x0000000F
[    2.480057] Interrupt Taken: 	 Vector = 0x0000000F
[    2.480112] Interrupt Served: 	 Vector = 0x0000000F
[    2.483737] Interrupt Taken: 	 Vector = 0x0000000F
[    2.483815] Interrupt Served: 	 Vector = 0x0000000F
[    2.487460] Interrupt Taken: 	 Vector = 0x0000000F
[    2.487527] Interrupt Served: 	 Vector = 0x0000000F
[    2.491834] Interrupt Taken: 	 Vector = 0x0000000F
[    2.491894] Interrupt Served: 	 Vector = 0x0000000F
[    2.495900] Interrupt Taken: 	 Vector = 0x0000000F
[    2.496100] Interrupt Served: 	 Vector = 0x0000000F
[    2.499081] Interrupt Taken: 	 Vector = 0x0000000F
[    2.499199] Interrupt Served: 	 Vector = 0x0000000F
[    2.502562] IO Read Access NOT Handled: 	 address=0xe000ed0c, size=4 bytes, pc=0x08000cea
[    2.502628] Interrupt Taken: 	 Vector = 0x0000000F
[    2.502675] Interrupt Served: 	 Vector = 0x0000000F
[    2.506480] Interrupt Taken: 	 Vector = 0x0000000F
[    2.506601] Interrupt Served: 	 Vector = 0x0000000F
[    2.509518] Interrupt Taken: 	 Vector = 0x0000000F
[    2.509614] Interrupt Served: 	 Vector = 0x0000000F
[    2.513492] Interrupt Taken: 	 Vector = 0x0000000F
[    2.513564] Interrupt Served: 	 Vector = 0x0000000F
[    2.518302] Interrupt Taken: 	 Vector = 0x0000000F
[    2.518476] Interrupt Served: 	 Vector = 0x0000000F
[    2.521696] Interrupt Taken: 	 Vector = 0x0000000F
[    2.521802] Interrupt Served: 	 Vector = 0x0000000F
[    2.525514] Interrupt Taken: 	 Vector = 0x0000000F
[    2.525635] Interrupt Served: 	 Vector = 0x0000000F
[    2.528554] Interrupt Taken: 	 Vector = 0x0000000F
[    2.528681] Interrupt Served: 	 Vector = 0x0000000F
[    2.531926] Interrupt Taken: 	 Vector = 0x0000000F
[    2.532055] Interrupt Served: 	 Vector = 0x0000000F
[    2.536443] Interrupt Taken: 	 Vector = 0x0000000F
[    2.536513] Interrupt Served: 	 Vector = 0x0000000F
[    2.540168] Interrupt Taken: 	 Vector = 0x0000000F
[    2.540234] Interrupt Served: 	 Vector = 0x0000000F
[    2.543594] IO Write Access NOT Handled: 	 address = 0xE000ED23, size = 1 bytes, value = 0x00, pc=0x08000D3E 
[    2.543706] Interrupt Taken: 	 Vector = 0x0000000F
[    2.543763] Interrupt Served: 	 Vector = 0x0000000F
[    2.547483] Interrupt Taken: 	 Vector = 0x0000000F
[    2.547540] Interrupt Served: 	 Vector = 0x0000000F
[    2.551111] Interrupt Taken: 	 Vector = 0x0000000F
[    2.551172] Interrupt Served: 	 Vector = 0x0000000F
[    2.554583] Interrupt Taken: 	 Vector = 0x0000000F
[    2.554632] Interrupt Served: 	 Vector = 0x0000000F
[    2.558080] Interrupt Taken: 	 Vector = 0x0000000F
[    2.558145] Interrupt Served: 	 Vector = 0x0000000F
[    2.561970] Interrupt Taken: 	 Vector = 0x0000000F
[    2.562063] Interrupt Served: 	 Vector = 0x0000000F
[    2.566289] Interrupt Taken: 	 Vector = 0x0000000F
[    2.566375] Interrupt Served: 	 Vector = 0x0000000F
[    2.569891] [passthrough] Read: 	 address = 0x580244F4, size = 4 bytes, value = 0x00010000, pc=0x08000768 
[    2.570423] Interrupt Taken: 	 Vector = 0x0000000F
[    2.570553] Interrupt Served: 	 Vector = 0x0000000F
[    2.573464] Interrupt Taken: 	 Vector = 0x0000000F
[    2.573555] Interrupt Served: 	 Vector = 0x0000000F
[    2.577701] Interrupt Taken: 	 Vector = 0x0000000F
[    2.577833] Interrupt Served: 	 Vector = 0x0000000F
[    2.580830] Interrupt Taken: 	 Vector = 0x0000000F
[    2.580910] Interrupt Served: 	 Vector = 0x0000000F
[    2.584389] [passthrough] Write: 	 address = 0x580244F4, size = 4 bytes, value = 0x00010002, pc=0x08000772 
[    2.585217] Interrupt Taken: 	 Vector = 0x0000000F
[    2.585409] Interrupt Served: 	 Vector = 0x0000000F
[    2.588301] Interrupt Taken: 	 Vector = 0x0000000F
[    2.588402] Interrupt Served: 	 Vector = 0x0000000F
[    2.592921] Interrupt Taken: 	 Vector = 0x0000000F
[    2.593069] Interrupt Served: 	 Vector = 0x0000000F
[    2.596115] Interrupt Taken: 	 Vector = 0x0000000F
[    2.596291] Interrupt Served: 	 Vector = 0x0000000F
[    2.600061] [passthrough] Read: 	 address = 0x580244F4, size = 4 bytes, value = 0x00010002, pc=0x08000778 
[    2.600559] Interrupt Taken: 	 Vector = 0x0000000F
[    2.600643] Interrupt Served: 	 Vector = 0x0000000F
[    2.603663] Interrupt Taken: 	 Vector = 0x0000000F
[    2.603735] Interrupt Served: 	 Vector = 0x0000000F
[    2.608153] Interrupt Taken: 	 Vector = 0x0000000F
[    2.608220] Interrupt Served: 	 Vector = 0x0000000F
[    2.612218] Interrupt Taken: 	 Vector = 0x0000000F
[    2.612299] Interrupt Served: 	 Vector = 0x0000000F
[    2.615782] Interrupt Taken: 	 Vector = 0x0000000F
[    2.615830] Interrupt Served: 	 Vector = 0x0000000F
[    2.619612] Interrupt Taken: 	 Vector = 0x0000000F
[    2.619750] Interrupt Served: 	 Vector = 0x0000000F
[    2.622645] Interrupt Taken: 	 Vector = 0x0000000F
[    2.622818] Interrupt Served: 	 Vector = 0x0000000F
[    2.626118] Interrupt Taken: 	 Vector = 0x0000000F
[    2.626240] Interrupt Served: 	 Vector = 0x0000000F
[    2.629900] Interrupt Taken: 	 Vector = 0x0000000F
[    2.629971] Interrupt Served: 	 Vector = 0x0000000F
[    2.633515] Interrupt Taken: 	 Vector = 0x0000000F
[    2.633578] Interrupt Served: 	 Vector = 0x0000000F
[    2.637081] Interrupt Taken: 	 Vector = 0x0000000F
[    2.637147] Interrupt Served: 	 Vector = 0x0000000F
[    2.640604] Interrupt Taken: 	 Vector = 0x0000000F
[    2.640693] Interrupt Served: 	 Vector = 0x0000000F
[    2.644667] Interrupt Taken: 	 Vector = 0x0000000F
[    2.644745] Interrupt Served: 	 Vector = 0x0000000F
[    2.648236] Interrupt Taken: 	 Vector = 0x0000000F
[    2.648323] Interrupt Served: 	 Vector = 0x0000000F
[    2.652925] Interrupt Taken: 	 Vector = 0x0000000F
[    2.652993] Interrupt Served: 	 Vector = 0x0000000F
[    2.656509] [passthrough] Read: 	 address = 0x5802480C, size = 4 bytes, value = 0x00000042, pc=0x0800122E 
[    2.657053] Interrupt Taken: 	 Vector = 0x0000000F
[    2.657139] Interrupt Served: 	 Vector = 0x0000000F
[    2.661008] Interrupt Taken: 	 Vector = 0x0000000F
[    2.661105] Interrupt Served: 	 Vector = 0x0000000F
[    2.665160] Interrupt Taken: 	 Vector = 0x0000000F
[    2.665229] Interrupt Served: 	 Vector = 0x0000000F
[    2.668932] [passthrough] Read: 	 address = 0x5802480C, size = 4 bytes, value = 0x00000042, pc=0x0800123A 
[    2.669418] Interrupt Taken: 	 Vector = 0x0000000F
[    2.669479] Interrupt Served: 	 Vector = 0x0000000F
[    2.673455] Interrupt Taken: 	 Vector = 0x0000000F
[    2.673508] Interrupt Served: 	 Vector = 0x0000000F
[    2.676998] Interrupt Taken: 	 Vector = 0x0000000F
[    2.677094] Interrupt Served: 	 Vector = 0x0000000F
[    2.680967] Interrupt Taken: 	 Vector = 0x0000000F
[    2.681125] Interrupt Served: 	 Vector = 0x0000000F
[    2.684430] Interrupt Taken: 	 Vector = 0x0000000F
[    2.684573] Interrupt Served: 	 Vector = 0x0000000F
[    2.689795] Interrupt Taken: 	 Vector = 0x0000000F
[    2.689908] Interrupt Served: 	 Vector = 0x0000000F
[    2.693596] [passthrough] Read: 	 address = 0x5800042C, size = 4 bytes, value = 0x00000000, pc=0x080006AC 
[    2.694441] Interrupt Taken: 	 Vector = 0x0000000F
[    2.694526] Interrupt Served: 	 Vector = 0x0000000F
[    2.699291] Interrupt Taken: 	 Vector = 0x0000000F
[    2.699454] Interrupt Served: 	 Vector = 0x0000000F
[    2.702385] Interrupt Taken: 	 Vector = 0x0000000F
[    2.702549] Interrupt Served: 	 Vector = 0x0000000F
[    2.706043] [passthrough] Write: 	 address = 0x5800042C, size = 4 bytes, value = 0x00000000, pc=0x080006B4 
[    2.707088] Interrupt Taken: 	 Vector = 0x0000000F
[    2.707158] Interrupt Served: 	 Vector = 0x0000000F
[    2.711850] Interrupt Taken: 	 Vector = 0x0000000F
[    2.711951] Interrupt Served: 	 Vector = 0x0000000F
[    2.715630] [passthrough] Read: 	 address = 0x5800042C, size = 4 bytes, value = 0x00000000, pc=0x080006B8 
[    2.716159] Interrupt Taken: 	 Vector = 0x0000000F
[    2.716236] Interrupt Served: 	 Vector = 0x0000000F
[    2.720684] Interrupt Taken: 	 Vector = 0x0000000F
[    2.720752] Interrupt Served: 	 Vector = 0x0000000F
[    2.724341] [passthrough] Read: 	 address = 0x58024818, size = 4 bytes, value = 0x00006000, pc=0x080006C2 
[    2.725901] Interrupt Taken: 	 Vector = 0x0000000F
[    2.726172] Interrupt Served: 	 Vector = 0x0000000F
[    2.729043] Interrupt Taken: 	 Vector = 0x0000000F
[    2.729145] Interrupt Served: 	 Vector = 0x0000000F
[    2.732560] [passthrough] Write: 	 address = 0x58024818, size = 4 bytes, value = 0x0000a000, pc=0x080006CE 
[    2.733222] Interrupt Taken: 	 Vector = 0x0000000F
[    2.733275] Interrupt Served: 	 Vector = 0x0000000F
[    2.736751] Interrupt Taken: 	 Vector = 0x0000000F
[    2.736795] Interrupt Served: 	 Vector = 0x0000000F
[    2.740370] [passthrough] Read: 	 address = 0x58024818, size = 4 bytes, value = 0x0000a000, pc=0x080006D2 
[    2.740860] Interrupt Taken: 	 Vector = 0x0000000F
[    2.740978] Interrupt Served: 	 Vector = 0x0000000F
[    2.743869] Interrupt Taken: 	 Vector = 0x0000000F
[    2.743989] Interrupt Served: 	 Vector = 0x0000000F
[    2.747973] Interrupt Taken: 	 Vector = 0x0000000F
[    2.748137] Interrupt Served: 	 Vector = 0x0000000F
[    2.750996] Interrupt Taken: 	 Vector = 0x0000000F
[    2.751111] Interrupt Served: 	 Vector = 0x0000000F
[    2.754529] [passthrough] Read: 	 address = 0x58024818, size = 4 bytes, value = 0x0000a000, pc=0x080006E0 
[    2.754985] Interrupt Taken: 	 Vector = 0x0000000F
[    2.755078] Interrupt Served: 	 Vector = 0x0000000F
[    2.758804] Interrupt Taken: 	 Vector = 0x0000000F
[    2.758884] Interrupt Served: 	 Vector = 0x0000000F
[    2.762756] Interrupt Taken: 	 Vector = 0x0000000F
[    2.762827] Interrupt Served: 	 Vector = 0x0000000F
[    2.766755] Interrupt Taken: 	 Vector = 0x0000000F
[    2.766831] Interrupt Served: 	 Vector = 0x0000000F
[    2.770511] Interrupt Taken: 	 Vector = 0x0000000F
[    2.770584] Interrupt Served: 	 Vector = 0x0000000F
[    2.774616] Interrupt Taken: 	 Vector = 0x0000000F
[    2.774756] Interrupt Served: 	 Vector = 0x0000000F
[    2.777895] Interrupt Taken: 	 Vector = 0x0000000F
[    2.778050] Interrupt Served: 	 Vector = 0x0000000F
[    2.782118] Interrupt Taken: 	 Vector = 0x0000000F
[    2.782203] Interrupt Served: 	 Vector = 0x0000000F
[    2.785936] [passthrough] Read: 	 address = 0x58024410, size = 4 bytes, value = 0x00000000, pc=0x080013DA 
[    2.786492] Interrupt Taken: 	 Vector = 0x0000000F
[    2.786547] Interrupt Served: 	 Vector = 0x0000000F
[    2.790864] Interrupt Taken: 	 Vector = 0x0000000F
[    2.790940] Interrupt Served: 	 Vector = 0x0000000F
[    2.794870] [passthrough] Read: 	 address = 0x58024428, size = 4 bytes, value = 0x02020200, pc=0x080013E4 
[    2.795517] Interrupt Taken: 	 Vector = 0x0000000F
[    2.795720] Interrupt Served: 	 Vector = 0x0000000F
[    2.798727] Interrupt Taken: 	 Vector = 0x0000000F
[    2.798888] Interrupt Served: 	 Vector = 0x0000000F
[    2.802983] Interrupt Taken: 	 Vector = 0x0000000F
[    2.803080] Interrupt Served: 	 Vector = 0x0000000F
[    2.806680] Interrupt Taken: 	 Vector = 0x0000000F
[    2.806762] Interrupt Served: 	 Vector = 0x0000000F
[    2.810845] Interrupt Taken: 	 Vector = 0x0000000F
[    2.811002] Interrupt Served: 	 Vector = 0x0000000F
[    2.813933] Interrupt Taken: 	 Vector = 0x0000000F
[    2.814055] Interrupt Served: 	 Vector = 0x0000000F
[    2.817494] [passthrough] Read: 	 address = 0x58024400, size = 4 bytes, value = 0x00004025, pc=0x08001400 
[    2.817997] Interrupt Taken: 	 Vector = 0x0000000F
[    2.818075] Interrupt Served: 	 Vector = 0x0000000F
[    2.821894] Interrupt Taken: 	 Vector = 0x0000000F
[    2.822005] Interrupt Served: 	 Vector = 0x0000000F
[    2.825839] Interrupt Taken: 	 Vector = 0x0000000F
[    2.825919] Interrupt Served: 	 Vector = 0x0000000F
[    2.830189] Interrupt Taken: 	 Vector = 0x0000000F
[    2.830314] Interrupt Served: 	 Vector = 0x0000000F
[    2.833728] [passthrough] Read: 	 address = 0x58024400, size = 4 bytes, value = 0x00004025, pc=0x08001418 
[    2.834243] Interrupt Taken: 	 Vector = 0x0000000F
[    2.834302] Interrupt Served: 	 Vector = 0x0000000F
[    2.838156] Interrupt Taken: 	 Vector = 0x0000000F
[    2.838285] Interrupt Served: 	 Vector = 0x0000000F
[    2.841795] [passthrough] Write: 	 address = 0x58024400, size = 4 bytes, value = 0x00004025, pc=0x08001426 
[    2.842442] Interrupt Taken: 	 Vector = 0x0000000F
[    2.842487] Interrupt Served: 	 Vector = 0x0000000F
[    2.845993] Interrupt Taken: 	 Vector = 0x0000000F
[    2.846158] Interrupt Served: 	 Vector = 0x0000000F
[    2.849081] Interrupt Taken: 	 Vector = 0x0000000F
[    2.849194] Interrupt Served: 	 Vector = 0x0000000F
[    2.853206] Interrupt Taken: 	 Vector = 0x0000000F
[    2.853394] Interrupt Served: 	 Vector = 0x0000000F
[    2.856372] Interrupt Taken: 	 Vector = 0x0000000F
[    2.856448] Interrupt Served: 	 Vector = 0x0000000F
[    2.860146] Interrupt Taken: 	 Vector = 0x0000000F
[    2.860224] Interrupt Served: 	 Vector = 0x0000000F
[    2.864064] Interrupt Taken: 	 Vector = 0x0000000F
[    2.864149] Interrupt Served: 	 Vector = 0x0000000F
[    2.867663] [passthrough] Read: 	 address = 0x58024400, size = 4 bytes, value = 0x00004025, pc=0x08001444 
[    2.868146] Interrupt Taken: 	 Vector = 0x0000000F
[    2.868188] Interrupt Served: 	 Vector = 0x0000000F
[    2.872461] Interrupt Taken: 	 Vector = 0x0000000F
[    2.872513] Interrupt Served: 	 Vector = 0x0000000F
[    2.876182] Interrupt Taken: 	 Vector = 0x0000000F
[    2.876258] Interrupt Served: 	 Vector = 0x0000000F
[    2.880357] Interrupt Taken: 	 Vector = 0x0000000F
[    2.880441] Interrupt Served: 	 Vector = 0x0000000F
[    2.884072] [passthrough] Read: 	 address = 0x5C001000, size = 4 bytes, value = 0x20036450, pc=0x08000C8A 
[    2.884546] Interrupt Taken: 	 Vector = 0x0000000F
[    2.884677] Interrupt Served: 	 Vector = 0x0000000F
[    2.887465] Interrupt Taken: 	 Vector = 0x0000000F
[    2.887539] Interrupt Served: 	 Vector = 0x0000000F
[    2.891469] Interrupt Taken: 	 Vector = 0x0000000F
[    2.891528] Interrupt Served: 	 Vector = 0x0000000F
[    2.895162] Interrupt Taken: 	 Vector = 0x0000000F
[    2.895242] Interrupt Served: 	 Vector = 0x0000000F
[    2.899262] Interrupt Taken: 	 Vector = 0x0000000F
[    2.899411] Interrupt Served: 	 Vector = 0x0000000F
[    2.902250] Interrupt Taken: 	 Vector = 0x0000000F
[    2.902348] Interrupt Served: 	 Vector = 0x0000000F
[    2.905959] [passthrough] Read: 	 address = 0x58024404, size = 4 bytes, value = 0x40000edc, pc=0x0800148E 
[    2.906464] Interrupt Taken: 	 Vector = 0x0000000F
[    2.906599] Interrupt Served: 	 Vector = 0x0000000F
[    2.909501] Interrupt Taken: 	 Vector = 0x0000000F
[    2.909606] Interrupt Served: 	 Vector = 0x0000000F
[    2.913373] Interrupt Taken: 	 Vector = 0x0000000F
[    2.913434] Interrupt Served: 	 Vector = 0x0000000F
[    2.917095] [passthrough] Write: 	 address = 0x58024404, size = 4 bytes, value = 0x40000edc, pc=0x0800149E 
[    2.917924] Interrupt Taken: 	 Vector = 0x0000000F
[    2.918302] Interrupt Served: 	 Vector = 0x0000000F
[    2.921270] Interrupt Taken: 	 Vector = 0x0000000F
[    2.921375] Interrupt Served: 	 Vector = 0x0000000F
[    2.925140] Interrupt Taken: 	 Vector = 0x0000000F
[    2.925429] Interrupt Served: 	 Vector = 0x0000000F
[    2.928430] Interrupt Taken: 	 Vector = 0x0000000F
[    2.928535] Interrupt Served: 	 Vector = 0x0000000F
[    2.932342] Interrupt Taken: 	 Vector = 0x0000000F
[    2.932419] Interrupt Served: 	 Vector = 0x0000000F
[    2.936451] Interrupt Taken: 	 Vector = 0x0000000F
[    2.936539] Interrupt Served: 	 Vector = 0x0000000F
[    2.940646] Interrupt Taken: 	 Vector = 0x0000000F
[    2.940739] Interrupt Served: 	 Vector = 0x0000000F
[    2.944554] Interrupt Taken: 	 Vector = 0x0000000F
[    2.944696] Interrupt Served: 	 Vector = 0x0000000F
[    2.947985] Interrupt Taken: 	 Vector = 0x0000000F
[    2.948134] Interrupt Served: 	 Vector = 0x0000000F
[    2.951567] Interrupt Taken: 	 Vector = 0x0000000F
[    2.951672] Interrupt Served: 	 Vector = 0x0000000F
[    2.955875] Interrupt Taken: 	 Vector = 0x0000000F
[    2.955964] Interrupt Served: 	 Vector = 0x0000000F
[    2.960527] Interrupt Taken: 	 Vector = 0x0000000F
[    2.960773] Interrupt Served: 	 Vector = 0x0000000F
[    2.963785] Interrupt Taken: 	 Vector = 0x0000000F
[    2.963899] Interrupt Served: 	 Vector = 0x0000000F
[    2.968804] Interrupt Taken: 	 Vector = 0x0000000F
[    2.968945] Interrupt Served: 	 Vector = 0x0000000F
[    2.972557] Interrupt Taken: 	 Vector = 0x0000000F
[    2.973345] Interrupt Served: 	 Vector = 0x0000000F
[    2.976816] Interrupt Taken: 	 Vector = 0x0000000F
[    2.977568] Interrupt Served: 	 Vector = 0x0000000F
[    2.980590] Interrupt Taken: 	 Vector = 0x0000000F
[    2.980718] Interrupt Served: 	 Vector = 0x0000000F
[    2.985426] Interrupt Taken: 	 Vector = 0x0000000F
[    2.985591] Interrupt Served: 	 Vector = 0x0000000F
[    2.988715] Interrupt Taken: 	 Vector = 0x0000000F
[    2.988826] Interrupt Served: 	 Vector = 0x0000000F
[    2.993181] Interrupt Taken: 	 Vector = 0x0000000F
[    2.993264] Interrupt Served: 	 Vector = 0x0000000F
[    2.997159] Interrupt Taken: 	 Vector = 0x0000000F
[    2.997233] Interrupt Served: 	 Vector = 0x0000000F
[    3.000761] Interrupt Taken: 	 Vector = 0x0000000F
[    3.000879] Interrupt Served: 	 Vector = 0x0000000F
[    3.005965] [passthrough] Read: 	 address = 0x52002000, size = 4 bytes, value = 0x00000037, pc=0x08001B62 
[    3.006489] Interrupt Taken: 	 Vector = 0x0000000F
[    3.006561] Interrupt Served: 	 Vector = 0x0000000F
[    3.009883] Interrupt Taken: 	 Vector = 0x0000000F
[    3.010009] Interrupt Served: 	 Vector = 0x0000000F
[    3.014133] Interrupt Taken: 	 Vector = 0x0000000F
[    3.014226] Interrupt Served: 	 Vector = 0x0000000F
[    3.018147] Interrupt Taken: 	 Vector = 0x0000000F
[    3.018254] Interrupt Served: 	 Vector = 0x0000000F
[    3.022320] Interrupt Taken: 	 Vector = 0x0000000F
[    3.022464] Interrupt Served: 	 Vector = 0x0000000F
[    3.025425] Interrupt Taken: 	 Vector = 0x0000000F
[    3.025572] Interrupt Served: 	 Vector = 0x0000000F
[    3.028922] [passthrough] Read: 	 address = 0x58024418, size = 4 bytes, value = 0x00000000, pc=0x08001BA2 
[    3.029384] Interrupt Taken: 	 Vector = 0x0000000F
[    3.029428] Interrupt Served: 	 Vector = 0x0000000F
[    3.033467] Interrupt Taken: 	 Vector = 0x0000000F
[    3.033627] Interrupt Served: 	 Vector = 0x0000000F
[    3.036478] Interrupt Taken: 	 Vector = 0x0000000F
[    3.036650] Interrupt Served: 	 Vector = 0x0000000F
[    3.039445] Interrupt Taken: 	 Vector = 0x0000000F
[    3.039584] Interrupt Served: 	 Vector = 0x0000000F
[    3.042817] Interrupt Taken: 	 Vector = 0x0000000F
[    3.042859] Interrupt Served: 	 Vector = 0x0000000F
[    3.046098] Interrupt Taken: 	 Vector = 0x0000000F
[    3.046141] Interrupt Served: 	 Vector = 0x0000000F
[    3.049676] [passthrough] Read: 	 address = 0x5802441C, size = 4 bytes, value = 0x00000000, pc=0x08001BD0 
[    3.050032] Interrupt Taken: 	 Vector = 0x0000000F
[    3.050058] Interrupt Served: 	 Vector = 0x0000000F
[    3.052908] Interrupt Taken: 	 Vector = 0x0000000F
[    3.052935] Interrupt Served: 	 Vector = 0x0000000F
[    3.055827] Interrupt Taken: 	 Vector = 0x0000000F
[    3.055879] Interrupt Served: 	 Vector = 0x0000000F
[    3.058801] Interrupt Taken: 	 Vector = 0x0000000F
[    3.058824] Interrupt Served: 	 Vector = 0x0000000F
[    3.061399] [passthrough] Read: 	 address = 0x5802441C, size = 4 bytes, value = 0x00000000, pc=0x08001BF8 
[    3.062054] Interrupt Taken: 	 Vector = 0x0000000F
[    3.062085] Interrupt Served: 	 Vector = 0x0000000F
[    3.065633] Interrupt Taken: 	 Vector = 0x0000000F
[    3.065669] Interrupt Served: 	 Vector = 0x0000000F
[    3.068697] Interrupt Taken: 	 Vector = 0x0000000F
[    3.068724] Interrupt Served: 	 Vector = 0x0000000F
[    3.071471] [passthrough] Read: 	 address = 0x58024420, size = 4 bytes, value = 0x00000000, pc=0x08001C2C 
[    3.071810] Interrupt Taken: 	 Vector = 0x0000000F
[    3.071849] Interrupt Served: 	 Vector = 0x0000000F
[    3.074418] Interrupt Taken: 	 Vector = 0x0000000F
[    3.075024] Interrupt Served: 	 Vector = 0x0000000F
[    3.077513] Interrupt Taken: 	 Vector = 0x0000000F
[    3.077597] Interrupt Served: 	 Vector = 0x0000000F
[    3.080054] Interrupt Taken: 	 Vector = 0x0000000F
[    3.080093] Interrupt Served: 	 Vector = 0x0000000F
[    3.082897] Interrupt Taken: 	 Vector = 0x0000000F
[    3.082920] Interrupt Served: 	 Vector = 0x0000000F
[    3.085758] Interrupt Taken: 	 Vector = 0x0000000F
[    3.085781] Interrupt Served: 	 Vector = 0x0000000F
[    3.088479] Interrupt Taken: 	 Vector = 0x0000000F
[    3.088495] Interrupt Served: 	 Vector = 0x0000000F
[    3.091250] [passthrough] Read: 	 address = 0x58024418, size = 4 bytes, value = 0x00000000, pc=0x08001C5A 
[    3.091572] Interrupt Taken: 	 Vector = 0x0000000F
[    3.091607] Interrupt Served: 	 Vector = 0x0000000F
[    3.094068] Interrupt Taken: 	 Vector = 0x0000000F
[    3.094146] Interrupt Served: 	 Vector = 0x0000000F
[    3.096969] Interrupt Taken: 	 Vector = 0x0000000F
[    3.097055] Interrupt Served: 	 Vector = 0x0000000F
[    3.099728] Interrupt Taken: 	 Vector = 0x0000000F
[    3.099784] Interrupt Served: 	 Vector = 0x0000000F
[    3.102552] Interrupt Taken: 	 Vector = 0x0000000F
[    3.102570] Interrupt Served: 	 Vector = 0x0000000F
[    3.105299] Interrupt Taken: 	 Vector = 0x0000000F
[    3.105331] Interrupt Served: 	 Vector = 0x0000000F
[    3.108184] Interrupt Taken: 	 Vector = 0x0000000F
[    3.108200] Interrupt Served: 	 Vector = 0x0000000F
[    3.110827] [passthrough] Read: 	 address = 0x58024418, size = 4 bytes, value = 0x00000000, pc=0x08001C84 
[    3.111177] Interrupt Taken: 	 Vector = 0x0000000F
[    3.111303] Interrupt Served: 	 Vector = 0x0000000F
[    3.113877] Interrupt Taken: 	 Vector = 0x0000000F
[    3.113960] Interrupt Served: 	 Vector = 0x0000000F
[    3.116432] Interrupt Taken: 	 Vector = 0x0000000F
[    3.116471] Interrupt Served: 	 Vector = 0x0000000F
[    3.119363] Interrupt Taken: 	 Vector = 0x0000000F
[    3.119381] Interrupt Served: 	 Vector = 0x0000000F
[    3.122118] [passthrough] Write: 	 address = 0x58024418, size = 4 bytes, value = 0x00000000, pc=0x08001C92 
[    3.122573] Interrupt Taken: 	 Vector = 0x0000000F
[    3.122603] Interrupt Served: 	 Vector = 0x0000000F
[    3.125139] Interrupt Taken: 	 Vector = 0x0000000F
[    3.125186] Interrupt Served: 	 Vector = 0x0000000F
[    3.127947] Interrupt Taken: 	 Vector = 0x0000000F
[    3.127961] Interrupt Served: 	 Vector = 0x0000000F
[    3.130633] Interrupt Taken: 	 Vector = 0x0000000F
[    3.130652] Interrupt Served: 	 Vector = 0x0000000F
[    3.133433] Interrupt Taken: 	 Vector = 0x0000000F
[    3.133458] Interrupt Served: 	 Vector = 0x0000000F
[    3.136262] Interrupt Taken: 	 Vector = 0x0000000F
[    3.136279] Interrupt Served: 	 Vector = 0x0000000F
[    3.139191] [passthrough] Read: 	 address = 0x58024400, size = 4 bytes, value = 0x00004025, pc=0x08001CDE 
[    3.139532] Interrupt Taken: 	 Vector = 0x0000000F
[    3.139564] Interrupt Served: 	 Vector = 0x0000000F
[    3.141967] Interrupt Taken: 	 Vector = 0x0000000F
[    3.142008] Interrupt Served: 	 Vector = 0x0000000F
[    3.144730] Interrupt Taken: 	 Vector = 0x0000000F
[    3.144751] Interrupt Served: 	 Vector = 0x0000000F
[    3.147639] Interrupt Taken: 	 Vector = 0x0000000F
[    3.147654] Interrupt Served: 	 Vector = 0x0000000F
[    3.150389] [passthrough] Read: 	 address = 0x58024410, size = 4 bytes, value = 0x00000000, pc=0x08001CEE 
[    3.150730] Interrupt Taken: 	 Vector = 0x0000000F
[    3.150740] Interrupt Served: 	 Vector = 0x0000000F
[    3.153562] Interrupt Taken: 	 Vector = 0x0000000F
[    3.153576] Interrupt Served: 	 Vector = 0x0000000F
[    3.156163] [passthrough] Write: 	 address = 0x58024410, size = 4 bytes, value = 0x00000000, pc=0x08001CFC 
[    3.156562] Interrupt Taken: 	 Vector = 0x0000000F
[    3.156578] Interrupt Served: 	 Vector = 0x0000000F
[    3.159349] Interrupt Taken: 	 Vector = 0x0000000F
[    3.159371] Interrupt Served: 	 Vector = 0x0000000F
[    3.162003] Interrupt Taken: 	 Vector = 0x0000000F
[    3.162029] Interrupt Served: 	 Vector = 0x0000000F
[    3.164879] Interrupt Taken: 	 Vector = 0x0000000F
[    3.164893] Interrupt Served: 	 Vector = 0x0000000F
[    3.167772] [passthrough] Read: 	 address = 0x58024410, size = 4 bytes, value = 0x00000000, pc=0x08001D1E 
[    3.168115] Interrupt Taken: 	 Vector = 0x0000000F
[    3.168145] Interrupt Served: 	 Vector = 0x0000000F
[    3.170715] Interrupt Taken: 	 Vector = 0x0000000F
[    3.170740] Interrupt Served: 	 Vector = 0x0000000F
[    3.173520] Interrupt Taken: 	 Vector = 0x0000000F
[    3.173558] Interrupt Served: 	 Vector = 0x0000000F
[    3.176139] Interrupt Taken: 	 Vector = 0x0000000F
[    3.176176] Interrupt Served: 	 Vector = 0x0000000F
[    3.178994] Interrupt Taken: 	 Vector = 0x0000000F
[    3.179053] Interrupt Served: 	 Vector = 0x0000000F
[    3.182128] Interrupt Taken: 	 Vector = 0x0000000F
[    3.182149] Interrupt Served: 	 Vector = 0x0000000F
[    3.184840] [passthrough] Read: 	 address = 0x58024418, size = 4 bytes, value = 0x00000000, pc=0x08001D40 
[    3.185361] Interrupt Taken: 	 Vector = 0x0000000F
[    3.185450] Interrupt Served: 	 Vector = 0x0000000F
[    3.188099] Interrupt Taken: 	 Vector = 0x0000000F
[    3.188131] Interrupt Served: 	 Vector = 0x0000000F
[    3.190923] Interrupt Taken: 	 Vector = 0x0000000F
[    3.190947] Interrupt Served: 	 Vector = 0x0000000F
[    3.193816] Interrupt Taken: 	 Vector = 0x0000000F
[    3.193858] Interrupt Served: 	 Vector = 0x0000000F
[    3.196700] [passthrough] Read: 	 address = 0x52002000, size = 4 bytes, value = 0x00000037, pc=0x08001D5E 
[    3.197084] Interrupt Taken: 	 Vector = 0x0000000F
[    3.197124] Interrupt Served: 	 Vector = 0x0000000F
[    3.199791] Interrupt Taken: 	 Vector = 0x0000000F
[    3.199838] Interrupt Served: 	 Vector = 0x0000000F
[    3.202744] Interrupt Taken: 	 Vector = 0x0000000F
[    3.202768] Interrupt Served: 	 Vector = 0x0000000F
[    3.205889] Interrupt Taken: 	 Vector = 0x0000000F
[    3.205935] Interrupt Served: 	 Vector = 0x0000000F
[    3.208474] Interrupt Taken: 	 Vector = 0x0000000F
[    3.208517] Interrupt Served: 	 Vector = 0x0000000F
[    3.211361] [passthrough] Read: 	 address = 0x52002000, size = 4 bytes, value = 0x00000037, pc=0x08001D6C 
[    3.211756] Interrupt Taken: 	 Vector = 0x0000000F
[    3.211781] Interrupt Served: 	 Vector = 0x0000000F
[    3.215037] Interrupt Taken: 	 Vector = 0x0000000F
[    3.215109] Interrupt Served: 	 Vector = 0x0000000F
[    3.217745] Interrupt Taken: 	 Vector = 0x0000000F
[    3.217805] Interrupt Served: 	 Vector = 0x0000000F
[    3.220904] [passthrough] Write: 	 address = 0x52002000, size = 4 bytes, value = 0x00000031, pc=0x08001D78 
[    3.221435] Interrupt Taken: 	 Vector = 0x0000000F
[    3.221523] Interrupt Served: 	 Vector = 0x0000000F
[    3.224180] Interrupt Taken: 	 Vector = 0x0000000F
[    3.224262] Interrupt Served: 	 Vector = 0x0000000F
[    3.227506] Interrupt Taken: 	 Vector = 0x0000000F
[    3.227557] Interrupt Served: 	 Vector = 0x0000000F
[    3.230906] [passthrough] Read: 	 address = 0x52002000, size = 4 bytes, value = 0x00000031, pc=0x08001D7C 
[    3.231393] Interrupt Taken: 	 Vector = 0x0000000F
[    3.231430] Interrupt Served: 	 Vector = 0x0000000F
[    3.235048] Interrupt Taken: 	 Vector = 0x0000000F
[    3.235103] Interrupt Served: 	 Vector = 0x0000000F
[    3.238851] Interrupt Taken: 	 Vector = 0x0000000F
[    3.238899] Interrupt Served: 	 Vector = 0x0000000F
[    3.242784] Interrupt Taken: 	 Vector = 0x0000000F
[    3.242864] Interrupt Served: 	 Vector = 0x0000000F
[    3.246287] [passthrough] Read: 	 address = 0x58024418, size = 4 bytes, value = 0x00000000, pc=0x08001DA6 
[    3.246774] Interrupt Taken: 	 Vector = 0x0000000F
[    3.246840] Interrupt Served: 	 Vector = 0x0000000F
[    3.250365] Interrupt Taken: 	 Vector = 0x0000000F
[    3.250425] Interrupt Served: 	 Vector = 0x0000000F
[    3.254225] Interrupt Taken: 	 Vector = 0x0000000F
[    3.254285] Interrupt Served: 	 Vector = 0x0000000F
[    3.258847] Interrupt Taken: 	 Vector = 0x0000000F
[    3.258932] Interrupt Served: 	 Vector = 0x0000000F
[    3.262340] [passthrough] Read: 	 address = 0x5802441C, size = 4 bytes, value = 0x00000000, pc=0x08001DD4 
[    3.262856] Interrupt Taken: 	 Vector = 0x0000000F
[    3.262918] Interrupt Served: 	 Vector = 0x0000000F
[    3.266522] Interrupt Taken: 	 Vector = 0x0000000F
[    3.266601] Interrupt Served: 	 Vector = 0x0000000F
[    3.270446] Interrupt Taken: 	 Vector = 0x0000000F
[    3.270545] Interrupt Served: 	 Vector = 0x0000000F
[    3.274776] Interrupt Taken: 	 Vector = 0x0000000F
[    3.274844] Interrupt Served: 	 Vector = 0x0000000F
[    3.278417] [passthrough] Read: 	 address = 0x5802441C, size = 4 bytes, value = 0x00000000, pc=0x08001E02 
[    3.278956] Interrupt Taken: 	 Vector = 0x0000000F
[    3.279050] Interrupt Served: 	 Vector = 0x0000000F
[    3.282718] Interrupt Taken: 	 Vector = 0x0000000F
[    3.282810] Interrupt Served: 	 Vector = 0x0000000F
[    3.286602] Interrupt Taken: 	 Vector = 0x0000000F
[    3.286674] Interrupt Served: 	 Vector = 0x0000000F
[    3.290687] Interrupt Taken: 	 Vector = 0x0000000F
[    3.290769] Interrupt Served: 	 Vector = 0x0000000F
[    3.294425] [passthrough] Read: 	 address = 0x58024420, size = 4 bytes, value = 0x00000000, pc=0x08001E30 
[    3.294899] Interrupt Taken: 	 Vector = 0x0000000F
[    3.295109] Interrupt Served: 	 Vector = 0x0000000F
[    3.297938] Interrupt Taken: 	 Vector = 0x0000000F
[    3.298051] Interrupt Served: 	 Vector = 0x0000000F
[    3.301666] Interrupt Taken: 	 Vector = 0x0000000F
[    3.301729] Interrupt Served: 	 Vector = 0x0000000F
[    3.305568] Interrupt Taken: 	 Vector = 0x0000000F
[    3.305642] Interrupt Served: 	 Vector = 0x0000000F
[    3.309198] [passthrough] Read: 	 address = 0x58024410, size = 4 bytes, value = 0x00000000, pc=0x08001EC0 
[    3.309681] Interrupt Taken: 	 Vector = 0x0000000F
[    3.309748] Interrupt Served: 	 Vector = 0x0000000F
[    3.312958] [passthrough] Read: 	 address = 0x58024400, size = 4 bytes, value = 0x00004025, pc=0x08001F3A 
[    3.313538] [passthrough] Read: 	 address = 0x58024400, size = 4 bytes, value = 0x00004025, pc=0x08001F46 
[    3.315999] Interrupt Taken: 	 Vector = 0x0000000F
[    3.316162] Interrupt Served: 	 Vector = 0x0000000F
[    3.319357] Interrupt Taken: 	 Vector = 0x0000000F
[    3.319548] Interrupt Served: 	 Vector = 0x0000000F
[    3.323068] [passthrough] Read: 	 address = 0x58024418, size = 4 bytes, value = 0x00000000, pc=0x08001E54 
[    3.323582] Interrupt Taken: 	 Vector = 0x0000000F
[    3.323633] Interrupt Served: 	 Vector = 0x0000000F
[    3.328307] Interrupt Taken: 	 Vector = 0x0000000F
[    3.328377] Interrupt Served: 	 Vector = 0x0000000F
[    3.331919] [passthrough] Read: 	 address = 0x58024418, size = 4 bytes, value = 0x00000000, pc=0x08001E6C 
[    3.332460] Interrupt Taken: 	 Vector = 0x0000000F
[    3.332556] Interrupt Served: 	 Vector = 0x0000000F
[    3.336747] Interrupt Taken: 	 Vector = 0x0000000F
[    3.336840] Interrupt Served: 	 Vector = 0x0000000F
[    3.340309] IO Write Access NOT Handled: 	 address = 0xE000E014, size = 4 bytes, value = 0x0000f9ff, pc=0x08000DD8 
[    3.340423] IO Write Access NOT Handled (Unknown Region): 	 address = 0x00000004, size = 4 bytes, value = 0x0000f9ff, pc=0x08000DD8 
[    3.340508] Interrupt Taken: 	 Vector = 0x0000000F
[    3.340610] Interrupt Served: 	 Vector = 0x0000000F
[    3.343495] Interrupt Taken: 	 Vector = 0x0000000F
[    3.343605] Interrupt Served: 	 Vector = 0x0000000F
[    3.346905] IO Write Access NOT Handled: 	 address = 0xE000ED23, size = 1 bytes, value = 0xf0, pc=0x08000D3E 
[    3.347053] Interrupt Taken: 	 Vector = 0x0000000F
[    3.347136] Interrupt Served: 	 Vector = 0x0000000F
[    3.350475] IO Write Access NOT Handled: 	 address = 0xE000E018, size = 4 bytes, value = 0x00000000, pc=0x08000DE8 
[    3.350584] IO Write Access NOT Handled (Unknown Region): 	 address = 0x00000008, size = 4 bytes, value = 0x00000000, pc=0x08000DE8 
[    3.350666] Interrupt Taken: 	 Vector = 0x0000000F
[    3.350711] Interrupt Served: 	 Vector = 0x0000000F
[    3.353888] IO Write Access NOT Handled: 	 address = 0xE000E010, size = 4 bytes, value = 0x00000007, pc=0x08000DEE 
[    3.353985] IO Write Access NOT Handled (Unknown Region): 	 address = 0x00000000, size = 4 bytes, value = 0x00000007, pc=0x08000DEE 
[    3.354205] IO Read Access NOT Handled: 	 address=0xe000ed0c, size=4 bytes, pc=0x08000cea
[    3.354302] Interrupt Taken: 	 Vector = 0x0000000F
[    3.354378] Interrupt Served: 	 Vector = 0x0000000F
[    3.357612] IO Write Access NOT Handled: 	 address = 0xE000ED23, size = 1 bytes, value = 0x00, pc=0x08000D3E 
[    3.357726] Interrupt Taken: 	 Vector = 0x0000000F
[    3.357789] Interrupt Served: 	 Vector = 0x0000000F
[    3.361948] Interrupt Taken: 	 Vector = 0x0000000F
[    3.362011] Interrupt Served: 	 Vector = 0x0000000F
[    3.365806] Interrupt Taken: 	 Vector = 0x0000000F
[    3.365863] Interrupt Served: 	 Vector = 0x0000000F
[    3.369743] Interrupt Taken: 	 Vector = 0x0000000F
[    3.369854] Interrupt Served: 	 Vector = 0x0000000F
[    3.374108] Interrupt Taken: 	 Vector = 0x0000000F
[    3.374183] Interrupt Served: 	 Vector = 0x0000000F
[    3.378292] Interrupt Taken: 	 Vector = 0x0000000F
[    3.378373] Interrupt Served: 	 Vector = 0x0000000F
[    3.381977] Interrupt Taken: 	 Vector = 0x0000000F
[    3.382076] Interrupt Served: 	 Vector = 0x0000000F
[    3.388361] Interrupt Taken: 	 Vector = 0x0000000F
[    3.388485] Interrupt Served: 	 Vector = 0x0000000F
[    3.392153] [passthrough] Read: 	 address = 0x580244E0, size = 4 bytes, value = 0x00000000, pc=0x08000ABA 
[    3.392639] Interrupt Taken: 	 Vector = 0x0000000F
[    3.392805] Interrupt Served: 	 Vector = 0x0000000F
[    3.396078] Interrupt Taken: 	 Vector = 0x0000000F
[    3.396219] Interrupt Served: 	 Vector = 0x0000000F
[    3.402055] Interrupt Taken: 	 Vector = 0x0000000F
[    3.402161] Interrupt Served: 	 Vector = 0x0000000F
[    3.405842] [passthrough] Write: 	 address = 0x580244E0, size = 4 bytes, value = 0x00000008, pc=0x08000AC4 
[    3.406786] Interrupt Taken: 	 Vector = 0x0000000F
[    3.406930] Interrupt Served: 	 Vector = 0x0000000F
[    3.409733] Interrupt Taken: 	 Vector = 0x0000000F
[    3.409833] Interrupt Served: 	 Vector = 0x0000000F
[    3.415237] Interrupt Taken: 	 Vector = 0x0000000F
[    3.415336] Interrupt Served: 	 Vector = 0x0000000F
[    3.419122] [passthrough] Read: 	 address = 0x580244E0, size = 4 bytes, value = 0x00000008, pc=0x08000ACA 
[    3.419628] Interrupt Taken: 	 Vector = 0x0000000F
[    3.419712] Interrupt Served: 	 Vector = 0x0000000F
[    3.425578] Interrupt Taken: 	 Vector = 0x0000000F
[    3.425873] Interrupt Served: 	 Vector = 0x0000000F
[    3.429364] [passthrough] Read: 	 address = 0x580244E0, size = 4 bytes, value = 0x00000008, pc=0x08000AD8 
[    3.429898] Interrupt Taken: 	 Vector = 0x0000000F
[    3.430068] Interrupt Served: 	 Vector = 0x0000000F
[    3.432927] Interrupt Taken: 	 Vector = 0x0000000F
[    3.433011] Interrupt Served: 	 Vector = 0x0000000F
[    3.438914] Interrupt Taken: 	 Vector = 0x0000000F
[    3.439002] Interrupt Served: 	 Vector = 0x0000000F
[    3.442840] [passthrough] Write: 	 address = 0x580244E0, size = 4 bytes, value = 0x00000008, pc=0x08000AE2 
[    3.443757] Interrupt Taken: 	 Vector = 0x0000000F
[    3.443841] Interrupt Served: 	 Vector = 0x0000000F
[    3.448773] Interrupt Taken: 	 Vector = 0x0000000F
[    3.448857] Interrupt Served: 	 Vector = 0x0000000F
[    3.452672] [passthrough] Read: 	 address = 0x580244E0, size = 4 bytes, value = 0x00000008, pc=0x08000AE8 
[    3.453132] Interrupt Taken: 	 Vector = 0x0000000F
[    3.453177] Interrupt Served: 	 Vector = 0x0000000F
[    3.457827] Interrupt Taken: 	 Vector = 0x0000000F
[    3.457899] Interrupt Served: 	 Vector = 0x0000000F
[    3.461395] [passthrough] Read: 	 address = 0x580244E8, size = 4 bytes, value = 0x00000000, pc=0x08000AF6 
[    3.461832] Interrupt Taken: 	 Vector = 0x0000000F
[    3.461886] Interrupt Served: 	 Vector = 0x0000000F
[    3.466352] Interrupt Taken: 	 Vector = 0x0000000F
[    3.466427] Interrupt Served: 	 Vector = 0x0000000F
[    3.469903] [passthrough] Write: 	 address = 0x580244E8, size = 4 bytes, value = 0x00040000, pc=0x08000B00 
[    3.470651] Interrupt Taken: 	 Vector = 0x0000000F
[    3.470723] Interrupt Served: 	 Vector = 0x0000000F
[    3.475218] Interrupt Taken: 	 Vector = 0x0000000F
[    3.475296] Interrupt Served: 	 Vector = 0x0000000F
[    3.478845] [passthrough] Read: 	 address = 0x580244E8, size = 4 bytes, value = 0x00040000, pc=0x08000B06 
[    3.479830] Interrupt Taken: 	 Vector = 0x0000000F
[    3.479911] Interrupt Served: 	 Vector = 0x0000000F
[    3.483315] Interrupt Taken: 	 Vector = 0x0000000F
[    3.483419] Interrupt Served: 	 Vector = 0x0000000F
[    3.487796] Interrupt Taken: 	 Vector = 0x0000000F
[    3.487909] Interrupt Served: 	 Vector = 0x0000000F
[    3.490908] Interrupt Taken: 	 Vector = 0x0000000F
[    3.491095] Interrupt Served: 	 Vector = 0x0000000F
[    3.495151] Interrupt Taken: 	 Vector = 0x0000000F
[    3.495216] Interrupt Served: 	 Vector = 0x0000000F
[    3.499311] Interrupt Taken: 	 Vector = 0x0000000F
[    3.499386] Interrupt Served: 	 Vector = 0x0000000F
[    3.503834] Interrupt Taken: 	 Vector = 0x0000000F
[    3.503919] Interrupt Served: 	 Vector = 0x0000000F
[    3.508102] Interrupt Taken: 	 Vector = 0x0000000F
[    3.508180] Interrupt Served: 	 Vector = 0x0000000F
[    3.512064] Interrupt Taken: 	 Vector = 0x0000000F
[    3.512133] Interrupt Served: 	 Vector = 0x0000000F
[    3.515818] Interrupt Taken: 	 Vector = 0x0000000F
[    3.515879] Interrupt Served: 	 Vector = 0x0000000F
[    3.522761] Interrupt Taken: 	 Vector = 0x0000000F
[    3.522845] Interrupt Served: 	 Vector = 0x0000000F
[    3.526581] [passthrough] Read: 	 address = 0x58020C08, size = 4 bytes, value = 0x00000000, pc=0x08000F0A 
[    3.527111] Interrupt Taken: 	 Vector = 0x0000000F
[    3.527209] Interrupt Served: 	 Vector = 0x0000000F
[    3.533266] Interrupt Taken: 	 Vector = 0x0000000F
[    3.533349] Interrupt Served: 	 Vector = 0x0000000F
[    3.537121] [passthrough] Write: 	 address = 0x58020C08, size = 4 bytes, value = 0x00020000, pc=0x08000F36 
[    3.537962] Interrupt Taken: 	 Vector = 0x0000000F
[    3.538123] Interrupt Served: 	 Vector = 0x0000000F
[    3.540956] Interrupt Taken: 	 Vector = 0x0000000F
[    3.541075] Interrupt Served: 	 Vector = 0x0000000F
[    3.546473] Interrupt Taken: 	 Vector = 0x0000000F
[    3.546595] Interrupt Served: 	 Vector = 0x0000000F
[    3.549484] Interrupt Taken: 	 Vector = 0x0000000F
[    3.549597] Interrupt Served: 	 Vector = 0x0000000F
[    3.553761] [passthrough] Read: 	 address = 0x58020C04, size = 4 bytes, value = 0x00000000, pc=0x08000F3A 
[    3.554285] Interrupt Taken: 	 Vector = 0x0000000F
[    3.554348] Interrupt Served: 	 Vector = 0x0000000F
[    3.557577] Interrupt Taken: 	 Vector = 0x0000000F
[    3.557684] Interrupt Served: 	 Vector = 0x0000000F
[    3.562824] Interrupt Taken: 	 Vector = 0x0000000F
[    3.562951] Interrupt Served: 	 Vector = 0x0000000F
[    3.565839] Interrupt Taken: 	 Vector = 0x0000000F
[    3.565965] Interrupt Served: 	 Vector = 0x0000000F
[    3.569800] [passthrough] Write: 	 address = 0x58020C04, size = 4 bytes, value = 0x00000000, pc=0x08000F68 
[    3.570672] Interrupt Taken: 	 Vector = 0x0000000F
[    3.570852] Interrupt Served: 	 Vector = 0x0000000F
[    3.573652] Interrupt Taken: 	 Vector = 0x0000000F
[    3.573766] Interrupt Served: 	 Vector = 0x0000000F
[    3.577716] Interrupt Taken: 	 Vector = 0x0000000F
[    3.577800] Interrupt Served: 	 Vector = 0x0000000F
[    3.583582] Interrupt Taken: 	 Vector = 0x0000000F
[    3.583668] Interrupt Served: 	 Vector = 0x0000000F
[    3.587179] [passthrough] Read: 	 address = 0x58020C0C, size = 4 bytes, value = 0x00000000, pc=0x08000F78 
[    3.587675] Interrupt Taken: 	 Vector = 0x0000000F
[    3.587747] Interrupt Served: 	 Vector = 0x0000000F
[    3.592890] Interrupt Taken: 	 Vector = 0x0000000F
[    3.593057] Interrupt Served: 	 Vector = 0x0000000F
[    3.595955] Interrupt Taken: 	 Vector = 0x0000000F
[    3.596236] Interrupt Served: 	 Vector = 0x0000000F
[    3.599369] Interrupt Taken: 	 Vector = 0x0000000F
[    3.599481] Interrupt Served: 	 Vector = 0x0000000F
[    3.602964] [passthrough] Write: 	 address = 0x58020C0C, size = 4 bytes, value = 0x00010000, pc=0x08000FA4 
[    3.603651] Interrupt Taken: 	 Vector = 0x0000000F
[    3.603697] Interrupt Served: 	 Vector = 0x0000000F
[    3.607811] Interrupt Taken: 	 Vector = 0x0000000F
[    3.607928] Interrupt Served: 	 Vector = 0x0000000F
[    3.613689] Interrupt Taken: 	 Vector = 0x0000000F
[    3.613772] Interrupt Served: 	 Vector = 0x0000000F
[    3.617254] [passthrough] Read: 	 address = 0x58020C24, size = 4 bytes, value = 0x00000000, pc=0x08000FBA 
[    3.617832] Interrupt Taken: 	 Vector = 0x0000000F
[    3.617903] Interrupt Served: 	 Vector = 0x0000000F
[    3.623942] Interrupt Taken: 	 Vector = 0x0000000F
[    3.624049] Interrupt Served: 	 Vector = 0x0000000F
[    3.627635] [passthrough] Write: 	 address = 0x58020C24, size = 4 bytes, value = 0x00000007, pc=0x08000FF6 
[    3.628332] Interrupt Taken: 	 Vector = 0x0000000F
[    3.628386] Interrupt Served: 	 Vector = 0x0000000F
[    3.631907] Interrupt Taken: 	 Vector = 0x0000000F
[    3.631983] Interrupt Served: 	 Vector = 0x0000000F
[    3.635556] [passthrough] Read: 	 address = 0x58020C00, size = 4 bytes, value = 0xffffffff, pc=0x08000FFC 
[    3.636048] Interrupt Taken: 	 Vector = 0x0000000F
[    3.636180] Interrupt Served: 	 Vector = 0x0000000F
[    3.639137] Interrupt Taken: 	 Vector = 0x0000000F
[    3.639251] Interrupt Served: 	 Vector = 0x0000000F
[    3.643487] Interrupt Taken: 	 Vector = 0x0000000F
[    3.643549] Interrupt Served: 	 Vector = 0x0000000F
[    3.648459] Interrupt Taken: 	 Vector = 0x0000000F
[    3.648529] Interrupt Served: 	 Vector = 0x0000000F
[    3.652199] [passthrough] Write: 	 address = 0x58020C00, size = 4 bytes, value = 0xfffeffff, pc=0x0800102C 
[    3.652906] Interrupt Taken: 	 Vector = 0x0000000F
[    3.652982] Interrupt Served: 	 Vector = 0x0000000F
[    3.656697] Interrupt Taken: 	 Vector = 0x0000000F
[    3.656782] Interrupt Served: 	 Vector = 0x0000000F
[    3.660785] Interrupt Taken: 	 Vector = 0x0000000F
[    3.660942] Interrupt Served: 	 Vector = 0x0000000F
[    3.663876] Interrupt Taken: 	 Vector = 0x0000000F
[    3.663982] Interrupt Served: 	 Vector = 0x0000000F
[    3.668049] Interrupt Taken: 	 Vector = 0x0000000F
[    3.668127] Interrupt Served: 	 Vector = 0x0000000F
[    3.671508] [passthrough] Read: 	 address = 0x58020C08, size = 4 bytes, value = 0x00020000, pc=0x08000F0A 
[    3.672036] Interrupt Taken: 	 Vector = 0x0000000F
[    3.672111] Interrupt Served: 	 Vector = 0x0000000F
[    3.675785] [passthrough] Write: 	 address = 0x58020C08, size = 4 bytes, value = 0x000a0000, pc=0x08000F36 
[    3.676417] Interrupt Taken: 	 Vector = 0x0000000F
[    3.676475] Interrupt Served: 	 Vector = 0x0000000F
[    3.679920] [passthrough] Read: 	 address = 0x58020C04, size = 4 bytes, value = 0x00000000, pc=0x08000F3A 
[    3.680710] [passthrough] Write: 	 address = 0x58020C04, size = 4 bytes, value = 0x00000000, pc=0x08000F68 
[    3.681467] [passthrough] Read: 	 address = 0x58020C0C, size = 4 bytes, value = 0x00010000, pc=0x08000F78 
[    3.681963] [passthrough] Write: 	 address = 0x58020C0C, size = 4 bytes, value = 0x00050000, pc=0x08000FA4 
[    3.682667] [passthrough] Read: 	 address = 0x58020C24, size = 4 bytes, value = 0x00000007, pc=0x08000FBA 
[    3.683171] [passthrough] Write: 	 address = 0x58020C24, size = 4 bytes, value = 0x00000077, pc=0x08000FF6 
[    3.684132] [passthrough] Read: 	 address = 0x58020C00, size = 4 bytes, value = 0xfffeffff, pc=0x08000FFC 
[    3.684610] Interrupt Taken: 	 Vector = 0x0000000F
[    3.684796] Interrupt Served: 	 Vector = 0x0000000F
[    3.687632] Interrupt Taken: 	 Vector = 0x0000000F
[    3.687735] Interrupt Served: 	 Vector = 0x0000000F
[    3.691096] [passthrough] Write: 	 address = 0x58020C00, size = 4 bytes, value = 0xfffaffff, pc=0x0800102C 
[    3.691817] Interrupt Taken: 	 Vector = 0x0000000F
[    3.691880] Interrupt Served: 	 Vector = 0x0000000F
[    3.695747] Interrupt Taken: 	 Vector = 0x0000000F
[    3.695908] Interrupt Served: 	 Vector = 0x0000000F
[    3.698825] Interrupt Taken: 	 Vector = 0x0000000F
[    3.698934] Interrupt Served: 	 Vector = 0x0000000F
[    3.702893] Interrupt Taken: 	 Vector = 0x0000000F
[    3.702962] Interrupt Served: 	 Vector = 0x0000000F
[    3.709686] Interrupt Taken: 	 Vector = 0x0000000F
[    3.709803] Interrupt Served: 	 Vector = 0x0000000F
[    3.713753] Interrupt Taken: 	 Vector = 0x0000000F
[    3.713838] Interrupt Served: 	 Vector = 0x0000000F
[    3.717604] Interrupt Taken: 	 Vector = 0x0000000F
[    3.717674] Interrupt Served: 	 Vector = 0x0000000F
[    3.721105] Interrupt Taken: 	 Vector = 0x0000000F
[    3.721170] Interrupt Served: 	 Vector = 0x0000000F
[    3.724967] Interrupt Taken: 	 Vector = 0x0000000F
[    3.725097] Interrupt Served: 	 Vector = 0x0000000F
[    3.730384] Interrupt Taken: 	 Vector = 0x0000000F
[    3.730536] Interrupt Served: 	 Vector = 0x0000000F
[    3.733545] Interrupt Taken: 	 Vector = 0x0000000F
[    3.733663] Interrupt Served: 	 Vector = 0x0000000F
[    3.738358] Interrupt Taken: 	 Vector = 0x0000000F
[    3.738443] Interrupt Served: 	 Vector = 0x0000000F
[    3.742077] [passthrough] Read: 	 address = 0x40004800, size = 4 bytes, value = 0x00000000, pc=0x08002816 
[    3.742806] Interrupt Taken: 	 Vector = 0x0000000F
[    3.742905] Interrupt Served: 	 Vector = 0x0000000F
[    3.746757] Interrupt Taken: 	 Vector = 0x0000000F
[    3.746820] Interrupt Served: 	 Vector = 0x0000000F
[    3.750227] [passthrough] Write: 	 address = 0x40004800, size = 4 bytes, value = 0x00000000, pc=0x08002820 
[    3.750873] Interrupt Taken: 	 Vector = 0x0000000F
[    3.750938] Interrupt Served: 	 Vector = 0x0000000F
[    3.754422] Interrupt Taken: 	 Vector = 0x0000000F
[    3.754560] Interrupt Served: 	 Vector = 0x0000000F
[    3.757482] Interrupt Taken: 	 Vector = 0x0000000F
[    3.757610] Interrupt Served: 	 Vector = 0x0000000F
[    3.761817] Interrupt Taken: 	 Vector = 0x0000000F
[    3.761894] Interrupt Served: 	 Vector = 0x0000000F
[    3.768719] Interrupt Taken: 	 Vector = 0x0000000F
[    3.768787] Interrupt Served: 	 Vector = 0x0000000F
[    3.772205] [passthrough] Read: 	 address = 0x40004800, size = 4 bytes, value = 0x00000000, pc=0x08002B6C 
[    3.772677] Interrupt Taken: 	 Vector = 0x0000000F
[    3.772720] Interrupt Served: 	 Vector = 0x0000000F
[    3.777694] Interrupt Taken: 	 Vector = 0x0000000F
[    3.777824] Interrupt Served: 	 Vector = 0x0000000F
[    3.780830] Interrupt Taken: 	 Vector = 0x0000000F
[    3.780948] Interrupt Served: 	 Vector = 0x0000000F
[    3.784363] [passthrough] Write: 	 address = 0x40004800, size = 4 bytes, value = 0x0000800c, pc=0x08002B7A 
[    3.784999] Interrupt Taken: 	 Vector = 0x0000000F
[    3.785086] Interrupt Served: 	 Vector = 0x0000000F
[    3.789213] Interrupt Taken: 	 Vector = 0x0000000F
[    3.789294] Interrupt Served: 	 Vector = 0x0000000F
[    3.793281] [passthrough] Read: 	 address = 0x40004804, size = 4 bytes, value = 0x00000000, pc=0x08002B80 
[    3.793759] Interrupt Taken: 	 Vector = 0x0000000F
[    3.793856] Interrupt Served: 	 Vector = 0x0000000F
[    3.798306] Interrupt Taken: 	 Vector = 0x0000000F
[    3.798405] Interrupt Served: 	 Vector = 0x0000000F
[    3.801979] [passthrough] Write: 	 address = 0x40004804, size = 4 bytes, value = 0x00000000, pc=0x08002B90 
[    3.803139] Interrupt Taken: 	 Vector = 0x0000000F
[    3.803214] Interrupt Served: 	 Vector = 0x0000000F
[    3.807096] Interrupt Taken: 	 Vector = 0x0000000F
[    3.807177] Interrupt Served: 	 Vector = 0x0000000F
[    3.812887] Interrupt Taken: 	 Vector = 0x0000000F
[    3.812977] Interrupt Served: 	 Vector = 0x0000000F
[    3.816593] [passthrough] Read: 	 address = 0x40004808, size = 4 bytes, value = 0x00000000, pc=0x08002BB0 
[    3.817112] Interrupt Taken: 	 Vector = 0x0000000F
[    3.817185] Interrupt Served: 	 Vector = 0x0000000F
[    3.821811] Interrupt Taken: 	 Vector = 0x0000000F
[    3.821873] Interrupt Served: 	 Vector = 0x0000000F
[    3.825553] [passthrough] Write: 	 address = 0x40004808, size = 4 bytes, value = 0x00000000, pc=0x08002BBE 
[    3.826695] Interrupt Taken: 	 Vector = 0x0000000F
[    3.826797] Interrupt Served: 	 Vector = 0x0000000F
[    3.831727] Interrupt Taken: 	 Vector = 0x0000000F
[    3.831810] Interrupt Served: 	 Vector = 0x0000000F
[    3.835474] [passthrough] Read: 	 address = 0x4000482C, size = 4 bytes, value = 0x00000000, pc=0x08002BC4 
[    3.835938] Interrupt Taken: 	 Vector = 0x0000000F
[    3.836304] Interrupt Served: 	 Vector = 0x0000000F
[    3.839203] Interrupt Taken: 	 Vector = 0x0000000F
[    3.839417] Interrupt Served: 	 Vector = 0x0000000F
[    3.844932] Interrupt Taken: 	 Vector = 0x0000000F
[    3.845056] Interrupt Served: 	 Vector = 0x0000000F
[    3.848944] [passthrough] Write: 	 address = 0x4000482C, size = 4 bytes, value = 0x00000000, pc=0x08002BD4 
[    3.849687] Interrupt Taken: 	 Vector = 0x0000000F
[    3.849825] Interrupt Served: 	 Vector = 0x0000000F
[    3.852661] Interrupt Taken: 	 Vector = 0x0000000F
[    3.852770] Interrupt Served: 	 Vector = 0x0000000F
[    3.856584] Interrupt Taken: 	 Vector = 0x0000000F
[    3.856683] Interrupt Served: 	 Vector = 0x0000000F
[    3.860675] Interrupt Taken: 	 Vector = 0x0000000F
[    3.860916] Interrupt Served: 	 Vector = 0x0000000F
[    3.863779] Interrupt Taken: 	 Vector = 0x0000000F
[    3.863968] Interrupt Served: 	 Vector = 0x0000000F
[    3.868097] Interrupt Taken: 	 Vector = 0x0000000F
[    3.868167] Interrupt Served: 	 Vector = 0x0000000F
[    3.871502] Interrupt Taken: 	 Vector = 0x0000000F
[    3.871550] Interrupt Served: 	 Vector = 0x0000000F
[    3.875161] Interrupt Taken: 	 Vector = 0x0000000F
[    3.875216] Interrupt Served: 	 Vector = 0x0000000F
[    3.878329] [passthrough] Read: 	 address = 0x58024454, size = 4 bytes, value = 0x00000000, pc=0x08002D48 
[    3.878721] Interrupt Taken: 	 Vector = 0x0000000F
[    3.878753] Interrupt Served: 	 Vector = 0x0000000F
[    3.881744] Interrupt Taken: 	 Vector = 0x0000000F
[    3.881809] Interrupt Served: 	 Vector = 0x0000000F
[    3.884440] Interrupt Taken: 	 Vector = 0x0000000F
[    3.884505] Interrupt Served: 	 Vector = 0x0000000F
[    3.887970] Interrupt Taken: 	 Vector = 0x0000000F
[    3.887999] Interrupt Served: 	 Vector = 0x0000000F
[    3.891180] Interrupt Taken: 	 Vector = 0x0000000F
[    3.891234] Interrupt Served: 	 Vector = 0x0000000F
[    3.894262] Interrupt Taken: 	 Vector = 0x0000000F
[    3.894330] Interrupt Served: 	 Vector = 0x0000000F
[    3.896804] Interrupt Taken: 	 Vector = 0x0000000F
[    3.896846] Interrupt Served: 	 Vector = 0x0000000F
[    3.899684] Interrupt Taken: 	 Vector = 0x0000000F
[    3.899713] Interrupt Served: 	 Vector = 0x0000000F
[    3.902492] Interrupt Taken: 	 Vector = 0x0000000F
[    3.902513] Interrupt Served: 	 Vector = 0x0000000F
[    3.905316] Interrupt Taken: 	 Vector = 0x0000000F
[    3.905346] Interrupt Served: 	 Vector = 0x0000000F
[    3.908136] Interrupt Taken: 	 Vector = 0x0000000F
[    3.908163] Interrupt Served: 	 Vector = 0x0000000F
[    3.910913] Interrupt Taken: 	 Vector = 0x0000000F
[    3.910936] Interrupt Served: 	 Vector = 0x0000000F
[    3.913663] Interrupt Taken: 	 Vector = 0x0000000F
[    3.913689] Interrupt Served: 	 Vector = 0x0000000F
[    3.916412] Interrupt Taken: 	 Vector = 0x0000000F
[    3.916431] Interrupt Served: 	 Vector = 0x0000000F
[    3.919062] [passthrough] Read: 	 address = 0x58024410, size = 4 bytes, value = 0x00000000, pc=0x08001EC0 
[    3.919411] Interrupt Taken: 	 Vector = 0x0000000F
[    3.919434] Interrupt Served: 	 Vector = 0x0000000F
[    3.922120] [passthrough] Read: 	 address = 0x58024400, size = 4 bytes, value = 0x0000c025, pc=0x08001F3A 
[    3.922471] Interrupt Taken: 	 Vector = 0x0000000F
[    3.922500] Interrupt Served: 	 Vector = 0x0000000F
[    3.924997] Interrupt Taken: 	 Vector = 0x0000000F
[    3.925078] Interrupt Served: 	 Vector = 0x0000000F
[    3.927770] Interrupt Taken: 	 Vector = 0x0000000F
[    3.927801] Interrupt Served: 	 Vector = 0x0000000F
[    3.930261] [passthrough] Read: 	 address = 0x58024400, size = 4 bytes, value = 0x0000c025, pc=0x08001F46 
[    3.930590] Interrupt Taken: 	 Vector = 0x0000000F
[    3.930621] Interrupt Served: 	 Vector = 0x0000000F
[    3.933191] Interrupt Taken: 	 Vector = 0x0000000F
[    3.933208] Interrupt Served: 	 Vector = 0x0000000F
[    3.936376] Interrupt Taken: 	 Vector = 0x0000000F
[    3.936408] Interrupt Served: 	 Vector = 0x0000000F
[    3.939296] [passthrough] Read: 	 address = 0x58024418, size = 4 bytes, value = 0x00000000, pc=0x080021BA 
[    3.939714] Interrupt Taken: 	 Vector = 0x0000000F
[    3.939732] Interrupt Served: 	 Vector = 0x0000000F
[    3.942796] Interrupt Taken: 	 Vector = 0x0000000F
[    3.942814] Interrupt Served: 	 Vector = 0x0000000F
[    3.945451] [passthrough] Read: 	 address = 0x58024418, size = 4 bytes, value = 0x00000000, pc=0x080021D2 
[    3.945824] Interrupt Taken: 	 Vector = 0x0000000F
[    3.945942] Interrupt Served: 	 Vector = 0x0000000F
[    3.948352] Interrupt Taken: 	 Vector = 0x0000000F
[    3.948396] Interrupt Served: 	 Vector = 0x0000000F
[    3.951274] Interrupt Taken: 	 Vector = 0x0000000F
[    3.951292] Interrupt Served: 	 Vector = 0x0000000F
[    3.954071] Interrupt Taken: 	 Vector = 0x0000000F
[    3.954094] Interrupt Served: 	 Vector = 0x0000000F
[    3.956809] [passthrough] Read: 	 address = 0x5802441C, size = 4 bytes, value = 0x00000000, pc=0x08002218 
[    3.957164] Interrupt Taken: 	 Vector = 0x0000000F
[    3.957192] Interrupt Served: 	 Vector = 0x0000000F
[    3.959649] Interrupt Taken: 	 Vector = 0x0000000F
[    3.959705] Interrupt Served: 	 Vector = 0x0000000F
[    3.962158] Interrupt Taken: 	 Vector = 0x0000000F
[    3.962243] Interrupt Served: 	 Vector = 0x0000000F
[    3.964772] Interrupt Taken: 	 Vector = 0x0000000F
[    3.964845] Interrupt Served: 	 Vector = 0x0000000F
[    3.967291] Interrupt Taken: 	 Vector = 0x0000000F
[    3.967414] Interrupt Served: 	 Vector = 0x0000000F
[    3.970161] Interrupt Taken: 	 Vector = 0x0000000F
[    3.970205] Interrupt Served: 	 Vector = 0x0000000F
[    3.972962] Interrupt Taken: 	 Vector = 0x0000000F
[    3.972987] Interrupt Served: 	 Vector = 0x0000000F
[    3.975804] Interrupt Taken: 	 Vector = 0x0000000F
[    3.975829] Interrupt Served: 	 Vector = 0x0000000F
[    3.978589] Interrupt Taken: 	 Vector = 0x0000000F
[    3.978608] Interrupt Served: 	 Vector = 0x00
Frame Pointer (SP):  0x2407ff58
R0  = 0x0000080f
R1  = 0x00000020
R2  = 0x0000000a
R3  = 0x006010d0
R12 = 0x00000000
LR  = 0x080038c7
PC  = 0x080038fc
xPSR= 0x81000000
Context Switch:
Frame Pointer (SP):  0x2407ff58
R0  = 0x00000813
R1  = 0x00000020
R2  = 0x0000000a
R3  = 0x006010d0
R12 = 0x00000000
LR  = 0x080038c7
PC  = 0x080038fc
xPSR= 0x81000000
Context Switch:
Frame Pointer (SP):  0x2407ff58
R0  = 0x00000814
R1  = 0x00000020
R2  = 0x0000000a
R3  = 0x0000800d
R12 = 0x00000000
LR  = 0x080038c7
PC  = 0x080038e2
xPSR= 0x21000000
Context Switch:
Frame Pointer (SP):  0x2407ff58
R0  = 0x00000814
R1  = 0x00000020
R2  = 0x006010d0
R3  = 0x40004800
R12 = 0x00000000
LR  = 0x080038c7
PC  = 0x08003960
xPSR= 0x81000000
Context Switch:
Frame Pointer (SP):  0x2407ff58
R0  = 0x00000817
R1  = 0x00000020
R2  = 0x0000000a
R3  = 0x0000800d
R12 = 0x00000000
LR  = 0x080038c7
PC  = 0x080038e2
xPSR= 0x21000000
Context Switch:
Frame Pointer (SP):  0x2407ff58
R0  = 0x00000817
R1  = 0x00000020
R2  = 0x006010d0
R3  = 0x40004800
R12 = 0x00000000
LR  = 0x080038c7
PC  = 0x08003960
xPSR= 0x81000000
Context Switch:
Frame Pointer (SP):  0x2407ff58
R0  = 0x24000038
R1  = 0x00000020
R2  = 0x006010d0
R3  = 0x40004800
R12 = 0x00000000
LR  = 0x08002ac1
PC  = 0x08003960
xPSR= 0x21000000
Context Switch:
Frame Pointer (SP):  0x2407ff58
R0  = 0x0000081d
R1  = 0x00000020
R2  = 0x0000000a
R3  = 0x006010d0
R12 = 0x00000000
LR  = 0x080038c7
PC  = 0x0800392c
xPSR= 0x81000000
Context Switch:
[    3.981394] Interrupt Taken: 	 Vector = 0x0000000F
[    3.981408] Interrupt Served: 	 Vector = 0x0000000F
[    3.984285] Interrupt Taken: 	 Vector = 0x0000000F
[    3.984299] Interrupt Served: 	 Vector = 0x0000000F
[    3.987082] Interrupt Taken: 	 Vector = 0x0000000F
[    3.987097] Interrupt Served: 	 Vector = 0x0000000F
[    3.990318] Interrupt Taken: 	 Vector = 0x0000000F
[    3.990344] Interrupt Served: 	 Vector = 0x0000000F
[    3.993039] [passthrough] Write: 	 address = 0x4000480C, size = 4 bytes, value = 0x00000453, pc=0x0800345C 
[    3.993435] Interrupt Taken: 	 Vector = 0x0000000F
[    3.993469] Interrupt Served: 	 Vector = 0x0000000F
[    3.995967] Interrupt Taken: 	 Vector = 0x0000000F
[    3.995989] Interrupt Served: 	 Vector = 0x0000000F
[    3.998949] Interrupt Taken: 	 Vector = 0x0000000F
[    3.998960] Interrupt Served: 	 Vector = 0x0000000F
[    4.002075] Interrupt Taken: 	 Vector = 0x0000000F
[    4.002088] Interrupt Served: 	 Vector = 0x0000000F
[    4.004983] Interrupt Taken: 	 Vector = 0x0000000F
[    4.005003] Interrupt Served: 	 Vector = 0x0000000F
[    4.008096] Interrupt Taken: 	 Vector = 0x0000000F
[    4.008121] Interrupt Served: 	 Vector = 0x0000000F
[    4.010781] [passthrough] Read: 	 address = 0x40004804, size = 4 bytes, value = 0x00000000, pc=0x08002844 
[    4.011170] Interrupt Taken: 	 Vector = 0x0000000F
[    4.011184] Interrupt Served: 	 Vector = 0x0000000F
[    4.014397] Interrupt Taken: 	 Vector = 0x0000000F
[    4.014413] Interrupt Served: 	 Vector = 0x0000000F
[    4.017130] [passthrough] Write: 	 address = 0x40004804, size = 4 bytes, value = 0x00000000, pc=0x0800284E 
[    4.017608] Interrupt Taken: 	 Vector = 0x0000000F
[    4.017620] Interrupt Served: 	 Vector = 0x0000000F
[    4.020676] Interrupt Taken: 	 Vector = 0x0000000F
[    4.020690] Interrupt Served: 	 Vector = 0x0000000F
[    4.023577] [passthrough] Read: 	 address = 0x40004808, size = 4 bytes, value = 0x00000000, pc=0x08002854 
[    4.023920] Interrupt Taken: 	 Vector = 0x0000000F
[    4.023959] Interrupt Served: 	 Vector = 0x0000000F
[    4.026500] Interrupt Taken: 	 Vector = 0x0000000F
[    4.026558] Interrupt Served: 	 Vector = 0x0000000F
[    4.029566] Interrupt Taken: 	 Vector = 0x0000000F
[    4.029585] Interrupt Served: 	 Vector = 0x0000000F
[    4.032484] [passthrough] Write: 	 address = 0x40004808, size = 4 bytes, value = 0x00000000, pc=0x0800285E 
[    4.033024] Interrupt Taken: 	 Vector = 0x0000000F
[    4.033044] Interrupt Served: 	 Vector = 0x0000000F
[    4.035995] Interrupt Taken: 	 Vector = 0x0000000F
[    4.036026] Interrupt Served: 	 Vector = 0x0000000F
[    4.038817] [passthrough] Read: 	 address = 0x40004800, size = 4 bytes, value = 0x0000800c, pc=0x08002864 
[    4.039245] Interrupt Taken: 	 Vector = 0x0000000F
[    4.039313] Interrupt Served: 	 Vector = 0x0000000F
[    4.041809] Interrupt Taken: 	 Vector = 0x0000000F
[    4.041910] Interrupt Served: 	 Vector = 0x0000000F
[    4.044687] Interrupt Taken: 	 Vector = 0x0000000F
[    4.044735] Interrupt Served: 	 Vector = 0x0000000F
[    4.047556] Interrupt Taken: 	 Vector = 0x0000000F
[    4.047579] Interrupt Served: 	 Vector = 0x0000000F
[    4.050629] [passthrough] Write: 	 address = 0x40004800, size = 4 bytes, value = 0x0000800d, pc=0x0800286E 
[    4.051487] Interrupt Taken: 	 Vector = 0x0000000F
[    4.051507] Interrupt Served: 	 Vector = 0x0000000F
[    4.054580] Interrupt Taken: 	 Vector = 0x0000000F
[    4.054604] Interrupt Served: 	 Vector = 0x0000000F
[    4.057804] Interrupt Taken: 	 Vector = 0x0000000F
[    4.057844] Interrupt Served: 	 Vector = 0x0000000F
[    4.061104] Interrupt Taken: 	 Vector = 0x0000000F
[    4.061179] Interrupt Served: 	 Vector = 0x0000000F
[    4.064028] Interrupt Taken: 	 Vector = 0x0000000F
[    4.064082] Interrupt Served: 	 Vector = 0x0000000F
[    4.067287] [passthrough] Read: 	 address = 0x40004800, size = 4 bytes, value = 0x0000800d, pc=0x0800376E 
[    4.067671] Interrupt Taken: 	 Vector = 0x0000000F
[    4.067741] Interrupt Served: 	 Vector = 0x0000000F
[    4.070436] Interrupt Taken: 	 Vector = 0x0000000F
[    4.070478] Interrupt Served: 	 Vector = 0x0000000F
[    4.073672] Interrupt Taken: 	 Vector = 0x0000000F
[    4.073736] Interrupt Served: 	 Vector = 0x0000000F
[    4.077297] Interrupt Taken: 	 Vector = 0x0000000F
[    4.077362] Interrupt Served: 	 Vector = 0x0000000F
[    4.081036] Interrupt Taken: 	 Vector = 0x0000000F
[    4.081104] Interrupt Served: 	 Vector = 0x0000000F
[    4.084994] Interrupt Taken: 	 Vector = 0x0000000F
[    4.085072] Interrupt Served: 	 Vector = 0x0000000F
[    4.088551] [passthrough] Read: 	 address = 0x4000481C, size = 4 bytes, value = 0x006000d0, pc=0x0800395E 
[    4.089057] Interrupt Taken: 	 Vector = 0x0000000F
[    4.089203] Interrupt Served: 	 Vector = 0x0000000F
[    4.093327] Interrupt Taken: 	 Vector = 0x0000000F
[    4.093411] Interrupt Served: 	 Vector = 0x0000000F
[    4.098300] Interrupt Taken: 	 Vector = 0x0000000F
[    4.098383] Interrupt Served: 	 Vector = 0x0000000F
[    4.101801] Interrupt Taken: 	 Vector = 0x0000000F
[    4.101862] Interrupt Served: 	 Vector = 0x0000000F
[    4.105611] Interrupt Taken: 	 Vector = 0x0000000F
[    4.105673] Interrupt Served: 	 Vector = 0x0000000F
[    4.109255] [passthrough] Read: 	 address = 0x40004800, size = 4 bytes, value = 0x0000800d, pc=0x080037DC 
[    4.109772] Interrupt Taken: 	 Vector = 0x0000000F
[    4.109870] Interrupt Served: 	 Vector = 0x0000000F
[    4.113525] Interrupt Taken: 	 Vector = 0x0000000F
[    4.113880] Interrupt Served: 	 Vector = 0x0000000F
[    4.116999] Interrupt Taken: 	 Vector = 0x0000000F
[    4.117122] Interrupt Served: 	 Vector = 0x0000000F
[    4.120850] Interrupt Taken: 	 Vector = 0x0000000F
[    4.120902] Interrupt Served: 	 Vector = 0x0000000F
[    4.123816] [passthrough] Read: 	 address = 0x4000481C, size = 4 bytes, value = 0x006000d0, pc=0x0800395E 
[    4.124884] Interrupt Taken: 	 Vector = 0x0000000F
[    4.124960] Interrupt Served: 	 Vector = 0x0000000F
[    4.130204] Interrupt Taken: 	 Vector = 0x0000000F
[    4.130296] Interrupt Served: 	 Vector = 0x0000000F
[    4.134350] Interrupt Taken: 	 Vector = 0x0000000F
[    4.134418] Interrupt Served: 	 Vector = 0x0000000F
[    4.138528] Interrupt Taken: 	 Vector = 0x0000000F
[    4.138607] Interrupt Served: 	 Vector = 0x0000000F
[    4.142001] Interrupt Taken: 	 Vector = 0x0000000F
[    4.142095] Interrupt Served: 	 Vector = 0x0000000F
[    4.145996] Interrupt Taken: 	 Vector = 0x0000000F
[    4.146101] Interrupt Served: 	 Vector = 0x0000000F
[    4.148920] Interrupt Taken: 	 Vector = 0x0000000F
[    4.149051] Interrupt Served: 	 Vector = 0x0000000F
[    4.153984] Interrupt Taken: 	 Vector = 0x0000000F
[    4.154159] Interrupt Served: 	 Vector = 0x0000000F
[    4.156964] Interrupt Taken: 	 Vector = 0x0000000F
[    4.157078] Interrupt Served: 	 Vector = 0x0000000F
[    4.161171] Interrupt Taken: 	 Vector = 0x0000000F
[    4.161247] Interrupt Served: 	 Vector = 0x0000000F
[    4.165163] Interrupt Taken: 	 Vector = 0x0000000F
[    4.165341] Interrupt Served: 	 Vector = 0x0000000F
[    4.169068] Interrupt Taken: 	 Vector = 0x0000000F
[    4.169191] Interrupt Served: 	 Vector = 0x0000000F
[    4.172820] Interrupt Taken: 	 Vector = 0x0000000F
[    4.172994] Interrupt Served: 	 Vector = 0x0000000F
[    4.175933] Interrupt Taken: 	 Vector = 0x0000000F
[    4.176012] Interrupt Served: 	 Vector = 0x0000000F
[    4.180290] Interrupt Taken: 	 Vector = 0x0000000F
[    4.180364] Interrupt Served: 	 Vector = 0x0000000F
[    4.184573] Interrupt Taken: 	 Vector = 0x0000000F
[    4.184657] Interrupt Served: 	 Vector = 0x0000000F
[    4.188814] Interrupt Taken: 	 Vector = 0x0000000F
[    4.188891] Interrupt Served: 	 Vector = 0x0000000F
[    4.192641] Interrupt Taken: 	 Vector = 0x0000000F
[    4.192691] Interrupt Served: 	 Vector = 0x0000000F
[    4.196416] Interrupt Taken: 	 Vector = 0x0000000F
[    4.196505] Interrupt Served: 	 Vector = 0x0000000F
[    4.199643] [passthrough] Read: 	 address = 0x4000481C, size = 4 bytes, value = 0x006000d0, pc=0x0800395E 
[    4.200139] Interrupt Taken: 	 Vector = 0x0000000F
[    4.200285] Interrupt Served: 	 Vector = 0x0000000F
[    4.203133] Interrupt Taken: 	 Vector = 0x0000000F
[    4.203263] Interrupt Served: 	 Vector = 0x0000000F
[    4.206809] Interrupt Taken: 	 Vector = 0x0000000F
[    4.206884] Interrupt Served: 	 Vector = 0x0000000F
[    4.210417] Interrupt Taken: 	 Vector = 0x0000000F
[    4.210485] Interrupt Served: 	 Vector = 0x0000000F
[    4.215263] Interrupt Taken: 	 Vector = 0x0000000F
[    4.215346] Interrupt Served: 	 Vector = 0x0000000F
[    4.219781] [passthrough] Write: 	 address = 0x40004828, size = 4 bytes, value = 0x00000042, pc=0x08002952 
[    4.220520] Interrupt Taken: 	 Vector = 0x0000000F
[    4.220581] Interrupt Served: 	 Vector = 0x0000000F
[    4.225183] Interrupt Taken: 	 Vector = 0x0000000F
[    4.225286] Interrupt Served: 	 Vector = 0x0000000F
[    4.228729] [passthrough] Read: 	 address = 0x4000481C, size = 4 bytes, value = 0x006000d0, pc=0x0800395E 
[    4.229896] Interrupt Taken: 	 Vector = 0x0000000F
[    4.230003] Interrupt Served: 	 Vector = 0x0000000F
[    4.233192] [passthrough] Write: 	 address = 0x40004828, size = 4 bytes, value = 0x00000053, pc=0x08002952 
[    4.233993] Interrupt Taken: 	 Vector = 0x0000000F
[    4.234085] Interrupt Served: 	 Vector = 0x0000000F
[    4.237454] [passthrough] Read: 	 address = 0x4000481C, size = 4 bytes, value = 0x006000d0, pc=0x0800395E 
[    4.237947] Interrupt Taken: 	 Vector = 0x0000000F
[    4.238059] Interrupt Served: 	 Vector = 0x0000000F
[    4.241479] [passthrough] Write: 	 address = 0x40004828, size = 4 bytes, value = 0x00000050, pc=0x08002952 
[    4.242205] Interrupt Taken: 	 Vector = 0x0000000F
[    4.242271] Interrupt Served: 	 Vector = 0x0000000F
[    4.245572] [passthrough] Read: 	 address = 0x4000481C, size = 4 bytes, value = 0x006000d0, pc=0x0800395E 
[    4.246115] Interrupt Taken: 	 Vector = 0x0000000F
[    4.246303] Interrupt Served: 	 Vector = 0x0000000F
[    4.249196] Interrupt Taken: 	 Vector = 0x0000000F
[    4.249343] Interrupt Served: 	 Vector = 0x0000000F
[    4.252674] [passthrough] Write: 	 address = 0x40004828, size = 4 bytes, value = 0x00000020, pc=0x08002952 
[    4.253642] Interrupt Taken: 	 Vector = 0x0000000F
[    4.253784] Interrupt Served: 	 Vector = 0x0000000F
[    4.256714] Interrupt Taken: 	 Vector = 0x0000000F
[    4.256847] Interrupt Served: 	 Vector = 0x0000000F
[    4.260043] [passthrough] Read: 	 address = 0x4000481C, size = 4 bytes, value = 0x006000d0, pc=0x0800395E 
[    4.260842] [passthrough] Write: 	 address = 0x40004828, size = 4 bytes, value = 0x00000043, pc=0x08002952 
[    4.261835] [passthrough] Read: 	 address = 0x4000481C, size = 4 bytes, value = 0x006000d0, pc=0x0800395E 
[    4.262315] Interrupt Taken: 	 Vector = 0x0000000F
[    4.262376] Interrupt Served: 	 Vector = 0x0000000F
[    4.265499] [passthrough] Write: 	 address = 0x40004828, size = 4 bytes, value = 0x0000004f, pc=0x08002952 
[    4.266239] [passthrough] Read: 	 address = 0x4000481C, size = 4 bytes, value = 0x006000d0, pc=0x0800395E 
[    4.266824] [passthrough] Write: 	 address = 0x40004828, size = 4 bytes, value = 0x0000004d, pc=0x08002952 
[    4.267760] Interrupt Taken: 	 Vector = 0x0000000F
[    4.267902] Interrupt Served: 	 Vector = 0x0000000F
[    4.270775] Interrupt Taken: 	 Vector = 0x0000000F
[    4.270874] Interrupt Served: 	 Vector = 0x0000000F
[    4.274199] [passthrough] Read: 	 address = 0x4000481C, size = 4 bytes, value = 0x006000d0, pc=0x0800395E 
[    4.274679] Interrupt Taken: 	 Vector = 0x0000000F
[    4.274814] Interrupt Served: 	 Vector = 0x0000000F
[    4.277738] Interrupt Taken: 	 Vector = 0x0000000F
[    4.277847] Interrupt Served: 	 Vector = 0x0000000F
[    4.281333] [passthrough] Write: 	 address = 0x40004828, size = 4 bytes, value = 0x00000020, pc=0x08002952 
[    4.282050] Interrupt Taken: 	 Vector = 0x0000000F
[    4.282220] Interrupt Served: 	 Vector = 0x0000000F
[    4.285009] Interrupt Taken: 	 Vector = 0x0000000F
[    4.285133] Interrupt Served: 	 Vector = 0x0000000F
[    4.288606] [passthrough] Read: 	 address = 0x4000481C, size = 4 bytes, value = 0x006000d0, pc=0x0800395E 
[    4.289077] Interrupt Taken: 	 Vector = 0x0000000F
[    4.289206] Interrupt Served: 	 Vector = 0x0000000F
[    4.291995] Interrupt Taken: 	 Vector = 0x0000000F
[    4.292104] Interrupt Served: 	 Vector = 0x0000000F
[    4.295378] [passthrough] Write: 	 address = 0x40004828, size = 4 bytes, value = 0x00000068, pc=0x08002952 
[    4.296345] [passthrough] Read: 	 address = 0x4000481C, size = 4 bytes, value = 0x006000d0, pc=0x0800395E 
[    4.296789] Interrupt Taken: 	 Vector = 0x0000000F
[    4.296974] Interrupt Served: 	 Vector = 0x0000000F
[    4.299881] Interrupt Taken: 	 Vector = 0x0000000F
[    4.299974] Interrupt Served: 	 Vector = 0x0000000F
[    4.303424] [passthrough] Write: 	 address = 0x40004828, size = 4 bytes, value = 0x00000065, pc=0x08002952 
[    4.304365] [passthrough] Read: 	 address = 0x4000481C, size = 4 bytes, value = 0x006000d0, pc=0x0800395E 
[    4.305220] [passthrough] Write: 	 address = 0x40004828, size = 4 bytes, value = 0x0000006c, pc=0x08002952 
[    4.306202] Interrupt Taken: 	 Vector = 0x0000000F
[    4.306265] Interrupt Served: 	 Vector = 0x0000000F
[    4.309591] [passthrough] Read: 	 address = 0x4000481C, size = 4 bytes, value = 0x006000d0, pc=0x0800395E 
[    4.310182] [passthrough] Write: 	 address = 0x40004828, size = 4 bytes, value = 0x0000006c, pc=0x08002952 
[    4.311387] [passthrough] Read: 	 address = 0x4000481C, size = 4 bytes, value = 0x006000d0, pc=0x0800395E 
[    4.311954] [passthrough] Write: 	 address = 0x40004828, size = 4 bytes, value = 0x0000006f, pc=0x08002952 
[    4.312687] [passthrough] Read: 	 address = 0x4000481C, size = 4 bytes, value = 0x006000d0, pc=0x0800395E 
[    4.313182] [passthrough] Write: 	 address = 0x40004828, size = 4 bytes, value = 0x00000020, pc=0x08002952 
[    4.313869] [passthrough] Read: 	 address = 0x4000481C, size = 4 bytes, value = 0x006000d0, pc=0x0800395E 
[    4.314349] [passthrough] Write: 	 address = 0x40004828, size = 4 bytes, value = 0x00000040, pc=0x08002952 
[    4.314936] [passthrough] Read: 	 address = 0x4000481C, size = 4 bytes, value = 0x006000d0, pc=0x0800395E 
[    4.315567] [passthrough] Write: 	 address = 0x40004828, size = 4 bytes, value = 0x00000031, pc=0x08002952 
[    4.316275] [passthrough] Read: 	 address = 0x4000481C, size = 4 bytes, value = 0x006000d0, pc=0x0800395E 
[    4.316786] [passthrough] Write: 	 address = 0x40004828, size = 4 bytes, value = 0x00000031, pc=0x08002952 
[    4.317550] [passthrough] Read: 	 address = 0x4000481C, size = 4 bytes, value = 0x006000d0, pc=0x0800395E 
[    4.318105] [passthrough] Write: 	 address = 0x40004828, size = 4 bytes, value = 0x00000035, pc=0x08002952 
[    4.318978] [passthrough] Read: 	 address = 0x4000481C, size = 4 bytes, value = 0x006000d0, pc=0x0800395E 
[    4.319473] Interrupt Taken: 	 Vector = 0x0000000F
[    4.319543] Interrupt Served: 	 Vector = 0x0000000F
[    4.322600] [passthrough] Write: 	 address = 0x40004828, size = 4 bytes, value = 0x00000032, pc=0x08002952 
[    4.323488] [passthrough] Read: 	 address = 0x4000481C, size = 4 bytes, value = 0x006000d0, pc=0x0800395E 
[    4.323943] Interrupt Taken: 	 Vector = 0x0000000F
[    4.324209] Interrupt Served: 	 Vector = 0x0000000F
[    4.327083] Interrupt Taken: 	 Vector = 0x0000000F
[    4.327320] Interrupt Served: 	 Vector = 0x0000000F
[    4.330218] Interrupt Taken: 	 Vector = 0x0000000F
[    4.330327] Interrupt Served: 	 Vector = 0x0000000F
[    4.333807] [passthrough] Write: 	 address = 0x40004828, size = 4 bytes, value = 0x00000030, pc=0x08002952 
[    4.334601] Interrupt Taken: 	 Vector = 0x0000000F
[    4.334674] Interrupt Served: 	 Vector = 0x0000000F
[    4.337872] [passthrough] Read: 	 address = 0x4000481C, size = 4 bytes, value = 0x006000d0, pc=0x0800395E 
[    4.338459] [passthrough] Write: 	 address = 0x40004828, size = 4 bytes, value = 0x00000030, pc=0x08002952 
[    4.339219] [passthrough] Read: 	 address = 0x4000481C, size = 4 bytes, value = 0x006000d0, pc=0x0800395E 
[    4.339692] [passthrough] Write: 	 address = 0x40004828, size = 4 bytes, value = 0x00000020, pc=0x08002952 
[    4.340540] [passthrough] Read: 	 address = 0x4000481C, size = 4 bytes, value = 0x006000d0, pc=0x0800395E 
[    4.341039] Interrupt Taken: 	 Vector = 0x0000000F
[    4.341095] Interrupt Served: 	 Vector = 0x0000000F
[    4.344428] [passthrough] Write: 	 address = 0x40004828, size = 4 bytes, value = 0x00000038, pc=0x08002952 
[    4.345232] Interrupt Taken: 	 Vector = 0x0000000F
[    4.345386] Interrupt Served: 	 Vector = 0x0000000F
[    4.348275] Interrupt Taken: 	 Vector = 0x0000000F
[    4.348350] Interrupt Served: 	 Vector = 0x0000000F
[    4.351615] [passthrough] Read: 	 address = 0x4000481C, size = 4 bytes, value = 0x006000d0, pc=0x0800395E 
[    4.352181] Interrupt Taken: 	 Vector = 0x0000000F
[    4.352432] Interrupt Served: 	 Vector = 0x0000000F
[    4.355218] Interrupt Taken: 	 Vector = 0x0000000F
[    4.355317] Interrupt Served: 	 Vector = 0x0000000F
[    4.358431] [passthrough] Write: 	 address = 0x40004828, size = 4 bytes, value = 0x0000004e, pc=0x08002952 
[    4.359213] [passthrough] Read: 	 address = 0x4000481C, size = 4 bytes, value = 0x006000d0, pc=0x0800395E 
[    4.359851] [passthrough] Write: 	 address = 0x40004828, size = 4 bytes, value = 0x00000031, pc=0x08002952 
[    4.360718] Interrupt Taken: 	 Vector = 0x0000000F
[    4.361004] Interrupt Served: 	 Vector = 0x0000000F
[    4.364098] Interrupt Taken: 	 Vector = 0x0000000F
[    4.364189] Interrupt Served: 	 Vector = 0x0000000F
[    4.367345] [passthrough] Read: 	 address = 0x4000481C, size = 4 bytes, value = 0x006000d0, pc=0x0800395E 
[    4.367886] [passthrough] Write: 	 address = 0x40004828, size = 4 bytes, value = 0x0000000d, pc=0x08002952 
[    4.368592] [passthrough] Read: 	 address = 0x4000481C, size = 4 bytes, value = 0x006000d0, pc=0x0800395E 
[    4.369148] [passthrough] Write: 	 address = 0x40004828, size = 4 bytes, value = 0x0000000a, pc=0x08002952 
[    4.370526] Interrupt Taken: 	 Vector = 0x0000000F
[    4.370618] Interrupt Served: 	 Vector = 0x0000000F
[    4.374119] [passthrough] Read: 	 address = 0x4000481C, size = 4 bytes, value = 0x006000d0, pc=0x0800395E 
[    4.374653] Interrupt Taken: 	 Vector = 0x0000000F
[    4.374784] Interrupt Served: 	 Vector = 0x0000000F
[    4.377701] Interrupt Taken: 	 Vector = 0x0000000F
[    4.377840] Interrupt Served: 	 Vector = 0x0000000F
[    4.381368] Interrupt Taken: 	 Vector = 0x0000000F
[    4.381431] Interrupt Served: 	 Vector = 0x0000000F
[    4.385190] Interrupt Taken: 	 Vector = 0x0000000F
[    4.385262] Interrupt Served: 	 Vector = 0x0000000F
[    4.389035] Interrupt Taken: 	 Vector = 0x0000000F
[    4.389105] Interrupt Served: 	 Vector = 0x0000000F
[    4.392812] Interrupt Taken: 	 Vector = 0x0000000F
[    4.392877] Interrupt Served: 	 Vector = 0x0000000F
[    4.397255] Interrupt Taken: 	 Vector = 0x0000000F
[    4.397313] Interrupt Served: 	 Vector = 0x0000000F
[    4.401212] Interrupt Taken: 	 Vector = 0x0000000F
[    4.401278] Interrupt Served: 	 Vector = 0x0000000F
[    4.405320] Interrupt Taken: 	 Vector = 0x0000000F
[    4.405400] Interrupt Served: 	 Vector = 0x0000000F
[    4.409278] Interrupt Taken: 	 Vector = 0x0000000F
[    4.409421] Interrupt Served: 	 Vector = 0x0000000F
[    4.412314] Interrupt Taken: 	 Vector = 0x0000000F
[    4.412439] Interrupt Served: 	 Vector = 0x0000000F
[    4.416617] Interrupt Taken: 	 Vector = 0x0000000F
[    4.416683] Interrupt Served: 	 Vector = 0x0000000F
[    4.420388] Interrupt Taken: 	 Vector = 0x0000000F
[    4.420476] Interrupt Served: 	 Vector = 0x0000000F
[    4.424123] Interrupt Taken: 	 Vector = 0x0000000F
[    4.424241] Interrupt Served: 	 Vector = 0x0000000F
[    4.426991] Interrupt Taken: 	 Vector = 0x0000000F
[    4.427107] Interrupt Served: 	 Vector = 0x0000000F
[    4.431001] Interrupt Taken: 	 Vector = 0x0000000F
[    4.431109] Interrupt Served: 	 Vector = 0x0000000F
[    4.434791] Interrupt Taken: 	 Vector = 0x0000000F
[    4.434921] Interrupt Served: 	 Vector = 0x0000000F
[    4.437838] Interrupt Taken: 	 Vector = 0x0000000F
[    4.437949] Interrupt Served: 	 Vector = 0x0000000F
[    4.442134] Interrupt Taken: 	 Vector = 0x0000000F
[    4.442241] Interrupt Served: 	 Vector = 0x0000000F
[    4.445802] Interrupt Taken: 	 Vector = 0x0000000F
[    4.445856] Interrupt Served: 	 Vector = 0x0000000F
[    4.449578] Interrupt Taken: 	 Vector = 0x0000000F
[    4.449648] Interrupt Served: 	 Vector = 0x0000000F
[    4.452843] [passthrough] Read: 	 address = 0x4000481C, size = 4 bytes, value = 0x006000d0, pc=0x0800395E 
[    4.453320] Interrupt Taken: 	 Vector = 0x0000000F
[    4.453383] Interrupt Served: 	 Vector = 0x0000000F
[    4.457147] Interrupt Taken: 	 Vector = 0x0000000F
[    4.457234] Interrupt Served: 	 Vector = 0x0000000F
[    4.460695] Interrupt Taken: 	 Vector = 0x0000000F
[    4.460823] Interrupt Served: 	 Vector = 0x0000000F
[    4.463818] Interrupt Taken: 	 Vector = 0x0000000F
[    4.463901] Interrupt Served: 	 Vector = 0x0000000F
[    4.467771] Interrupt Taken: 	 Vector = 0x0000000F
[    4.467838] Interrupt Served: 	 Vector = 0x0000000F
[    4.471286] Interrupt Taken: 	 Vector = 0x0000000F
[    4.471347] Interrupt Served: 	 Vector = 0x0000000F
[    4.475258] Interrupt Taken: 	 Vector = 0x0000000F
[    4.475381] Interrupt Served: 	 Vector = 0x0000000F
[    4.479051] Interrupt Taken: 	 Vector = 0x0000000F
[    4.479190] Interrupt Served: 	 Vector = 0x0000000F
[    4.482195] Interrupt Taken: 	 Vector = 0x0000000F
[    4.482308] Interrupt Served: 	 Vector = 0x0000000F
[    4.486075] Interrupt Taken: 	 Vector = 0x0000000F
[    4.486178] Interrupt Served: 	 Vector = 0x0000000F
[    4.489815] Interrupt Taken: 	 Vector = 0x0000000F
[    4.489887] Interrupt Served: 	 Vector = 0x0000000F
[    4.493643] Interrupt Taken: 	 Vector = 0x0000000F
[    4.493716] Interrupt Served: 	 Vector = 0x0000000F
[    4.497071] [passthrough] Read: 	 address = 0x4000481C, size = 4 bytes, value = 0x006000d0, pc=0x0800395E 
[    4.497620] Interrupt Taken: 	 Vector = 0x0000000F
[    4.497760] Interrupt Served: 	 Vector = 0x0000000F
[    4.500772] Interrupt Taken: 	 Vector = 0x0000000F
[    4.500892] Interrupt Served: 	 Vector = 0x0000000F
[    4.504826] Interrupt Taken: 	 Vector = 0x0000000F
[    4.504889] Interrupt Served: 	 Vector = 0x0000000F
[    4.508817] Interrupt Taken: 	 Vector = 0x0000000F
[    4.508874] Interrupt Served: 	 Vector = 0x0000000F
[    4.512295] [passthrough] Read: 	 address = 0x40004800, size = 4 bytes, value = 0x0000800d, pc=0x080038E0 
[    4.512759] Interrupt Taken: 	 Vector = 0x0000000F
[    4.512859] Interrupt Served: 	 Vector = 0x0000000F
[    4.515690] Interrupt Taken: 	 Vector = 0x0000000F
[    4.515772] Interrupt Served: 	 Vector = 0x0000000F
[    4.519308] Interrupt Taken: 	 Vector = 0x0000000F
[    4.519373] Interrupt Served: 	 Vector = 0x0000000F
[    4.523159] Interrupt Taken: 	 Vector = 0x0000000F
[    4.523214] Interrupt Served: 	 Vector = 0x0000000F
[    4.528300] [passthrough] Read: 	 address = 0x4000481C, size = 4 bytes, value = 0x006000d0, pc=0x080038FA 
[    4.528823] Interrupt Taken: 	 Vector = 0x0000000F
[    4.529053] Interrupt Served: 	 Vector = 0x0000000F
[    4.531976] Interrupt Taken: 	 Vector = 0x0000000F
[    4.532106] Interrupt Served: 	 Vector = 0x0000000F
[    4.535871] Interrupt Taken: 	 Vector = 0x0000000F
[    4.535938] Interrupt Served: 	 Vector = 0x0000000F
[    4.539907] Interrupt Taken: 	 Vector = 0x0000000F
[    4.540401] Interrupt Served: 	 Vector = 0x0000000F
[    4.543708] Interrupt Taken: 	 Vector = 0x0000000F
[    4.544427] Interrupt Served: 	 Vector = 0x0000000F
[    4.549436] Interrupt Taken: 	 Vector = 0x0000000F
[    4.549729] Interrupt Served: 	 Vector = 0x0000000F
[    4.553199] Interrupt Taken: 	 Vector = 0x0000000F
[    4.553367] Interrupt Served: 	 Vector = 0x0000000F
[    4.557440] [passthrough] Read: 	 address = 0x4000481C, size = 4 bytes, value = 0x006000d0, pc=0x0800392A 
[    4.558531] Interrupt Taken: 	 Vector = 0x0000000F
[    4.558590] Interrupt Served: 	 Vector = 0x0000000F
[    4.562532] [passthrough] Read: 	 address = 0x4000481C, size = 4 bytes, value = 0x006000d0, pc=0x0800395E 
[    4.563151] [passthrough] Read: 	 address = 0x4000481C, size = 4 bytes, value = 0x006000d0, pc=0x0800395E 
[    4.563871] [passthrough] Read: 	 address = 0x40004800, size = 4 bytes, value = 0x0000800d, pc=0x080038E0 
[    4.564826] [passthrough] Read: 	 address = 0x4000481C, size = 4 bytes, value = 0x006000d0, pc=0x080038FA 
[    4.565412] Interrupt Taken: 	 Vector = 0x0000000F
[    4.565500] Interrupt Served: 	 Vector = 0x0000000F
[    4.569575] [passthrough] Read: 	 address = 0x4000481C, size = 4 bytes, value = 0x006000d0, pc=0x0800392A 
[    4.570440] Interrupt Taken: 	 Vector = 0x0000000F
[    4.570500] Interrupt Served: 	 Vector = 0x0000000F
[    4.574087] [passthrough] Read: 	 address = 0x4000481C, size = 4 bytes, value = 0x006000d0, pc=0x0800395E 
[    4.574534] Interrupt Taken: 	 Vector = 0x0000000F
[    4.574591] Interrupt Served: 	 Vector = 0x0000000F
[    4.579561] [passthrough] Read: 	 address = 0x40004800, size = 4 bytes, value = 0x0000800d, pc=0x080038E0 
[    4.580968] [passthrough] Read: 	 address = 0x4000481C, size = 4 bytes, value = 0x006000d0, pc=0x080038FA 
[    4.581552] Interrupt Taken: 	 Vector = 0x0000000F
[    4.581593] Interrupt Served: 	 Vector = 0x0000000F
[    4.584705] Interrupt Taken: 	 Vector = 0x0000000F
[    4.584795] Interrupt Served: 	 Vector = 0x0000000F
[    4.588490] [passthrough] Read: 	 address = 0x4000481C, size = 4 bytes, value = 0x006000d0, pc=0x0800392A 
[    4.588888] Interrupt Taken: 	 Vector = 0x0000000F
[    4.589071] Interrupt Served: 	 Vector = 0x0000000F
[    4.591831] Interrupt Taken: 	 Vector = 0x0000000F
[    4.591934] Interrupt Served: 	 Vector = 0x0000000F
[    4.594889] [passthrough] Read: 	 address = 0x4000481C, size = 4 bytes, value = 0x006000d0, pc=0x0800395E 
[    4.595848] [passthrough] Read: 	 address = 0x40004800, size = 4 bytes, value = 0x0000800d, pc=0x080038E0 
[    4.596695] Interrupt Taken: 	 Vector = 0x0000000F
[    4.596773] Interrupt Served: 	 Vector = 0x0000000F
[    4.599298] Interrupt Taken: 	 Vector = 0x0000000F
[    4.599432] Interrupt Served: 	 Vector = 0x0000000F
[    4.602596] [passthrough] Read: 	 address = 0x4000481C, size = 4 bytes, value = 0x006000d0, pc=0x080038FA 
[    4.603000] Interrupt Taken: 	 Vector = 0x0000000F
[    4.603114] Interrupt Served: 	 Vector = 0x0000000F
[    4.605682] Interrupt Taken: 	 Vector = 0x0000000F
[    4.605736] Interrupt Served: 	 Vector = 0x0000000F
[    4.608484] [passthrough] Read: 	 address = 0x4000481C, size = 4 bytes, value = 0x006000d0, pc=0x0800392A 
[    4.608861] Interrupt Taken: 	 Vector = 0x0000000F
[    4.608893] Interrupt Served: 	 Vector = 0x0000000F
[    4.611651] [passthrough] Read: 	 address = 0x4000481C, size = 4 bytes, value = 0x006000d0, pc=0x0800395E 
[    4.612116] Interrupt Taken: 	 Vector = 0x0000000F
[    4.612149] Interrupt Served: 	 Vector = 0x0000000F
[    4.614913] [passthrough] Read: 	 address = 0x4000481C, size = 4 bytes, value = 0x006000d0, pc=0x0800395E 
[    4.615366] Interrupt Taken: 	 Vector = 0x0000000F
[    4.615404] Interrupt Served: 	 Vector = 0x0000000F
[    4.618133] [passthrough] Read: 	 address = 0x40004800, size = 4 bytes, value = 0x0000800d, pc=0x080038E0 
[    4.618547] Interrupt Taken: 	 Vector = 0x0000000F
[    4.618574] Interrupt Served: 	 Vector = 0x0000000F
[    4.621295] [passthrough] Read: 	 address = 0x4000481C, size = 4 bytes, value = 0x006000d0, pc=0x080038FA 
[    4.621662] Interrupt Taken: 	 Vector = 0x0000000F
[    4.621715] Interrupt Served: 	 Vector = 0x0000000F
[    4.624184] Interrupt Taken: 	 Vector = 0x0000000F
[    4.624217] Interrupt Served: 	 Vector = 0x0000000F
[    4.626782] [passthrough] Read: 	 address = 0x4000481C, size = 4 bytes, value = 0x006000d0, pc=0x0800392A 
[    4.627376] [passthrough] Read: 	 address = 0x4000481C, size = 4 bytes, value = 0x006000d0, pc=0x0800395E 
[    4.627786] [passthrough] Read: 	 address = 0x40004800, size = 4 bytes, value = 0x0000800d, pc=0x080038E0 
[    4.628173] [passthrough] Read: 	 address = 0x4000481C, size = 4 bytes, value = 0x006000d0, pc=0x080038FA 
[    4.628528] [passthrough] Read: 	 address = 0x4000481C, size = 4 bytes, value = 0x006000d0, pc=0x0800392A 
[    4.628914] [passthrough] Read: 	 address = 0x4000481C, size = 4 bytes, value = 0x006000d0, pc=0x0800395E 
[    4.629307] [passthrough] Read: 	 address = 0x40004800, size = 4 bytes, value = 0x0000800d, pc=0x080038E0 
[    4.629655] [passthrough] Read: 	 address = 0x4000481C, size = 4 bytes, value = 0x006000d0, pc=0x080038FA 
[    4.630054] [passthrough] Read: 	 address = 0x4000481C, size = 4 bytes, value = 0x006000d0, pc=0x0800392A 
[    4.630414] [passthrough] Read: 	 address = 0x4000481C, size = 4 bytes, value = 0x006000d0, pc=0x0800395E 
[    4.630788] [passthrough] Read: 	 address = 0x40004800, size = 4 bytes, value = 0x0000800d, pc=0x080038E0 
[    4.631186] [passthrough] Read: 	 address = 0x4000481C, size = 4 bytes, value = 0x006000d0, pc=0x080038FA 
[    4.631565] [passthrough] Read: 	 address = 0x4000481C, size = 4 bytes, value = 0x006000d0, pc=0x0800392A 
[    4.631917] [passthrough] Read: 	 address = 0x4000481C, size = 4 bytes, value = 0x006000d0, pc=0x0800395E 
[    4.632278] [passthrough] Read: 	 address = 0x40004800, size = 4 bytes, value = 0x0000800d, pc=0x080038E0 
[    4.632631] [passthrough] Read: 	 address = 0x4000481C, size = 4 bytes, value = 0x006000d0, pc=0x080038FA 
[    4.633010] [passthrough] Read: 	 address = 0x4000481C, size = 4 bytes, value = 0x006000d0, pc=0x0800392A 
[    4.633401] [passthrough] Read: 	 address = 0x4000481C, size = 4 bytes, value = 0x006000d0, pc=0x0800395E 
[    4.633783] [passthrough] Read: 	 address = 0x40004800, size = 4 bytes, value = 0x0000800d, pc=0x080038E0 
[    4.634344] [passthrough] Read: 	 address = 0x4000481C, size = 4 bytes, value = 0x006000d0, pc=0x080038FA 
[    4.634730] [passthrough] Read: 	 address = 0x4000481C, size = 4 bytes, value = 0x006000d0, pc=0x0800392A 
[    4.635141] [passthrough] Read: 	 address = 0x4000481C, size = 4 bytes, value = 0x006000d0, pc=0x0800395E 
[    4.635798] [passthrough] Read: 	 address = 0x40004800, size = 4 bytes, value = 0x0000800d, pc=0x080038E0 
[    4.636163] [passthrough] Read: 	 address = 0x4000481C, size = 4 bytes, value = 0x006000d0, pc=0x080038FA 
[    4.636552] [passthrough] Read: 	 address = 0x4000481C, size = 4 bytes, value = 0x006000d0, pc=0x0800392A 
[    4.636971] [passthrough] Read: 	 address = 0x4000481C, size = 4 bytes, value = 0x006000d0, pc=0x0800395E 
[    4.637350] Interrupt Taken: 	 Vector = 0x0000000F
[    4.637378] Interrupt Served: 	 Vector = 0x0000000F
[    4.640092] [passthrough] Read: 	 address = 0x40004800, size = 4 bytes, value = 0x0000800d, pc=0x080038E0 
[    4.640551] [passthrough] Read: 	 address = 0x4000481C, size = 4 bytes, value = 0x006000d0, pc=0x080038FA 
[    4.640941] [passthrough] Read: 	 address = 0x4000481C, size = 4 bytes, value = 0x006000d0, pc=0x0800392A 
[    4.641405] [passthrough] Read: 	 address = 0x4000481C, size = 4 bytes, value = 0x006000d0, pc=0x0800395E 
[    4.641778] Interrupt Taken: 	 Vector = 0x0000000F
[    4.641831] Interrupt Served: 	 Vector = 0x0000000F
[    4.644369] Interrupt Taken: 	 Vector = 0x0000000F
[    4.644406] Interrupt Served: 	 Vector = 0x0000000F
[    4.647067] [passthrough] Read: 	 address = 0x40004800, size = 4 bytes, value = 0x0000800d, pc=0x080038E0 
[    4.647449] [passthrough] Read: 	 address = 0x4000481C, size = 4 bytes, value = 0x006000d0, pc=0x080038FA 
[    4.647833] [passthrough] Read: 	 address = 0x4000481C, size = 4 bytes, value = 0x006000d0, pc=0x0800392A 
[    4.648187] [passthrough] Read: 	 address = 0x4000481C, size = 4 bytes, value = 0x006000d0, pc=0x0800395E 
[    4.648561] [passthrough] Read: 	 address = 0x40004800, size = 4 bytes, value = 0x0000800d, pc=0x080038E0 
[    4.648933] [passthrough] Read: 	 address = 0x4000481C, size = 4 bytes, value = 0x006000d0, pc=0x080038FA 
[    4.649393] [passthrough] Read: 	 address = 0x4000481C, size = 4 bytes, value = 0x006000d0, pc=0x0800392A 
[    4.649828] [passthrough] Read: 	 address = 0x4000481C, size = 4 bytes, value = 0x006000d0, pc=0x0800395E 
[    4.650210] [passthrough] Read: 	 address = 0x40004800, size = 4 bytes, value = 0x0000800d, pc=0x080038E0 
[    4.650600] [passthrough] Read: 	 address = 0x4000481C, size = 4 bytes, value = 0x006000d0, pc=0x080038FA 
[    4.650991] [passthrough] Read: 	 address = 0x4000481C, size = 4 bytes, value = 0x006000d0, pc=0x0800392A 
[    4.651444] [passthrough] Read: 	 address = 0x4000481C, size = 4 bytes, value = 0x006000d0, pc=0x0800395E 
[    4.651802] Interrupt Taken: 	 Vector = 0x0000000F
[    4.651835] Interrupt Served: 	 Vector = 0x0000000F
[    4.654554] [passthrough] Read: 	 address = 0x40004800, size = 4 bytes, value = 0x0000800d, pc=0x080038E0 
[    4.654902] Interrupt Taken: 	 Vector = 0x0000000F
[    4.654964] Interrupt Served: 	 Vector = 0x0000000F
[    4.657548] Interrupt Taken: 	 Vector = 0x0000000F
[    4.657581] Interrupt Served: 	 Vector = 0x0000000F
[    4.660331] [passthrough] Read: 	 address = 0x4000481C, size = 4 bytes, value = 0x006000d0, pc=0x080038FA 
[    4.660739] [passthrough] Read: 	 address = 0x4000481C, size = 4 bytes, value = 0x006000d0, pc=0x0800392A 
[    4.661113] [passthrough] Read: 	 address = 0x4000481C, size = 4 bytes, value = 0x006000d0, pc=0x0800395E 
[    4.661577] [passthrough] Read: 	 address = 0x40004800, size = 4 bytes, value = 0x0000800d, pc=0x080038E0 
[    4.661952] Interrupt Taken: 	 Vector = 0x0000000F
[    4.662012] Interrupt Served: 	 Vector = 0x0000000F
[    4.664513] Interrupt Taken: 	 Vector = 0x0000000F
[    4.664611] Interrupt Served: 	 Vector = 0x0000000F
[    4.667256] Interrupt Taken: 	 Vector = 0x0000000F
[    4.667297] Interrupt Served: 	 Vector = 0x0000000F
[    4.670165] [passthrough] Read: 	 address = 0x4000481C, size = 4 bytes, value = 0x006000d0, pc=0x080038FA 
[    4.670553] Interrupt Taken: 	 Vector = 0x0000000F
[    4.670581] Interrupt Served: 	 Vector = 0x0000000F
[    4.673283] [passthrough] Read: 	 address = 0x4000481C, size = 4 bytes, value = 0x006000d0, pc=0x0800392A 
[    4.673663] Interrupt Taken: 	 Vector = 0x0000000F
[    4.673689] Interrupt Served: 	 Vector = 0x0000000F
[    4.676375] [passthrough] Read: 	 address = 0x4000481C, size = 4 bytes, value = 0x006000d0, pc=0x0800395E 
[    4.677255] Interrupt Taken: 	 Vector = 0x0000000F
[    4.677289] Interrupt Served: 	 Vector = 0x0000000F
[    4.680108] [passthrough] Read: 	 address = 0x4000481C, size = 4 bytes, value = 0x006000d0, pc=0x0800395E 
[    4.680488] Interrupt Taken: 	 Vector = 0x0000000F
[    4.680506] Interrupt Served: 	 Vector = 0x0000000F
[    4.683351] [passthrough] Read: 	 address = 0x40004800, size = 4 bytes, value = 0x0000800d, pc=0x080038E0 
[    4.683736] [passthrough] Read: 	 address = 0x4000481C, size = 4 bytes, value = 0x006000d0, pc=0x080038FA 
[    4.684104] [passthrough] Read: 	 address = 0x4000481C, size = 4 bytes, value = 0x006000d0, pc=0x0800392A 
[    4.684466] [passthrough] Read: 	 address = 0x4000481C, size = 4 bytes, value = 0x006000d0, pc=0x0800395E 
[    4.684834] [passthrough] Read: 	 address = 0x40004800, size = 4 bytes, value = 0x0000800d, pc=0x080038E0 
[    4.685207] [passthrough] Read: 	 address = 0x4000481C, size = 4 bytes, value = 0x006000d0, pc=0x080038FA 
[    4.685590] [passthrough] Read: 	 address = 0x4000481C, size = 4 bytes, value = 0x006000d0, pc=0x0800392A 
[    4.685946] [passthrough] Read: 	 address = 0x4000481C, size = 4 bytes, value = 0x006000d0, pc=0x0800395E 
[    4.686394] [passthrough] Read: 	 address = 0x40004800, size = 4 bytes, value = 0x0000800d, pc=0x080038E0 
[    4.686877] [passthrough] Read: 	 address = 0x4000481C, size = 4 bytes, value = 0x006000d0, pc=0x080038FA 
[    4.687247] Interrupt Taken: 	 Vector = 0x0000000F
[    4.687323] Interrupt Served: 	 Vector = 0x0000000F
[    4.690175] Interrupt Taken: 	 Vector = 0x0000000F
[    4.690233] Interrupt Served: 	 Vector = 0x0000000F
[    4.692991] [passthrough] Read: 	 address = 0x4000481C, size = 4 bytes, value = 0x006000d0, pc=0x0800392A 
[    4.693438] [passthrough] Read: 	 address = 0x4000481C, size = 4 bytes, value = 0x006000d0, pc=0x0800395E 
[    4.693855] [passthrough] Read: 	 address = 0x40004800, size = 4 bytes, value = 0x0000800d, pc=0x080038E0 
[    4.694247] [passthrough] Read: 	 address = 0x4000481C, size = 4 bytes, value = 0x006000d0, pc=0x080038FA 
[    4.694615] [passthrough] Read: 	 address = 0x4000481C, size = 4 bytes, value = 0x006000d0, pc=0x0800392A 
[    4.694990] [passthrough] Read: 	 address = 0x4000481C, size = 4 bytes, value = 0x006000d0, pc=0x0800395E 
[    4.695372] [passthrough] Read: 	 address = 0x40004800, size = 4 bytes, value = 0x0000800d, pc=0x080038E0 
[    4.695774] [passthrough] Read: 	 address = 0x4000481C, size = 4 bytes, value = 0x006000d0, pc=0x080038FA 
[    4.696180] [passthrough] Read: 	 address = 0x4000481C, size = 4 bytes, value = 0x006000d0, pc=0x0800392A 
[    4.696583] [passthrough] Read: 	 address = 0x4000481C, size = 4 bytes, value = 0x006000d0, pc=0x0800395E 
[    4.696986] Interrupt Taken: 	 Vector = 0x0000000F
[    4.697034] Interrupt Served: 	 Vector = 0x0000000F
[    4.699697] Interrupt Taken: 	 Vector = 0x0000000F
[    4.699741] Interrupt Served: 	 Vector = 0x0000000F
[    4.702559] [passthrough] Read: 	 address = 0x40004800, size = 4 bytes, value = 0x0000800d, pc=0x080038E0 
[    4.702955] Interrupt Taken: 	 Vector = 0x0000000F
[    4.703055] Interrupt Served: 	 Vector = 0x0000000F
[    4.705675] Interrupt Taken: 	 Vector = 0x0000000F
[    4.705725] Interrupt Served: 	 Vector = 0x0000000F
[    4.708362] [passthrough] Read: 	 address = 0x4000481C, size = 4 bytes, value = 0x006000d0, pc=0x080038FA 
[    4.708754] [passthrough] Read: 	 address = 0x4000481C, size = 4 bytes, value = 0x006000d0, pc=0x0800392A 
[    4.709107] [passthrough] Read: 	 address = 0x4000481C, size = 4 bytes, value = 0x006000d0, pc=0x0800395E 
[    4.709455] [passthrough] Read: 	 address = 0x40004800, size = 4 bytes, value = 0x0000800d, pc=0x080038E0 
[    4.709808] [passthrough] Read: 	 address = 0x4000481C, size = 4 bytes, value = 0x006000d0, pc=0x080038FA 
[    4.710316] [passthrough] Read: 	 address = 0x4000481C, size = 4 bytes, value = 0x006000d0, pc=0x0800392A 
[    4.710775] [passthrough] Read: 	 address = 0x4000481C, size = 4 bytes, value = 0x006000d0, pc=0x0800395E 
[    4.711162] Interrupt Taken: 	 Vector = 0x0000000F
[    4.711180] Interrupt Served: 	 Vector = 0x0000000F
[    4.713859] [passthrough] Read: 	 address = 0x40004800, size = 4 bytes, value = 0x0000800d, pc=0x080038E0 
[    4.714309] [passthrough] Read: 	 address = 0x4000481C, size = 4 bytes, value = 0x006000d0, pc=0x080038FA 
[    4.714651] Interrupt Taken: 	 Vector = 0x0000000F
[    4.714690] Interrupt Served: 	 Vector = 0x0000000F
[    4.717132] Interrupt Taken: 	 Vector = 0x0000000F
[    4.717151] Interrupt Served: 	 Vector = 0x0000000F
[    4.720166] [passthrough] Read: 	 address = 0x4000481C, size = 4 bytes, value = 0x006000d0, pc=0x0800392A 
[    4.720507] Interrupt Taken: 	 Vector = 0x0000000F
[    4.720534] Interrupt Served: 	 Vector = 0x0000000F
[    4.723103] Interrupt Taken: 	 Vector = 0x0000000F
[    4.723130] Interrupt Served: 	 Vector = 0x0000000F
[    4.725709] [passthrough] Read: 	 address = 0x4000481C, size = 4 bytes, value = 0x006000d0, pc=0x0800395E 
[    4.726058] Interrupt Taken: 	 Vector = 0x0000000F
[    4.726095] Interrupt Served: 	 Vector = 0x0000000F
[    4.728626] Interrupt Taken: 	 Vector = 0x0000000F
[    4.728643] Interrupt Served: 	 Vector = 0x0000000F
[    4.731370] [passthrough] Read: 	 address = 0x4000481C, size = 4 bytes, value = 0x006000d0, pc=0x0800395E 
[    4.731717] Interrupt Taken: 	 Vector = 0x0000000F
[    4.731730] Interrupt Served: 	 Vector = 0x0000000F
[    4.734296] [passthrough] Read: 	 address = 0x40004800, size = 4 bytes, value = 0x0000800d, pc=0x080038E0 
[    4.734673] [passthrough] Read: 	 address = 0x4000481C, size = 4 bytes, value = 0x006000d0, pc=0x080038FA 
[    4.734995] Interrupt Taken: 	 Vector = 0x0000000F
[    4.735030] Interrupt Served: 	 Vector = 0x0000000F
[    4.737481] Interrupt Taken: 	 Vector = 0x0000000F
[    4.737549] Interrupt Served: 	 Vector = 0x0000000F
[    4.739977] Interrupt Taken: 	 Vector = 0x0000000F
[    4.740003] Interrupt Served: 	 Vector = 0x0000000F
[    4.742694] [passthrough] Read: 	 address = 0x4000481C, size = 4 bytes, value = 0x006000d0, pc=0x0800392A 
[    4.743048] Interrupt Taken: 	 Vector = 0x0000000F
[    4.743099] Interrupt Served: 	 Vector = 0x0000000F
[    4.745568] Interrupt Taken: 	 Vector = 0x0000000F
[    4.745590] Interrupt Served: 	 Vector = 0x0000000F
[    4.748421] [passthrough] Read: 	 address = 0x4000481C, size = 4 bytes, value = 0x006000d0, pc=0x0800395E 
[    4.748781] Interrupt Taken: 	 Vector = 0x0000000F
[    4.748791] Interrupt Served: 	 Vector = 0x0000000F
[    4.751383] [passthrough] Read: 	 address = 0x40004800, size = 4 bytes, value = 0x0000800d, pc=0x080038E0 
[    4.751725] Interrupt Taken: 	 Vector = 0x0000000F
[    4.751758] Interrupt Served: 	 Vector = 0x0000000F
[    4.754237] Interrupt Taken: 	 Vector = 0x0000000F
[    4.754277] Interrupt Served: 	 Vector = 0x0000000F
[    4.756863] [passthrough] Read: 	 address = 0x4000481C, size = 4 bytes, value = 0x006000d0, pc=0x080038FA 
[    4.757211] [passthrough] Read: 	 address = 0x4000481C, size = 4 bytes, value = 0x006000d0, pc=0x0800392A 
[    4.757559] [passthrough] Read: 	 address = 0x4000481C, size = 4 bytes, value = 0x006000d0, pc=0x0800395E 
[    4.758241] [passthrough] Read: 	 address = 0x40004800, size = 4 bytes, value = 0x0000800d, pc=0x080038E0 
[    4.758638] [passthrough] Read: 	 address = 0x4000481C, size = 4 bytes, value = 0x006000d0, pc=0x080038FA 
[    4.758975] [passthrough] Read: 	 address = 0x4000481C, size = 4 bytes, value = 0x006000d0, pc=0x0800392A 
[    4.759320] [passthrough] Read: 	 address = 0x4000481C, size = 4 bytes, value = 0x006000d0, pc=0x0800395E 
[    4.759635] [passthrough] Read: 	 address = 0x40004800, size = 4 bytes, value = 0x0000800d, pc=0x080038E0 
[    4.759973] [passthrough] Read: 	 address = 0x4000481C, size = 4 bytes, value = 0x006000d0, pc=0x080038FA 
[    4.760306] [passthrough] Read: 	 address = 0x4000481C, size = 4 bytes, value = 0x006000d0, pc=0x0800392A 
[    4.760637] [passthrough] Read: 	 address = 0x4000481C, size = 4 bytes, value = 0x006000d0, pc=0x0800395E 
[    4.760968] [passthrough] Read: 	 address = 0x40004800, size = 4 bytes, value = 0x0000800d, pc=0x080038E0 
[    4.761310] [passthrough] Read: 	 address = 0x4000481C, size = 4 bytes, value = 0x006000d0, pc=0x080038FA 
[    4.761644] [passthrough] Read: 	 address = 0x4000481C, size = 4 bytes, value = 0x006000d0, pc=0x0800392A 
[    4.761965] [passthrough] Read: 	 address = 0x4000481C, size = 4 bytes, value = 0x006000d0, pc=0x0800395E 
[    4.762325] [passthrough] Read: 	 address = 0x40004800, size = 4 bytes, value = 0x0000800d, pc=0x080038E0 
[    4.762650] [passthrough] Read: 	 address = 0x4000481C, size = 4 bytes, value = 0x006000d0, pc=0x080038FA 
[    4.763000] [passthrough] Read: 	 address = 0x4000481C, size = 4 bytes, value = 0x006000d0, pc=0x0800392A 
[    4.763308] [passthrough] Read: 	 address = 0x4000481C, size = 4 bytes, value = 0x006000d0, pc=0x0800395E 
[    4.763712] [passthrough] Read: 	 address = 0x40004800, size = 4 bytes, value = 0x0000800d, pc=0x080038E0 
[    4.764061] [passthrough] Read: 	 address = 0x4000481C, size = 4 bytes, value = 0x006000d0, pc=0x080038FA 
[    4.764395] [passthrough] Read: 	 address = 0x4000481C, size = 4 bytes, value = 0x006000d0, pc=0x0800392A 
[    4.764731] [passthrough] Read: 	 address = 0x4000481C, size = 4 bytes, value = 0x006000d0, pc=0x0800395E 
[    4.765101] [passthrough] Read: 	 address = 0x40004800, size = 4 bytes, value = 0x0000800d, pc=0x080038E0 
[    4.765403] [passthrough] Read: 	 address = 0x4000481C, size = 4 bytes, value = 0x006000d0, pc=0x080038FA 
[    4.765733] [passthrough] Read: 	 address = 0x4000481C, size = 4 bytes, value = 0x006000d0, pc=0x0800392A 
[    4.766152] [passthrough] Read: 	 address = 0x4000481C, size = 4 bytes, value = 0x006000d0, pc=0x0800395E 
[    4.766493] [passthrough] Read: 	 address = 0x40004800, size = 4 bytes, value = 0x0000800d, pc=0x080038E0 
[    4.766803] [passthrough] Read: 	 address = 0x4000481C, size = 4 bytes, value = 0x006000d0, pc=0x080038FA 
[    4.767138] [passthrough] Read: 	 address = 0x4000481C, size = 4 bytes, value = 0x006000d0, pc=0x0800392A 
[    4.767449] [passthrough] Read: 	 address = 0x4000481C, size = 4 bytes, value = 0x006000d0, pc=0x0800395E 
[    4.767774] [passthrough] Read: 	 address = 0x40004800, size = 4 bytes, value = 0x0000800d, pc=0x080038E0 
[    4.768100] [passthrough] Read: 	 address = 0x4000481C, size = 4 bytes, value = 0x006000d0, pc=0x080038FA 
[    4.768414] [passthrough] Read: 	 address = 0x4000481C, size = 4 bytes, value = 0x006000d0, pc=0x0800392A 
[    4.768747] [passthrough] Read: 	 address = 0x4000481C, size = 4 bytes, value = 0x006000d0, pc=0x0800395E 
[    4.769212] [passthrough] Read: 	 address = 0x40004800, size = 4 bytes, value = 0x0000800d, pc=0x080038E0 
[    4.769557] Interrupt Taken: 	 Vector = 0x0000000F
[    4.769579] Interrupt Served: 	 Vector = 0x0000000F
[    4.772112] [passthrough] Read: 	 address = 0x4000481C, size = 4 bytes, value = 0x006000d0, pc=0x080038FA 
[    4.772449] Interrupt Taken: 	 Vector = 0x0000000F
[    4.772465] Interrupt Served: 	 Vector = 0x0000000F
[    4.774900] [passthrough] Read: 	 address = 0x4000481C, size = 4 bytes, value = 0x006000d0, pc=0x0800392A 
[    4.775255] [passthrough] Read: 	 address = 0x4000481C, size = 4 bytes, value = 0x006000d0, pc=0x0800395E 
[    4.775605] [passthrough] Read: 	 address = 0x4000481C, size = 4 bytes, value = 0x006000d0, pc=0x0800395E 
[    4.775943] [passthrough] Read: 	 address = 0x40004800, size = 4 bytes, value = 0x0000800d, pc=0x080038E0 
[    4.776323] [passthrough] Read: 	 address = 0x4000481C, size = 4 bytes, value = 0x006000d0, pc=0x080038FA 
[    4.776680] [passthrough] Read: 	 address = 0x4000481C, size = 4 bytes, value = 0x006000d0, pc=0x0800392A 
[    4.777029] [passthrough] Read: 	 address = 0x4000481C, size = 4 bytes, value = 0x006000d0, pc=0x0800395E 
[    4.777436] [passthrough] Read: 	 address = 0x40004800, size = 4 bytes, value = 0x0000800d, pc=0x080038E0 
[    4.777797] [passthrough] Read: 	 address = 0x4000481C, size = 4 bytes, value = 0x006000d0, pc=0x080038FA 
[    4.778139] [passthrough] Read: 	 address = 0x4000481C, size = 4 bytes, value = 0x006000d0, pc=0x0800392A 
[    4.778452] [passthrough] Read: 	 address = 0x4000481C, size = 4 bytes, value = 0x006000d0, pc=0x0800395E 
[    4.778784] [passthrough] Read: 	 address = 0x40004800, size = 4 bytes, value = 0x0000800d, pc=0x080038E0 
[    4.779152] [passthrough] Read: 	 address = 0x4000481C, size = 4 bytes, value = 0x006000d0, pc=0x080038FA 
[    4.779498] [passthrough] Read: 	 address = 0x4000481C, size = 4 bytes, value = 0x006000d0, pc=0x0800392A 
[    4.779817] [passthrough] Read: 	 address = 0x4000481C, size = 4 bytes, value = 0x006000d0, pc=0x0800395E 
[    4.780190] [passthrough] Read: 	 address = 0x40004800, size = 4 bytes, value = 0x0000800d, pc=0x080038E0 
[    4.780522] Interrupt Taken: 	 Vector = 0x0000000F
[    4.780536] Interrupt Served: 	 Vector = 0x0000000F
[    4.783058] [passthrough] Read: 	 address = 0x4000481C, size = 4 bytes, value = 0x006000d0, pc=0x080038FA 
[    4.783379] [passthrough] Read: 	 address = 0x4000481C, size = 4 bytes, value = 0x006000d0, pc=0x0800392A 
[    4.783715] [passthrough] Read: 	 address = 0x4000481C, size = 4 bytes, value = 0x006000d0, pc=0x0800395E 
[    4.784055] [passthrough] Read: 	 address = 0x40004800, size = 4 bytes, value = 0x0000800d, pc=0x080038E0 
[    4.784376] [passthrough] Read: 	 address = 0x4000481C, size = 4 bytes, value = 0x006000d0, pc=0x080038FA 
[    4.784763] [passthrough] Read: 	 address = 0x4000481C, size = 4 bytes, value = 0x006000d0, pc=0x0800392A 
[    4.785132] [passthrough] Read: 	 address = 0x4000481C, size = 4 bytes, value = 0x006000d0, pc=0x0800395E 
[    4.785520] [passthrough] Read: 	 address = 0x40004800, size = 4 bytes, value = 0x0000800d, pc=0x080038E0 
[    4.785844] [passthrough] Read: 	 address = 0x4000481C, size = 4 bytes, value = 0x006000d0, pc=0x080038FA 
[    4.786169] [passthrough] Read: 	 address = 0x4000481C, size = 4 bytes, value = 0x006000d0, pc=0x0800392A 
[    4.786526] [passthrough] Read: 	 address = 0x4000481C, size = 4 bytes, value = 0x006000d0, pc=0x0800395E 
[    4.786884] [passthrough] Read: 	 address = 0x40004800, size = 4 bytes, value = 0x0000800d, pc=0x080038E0 
[    4.787252] [passthrough] Read: 	 address = 0x4000481C, size = 4 bytes, value = 0x006000d0, pc=0x080038FA 
[    4.787581] Interrupt Taken: 	 Vector = 0x0000000F
[    4.787595] Interrupt Served: 	 Vector = 0x0000000F
[    4.790136] [passthrough] Read: 	 address = 0x4000481C, size = 4 bytes, value = 0x006000d0, pc=0x0800392A 
[    4.790470] Interrupt Taken: 	 Vector = 0x0000000F
[    4.790485] Interrupt Served: 	 Vector = 0x0000000F
[    4.792949] [passthrough] Read: 	 address = 0x4000481C, size = 4 bytes, value = 0x006000d0, pc=0x0800395E 
[    4.793317] [passthrough] Read: 	 address = 0x40004800, size = 4 bytes, value = 0x0000800d, pc=0x080038E0 
[    4.793683] [passthrough] Read: 	 address = 0x4000481C, size = 4 bytes, value = 0x006000d0, pc=0x080038FA 
[    4.794020] [passthrough] Read: 	 address = 0x4000481C, size = 4 bytes, value = 0x006000d0, pc=0x0800392A 
[    4.794383] [passthrough] Read: 	 address = 0x4000481C, size = 4 bytes, value = 0x006000d0, pc=0x0800395E 
[    4.794705] Interrupt Taken: 	 Vector = 0x0000000F
[    4.794718] Interrupt Served: 	 Vector = 0x0000000F
[    4.797216] [passthrough] Read: 	 address = 0x40004800, size = 4 bytes, value = 0x0000800d, pc=0x080038E0 
[    4.797556] [passthrough] Read: 	 address = 0x4000481C, size = 4 bytes, value = 0x006000d0, pc=0x080038FA 
[    4.797878] [passthrough] Read: 	 address = 0x4000481C, size = 4 bytes, value = 0x006000d0, pc=0x0800392A 
[    4.798339] [passthrough] Read: 	 address = 0x4000481C, size = 4 bytes, value = 0x006000d0, pc=0x0800395E 
[    4.798994] [passthrough] Read: 	 address = 0x40004800, size = 4 bytes, value = 0x0000800d, pc=0x080038E0 
[    4.799346] [passthrough] Read: 	 address = 0x4000481C, size = 4 bytes, value = 0x006000d0, pc=0x080038FA 
[    4.799695] [passthrough] Read: 	 address = 0x4000481C, size = 4 bytes, value = 0x006000d0, pc=0x0800392A 
[    4.800028] [passthrough] Read: 	 address = 0x4000481C, size = 4 bytes, value = 0x006000d0, pc=0x0800395E 
[    4.800372] [passthrough] Read: 	 address = 0x40004800, size = 4 bytes, value = 0x0000800d, pc=0x080038E0 
[    4.800687] [passthrough] Read: 	 address = 0x4000481C, size = 4 bytes, value = 0x006000d0, pc=0x080038FA 
[    4.800996] [passthrough] Read: 	 address = 0x4000481C, size = 4 bytes, value = 0x006000d0, pc=0x0800392A 
[    4.801339] [passthrough] Read: 	 address = 0x4000481C, size = 4 bytes, value = 0x006000d0, pc=0x0800395E 
[    4.801676] [passthrough] Read: 	 address = 0x40004800, size = 4 bytes, value = 0x0000800d, pc=0x080038E0 
[    4.802024] [passthrough] Read: 	 address = 0x4000481C, size = 4 bytes, value = 0x006000d0, pc=0x080038FA 
[    4.802379] [passthrough] Read: 	 address = 0x4000481C, size = 4 bytes, value = 0x006000d0, pc=0x0800392A 
[    4.802741] [passthrough] Read: 	 address = 0x4000481C, size = 4 bytes, value = 0x006000d0, pc=0x0800395E 
[    4.803132] [passthrough] Read: 	 address = 0x40004800, size = 4 bytes, value = 0x0000800d, pc=0x080038E0 
[    4.803464] Interrupt Taken: 	 Vector = 0x0000000F
[    4.803501] Interrupt Served: 	 Vector = 0x0000000F
[    4.805948] Interrupt Taken: 	 Vector = 0x0000000F
[    4.805985] Interrupt Served: 	 Vector = 0x0000000F
[    4.808645] [passthrough] Read: 	 address = 0x4000481C, size = 4 bytes, value = 0x006000d0, pc=0x080038FA 
[    4.809035] Interrupt Taken: 	 Vector = 0x0000000F
[    4.809063] Interrupt Served: 	 Vector = 0x0000000F
[    4.811600] Interrupt Taken: 	 Vector = 0x0000000F
[    4.811617] Interrupt Served: 	 Vector = 0x0000000F
[    4.814402] [passthrough] Read: 	 address = 0x4000481C, size = 4 bytes, value = 0x006000d0, pc=0x0800392A 
[    4.814742] Interrupt Taken: 	 Vector = 0x0000000F
[    4.814770] Interrupt Served: 	 Vector = 0x0000000F
[    4.817303] Interrupt Taken: 	 Vector = 0x0000000F
[    4.817319] Interrupt Served: 	 Vector = 0x0000000F
[    4.819884] [passthrough] Read: 	 address = 0x4000481C, size = 4 bytes, value = 0x006000d0, pc=0x0800395E 
[    4.820227] Interrupt Taken: 	 Vector = 0x0000000F
[    4.820243] Interrupt Served: 	 Vector = 0x0000000F
[    4.822833] [passthrough] Read: 	 address = 0x4000481C, size = 4 bytes, value = 0x006000d0, pc=0x0800395E 
[    4.823191] [passthrough] Read: 	 address = 0x40004800, size = 4 bytes, value = 0x0000800d, pc=0x080038E0 
[    4.823551] [passthrough] Read: 	 address = 0x4000481C, size = 4 bytes, value = 0x006000d0, pc=0x080038FA 
[    4.823897] [passthrough] Read: 	 address = 0x4000481C, size = 4 bytes, value = 0x006000d0, pc=0x0800392A 
[    4.824236] [passthrough] Read: 	 address = 0x4000481C, size = 4 bytes, value = 0x006000d0, pc=0x0800395E 
[    4.824587] [passthrough] Read: 	 address = 0x40004800, size = 4 bytes, value = 0x0000800d, pc=0x080038E0 
[    4.824944] [passthrough] Read: 	 address = 0x4000481C, size = 4 bytes, value = 0x006000d0, pc=0x080038FA 
[    4.825302] [passthrough] Read: 	 address = 0x4000481C, size = 4 bytes, value = 0x006000d0, pc=0x0800392A 
[    4.825627] [passthrough] Read: 	 address = 0x4000481C, size = 4 bytes, value = 0x006000d0, pc=0x0800395E 
[    4.825973] [passthrough] Read: 	 address = 0x40004800, size = 4 bytes, value = 0x0000800d, pc=0x080038E0 
[    4.826329] [passthrough] Read: 	 address = 0x4000481C, size = 4 bytes, value = 0x006000d0, pc=0x080038FA 
[    4.826667] [passthrough] Read: 	 address = 0x4000481C, size = 4 bytes, value = 0x006000d0, pc=0x0800392A 
[    4.827021] [passthrough] Read: 	 address = 0x4000481C, size = 4 bytes, value = 0x006000d0, pc=0x0800395E 
[    4.827361] [passthrough] Read: 	 address = 0x40004800, size = 4 bytes, value = 0x0000800d, pc=0x080038E0 
[    4.827698] [passthrough] Read: 	 address = 0x4000481C, size = 4 bytes, value = 0x006000d0, pc=0x080038FA 
[    4.828095] [passthrough] Read: 	 address = 0x4000481C, size = 4 bytes, value = 0x006000d0, pc=0x0800392A 
[    4.828419] Interrupt Taken: 	 Vector = 0x0000000F
[    4.828435] Interrupt Served: 	 Vector = 0x0000000F
[    4.830868] [passthrough] Read: 	 address = 0x4000481C, size = 4 bytes, value = 0x006000d0, pc=0x0800395E 
[    4.831200] [passthrough] Read: 	 address = 0x40004800, size = 4 bytes, value = 0x0000800d, pc=0x080038E0 
[    4.831525] [passthrough] Read: 	 address = 0x4000481C, size = 4 bytes, value = 0x006000d0, pc=0x080038FA 
[    4.831881] [passthrough] Read: 	 address = 0x4000481C, size = 4 bytes, value = 0x006000d0, pc=0x0800392A 
[    4.832220] [passthrough] Read: 	 address = 0x4000481C, size = 4 bytes, value = 0x006000d0, pc=0x0800395E 
[    4.832548] [passthrough] Read: 	 address = 0x40004800, size = 4 bytes, value = 0x0000800d, pc=0x080038E0 
[    4.832878] [passthrough] Read: 	 address = 0x4000481C, size = 4 bytes, value = 0x006000d0, pc=0x080038FA 
[    4.833218] [passthrough] Read: 	 address = 0x4000481C, size = 4 bytes, value = 0x006000d0, pc=0x0800392A 
[    4.833547] [passthrough] Read: 	 address = 0x4000481C, size = 4 bytes, value = 0x006000d0, pc=0x0800395E 
[    4.833879] [passthrough] Read: 	 address = 0x40004800, size = 4 bytes, value = 0x0000800d, pc=0x080038E0 
[    4.834217] [passthrough] Read: 	 address = 0x4000481C, size = 4 bytes, value = 0x006000d0, pc=0x080038FA 
[    4.834546] [passthrough] Read: 	 address = 0x4000481C, size = 4 bytes, value = 0x006000d0, pc=0x0800392A 
[    4.834881] [passthrough] Read: 	 address = 0x4000481C, size = 4 bytes, value = 0x006000d0, pc=0x0800395E 
[    4.835229] [passthrough] Read: 	 address = 0x40004800, size = 4 bytes, value = 0x0000800d, pc=0x080038E0 
[    4.835607] [passthrough] Read: 	 address = 0x4000481C, size = 4 bytes, value = 0x006000d0, pc=0x080038FA 
[    4.835950] Interrupt Taken: 	 Vector = 0x0000000F
[    4.835986] Interrupt Served: 	 Vector = 0x0000000F
[    4.838376] Interrupt Taken: 	 Vector = 0x0000000F
[    4.838420] Interrupt Served: 	 Vector = 0x0000000F
[    4.840851] [passthrough] Read: 	 address = 0x4000481C, size = 4 bytes, value = 0x006000d0, pc=0x0800392A 
[    4.841474] [passthrough] Read: 	 address = 0x4000481C, size = 4 bytes, value = 0x006000d0, pc=0x0800395E 
[    4.841800] [passthrough] Read: 	 address = 0x40004800, size = 4 bytes, value = 0x0000800d, pc=0x080038E0 
[    4.842261] [passthrough] Read: 	 address = 0x4000481C, size = 4 bytes, value = 0x006000d0, pc=0x080038FA 
[    4.842619] [passthrough] Read: 	 address = 0x4000481C, size = 4 bytes, value = 0x006000d0, pc=0x0800392A 
[    4.842972] [passthrough] Read: 	 address = 0x4000481C, size = 4 bytes, value = 0x006000d0, pc=0x0800395E 
[    4.843327] [passthrough] Read: 	 address = 0x40004800, size = 4 bytes, value = 0x0000800d, pc=0x080038E0 
[    4.843663] [passthrough] Read: 	 address = 0x4000481C, size = 4 bytes, value = 0x006000d0, pc=0x080038FA 
[    4.843995] [passthrough] Read: 	 address = 0x4000481C, size = 4 bytes, value = 0x006000d0, pc=0x0800392A 
[    4.844331] [passthrough] Read: 	 address = 0x4000481C, size = 4 bytes, value = 0x006000d0, pc=0x0800395E 
[    4.844645] [passthrough] Read: 	 address = 0x40004800, size = 4 bytes, value = 0x0000800d, pc=0x080038E0 
[    4.844965] [passthrough] Read: 	 address = 0x4000481C, size = 4 bytes, value = 0x006000d0, pc=0x080038FA 
[    4.845321] [passthrough] Read: 	 address = 0x4000481C, size = 4 bytes, value = 0x006000d0, pc=0x0800392A 
[    4.845668] [passthrough] Read: 	 address = 0x4000481C, size = 4 bytes, value = 0x006000d0, pc=0x0800395E 
[    4.846030] [passthrough] Read: 	 address = 0x40004800, size = 4 bytes, value = 0x0000800d, pc=0x080038E0 
[    4.846403] [passthrough] Read: 	 address = 0x4000481C, size = 4 bytes, value = 0x006000d0, pc=0x080038FA 
[    4.846773] [passthrough] Read: 	 address = 0x4000481C, size = 4 bytes, value = 0x006000d0, pc=0x0800392A 
[    4.847078] [passthrough] Read: 	 address = 0x4000481C, size = 4 bytes, value = 0x006000d0, pc=0x0800395E 
[    4.847384] [passthrough] Read: 	 address = 0x40004800, size = 4 bytes, value = 0x0000800d, pc=0x080038E0 
[    4.847700] [passthrough] Read: 	 address = 0x4000481C, size = 4 bytes, value = 0x006000d0, pc=0x080038FA 
[    4.848039] [passthrough] Read: 	 address = 0x4000481C, size = 4 bytes, value = 0x006000d0, pc=0x0800392A 
[    4.848391] [passthrough] Read: 	 address = 0x4000481C, size = 4 bytes, value = 0x006000d0, pc=0x0800395E 
[    4.848727] [passthrough] Read: 	 address = 0x40004800, size = 4 bytes, value = 0x0000800d, pc=0x080038E0 
[    4.849042] [passthrough] Read: 	 address = 0x4000481C, size = 4 bytes, value = 0x006000d0, pc=0x080038FA 
[    4.849390] [passthrough] Read: 	 address = 0x4000481C, size = 4 bytes, value = 0x006000d0, pc=0x0800392A 
[    4.849702] [passthrough] Read: 	 address = 0x4000481C, size = 4 bytes, value = 0x006000d0, pc=0x0800395E 
[    4.850010] [passthrough] Read: 	 address = 0x40004800, size = 4 bytes, value = 0x0000800d, pc=0x080038E0 
[    4.850352] [passthrough] Read: 	 address = 0x4000481C, size = 4 bytes, value = 0x006000d0, pc=0x080038FA 
[    4.850682] [passthrough] Read: 	 address = 0x4000481C, size = 4 bytes, value = 0x006000d0, pc=0x0800392A 
[    4.851005] [passthrough] Read: 	 address = 0x4000481C, size = 4 bytes, value = 0x006000d0, pc=0x0800395E 
[    4.851384] [passthrough] Read: 	 address = 0x40004800, size = 4 bytes, value = 0x0000800d, pc=0x080038E0 
[    4.851747] [passthrough] Read: 	 address = 0x4000481C, size = 4 bytes, value = 0x006000d0, pc=0x080038FA 
[    4.852098] [passthrough] Read: 	 address = 0x4000481C, size = 4 bytes, value = 0x006000d0, pc=0x0800392A 
[    4.852443] [passthrough] Read: 	 address = 0x4000481C, size = 4 bytes, value = 0x006000d0, pc=0x0800395E 
[    4.852789] [passthrough] Read: 	 address = 0x40004800, size = 4 bytes, value = 0x0000800d, pc=0x080038E0 
[    4.853150] [passthrough] Read: 	 address = 0x4000481C, size = 4 bytes, value = 0x006000d0, pc=0x080038FA 
[    4.853479] [passthrough] Read: 	 address = 0x4000481C, size = 4 bytes, value = 0x006000d0, pc=0x0800392A 
[    4.853811] [passthrough] Read: 	 address = 0x4000481C, size = 4 bytes, value = 0x006000d0, pc=0x0800395E 
[    4.854145] [passthrough] Read: 	 address = 0x40004800, size = 4 bytes, value = 0x0000800d, pc=0x080038E0 
[    4.854471] [passthrough] Read: 	 address = 0x4000481C, size = 4 bytes, value = 0x006000d0, pc=0x080038FA 
[    4.854800] [passthrough] Read: 	 address = 0x4000481C, size = 4 bytes, value = 0x006000d0, pc=0x0800392A 
[    4.855129] [passthrough] Read: 	 address = 0x4000481C, size = 4 bytes, value = 0x006000d0, pc=0x0800395E 
[    4.855469] [passthrough] Read: 	 address = 0x40004800, size = 4 bytes, value = 0x0000800d, pc=0x080038E0 
[    4.855798] [passthrough] Read: 	 address = 0x4000481C, size = 4 bytes, value = 0x006000d0, pc=0x080038FA 
[    4.856130] [passthrough] Read: 	 address = 0x4000481C, size = 4 bytes, value = 0x006000d0, pc=0x0800392A 
[    4.856466] [passthrough] Read: 	 address = 0x4000481C, size = 4 bytes, value = 0x006000d0, pc=0x0800395E 
[    4.856854] [passthrough] Read: 	 address = 0x40004800, size = 4 bytes, value = 0x0000800d, pc=0x080038E0 
[    4.857196] Interrupt Taken: 	 Vector = 0x0000000F
[    4.857224] Interrupt Served: 	 Vector = 0x0000000F
[    4.859776] Interrupt Taken: 	 Vector = 0x0000000F
[    4.859795] Interrupt Served: 	 Vector = 0x0000000F
[    4.862202] [passthrough] Read: 	 address = 0x4000481C, size = 4 bytes, value = 0x006000d0, pc=0x080038FA 
[    4.862528] [passthrough] Read: 	 address = 0x4000481C, size = 4 bytes, value = 0x006000d0, pc=0x0800392A 
[    4.862889] [passthrough] Read: 	 address = 0x4000481C, size = 4 bytes, value = 0x006000d0, pc=0x0800395E 
[    4.863221] [passthrough] Read: 	 address = 0x40004800, size = 4 bytes, value = 0x0000800d, pc=0x080038E0 
[    4.863548] [passthrough] Read: 	 address = 0x4000481C, size = 4 bytes, value = 0x006000d0, pc=0x080038FA 
[    4.863878] [passthrough] Read: 	 address = 0x4000481C, size = 4 bytes, value = 0x006000d0, pc=0x0800392A 
[    4.864218] [passthrough] Read: 	 address = 0x4000481C, size = 4 bytes, value = 0x006000d0, pc=0x0800395E 
[    4.864549] [passthrough] Read: 	 address = 0x40004800, size = 4 bytes, value = 0x0000800d, pc=0x080038E0 
[    4.864878] [passthrough] Read: 	 address = 0x4000481C, size = 4 bytes, value = 0x006000d0, pc=0x080038FA 
[    4.865220] [passthrough] Read: 	 address = 0x4000481C, size = 4 bytes, value = 0x006000d0, pc=0x0800392A 
[    4.865548] [passthrough] Read: 	 address = 0x4000481C, size = 4 bytes, value = 0x006000d0, pc=0x0800395E 
[    4.865879] [passthrough] Read: 	 address = 0x40004800, size = 4 bytes, value = 0x0000800d, pc=0x080038E0 
[    4.866218] [passthrough] Read: 	 address = 0x4000481C, size = 4 bytes, value = 0x006000d0, pc=0x080038FA 
[    4.866547] [passthrough] Read: 	 address = 0x4000481C, size = 4 bytes, value = 0x006000d0, pc=0x0800392A 
[    4.866878] [passthrough] Read: 	 address = 0x4000481C, size = 4 bytes, value = 0x006000d0, pc=0x0800395E 
[    4.867312] [passthrough] Read: 	 address = 0x40004800, size = 4 bytes, value = 0x0000800d, pc=0x080038E0 
[    4.867635] [passthrough] Read: 	 address = 0x4000481C, size = 4 bytes, value = 0x006000d0, pc=0x080038FA 
[    4.867985] [passthrough] Read: 	 address = 0x4000481C, size = 4 bytes, value = 0x006000d0, pc=0x0800392A 
[    4.868326] [passthrough] Read: 	 address = 0x4000481C, size = 4 bytes, value = 0x006000d0, pc=0x0800395E 
[    4.868707] [passthrough] Read: 	 address = 0x40004800, size = 4 bytes, value = 0x0000800d, pc=0x080038E0 
[    4.869078] Interrupt Taken: 	 Vector = 0x0000000F
[    4.869108] Interrupt Served: 	 Vector = 0x0000000F
[    4.871530] Interrupt Taken: 	 Vector = 0x0000000F
[    4.871569] Interrupt Served: 	 Vector = 0x0000000F
[    4.874032] [passthrough] Read: 	 address = 0x4000481C, size = 4 bytes, value = 0x006000d0, pc=0x080038FA 
[    4.874379] [passthrough] Read: 	 address = 0x4000481C, size = 4 bytes, value = 0x006000d0, pc=0x0800392A 
[    4.874716] [passthrough] Read: 	 address = 0x4000481C, size = 4 bytes, value = 0x006000d0, pc=0x0800395E 
[    4.875053] [passthrough] Read: 	 address = 0x40004800, size = 4 bytes, value = 0x0000800d, pc=0x080038E0 
[    4.875376] [passthrough] Read: 	 address = 0x4000481C, size = 4 bytes, value = 0x006000d0, pc=0x080038FA 
[    4.875692] [passthrough] Read: 	 address = 0x4000481C, size = 4 bytes, value = 0x006000d0, pc=0x0800392A 
[    4.876029] [passthrough] Read: 	 address = 0x4000481C, size = 4 bytes, value = 0x006000d0, pc=0x0800395E 
[    4.876414] [passthrough] Read: 	 address = 0x40004800, size = 4 bytes, value = 0x0000800d, pc=0x080038E0 
[    4.876779] [passthrough] Read: 	 address = 0x4000481C, size = 4 bytes, value = 0x006000d0, pc=0x080038FA 
[    4.877155] [passthrough] Read: 	 address = 0x4000481C, size = 4 bytes, value = 0x006000d0, pc=0x0800392A 
[    4.877628] [passthrough] Read: 	 address = 0x4000481C, size = 4 bytes, value = 0x006000d0, pc=0x0800395E 
[    4.877966] Interrupt Taken: 	 Vector = 0x0000000F
[    4.877985] Interrupt Served: 	 Vector = 0x0000000F
[    4.880422] Interrupt Taken: 	 Vector = 0x0000000F
[    4.880441] Interrupt Served: 	 Vector = 0x0000000F
[    4.882878] [passthrough] Read: 	 address = 0x40004800, size = 4 bytes, value = 0x0000800d, pc=0x080038E0 
[    4.883459] Interrupt Taken: 	 Vector = 0x0000000F
[    4.883470] Interrupt Served: 	 Vector = 0x0000000F
[    4.886029] [passthrough] Read: 	 address = 0x4000481C, size = 4 bytes, value = 0x006000d0, pc=0x080038FA 
[    4.886386] Interrupt Taken: 	 Vector = 0x0000000F
[    4.886403] Interrupt Served: 	 Vector = 0x0000000F
[    4.888899] [passthrough] Read: 	 address = 0x4000481C, size = 4 bytes, value = 0x006000d0, pc=0x0800392A 
[    4.889273] [passthrough] Read: 	 address = 0x4000481C, size = 4 bytes, value = 0x006000d0, pc=0x0800395E 
[    4.889665] [passthrough] Read: 	 address = 0x4000481C, size = 4 bytes, value = 0x006000d0, pc=0x0800395E 
[    4.889997] Interrupt Taken: 	 Vector = 0x0000000F
[    4.890046] Interrupt Served: 	 Vector = 0x0000000F
[    4.892446] Interrupt Taken: 	 Vector = 0x0000000F
[    4.892463] Interrupt Served: 	 Vector = 0x0000000F
[    4.895133] [passthrough] Read: 	 address = 0x40004800, size = 4 bytes, value = 0x0000800d, pc=0x080038E0 
[    4.895464] Interrupt Taken: 	 Vector = 0x0000000F
[    4.895494] Interrupt Served: 	 Vector = 0x0000000F
[    4.897945] Interrupt Taken: 	 Vector = 0x0000000F
[    4.897964] Interrupt Served: 	 Vector = 0x0000000F
[    4.900415] [passthrough] Read: 	 address = 0x4000481C, size = 4 bytes, value = 0x006000d0, pc=0x080038FA 
[    4.900764] [passthrough] Read: 	 address = 0x4000481C, size = 4 bytes, value = 0x006000d0, pc=0x0800392A 
[    4.901119] [passthrough] Read: 	 address = 0x4000481C, size = 4 bytes, value = 0x006000d0, pc=0x0800395E 
[    4.901444] Interrupt Taken: 	 Vector = 0x0000000F
[    4.901460] Interrupt Served: 	 Vector = 0x0000000F
[    4.903979] [passthrough] Read: 	 address = 0x40004800, size = 4 bytes, value = 0x0000800d, pc=0x080038E0 
[    4.904329] Interrupt Taken: 	 Vector = 0x0000000F
[    4.904354] Interrupt Served: 	 Vector = 0x0000000F
[    4.906879] Interrupt Taken: 	 Vector = 0x0000000F
[    4.906900] Interrupt Served: 	 Vector = 0x0000000F
[    4.909615] [passthrough] Read: 	 address = 0x4000481C, size = 4 bytes, value = 0x006000d0, pc=0x080038FA 
[    4.909968] Interrupt Taken: 	 Vector = 0x0000000F
[    4.910007] Interrupt Served: 	 Vector = 0x0000000F
[    4.912560] Interrupt Taken: 	 Vector = 0x0000000F
[    4.912582] Interrupt Served: 	 Vector = 0x0000000F
[    4.915248] [passthrough] Read: 	 address = 0x4000481C, size = 4 bytes, value = 0x006000d0, pc=0x0800392A 
[    4.915593] Interrupt Taken: 	 Vector = 0x0000000F
[    4.915620] Interrupt Served: 	 Vector = 0x0000000F
[    4.918060] Interrupt Taken: 	 Vector = 0x0000000F
[    4.918077] Interrupt Served: 	 Vector = 0x0000000F
[    4.920671] [passthrough] Read: 	 address = 0x4000481C, size = 4 bytes, value = 0x006000d0, pc=0x0800395E 
[    4.921039] Interrupt Taken: 	 Vector = 0x0000000F
[    4.921119] Interrupt Served: 	 Vector = 0x0000000F
[    4.923624] Interrupt Taken: 	 Vector = 0x0000000F
[    4.923711] Interrupt Served: 	 Vector = 0x0000000F
[    4.926615] Interrupt Taken: 	 Vector = 0x0000000F
[    4.926647] Interrupt Served: 	 Vector = 0x0000000F
[    4.929152] [passthrough] Read: 	 address = 0x4000481C, size = 4 bytes, value = 0x006000d0, pc=0x0800395E 
[    4.929533] [passthrough] Read: 	 address = 0x40004800, size = 4 bytes, value = 0x0000800d, pc=0x080038E0 
[    4.929870] Interrupt Taken: 	 Vector = 0x0000000F
[    4.929883] Interrupt Served: 	 Vector = 0x0000000F
[    4.932338] [passthrough] Read: 	 address = 0x4000481C, size = 4 bytes, value = 0x006000d0, pc=0x080038FA 
[    4.932644] Interrupt Taken: 	 Vector = 0x0000000F
[    4.932654] Interrupt Served: 	 Vector = 0x0000000F
[    4.935169] [passthrough] Read: 	 address = 0x4000481C, size = 4 bytes, value = 0x006000d0, pc=0x0800392A 
[    4.935549] [passthrough] Read: 	 address = 0x4000481C, size = 4 bytes, value = 0x006000d0, pc=0x0800395E 
[    4.935931] [passthrough] Read: 	 address = 0x40004800, size = 4 bytes, value = 0x0000800d, pc=0x080038E0 
[    4.936305] Interrupt Taken: 	 Vector = 0x0000000F
[    4.936356] Interrupt Served: 	 Vector = 0x0000000F
[    4.938802] Interrupt Taken: 	 Vector = 0x0000000F
[    4.938844] Interrupt Served: 	 Vector = 0x0000000F
[    4.941452] [passthrough] Read: 	 address = 0x4000481C, size = 4 bytes, value = 0x006000d0, pc=0x080038FA 
[    4.941807] Interrupt Taken: 	 Vector = 0x0000000F
[    4.941821] Interrupt Served: 	 Vector = 0x0000000F
[    4.944326] [passthrough] Read: 	 address = 0x4000481C, size = 4 bytes, value = 0x006000d0, pc=0x0800392A 
[    4.944652] [passthrough] Read: 	 address = 0x4000481C, size = 4 bytes, value = 0x006000d0, pc=0x0800395E 
[    4.944986] [passthrough] Read: 	 address = 0x40004800, size = 4 bytes, value = 0x0000800d, pc=0x080038E0 
[    4.945306] [passthrough] Read: 	 address = 0x4000481C, size = 4 bytes, value = 0x006000d0, pc=0x080038FA 
[    4.945616] [passthrough] Read: 	 address = 0x4000481C, size = 4 bytes, value = 0x006000d0, pc=0x0800392A 
[    4.945969] [passthrough] Read: 	 address = 0x4000481C, size = 4 bytes, value = 0x006000d0, pc=0x0800395E 
[    4.946315] [passthrough] Read: 	 address = 0x40004800, size = 4 bytes, value = 0x0000800d, pc=0x080038E0 
[    4.946640] [passthrough] Read: 	 address = 0x4000481C, size = 4 bytes, value = 0x006000d0, pc=0x080038FA 
[    4.946973] [passthrough] Read: 	 address = 0x4000481C, size = 4 bytes, value = 0x006000d0, pc=0x0800392A 
[    4.947340] [passthrough] Read: 	 address = 0x4000481C, size = 4 bytes, value = 0x006000d0, pc=0x0800395E 
[    4.947708] [passthrough] Read: 	 address = 0x40004800, size = 4 bytes, value = 0x0000800d, pc=0x080038E0 
[    4.948034] [passthrough] Read: 	 address = 0x4000481C, size = 4 bytes, value = 0x006000d0, pc=0x080038FA 
[    4.948366] [passthrough] Read: 	 address = 0x4000481C, size = 4 bytes, value = 0x006000d0, pc=0x0800392A 
[    4.948732] [passthrough] Read: 	 address = 0x4000481C, size = 4 bytes, value = 0x006000d0, pc=0x0800395E 
[    4.949052] Interrupt Taken: 	 Vector = 0x0000000F
[    4.949062] Interrupt Served: 	 Vector = 0x0000000F
[    4.951590] [passthrough] Read: 	 address = 0x40004800, size = 4 bytes, value = 0x0000800d, pc=0x080038E0 
[    4.951933] [passthrough] Read: 	 address = 0x4000481C, size = 4 bytes, value = 0x006000d0, pc=0x080038FA 
[    4.952254] [passthrough] Read: 	 address = 0x4000481C, size = 4 bytes, value = 0x006000d0, pc=0x0800392A 
[    4.952610] [passthrough] Read: 	 address = 0x4000481C, size = 4 bytes, value = 0x006000d0, pc=0x0800395E 
[    4.952941] Interrupt Taken: 	 Vector = 0x0000000F
[    4.952974] Interrupt Served: 	 Vector = 0x0000000F
[    4.955518] Interrupt Taken: 	 Vector = 0x0000000F
[    4.955592] Interrupt Served: 	 Vector = 0x0000000F
[    4.958131] Interrupt Taken: 	 Vector = 0x0000000F
[    4.958159] Interrupt Served: 	 Vector = 0x0000000F
[    4.960708] [passthrough] Read: 	 address = 0x40004800, size = 4 bytes, value = 0x0000800d, pc=0x080038E0 
[    4.961052] [passthrough] Read: 	 address = 0x4000481C, size = 4 bytes, value = 0x006000d0, pc=0x080038FA 
[    4.961376] [passthrough] Read: 	 address = 0x4000481C, size = 4 bytes, value = 0x006000d0, pc=0x0800392A 
[    4.961691] [passthrough] Read: 	 address = 0x4000481C, size = 4 bytes, value = 0x006000d0, pc=0x0800395E 
[    4.962033] [passthrough] Read: 	 address = 0x40004800, size = 4 bytes, value = 0x0000800d, pc=0x080038E0 
[    4.962374] [passthrough] Read: 	 address = 0x4000481C, size = 4 bytes, value = 0x006000d0, pc=0x080038FA 
[    4.962688] [passthrough] Read: 	 address = 0x4000481C, size = 4 bytes, value = 0x006000d0, pc=0x0800392A 
[    4.962998] [passthrough] Read: 	 address = 0x4000481C, size = 4 bytes, value = 0x006000d0, pc=0x0800395E 
[    4.963352] [passthrough] Read: 	 address = 0x40004800, size = 4 bytes, value = 0x0000800d, pc=0x080038E0 
[    4.963693] [passthrough] Read: 	 address = 0x4000481C, size = 4 bytes, value = 0x006000d0, pc=0x080038FA 
[    4.964065] [passthrough] Read: 	 address = 0x4000481C, size = 4 bytes, value = 0x006000d0, pc=0x0800392A 
[    4.964698] Interrupt Taken: 	 Vector = 0x0000000F
[    4.964709] Interrupt Served: 	 Vector = 0x0000000F
[    4.967285] [passthrough] Read: 	 address = 0x4000481C, size = 4 bytes, value = 0x006000d0, pc=0x0800395E 
[    4.967635] [passthrough] Read: 	 address = 0x40004800, size = 4 bytes, value = 0x0000800d, pc=0x080038E0 
[    4.967988] [passthrough] Read: 	 address = 0x4000481C, size = 4 bytes, value = 0x006000d0, pc=0x080038FA 
[    4.968303] Interrupt Taken: 	 Vector = 0x0000000F
[    4.968329] Interrupt Served: 	 Vector = 0x0000000F
[    4.970846] [passthrough] Read: 	 address = 0x4000481C, size = 4 bytes, value = 0x006000d0, pc=0x0800392A 
[    4.971213] [passthrough] Read: 	 address = 0x4000481C, size = 4 bytes, value = 0x006000d0, pc=0x0800395E 
[    4.971574] [passthrough] Read: 	 address = 0x4000481C, size = 4 bytes, value = 0x006000d0, pc=0x0800395E 
[    4.971904] [passthrough] Read: 	 address = 0x40004800, size = 4 bytes, value = 0x0000800d, pc=0x080038E0 
[    4.972270] [passthrough] Read: 	 address = 0x4000481C, size = 4 bytes, value = 0x006000d0, pc=0x080038FA 
[    4.972608] [passthrough] Read: 	 address = 0x4000481C, size = 4 bytes, value = 0x006000d0, pc=0x0800392A 
[    4.972967] [passthrough] Read: 	 address = 0x4000481C, size = 4 bytes, value = 0x006000d0, pc=0x0800395E 
[    4.973351] [passthrough] Read: 	 address = 0x40004800, size = 4 bytes, value = 0x0000800d, pc=0x080038E0 
[    4.973697] Interrupt Taken: 	 Vector = 0x0000000F
[    4.973728] Interrupt Served: 	 Vector = 0x0000000F
[    4.976238] Interrupt Taken: 	 Vector = 0x0000000F
[    4.976256] Interrupt Served: 	 Vector = 0x0000000F
[    4.978839] [passthrough] Read: 	 address = 0x4000481C, size = 4 bytes, value = 0x006000d0, pc=0x080038FA 
[    4.979196] [passthrough] Read: 	 address = 0x4000481C, size = 4 bytes, value = 0x006000d0, pc=0x0800392A 
[    4.979496] [passthrough] Read: 	 address = 0x4000481C, size = 4 bytes, value = 0x006000d0, pc=0x0800395E 
[    4.979806] [passthrough] Read: 	 address = 0x40004800, size = 4 bytes, value = 0x0000800d, pc=0x080038E0 
[    4.980141] [passthrough] Read: 	 address = 0x4000481C, size = 4 bytes, value = 0x006000d0, pc=0x080038FA 
[    4.980477] [passthrough] Read: 	 address = 0x4000481C, size = 4 bytes, value = 0x006000d0, pc=0x0800392A 
[    4.980810] [passthrough] Read: 	 address = 0x4000481C, size = 4 bytes, value = 0x006000d0, pc=0x0800395E 
[    4.981145] [passthrough] Read: 	 address = 0x40004800, size = 4 bytes, value = 0x0000800d, pc=0x080038E0 
[    4.981456] [passthrough] Read: 	 address = 0x4000481C, size = 4 bytes, value = 0x006000d0, pc=0x080038FA 
[    4.981761] [passthrough] Read: 	 address = 0x4000481C, size = 4 bytes, value = 0x006000d0, pc=0x0800392A 
[    4.982109] [passthrough] Read: 	 address = 0x4000481C, size = 4 bytes, value = 0x006000d0, pc=0x0800395E 
[    4.982458] [passthrough] Read: 	 address = 0x40004800, size = 4 bytes, value = 0x0000800d, pc=0x080038E0 
[    4.982788] [passthrough] Read: 	 address = 0x4000481C, size = 4 bytes, value = 0x006000d0, pc=0x080038FA 
[    4.983142] [passthrough] Read: 	 address = 0x4000481C, size = 4 bytes, value = 0x006000d0, pc=0x0800392A 
[    4.983456] [passthrough] Read: 	 address = 0x4000481C, size = 4 bytes, value = 0x006000d0, pc=0x0800395E 
[    4.983762] [passthrough] Read: 	 address = 0x40004800, size = 4 bytes, value = 0x0000800d, pc=0x080038E0 
[    4.984090] [passthrough] Read: 	 address = 0x4000481C, size = 4 bytes, value = 0x006000d0, pc=0x080038FA 
[    4.984429] [passthrough] Read: 	 address = 0x4000481C, size = 4 bytes, value = 0x006000d0, pc=0x0800392A 
[    4.984758] [passthrough] Read: 	 address = 0x4000481C, size = 4 bytes, value = 0x006000d0, pc=0x0800395E 
[    4.985104] [passthrough] Read: 	 address = 0x40004800, size = 4 bytes, value = 0x0000800d, pc=0x080038E0 
[    4.985489] [passthrough] Read: 	 address = 0x4000481C, size = 4 bytes, value = 0x006000d0, pc=0x080038FA 
[    4.985823] Interrupt Taken: 	 Vector = 0x0000000F
[    4.985852] Interrupt Served: 	 Vector = 0x0000000F
[    4.988260] Interrupt Taken: 	 Vector = 0x0000000F
[    4.988297] Interrupt Served: 	 Vector = 0x0000000F
[    4.990844] [passthrough] Read: 	 address = 0x4000481C, size = 4 bytes, value = 0x006000d0, pc=0x0800392A 
[    4.991178] [passthrough] Read: 	 address = 0x4000481C, size = 4 bytes, value = 0x006000d0, pc=0x0800395E 
[    4.991527] [passthrough] Read: 	 address = 0x40004800, size = 4 bytes, value = 0x0000800d, pc=0x080038E0 
[    4.991853] [passthrough] Read: 	 address = 0x4000481C, size = 4 bytes, value = 0x006000d0, pc=0x080038FA 
[    4.992242] [passthrough] Read: 	 address = 0x4000481C, size = 4 bytes, value = 0x006000d0, pc=0x0800392A 
[    4.992562] [passthrough] Read: 	 address = 0x4000481C, size = 4 bytes, value = 0x006000d0, pc=0x0800395E 
[    4.992889] [passthrough] Read: 	 address = 0x40004800, size = 4 bytes, value = 0x0000800d, pc=0x080038E0 
[    4.993229] [passthrough] Read: 	 address = 0x4000481C, size = 4 bytes, value = 0x006000d0, pc=0x080038FA 
[    4.993558] [passthrough] Read: 	 address = 0x4000481C, size = 4 bytes, value = 0x006000d0, pc=0x0800392A 
[    4.993917] [passthrough] Read: 	 address = 0x4000481C, size = 4 bytes, value = 0x006000d0, pc=0x0800395E 
[    4.994286] [passthrough] Read: 	 address = 0x40004800, size = 4 bytes, value = 0x0000800d, pc=0x080038E0 
[    4.994620] [passthrough] Read: 	 address = 0x4000481C, size = 4 bytes, value = 0x006000d0, pc=0x080038FA 
[    4.994932] [passthrough] Read: 	 address = 0x4000481C, size = 4 bytes, value = 0x006000d0, pc=0x0800392A 
[    4.995265] [passthrough] Read: 	 address = 0x4000481C, size = 4 bytes, value = 0x006000d0, pc=0x0800395E 
[    4.995602] [passthrough] Read: 	 address = 0x40004800, size = 4 bytes, value = 0x0000800d, pc=0x080038E0 
[    4.995986] [passthrough] Read: 	 address = 0x4000481C, size = 4 bytes, value = 0x006000d0, pc=0x080038FA 
[    4.996328] Interrupt Taken: 	 Vector = 0x0000000F
[    4.996345] Interrupt Served: 	 Vector = 0x0000000F
[    4.998841] [passthrough] Read: 	 address = 0x4000481C, size = 4 bytes, value = 0x006000d0, pc=0x0800392A 
[    4.999188] [passthrough] Read: 	 address = 0x4000481C, size = 4 bytes, value = 0x006000d0, pc=0x0800395E 
[    4.999515] [passthrough] Read: 	 address = 0x40004800, size = 4 bytes, value = 0x0000800d, pc=0x080038E0 
[    4.999850] [passthrough] Read: 	 address = 0x4000481C, size = 4 bytes, value = 0x006000d0, pc=0x080038FA 
[    5.000165] [passthrough] Read: 	 address = 0x4000481C, size = 4 bytes, value = 0x006000d0, pc=0x0800392A 
[    5.000490] [passthrough] Read: 	 address = 0x4000481C, size = 4 bytes, value = 0x006000d0, pc=0x0800395E 
[    5.000804] [passthrough] Read: 	 address = 0x40004800, size = 4 bytes, value = 0x0000800d, pc=0x080038E0 
[    5.001122] [passthrough] Read: 	 address = 0x4000481C, size = 4 bytes, value = 0x006000d0, pc=0x080038FA 
[    5.001442] [passthrough] Read: 	 address = 0x4000481C, size = 4 bytes, value = 0x006000d0, pc=0x0800392A 
[    5.001795] [passthrough] Read: 	 address = 0x4000481C, size = 4 bytes, value = 0x006000d0, pc=0x0800395E 
[    5.002142] [passthrough] Read: 	 address = 0x40004800, size = 4 bytes, value = 0x0000800d, pc=0x080038E0 
[    5.002519] [passthrough] Read: 	 address = 0x4000481C, size = 4 bytes, value = 0x006000d0, pc=0x080038FA 
[    5.002853] Interrupt Taken: 	 Vector = 0x0000000F
[    5.002886] Interrupt Served: 	 Vector = 0x0000000F
[    5.005365] Interrupt Taken: 	 Vector = 0x0000000F
[    5.005417] Interrupt Served: 	 Vector = 0x0000000F
[    5.008168] [passthrough] Read: 	 address = 0x4000481C, size = 4 bytes, value = 0x006000d0, pc=0x0800392A 
[    5.008511] [passthrough] Read: 	 address = 0x4000481C, size = 4 bytes, value = 0x006000d0, pc=0x0800395E 
[    5.008839] [passthrough] Read: 	 address = 0x40004800, size = 4 bytes, value = 0x0000800d, pc=0x080038E0 
[    5.009279] [passthrough] Read: 	 address = 0x4000481C, size = 4 bytes, value = 0x006000d0, pc=0x080038FA 
[    5.009626] [passthrough] Read: 	 address = 0x4000481C, size = 4 bytes, value = 0x006000d0, pc=0x0800392A 
[    5.009950] [passthrough] Read: 	 address = 0x4000481C, size = 4 bytes, value = 0x006000d0, pc=0x0800395E 
[    5.010281] [passthrough] Read: 	 address = 0x40004800, size = 4 bytes, value = 0x0000800d, pc=0x080038E0 
[    5.010629] [passthrough] Read: 	 address = 0x4000481C, size = 4 bytes, value = 0x006000d0, pc=0x080038FA 
[    5.010963] [passthrough] Read: 	 address = 0x4000481C, size = 4 bytes, value = 0x006000d0, pc=0x0800392A 
[    5.011303] [passthrough] Read: 	 address = 0x4000481C, size = 4 bytes, value = 0x006000d0, pc=0x0800395E 
[    5.011633] [passthrough] Read: 	 address = 0x40004800, size = 4 bytes, value = 0x0000800d, pc=0x080038E0 
[    5.011971] [passthrough] Read: 	 address = 0x4000481C, size = 4 bytes, value = 0x006000d0, pc=0x080038FA 
[    5.012308] [passthrough] Read: 	 address = 0x4000481C, size = 4 bytes, value = 0x006000d0, pc=0x0800392A 
[    5.012670] [passthrough] Read: 	 address = 0x4000481C, size = 4 bytes, value = 0x006000d0, pc=0x0800395E 
[    5.013048] [passthrough] Read: 	 address = 0x40004800, size = 4 bytes, value = 0x0000800d, pc=0x080038E0 
[    5.013401] [passthrough] Read: 	 address = 0x4000481C, size = 4 bytes, value = 0x006000d0, pc=0x080038FA 
[    5.013782] [passthrough] Read: 	 address = 0x4000481C, size = 4 bytes, value = 0x006000d0, pc=0x0800392A 
[    5.014151] [passthrough] Read: 	 address = 0x4000481C, size = 4 bytes, value = 0x006000d0, pc=0x0800395E 
[    5.014497] [passthrough] Read: 	 address = 0x40004800, size = 4 bytes, value = 0x0000800d, pc=0x080038E0 
[    5.014812] [passthrough] Read: 	 address = 0x4000481C, size = 4 bytes, value = 0x006000d0, pc=0x080038FA 
[    5.015149] [passthrough] Read: 	 address = 0x4000481C, size = 4 bytes, value = 0x006000d0, pc=0x0800392A 
[    5.015507] [passthrough] Read: 	 address = 0x4000481C, size = 4 bytes, value = 0x006000d0, pc=0x0800395E 
[    5.015837] [passthrough] Read: 	 address = 0x40004800, size = 4 bytes, value = 0x0000800d, pc=0x080038E0 
[    5.016203] [passthrough] Read: 	 address = 0x4000481C, size = 4 bytes, value = 0x006000d0, pc=0x080038FA 
[    5.016574] [passthrough] Read: 	 address = 0x4000481C, size = 4 bytes, value = 0x006000d0, pc=0x0800392A 
[    5.016890] Interrupt Taken: 	 Vector = 0x0000000F
[    5.016906] Interrupt Served: 	 Vector = 0x0000000F
[    5.019494] [passthrough] Read: 	 address = 0x4000481C, size = 4 bytes, value = 0x006000d0, pc=0x0800395E 
[    5.019848] Interrupt Taken: 	 Vector = 0x0000000F
[    5.019880] Interrupt Served: 	 Vector = 0x0000000F
[    5.022403] Interrupt Taken: 	 Vector = 0x0000000F
[    5.022454] Interrupt Served: 	 Vector = 0x0000000F
[    5.025116] [passthrough] Read: 	 address = 0x40004800, size = 4 bytes, value = 0x0000800d, pc=0x080038E0 
[    5.025445] Interrupt Taken: 	 Vector = 0x0000000F
[    5.025463] Interrupt Served: 	 Vector = 0x0000000F
[    5.028048] Interrupt Taken: 	 Vector = 0x0000000F
[    5.028071] Interrupt Served: 	 Vector = 0x0000000F
[    5.030633] [passthrough] Read: 	 address = 0x4000481C, size = 4 bytes, value = 0x006000d0, pc=0x080038FA 
[    5.030993] Interrupt Taken: 	 Vector = 0x0000000F
[    5.031035] Interrupt Served: 	 Vector = 0x0000000F
[    5.033482] Interrupt Taken: 	 Vector = 0x0000000F
[    5.033518] Interrupt Served: 	 Vector = 0x0000000F
[    5.036154] [passthrough] Read: 	 address = 0x4000481C, size = 4 bytes, value = 0x006000d0, pc=0x0800392A 
[    5.036546] Interrupt Taken: 	 Vector = 0x0000000F
[    5.036584] Interrupt Served: 	 Vector = 0x0000000F
[    5.039083] Interrupt Taken: 	 Vector = 0x0000000F
[    5.039167] Interrupt Served: 	 Vector = 0x0000000F
[    5.041754] [passthrough] Read: 	 address = 0x4000481C, size = 4 bytes, value = 0x006000d0, pc=0x0800395E 
[    5.042129] Interrupt Taken: 	 Vector = 0x0000000F
[    5.042160] Interrupt Served: 	 Vector = 0x0000000F
[    5.044610] Interrupt Taken: 	 Vector = 0x0000000F
[    5.044643] Interrupt Served: 	 Vector = 0x0000000F
[    5.047266] [passthrough] Read: 	 address = 0x4000481C, size = 4 bytes, value = 0x006000d0, pc=0x0800395E 
[    5.047782] Interrupt Taken: 	 Vector = 0x0000000F
[    5.047814] Interrupt Served: 	 Vector = 0x0000000F
[    5.050279] Interrupt Taken: 	 Vector = 0x0000000F
[    5.050320] Interrupt Served: 	 Vector = 0x0000000F
[    5.052858] [passthrough] Read: 	 address = 0x40004800, size = 4 bytes, value = 0x0000800d, pc=0x080038E0 
[    5.053204] Interrupt Taken: 	 Vector = 0x0000000F
[    5.053241] Interrupt Served: 	 Vector = 0x0000000F
[    5.055669] Interrupt Taken: 	 Vector = 0x0000000F
[    5.055702] Interrupt Served: 	 Vector = 0x0000000F
[    5.058394] [passthrough] Read: 	 address = 0x4000481C, size = 4 bytes, value = 0x006000d0, pc=0x080038FA 
[    5.058771] [passthrough] Read: 	 address = 0x4000481C, size = 4 bytes, value = 0x006000d0, pc=0x0800392A 
[    5.059311] [passthrough] Read: 	 address = 0x4000481C, size = 4 bytes, value = 0x006000d0, pc=0x0800395E 
[    5.059663] [passthrough] Read: 	 address = 0x40004800, size = 4 bytes, value = 0x0000800d, pc=0x080038E0 
[    5.060002] [passthrough] Read: 	 address = 0x4000481C, size = 4 bytes, value = 0x006000d0, pc=0x080038FA 
[    5.060325] [passthrough] Read: 	 address = 0x4000481C, size = 4 bytes, value = 0x006000d0, pc=0x0800392A 
[    5.060681] [passthrough] Read: 	 address = 0x4000481C, size = 4 bytes, value = 0x006000d0, pc=0x0800395E 
[    5.060999] [passthrough] Read: 	 address = 0x40004800, size = 4 bytes, value = 0x0000800d, pc=0x080038E0 
[    5.061333] [passthrough] Read: 	 address = 0x4000481C, size = 4 bytes, value = 0x006000d0, pc=0x080038FA 
[    5.061683] [passthrough] Read: 	 address = 0x4000481C, size = 4 bytes, value = 0x006000d0, pc=0x0800392A 
[    5.062020] [passthrough] Read: 	 address = 0x4000481C, size = 4 bytes, value = 0x006000d0, pc=0x0800395E 
[    5.062384] [passthrough] Read: 	 address = 0x40004800, size = 4 bytes, value = 0x0000800d, pc=0x080038E0 
[    5.062782] [passthrough] Read: 	 address = 0x4000481C, size = 4 bytes, value = 0x006000d0, pc=0x080038FA 
[    5.063160] [passthrough] Read: 	 address = 0x4000481C, size = 4 bytes, value = 0x006000d0, pc=0x0800392A 
[    5.063498] Interrupt Taken: 	 Vector = 0x0000000F
[    5.063523] Interrupt Served: 	 Vector = 0x0000000F
[    5.065901] Interrupt Taken: 	 Vector = 0x0000000F
[    5.065959] Interrupt Served: 	 Vector = 0x0000000F
[    5.068507] Interrupt Taken: 	 Vector = 0x0000000F
[    5.068536] Interrupt Served: 	 Vector = 0x0000000F
[    5.071208] [passthrough] Read: 	 address = 0x4000481C, size = 4 bytes, value = 0x006000d0, pc=0x0800395E 
[    5.071581] Interrupt Taken: 	 Vector = 0x0000000F
[    5.071603] Interrupt Served: 	 Vector = 0x0000000F
[    5.074070] Interrupt Taken: 	 Vector = 0x0000000F
[    5.074120] Interrupt Served: 	 Vector = 0x0000000F
[    5.076920] [passthrough] Read: 	 address = 0x40004800, size = 4 bytes, value = 0x0000800d, pc=0x080038E0 
[    5.077315] Interrupt Taken: 	 Vector = 0x0000000F
[    5.077424] Interrupt Served: 	 Vector = 0x0000000F
[    5.079908] Interrupt Taken: 	 Vector = 0x0000000F
[    5.079945] Interrupt Served: 	 Vector = 0x0000000F
[    5.082676] [passthrough] Read: 	 address = 0x4000481C, size = 4 bytes, value = 0x006000d0, pc=0x080038FA 
[    5.083039] [passthrough] Read: 	 address = 0x4000481C, size = 4 bytes, value = 0x006000d0, pc=0x0800392A 
[    5.085371] [passthrough] Read: 	 address = 0x4000481C, size = 4 bytes, value = 0x006000d0, pc=0x0800395E 
[    5.085761] Interrupt Taken: 	 Vector = 0x0000000F
[    5.085879] Interrupt Served: 	 Vector = 0x0000000F
[    5.088376] Interrupt Taken: 	 Vector = 0x0000000F
[    5.088566] Interrupt Served: 	 Vector = 0x0000000F
[    5.092087] Interrupt Taken: 	 Vector = 0x0000000F
[    5.092139] Interrupt Served: 	 Vector = 0x0000000F
[    5.098011] [passthrough] Read: 	 address = 0x4000481C, size = 4 bytes, value = 0x006000d0, pc=0x0800395E 
[    5.098628] [passthrough] Read: 	 address = 0x40004800, size = 4 bytes, value = 0x0000800d, pc=0x080038E0 
[    5.098972] Interrupt Taken: 	 Vector = 0x0000000F
[    5.099091] Interrupt Served: 	 Vector = 0x0000000F
[    5.103467] Interrupt Taken: 	 Vector = 0x0000000F
[    5.103587] Interrupt Served: 	 Vector = 0x0000000F
[    5.106082] Interrupt Taken: 	 Vector = 0x0000000F
[    5.106145] Interrupt Served: 	 Vector = 0x0000000F
[    5.111198] [passthrough] Read: 	 address = 0x4000481C, size = 4 bytes, value = 0x006000d0, pc=0x080038FA 
[    5.111555] Interrupt Taken: 	 Vector = 0x0000000F
[    5.111696] Interrupt Served: 	 Vector = 0x0000000F
[    5.114187] Interrupt Taken: 	 Vector = 0x0000000F
[    5.114353] Interrupt Served: 	 Vector = 0x0000000F
[    5.118293] Interrupt Taken: 	 Vector = 0x0000000F
[    5.118494] Interrupt Served: 	 Vector = 0x0000000F
[    5.123278] Interrupt Taken: 	 Vector = 0x0000000F
[    5.123370] Interrupt Served: 	 Vector = 0x0000000F
[    5.126743] Interrupt Taken: 	 Vector = 0x0000000F
[    5.126838] Interrupt Served: 	 Vector = 0x0000000F
[    5.129314] Interrupt Taken: 	 Vector = 0x0000000F
[    5.129407] Interrupt Served: 	 Vector = 0x0000000F
[    5.131879] Interrupt Taken: 	 Vector = 0x0000000F
[    5.131971] Interrupt Served: 	 Vector = 0x0000000F
[    5.136125] Interrupt Taken: 	 Vector = 0x0000000F
[    5.136233] Interrupt Served: 	 Vector = 0x0000000F
[    5.139088] Interrupt Taken: 	 Vector = 0x0000000F
[    5.139185] Interrupt Served: 	 Vector = 0x0000000F
[    5.141577] Interrupt Taken: 	 Vector = 0x0000000F
[    5.141614] Interrupt Served: 	 Vector = 0x0000000F
[    5.144348] [passthrough] Read: 	 address = 0x4000481C, size = 4 bytes, value = 0x006000d0, pc=0x0800392A 
[    5.144693] Interrupt Taken: 	 Vector = 0x0000000F
[    5.144712] Interrupt Served: 	 Vector = 0x0000000F
[    5.147392] [passthrough] Read: 	 address = 0x4000481C, size = 4 bytes, value = 0x006000d0, pc=0x0800395E 
[    5.147805] [passthrough] Read: 	 address = 0x4000481C, size = 4 bytes, value = 0x006000d0, pc=0x0800395E 
[    5.148160] Interrupt Taken: 	 Vector = 0x0000000F
[    5.148177] Interrupt Served: 	 Vector = 0x0000000F
[    5.152569] [passthrough] Read: 	 address = 0x40004800, size = 4 bytes, value = 0x0000800d, pc=0x080038E0 
[    5.152972] Interrupt Taken: 	 Vector = 0x0000000F
[    5.152993] Interrupt Served: 	 Vector = 0x0000000F
[    5.155604] [passthrough] Read: 	 address = 0x4000481C, size = 4 bytes, value = 0x006000d0, pc=0x080038FA 
[    5.156075] Interrupt Taken: 	 Vector = 0x0000000F
[    5.156103] Interrupt Served: 	 Vector = 0x0000000F
[    5.158648] [passthrough] Read: 	 address = 0x4000481C, size = 4 bytes, value = 0x006000d0, pc=0x0800392A 
[    5.159081] [passthrough] Read: 	 address = 0x4000481C, size = 4 bytes, value = 0x006000d0, pc=0x0800395E 
[    5.159405] Interrupt Taken: 	 Vector = 0x0000000F
[    5.159439] Interrupt Served: 	 Vector = 0x0000000F
[    5.161884] Interrupt Taken: 	 Vector = 0x0000000F
[    5.161910] Interrupt Served: 	 Vector = 0x0000000F
[    5.164629] [passthrough] Read: 	 address = 0x40004800, size = 4 bytes, value = 0x0000800d, pc=0x080038E0 
[    5.164975] Interrupt Taken: 	 Vector = 0x0000000F
[    5.165019] Interrupt Served: 	 Vector = 0x0000000F
[    5.167749] Interrupt Taken: 	 Vector = 0x0000000F
[    5.167768] Interrupt Served: 	 Vector = 0x0000000F
[    5.170570] [passthrough] Read: 	 address = 0x4000481C, size = 4 bytes, value = 0x006000d0, pc=0x080038FA 
[    5.170954] Interrupt Taken: 	 Vector = 0x0000000F
[    5.170993] Interrupt Served: 	 Vector = 0x0000000F
[    5.173671] Interrupt Taken: 	 Vector = 0x0000000F
[    5.173702] Interrupt Served: 	 Vector = 0x0000000F
[    5.176696] [passthrough] Read: 	 address = 0x4000481C, size = 4 bytes, value = 0x006000d0, pc=0x0800392A 
[    5.177059] [passthrough] Read: 	 address = 0x4000481C, size = 4 bytes, value = 0x006000d0, pc=0x0800395E 
[    5.177433] [passthrough] Read: 	 address = 0x40004800, size = 4 bytes, value = 0x0000800d, pc=0x080038E0 
[    5.177769] [passthrough] Read: 	 address = 0x4000481C, size = 4 bytes, value = 0x006000d0, pc=0x080038FA 
[    5.178144] [passthrough] Read: 	 address = 0x4000481C, size = 4 bytes, value = 0x006000d0, pc=0x0800392A 
[    5.178478] [passthrough] Read: 	 address = 0x4000481C, size = 4 bytes, value = 0x006000d0, pc=0x0800395E 
[    5.178882] [passthrough] Read: 	 address = 0x40004800, size = 4 bytes, value = 0x0000800d, pc=0x080038E0 
[    5.179261] Interrupt Taken: 	 Vector = 0x0000000F
[    5.179279] Interrupt Served: 	 Vector = 0x0000000F
[    5.182204] [passthrough] Read: 	 address = 0x4000481C, size = 4 bytes, value = 0x006000d0, pc=0x080038FA 
[    5.182566] [passthrough] Read: 	 address = 0x4000481C, size = 4 bytes, value = 0x006000d0, pc=0x0800392A 
[    5.182902] [passthrough] Read: 	 address = 0x4000481C, size = 4 bytes, value = 0x006000d0, pc=0x0800395E 
[    5.183278] [passthrough] Read: 	 address = 0x40004800, size = 4 bytes, value = 0x0000800d, pc=0x080038E0 
[    5.183664] [passthrough] Read: 	 address = 0x4000481C, size = 4 bytes, value = 0x006000d0, pc=0x080038FA 
[    5.184121] [passthrough] Read: 	 address = 0x4000481C, size = 4 bytes, value = 0x006000d0, pc=0x0800392A 
[    5.184543] [passthrough] Read: 	 address = 0x4000481C, size = 4 bytes, value = 0x006000d0, pc=0x0800395E 
[    5.184983] [passthrough] Read: 	 address = 0x40004800, size = 4 bytes, value = 0x0000800d, pc=0x080038E0 
[    5.185353] [passthrough] Read: 	 address = 0x4000481C, size = 4 bytes, value = 0x006000d0, pc=0x080038FA 
[    5.185718] [passthrough] Read: 	 address = 0x4000481C, size = 4 bytes, value = 0x006000d0, pc=0x0800392A 
[    5.186113] [passthrough] Read: 	 address = 0x4000481C, size = 4 bytes, value = 0x006000d0, pc=0x0800395E 
[    5.186501] Interrupt Taken: 	 Vector = 0x0000000F
[    5.186527] Interrupt Served: 	 Vector = 0x0000000F
[    5.189177] [passthrough] Read: 	 address = 0x4000481C, size = 4 bytes, value = 0x006000d0, pc=0x0800395E 
[    5.189575] Interrupt Taken: 	 Vector = 0x0000000F
[    5.189642] Interrupt Served: 	 Vector = 0x0000000F
[    5.192371] Interrupt Taken: 	 Vector = 0x0000000F
[    5.192394] Interrupt Served: 	 Vector = 0x0000000F
[    5.195278] [passthrough] Read: 	 address = 0x40004800, size = 4 bytes, value = 0x0000800d, pc=0x080038E0 
[    5.195671] Interrupt Taken: 	 Vector = 0x0000000F
[    5.195693] Interrupt Served: 	 Vector = 0x0000000F
[    5.198726] [passthrough] Read: 	 address = 0x4000481C, size = 4 bytes, value = 0x006000d0, pc=0x080038FA 
[    5.199080] [passthrough] Read: 	 address = 0x4000481C, size = 4 bytes, value = 0x006000d0, pc=0x0800392A 
[    5.199456] [passthrough] Read: 	 address = 0x4000481C, size = 4 bytes, value = 0x006000d0, pc=0x0800395E 
[    5.199873] [passthrough] Read: 	 address = 0x40004800, size = 4 bytes, value = 0x0000800d, pc=0x080038E0 
[    5.200200] Interrupt Taken: 	 Vector = 0x0000000F
[    5.200244] Interrupt Served: 	 Vector = 0x0000000F
[    5.202939] Interrupt Taken: 	 Vector = 0x0000000F
[    5.202993] Interrupt Served: 	 Vector = 0x0000000F
[    5.205806] [passthrough] Read: 	 address = 0x4000481C, size = 4 bytes, value = 0x006000d0, pc=0x080038FA 
[    5.206217] Interrupt Taken: 	 Vector = 0x0000000F
[    5.206278] Interrupt Served: 	 Vector = 0x0000000F
[    5.209160] Interrupt Taken: 	 Vector = 0x0000000F
[    5.209191] Interrupt Served: 	 Vector = 0x0000000F
[    5.212120] [passthrough] Read: 	 address = 0x4000481C, size = 4 bytes, value = 0x006000d0, pc=0x0800392A 
[    5.212469] Interrupt Taken: 	 Vector = 0x0000000F
[    5.212498] Interrupt Served: 	 Vector = 0x0000000F
[    5.215470] [passthrough] Read: 	 address = 0x4000481C, size = 4 bytes, value = 0x006000d0, pc=0x0800395E 
[    5.216340] [passthrough] Read: 	 address = 0x40004800, size = 4 bytes, value = 0x0000800d, pc=0x080038E0 
[    5.216804] Interrupt Taken: 	 Vector = 0x0000000F
[    5.216880] Interrupt Served: 	 Vector = 0x0000000F
[    5.219525] Interrupt Taken: 	 Vector = 0x0000000F
[    5.219580] Interrupt Served: 	 Vector = 0x0000000F
[    5.222400] [passthrough] Read: 	 address = 0x4000481C, size = 4 bytes, value = 0x006000d0, pc=0x080038FA 
[    5.222806] Interrupt Taken: 	 Vector = 0x0000000F
[    5.222864] Interrupt Served: 	 Vector = 0x0000000F
[    5.225680] Interrupt Taken: 	 Vector = 0x0000000F
[    5.225722] Interrupt Served: 	 Vector = 0x0000000F
[    5.228681] [passthrough] Read: 	 address = 0x4000481C, size = 4 bytes, value = 0x006000d0, pc=0x0800392A 
[    5.229105] [passthrough] Read: 	 address = 0x4000481C, size = 4 bytes, value = 0x006000d0, pc=0x0800395E 
[    5.229576] [passthrough] Read: 	 address = 0x4000481C, size = 4 bytes, value = 0x006000d0, pc=0x0800395E 
[    5.230001] [passthrough] Read: 	 address = 0x40004800, size = 4 bytes, value = 0x0000800d, pc=0x080038E0 
[    5.230454] [passthrough] Read: 	 address = 0x4000481C, size = 4 bytes, value = 0x006000d0, pc=0x080038FA 
[    5.230908] [passthrough] Read: 	 address = 0x4000481C, size = 4 bytes, value = 0x006000d0, pc=0x0800392A 
[    5.231368] [passthrough] Read: 	 address = 0x4000481C, size = 4 bytes, value = 0x006000d0, pc=0x0800395E 
[    5.231777] [passthrough] Read: 	 address = 0x40004800, size = 4 bytes, value = 0x0000800d, pc=0x080038E0 
[    5.232224] [passthrough] Read: 	 address = 0x4000481C, size = 4 bytes, value = 0x006000d0, pc=0x080038FA 
[    5.232658] [passthrough] Read: 	 address = 0x4000481C, size = 4 bytes, value = 0x006000d0, pc=0x0800392A 
[    5.233102] [passthrough] Read: 	 address = 0x4000481C, size = 4 bytes, value = 0x006000d0, pc=0x0800395E 
[    5.233539] [passthrough] Read: 	 address = 0x40004800, size = 4 bytes, value = 0x0000800d, pc=0x080038E0 
[    5.233967] [passthrough] Read: 	 address = 0x4000481C, size = 4 bytes, value = 0x006000d0, pc=0x080038FA 
[    5.234370] [passthrough] Read: 	 address = 0x4000481C, size = 4 bytes, value = 0x006000d0, pc=0x0800392A 
[    5.234789] [passthrough] Read: 	 address = 0x4000481C, size = 4 bytes, value = 0x006000d0, pc=0x0800395E 
[    5.235338] [passthrough] Read: 	 address = 0x40004800, size = 4 bytes, value = 0x0000800d, pc=0x080038E0 
[    5.235724] Interrupt Taken: 	 Vector = 0x0000000F
[    5.235821] Interrupt Served: 	 Vector = 0x0000000F
[    5.238553] Interrupt Taken: 	 Vector = 0x0000000F
[    5.238658] Interrupt Served: 	 Vector = 0x0000000F
[    5.242072] [passthrough] Read: 	 address = 0x4000481C, size = 4 bytes, value = 0x006000d0, pc=0x080038FA 
[    5.242654] [passthrough] Read: 	 address = 0x4000481C, size = 4 bytes, value = 0x006000d0, pc=0x0800392A 
[    5.243165] [passthrough] Read: 	 address = 0x4000481C, size = 4 bytes, value = 0x006000d0, pc=0x0800395E 
[    5.243623] [passthrough] Read: 	 address = 0x40004800, size = 4 bytes, value = 0x0000800d, pc=0x080038E0 
[    5.244059] [passthrough] Read: 	 address = 0x4000481C, size = 4 bytes, value = 0x006000d0, pc=0x080038FA 
[    5.244507] [passthrough] Read: 	 address = 0x4000481C, size = 4 bytes, value = 0x006000d0, pc=0x0800392A 
[    5.244972] [passthrough] Read: 	 address = 0x4000481C, size = 4 bytes, value = 0x006000d0, pc=0x0800395E 
[    5.245498] [passthrough] Read: 	 address = 0x40004800, size = 4 bytes, value = 0x0000800d, pc=0x080038E0 
[    5.245981] [passthrough] Read: 	 address = 0x4000481C, size = 4 bytes, value = 0x006000d0, pc=0x080038FA 
[    5.246471] [passthrough] Read: 	 address = 0x4000481C, size = 4 bytes, value = 0x006000d0, pc=0x0800392A 
[    5.246955] [passthrough] Read: 	 address = 0x4000481C, size = 4 bytes, value = 0x006000d0, pc=0x0800395E 
[    5.247453] [passthrough] Read: 	 address = 0x40004800, size = 4 bytes, value = 0x0000800d, pc=0x080038E0 
[    5.247946] [passthrough] Read: 	 address = 0x4000481C, size = 4 bytes, value = 0x006000d0, pc=0x080038FA 
[    5.248420] [passthrough] Read: 	 address = 0x4000481C, size = 4 bytes, value = 0x006000d0, pc=0x0800392A 
[    5.248943] [passthrough] Read: 	 address = 0x4000481C, size = 4 bytes, value = 0x006000d0, pc=0x0800395E 
[    5.249457] [passthrough] Read: 	 address = 0x40004800, size = 4 bytes, value = 0x0000800d, pc=0x080038E0 
[    5.250008] [passthrough] Read: 	 address = 0x4000481C, size = 4 bytes, value = 0x006000d0, pc=0x080038FA 
[    5.250525] [passthrough] Read: 	 address = 0x4000481C, size = 4 bytes, value = 0x006000d0, pc=0x0800392A 
[    5.251048] [passthrough] Read: 	 address = 0x4000481C, size = 4 bytes, value = 0x006000d0, pc=0x0800395E 
[    5.251514] [passthrough] Read: 	 address = 0x40004800, size = 4 bytes, value = 0x0000800d, pc=0x080038E0 
[    5.252050] [passthrough] Read: 	 address = 0x4000481C, size = 4 bytes, value = 0x006000d0, pc=0x080038FA 
[    5.252535] [passthrough] Read: 	 address = 0x4000481C, size = 4 bytes, value = 0x006000d0, pc=0x0800392A 
[    5.253053] [passthrough] Read: 	 address = 0x4000481C, size = 4 bytes, value = 0x006000d0, pc=0x0800395E 
[    5.253734] [passthrough] Read: 	 address = 0x40004800, size = 4 bytes, value = 0x0000800d, pc=0x080038E0 
[    5.254211] Interrupt Taken: 	 Vector = 0x0000000F
[    5.254340] Interrupt Served: 	 Vector = 0x0000000F
[    5.257243] Interrupt Taken: 	 Vector = 0x0000000F
[    5.257361] Interrupt Served: 	 Vector = 0x0000000F
[    5.261069] [passthrough] Read: 	 address = 0x4000481C, size = 4 bytes, value = 0x006000d0, pc=0x080038FA 
[    5.261608] [passthrough] Read: 	 address = 0x4000481C, size = 4 bytes, value = 0x006000d0, pc=0x0800392A 
[    5.262238] [passthrough] Read: 	 address = 0x4000481C, size = 4 bytes, value = 0x006000d0, pc=0x0800395E 
[    5.262691] Interrupt Taken: 	 Vector = 0x0000000F
[    5.262754] Interrupt Served: 	 Vector = 0x0000000F
[    5.265981] [passthrough] Read: 	 address = 0x40004800, size = 4 bytes, value = 0x0000800d, pc=0x080038E0 
[    5.266487] [passthrough] Read: 	 address = 0x4000481C, size = 4 bytes, value = 0x006000d0, pc=0x080038FA 
[    5.266987] [passthrough] Read: 	 address = 0x4000481C, size = 4 bytes, value = 0x006000d0, pc=0x0800392A 
[    5.267483] [passthrough] Read: 	 address = 0x4000481C, size = 4 bytes, value = 0x006000d0, pc=0x0800395E 
[    5.268161] [passthrough] Read: 	 address = 0x40004800, size = 4 bytes, value = 0x0000800d, pc=0x080038E0 
[    5.268613] Interrupt Taken: 	 Vector = 0x0000000F
[    5.268655] Interrupt Served: 	 Vector = 0x0000000F
[    5.271729] [passthrough] Read: 	 address = 0x4000481C, size = 4 bytes, value = 0x006000d0, pc=0x080038FA 
[    5.272542] [passthrough] Read: 	 address = 0x4000481C, size = 4 bytes, value = 0x006000d0, pc=0x0800392A 
[    5.273123] Interrupt Taken: 	 Vector = 0x0000000F
[    5.273723] Interrupt Served: 	 Vector = 0x0000000F
[    5.276575] Interrupt Taken: 	 Vector = 0x0000000F
[    5.276686] Interrupt Served: 	 Vector = 0x0000000F
[    5.280213] [passthrough] Read: 	 address = 0x4000481C, size = 4 bytes, value = 0x006000d0, pc=0x0800395E 
[    5.280689] Interrupt Taken: 	 Vector = 0x0000000F
[    5.280832] Interrupt Served: 	 Vector = 0x0000000F
[    5.283785] Interrupt Taken: 	 Vector = 0x0000000F
[    5.283864] Interrupt Served: 	 Vector = 0x0000000F
[    5.287327] [passthrough] Read: 	 address = 0x40004800, size = 4 bytes, value = 0x0000800d, pc=0x080038E0 
[    5.287985] [passthrough] Read: 	 address = 0x4000481C, size = 4 bytes, value = 0x006000d0, pc=0x080038FA 
[    5.288456] Interrupt Taken: 	 Vector = 0x0000000F
[    5.288582] Interrupt Served: 	 Vector = 0x0000000F
[    5.291483] Interrupt Taken: 	 Vector = 0x0000000F
[    5.291586] Interrupt Served: 	 Vector = 0x0000000F
[    5.294907] [passthrough] Read: 	 address = 0x4000481C, size = 4 bytes, value = 0x006000d0, pc=0x0800392A 
[    5.295384] Interrupt Taken: 	 Vector = 0x0000000F
[    5.295554] Interrupt Served: 	 Vector = 0x0000000F
[    5.298468] Interrupt Taken: 	 Vector = 0x0000000F
[    5.298532] Interrupt Served: 	 Vector = 0x0000000F
[    5.302009] [passthrough] Read: 	 address = 0x4000481C, size = 4 bytes, value = 0x006000d0, pc=0x0800395E 
[    5.302578] [passthrough] Read: 	 address = 0x4000481C, size = 4 bytes, value = 0x006000d0, pc=0x0800395E 
[    5.303281] [passthrough] Read: 	 address = 0x40004800, size = 4 bytes, value = 0x0000800d, pc=0x080038E0 
[    5.303740] Interrupt Taken: 	 Vector = 0x0000000F
[    5.304089] Interrupt Served: 	 Vector = 0x0000000F
[    5.307120] Interrupt Taken: 	 Vector = 0x0000000F
[    5.307231] Interrupt Served: 	 Vector = 0x0000000F
[    5.310433] [passthrough] Read: 	 address = 0x4000481C, size = 4 bytes, value = 0x006000d0, pc=0x080038FA 
[    5.311042] [passthrough] Read: 	 address = 0x4000481C, size = 4 bytes, value = 0x006000d0, pc=0x0800392A 
[    5.311564] [passthrough] Read: 	 address = 0x4000481C, size = 4 bytes, value = 0x006000d0, pc=0x0800395E 
[    5.312039] [passthrough] Read: 	 address = 0x40004800, size = 4 bytes, value = 0x0000800d, pc=0x080038E0 
[    5.312504] [passthrough] Read: 	 address = 0x4000481C, size = 4 bytes, value = 0x006000d0, pc=0x080038FA 
[    5.312914] [passthrough] Read: 	 address = 0x4000481C, size = 4 bytes, value = 0x006000d0, pc=0x0800392A 
[    5.313428] [passthrough] Read: 	 address = 0x4000481C, size = 4 bytes, value = 0x006000d0, pc=0x0800395E 
[    5.313918] [passthrough] Read: 	 address = 0x40004800, size = 4 bytes, value = 0x0000800d, pc=0x080038E0 
[    5.314741] [passthrough] Read: 	 address = 0x4000481C, size = 4 bytes, value = 0x006000d0, pc=0x080038FA 
[    5.315255] Interrupt Taken: 	 Vector = 0x0000000F
[    5.315477] Interrupt Served: 	 Vector = 0x0000000F
[    5.318539] Interrupt Taken: 	 Vector = 0x0000000F
[    5.318641] Interrupt Served: 	 Vector = 0x0000000F
[    5.321758] [passthrough] Read: 	 address = 0x4000481C, size = 4 bytes, value = 0x006000d0, pc=0x0800392A 
[    5.322486] [passthrough] Read: 	 address = 0x4000481C, size = 4 bytes, value = 0x006000d0, pc=0x0800395E 
[    5.323273] [passthrough] Read: 	 address = 0x40004800, size = 4 bytes, value = 0x0000800d, pc=0x080038E0 
[    5.323746] Interrupt Taken: 	 Vector = 0x0000000F
[    5.323890] Interrupt Served: 	 Vector = 0x0000000F
[    5.326686] Interrupt Taken: 	 Vector = 0x0000000F
[    5.326764] Interrupt Served: 	 Vector = 0x0000000F
[    5.330337] [passthrough] Read: 	 address = 0x4000481C, size = 4 bytes, value = 0x006000d0, pc=0x080038FA 
[    5.330812] Interrupt Taken: 	 Vector = 0x0000000F
[    5.330910] Interrupt Served: 	 Vector = 0x0000000F
[    5.333989] Interrupt Taken: 	 Vector = 0x0000000F
[    5.334083] Interrupt Served: 	 Vector = 0x0000000F
[    5.337834] [passthrough] Read: 	 address = 0x4000481C, size = 4 bytes, value = 0x006000d0, pc=0x0800392A 
[    5.338392] Interrupt Taken: 	 Vector = 0x0000000F
[    5.338479] Interrupt Served: 	 Vector = 0x0000000F
[    5.341821] [passthrough] Read: 	 address = 0x4000481C, size = 4 bytes, value = 0x006000d0, pc=0x0800395E 
[    5.342327] Interrupt Taken: 	 Vector = 0x0000000F
[    5.342524] Interrupt Served: 	 Vector = 0x0000000F
[    5.345454] Interrupt Taken: 	 Vector = 0x0000000F
[    5.345574] Interrupt Served: 	 Vector = 0x0000000F
[    5.348745] [passthrough] Read: 	 address = 0x4000481C, size = 4 bytes, value = 0x006000d0, pc=0x0800395E 
[    5.349205] Interrupt Taken: 	 Vector = 0x0000000F
[    5.349371] Interrupt Served: 	 Vector = 0x0000000F
[    5.352155] Interrupt Taken: 	 Vector = 0x0000000F
[    5.352267] Interrupt Served: 	 Vector = 0x0000000F
[    5.355497] [passthrough] Read: 	 address = 0x40004800, size = 4 bytes, value = 0x0000800d, pc=0x080038E0 
[    5.355953] Interrupt Taken: 	 Vector = 0x0000000F
[    5.356062] Interrupt Served: 	 Vector = 0x0000000F
[    5.359440] [passthrough] Read: 	 address = 0x4000481C, size = 4 bytes, value = 0x006000d0, pc=0x080038FA 
[    5.359947] Interrupt Taken: 	 Vector = 0x0000000F
[    5.360109] Interrupt Served: 	 Vector = 0x0000000F
[    5.362984] Interrupt Taken: 	 Vector = 0x0000000F
[    5.363259] Interrupt Served: 	 Vector = 0x0000000F
[    5.366346] [passthrough] Read: 	 address = 0x4000481C, size = 4 bytes, value = 0x006000d0, pc=0x0800392A 
[    5.366871] [passthrough] Read: 	 address = 0x4000481C, size = 4 bytes, value = 0x006000d0, pc=0x0800395E 
[    5.367504] [passthrough] Read: 	 address = 0x40004800, size = 4 bytes, value = 0x0000800d, pc=0x080038E0 
[    5.367915] [passthrough] Read: 	 address = 0x4000481C, size = 4 bytes, value = 0x006000d0, pc=0x080038FA 
[    5.368514] [passthrough] Read: 	 address = 0x4000481C, size = 4 bytes, value = 0x006000d0, pc=0x0800392A 
[    5.369264] [passthrough] Read: 	 address = 0x4000481C, size = 4 bytes, value = 0x006000d0, pc=0x0800395E 
[    5.369737] Interrupt Taken: 	 Vector = 0x0000000F
[    5.369814] Interrupt Served: 	 Vector = 0x0000000F
[    5.373430] [passthrough] Read: 	 address = 0x40004800, size = 4 bytes, value = 0x0000800d, pc=0x080038E0 
[    5.374000] [passthrough] Read: 	 address = 0x4000481C, size = 4 bytes, value = 0x006000d0, pc=0x080038FA 
[    5.374535] [passthrough] Read: 	 address = 0x4000481C, size = 4 bytes, value = 0x006000d0, pc=0x0800392A 
[    5.375321] [passthrough] Read: 	 address = 0x4000481C, size = 4 bytes, value = 0x006000d0, pc=0x0800395E 
[    5.375820] Interrupt Taken: 	 Vector = 0x0000000F
[    5.375879] Interrupt Served: 	 Vector = 0x0000000F
[    5.378980] [passthrough] Read: 	 address = 0x40004800, size = 4 bytes, value = 0x0000800d, pc=0x080038E0 
[    5.379629] [passthrough] Read: 	 address = 0x4000481C, size = 4 bytes, value = 0x006000d0, pc=0x080038FA 
[    5.380137] [passthrough] Read: 	 address = 0x4000481C, size = 4 bytes, value = 0x006000d0, pc=0x0800392A 
[    5.380678] [passthrough] Read: 	 address = 0x4000481C, size = 4 bytes, value = 0x006000d0, pc=0x0800395E 
[    5.381174] [passthrough] Read: 	 address = 0x40004800, size = 4 bytes, value = 0x0000800d, pc=0x080038E0 
[    5.381641] [passthrough] Read: 	 address = 0x4000481C, size = 4 bytes, value = 0x006000d0, pc=0x080038FA 
[    5.382171] [passthrough] Read: 	 address = 0x4000481C, size = 4 bytes, value = 0x006000d0, pc=0x0800392A 
[    5.382954] [passthrough] Read: 	 address = 0x4000481C, size = 4 bytes, value = 0x006000d0, pc=0x0800395E 
[    5.383430] [passthrough] Read: 	 address = 0x40004800, size = 4 bytes, value = 0x0000800d, pc=0x080038E0 
[    5.383889] [passthrough] Read: 	 address = 0x4000481C, size = 4 bytes, value = 0x006000d0, pc=0x080038FA 
[    5.384546] [passthrough] Read: 	 address = 0x4000481C, size = 4 bytes, value = 0x006000d0, pc=0x0800392A 
[    5.385082] [passthrough] Read: 	 address = 0x4000481C, size = 4 bytes, value = 0x006000d0, pc=0x0800395E 
[    5.385647] [passthrough] Read: 	 address = 0x40004800, size = 4 bytes, value = 0x0000800d, pc=0x080038E0 
[    5.386205] [passthrough] Read: 	 address = 0x4000481C, size = 4 bytes, value = 0x006000d0, pc=0x080038FA 
[    5.386736] [passthrough] Read: 	 address = 0x4000481C, size = 4 bytes, value = 0x006000d0, pc=0x0800392A 
[    5.387243] [passthrough] Read: 	 address = 0x4000481C, size = 4 bytes, value = 0x006000d0, pc=0x0800395E 
[    5.387834] [passthrough] Read: 	 address = 0x40004800, size = 4 bytes, value = 0x0000800d, pc=0x080038E0 
[    5.388291] Interrupt Taken: 	 Vector = 0x0000000F
[    5.388442] Interrupt Served: 	 Vector = 0x0000000F
[    5.391374] Interrupt Taken: 	 Vector = 0x0000000F
[    5.391500] Interrupt Served: 	 Vector = 0x0000000F
[    5.394798] [passthrough] Read: 	 address = 0x4000481C, size = 4 bytes, value = 0x006000d0, pc=0x080038FA 
[    5.395217] Interrupt Taken: 	 Vector = 0x0000000F
[    5.395305] Interrupt Served: 	 Vector = 0x0000000F
[    5.398556] [passthrough] Read: 	 address = 0x4000481C, size = 4 bytes, value = 0x006000d0, pc=0x0800392A 
[    5.399062] [passthrough] Read: 	 address = 0x4000481C, size = 4 bytes, value = 0x006000d0, pc=0x0800395E 
[    5.399605] [passthrough] Read: 	 address = 0x40004800, size = 4 bytes, value = 0x0000800d, pc=0x080038E0 
[    5.400065] Interrupt Taken: 	 Vector = 0x0000000F
[    5.400127] Interrupt Served: 	 Vector = 0x0000000F
[    5.403745] [passthrough] Read: 	 address = 0x4000481C, size = 4 bytes, value = 0x006000d0, pc=0x080038FA 
[    5.404207] Interrupt Taken: 	 Vector = 0x0000000F
[    5.404256] Interrupt Served: 	 Vector = 0x0000000F
[    5.407497] [passthrough] Read: 	 address = 0x4000481C, size = 4 bytes, value = 0x006000d0, pc=0x0800392A 
[    5.407956] Interrupt Taken: 	 Vector = 0x0000000F
[    5.408001] Interrupt Served: 	 Vector = 0x0000000F
[    5.411285] [passthrough] Read: 	 address = 0x4000481C, size = 4 bytes, value = 0x006000d0, pc=0x0800395E 
[    5.411877] Interrupt Taken: 	 Vector = 0x0000000F
[    5.411936] Interrupt Served: 	 Vector = 0x0000000F
[    5.415295] [passthrough] Read: 	 address = 0x4000481C, size = 4 bytes, value = 0x006000d0, pc=0x0800395E 
[    5.415789] Interrupt Taken: 	 Vector = 0x0000000F
[    5.415843] Interrupt Served: 	 Vector = 0x0000000F
[    5.418965] [passthrough] Read: 	 address = 0x40004800, size = 4 bytes, value = 0x0000800d, pc=0x080038E0 
[    5.419452] [passthrough] Read: 	 address = 0x4000481C, size = 4 bytes, value = 0x006000d0, pc=0x080038FA 
[    5.420054] [passthrough] Read: 	 address = 0x4000481C, size = 4 bytes, value = 0x006000d0, pc=0x0800392A 
[    5.420469] Interrupt Taken: 	 Vector = 0x0000000F
[    5.420566] Interrupt Served: 	 Vector = 0x0000000F
[    5.423663] Interrupt Taken: 	 Vector = 0x0000000F
[    5.423785] Interrupt Served: 	 Vector = 0x0000000F
[    5.427315] [passthrough] Read: 	 address = 0x4000481C, size = 4 bytes, value = 0x006000d0, pc=0x0800395E 
[    5.427818] [passthrough] Read: 	 address = 0x40004800, size = 4 bytes, value = 0x0000800d, pc=0x080038E0 
[    5.428262] [passthrough] Read: 	 address = 0x4000481C, size = 4 bytes, value = 0x006000d0, pc=0x080038FA 
[    5.428664] [passthrough] Read: 	 address = 0x4000481C, size = 4 bytes, value = 0x006000d0, pc=0x0800392A 
[    5.429092] [passthrough] Read: 	 address = 0x4000481C, size = 4 bytes, value = 0x006000d0, pc=0x0800395E 
[    5.429560] [passthrough] Read: 	 address = 0x40004800, size = 4 bytes, value = 0x0000800d, pc=0x080038E0 
[    5.430077] [passthrough] Read: 	 address = 0x4000481C, size = 4 bytes, value = 0x006000d0, pc=0x080038FA 
[    5.430567] [passthrough] Read: 	 address = 0x4000481C, size = 4 bytes, value = 0x006000d0, pc=0x0800392A 
[    5.431053] [passthrough] Read: 	 address = 0x4000481C, size = 4 bytes, value = 0x006000d0, pc=0x0800395E 
[    5.431501] [passthrough] Read: 	 address = 0x40004800, size = 4 bytes, value = 0x0000800d, pc=0x080038E0 
[    5.431956] [passthrough] Read: 	 address = 0x4000481C, size = 4 bytes, value = 0x006000d0, pc=0x080038FA 
[    5.432420] [passthrough] Read: 	 address = 0x4000481C, size = 4 bytes, value = 0x006000d0, pc=0x0800392A 
[    5.432899] [passthrough] Read: 	 address = 0x4000481C, size = 4 bytes, value = 0x006000d0, pc=0x0800395E 
[    5.433479] [passthrough] Read: 	 address = 0x40004800, size = 4 bytes, value = 0x0000800d, pc=0x080038E0 
[    5.434079] [passthrough] Read: 	 address = 0x4000481C, size = 4 bytes, value = 0x006000d0, pc=0x080038FA 
[    5.434580] [passthrough] Read: 	 address = 0x4000481C, size = 4 bytes, value = 0x006000d0, pc=0x0800392A 
[    5.435097] [passthrough] Read: 	 address = 0x4000481C, size = 4 bytes, value = 0x006000d0, pc=0x0800395E 
[    5.435644] [passthrough] Read: 	 address = 0x40004800, size = 4 bytes, value = 0x0000800d, pc=0x080038E0 
[    5.436142] [passthrough] Read: 	 address = 0x4000481C, size = 4 bytes, value = 0x006000d0, pc=0x080038FA 
[    5.436618] [passthrough] Read: 	 address = 0x4000481C, size = 4 bytes, value = 0x006000d0, pc=0x0800392A 
[    5.437077] [passthrough] Read: 	 address = 0x4000481C, size = 4 bytes, value = 0x006000d0, pc=0x0800395E 
[    5.437546] [passthrough] Read: 	 address = 0x40004800, size = 4 bytes, value = 0x0000800d, pc=0x080038E0 
[    5.437985] [passthrough] Read: 	 address = 0x4000481C, size = 4 bytes, value = 0x006000d0, pc=0x080038FA 
[    5.438489] [passthrough] Read: 	 address = 0x4000481C, size = 4 bytes, value = 0x006000d0, pc=0x0800392A 
[    5.439242] [passthrough] Read: 	 address = 0x4000481C, size = 4 bytes, value = 0x006000d0, pc=0x0800395E 
[    5.439757] Interrupt Taken: 	 Vector = 0x0000000F
[    5.439809] Interrupt Served: 	 Vector = 0x0000000F
[    5.443115] [passthrough] Read: 	 address = 0x40004800, size = 4 bytes, value = 0x0000800d, pc=0x080038E0 
[    5.443604] [passthrough] Read: 	 address = 0x4000481C, size = 4 bytes, value = 0x006000d0, pc=0x080038FA 
[    5.444120] [passthrough] Read: 	 address = 0x4000481C, size = 4 bytes, value = 0x006000d0, pc=0x0800392A 
[    5.444625] [passthrough] Read: 	 address = 0x4000481C, size = 4 bytes, value = 0x006000d0, pc=0x0800395E 
[    5.445108] [passthrough] Read: 	 address = 0x40004800, size = 4 bytes, value = 0x0000800d, pc=0x080038E0 
[    5.445691] [passthrough] Read: 	 address = 0x4000481C, size = 4 bytes, value = 0x006000d0, pc=0x080038FA 
[    5.446139] [passthrough] Read: 	 address = 0x4000481C, size = 4 bytes, value = 0x006000d0, pc=0x0800392A 
[    5.446691] [passthrough] Read: 	 address = 0x4000481C, size = 4 bytes, value = 0x006000d0, pc=0x0800395E 
[    5.447160] [passthrough] Read: 	 address = 0x40004800, size = 4 bytes, value = 0x0000800d, pc=0x080038E0 
[    5.447609] [passthrough] Read: 	 address = 0x4000481C, size = 4 bytes, value = 0x006000d0, pc=0x080038FA 
[    5.448068] [passthrough] Read: 	 address = 0x4000481C, size = 4 bytes, value = 0x006000d0, pc=0x0800392A 
[    5.448456] [passthrough] Read: 	 address = 0x4000481C, size = 4 bytes, value = 0x006000d0, pc=0x0800395E 
[    5.448944] [passthrough] Read: 	 address = 0x40004800, size = 4 bytes, value = 0x0000800d, pc=0x080038E0 
[    5.449434] [passthrough] Read: 	 address = 0x4000481C, size = 4 bytes, value = 0x006000d0, pc=0x080038FA 
[    5.449866] [passthrough] Read: 	 address = 0x4000481C, size = 4 bytes, value = 0x006000d0, pc=0x0800392A 
[    5.450269] [passthrough] Read: 	 address = 0x4000481C, size = 4 bytes, value = 0x006000d0, pc=0x0800395E 
[    5.450739] [passthrough] Read: 	 address = 0x40004800, size = 4 bytes, value = 0x0000800d, pc=0x080038E0 
[    5.451213] [passthrough] Read: 	 address = 0x4000481C, size = 4 bytes, value = 0x006000d0, pc=0x080038FA 
[    5.451746] [passthrough] Read: 	 address = 0x4000481C, size = 4 bytes, value = 0x006000d0, pc=0x0800392A 
[    5.452247] [passthrough] Read: 	 address = 0x4000481C, size = 4 bytes, value = 0x006000d0, pc=0x0800395E 
[    5.452930] [passthrough] Read: 	 address = 0x40004800, size = 4 bytes, value = 0x0000800d, pc=0x080038E0 
[    5.453370] Interrupt Taken: 	 Vector = 0x0000000F
[    5.453428] Interrupt Served: 	 Vector = 0x0000000F
[    5.456577] [passthrough] Read: 	 address = 0x4000481C, size = 4 bytes, value = 0x006000d0, pc=0x080038FA 
[    5.457105] Interrupt Taken: 	 Vector = 0x0000000F
[    5.457252] Interrupt Served: 	 Vector = 0x0000000F
[    5.460318] Interrupt Taken: 	 Vector = 0x0000000F
[    5.460387] Interrupt Served: 	 Vector = 0x0000000F
[    5.463725] [passthrough] Read: 	 address = 0x4000481C, size = 4 bytes, value = 0x006000d0, pc=0x0800392A 
[    5.464192] Interrupt Taken: 	 Vector = 0x0000000F
[    5.464255] Interrupt Served: 	 Vector = 0x0000000F
[    5.468062] [passthrough] Read: 	 address = 0x4000481C, size = 4 bytes, value = 0x006000d0, pc=0x0800395E 
[    5.468567] [passthrough] Read: 	 address = 0x40004800, size = 4 bytes, value = 0x0000800d, pc=0x080038E0 
[    5.469260] [passthrough] Read: 	 address = 0x4000481C, size = 4 bytes, value = 0x006000d0, pc=0x080038FA 
[    5.469806] [passthrough] Read: 	 address = 0x4000481C, size = 4 bytes, value = 0x006000d0, pc=0x0800392A 
[    5.470418] [passthrough] Read: 	 address = 0x4000481C, size = 4 bytes, value = 0x006000d0, pc=0x0800395E 
[    5.471093] [passthrough] Read: 	 address = 0x40004800, size = 4 bytes, value = 0x0000800d, pc=0x080038E0 
[    5.471593] Interrupt Taken: 	 Vector = 0x0000000F
[    5.471650] Interrupt Served: 	 Vector = 0x0000000F
[    5.474886] [passthrough] Read: 	 address = 0x4000481C, size = 4 bytes, value = 0x006000d0, pc=0x080038FA 
[    5.475395] Interrupt Taken: 	 Vector = 0x0000000F
[    5.475458] Interrupt Served: 	 Vector = 0x0000000F
[    5.478674] [passthrough] Read: 	 address = 0x4000481C, size = 4 bytes, value = 0x006000d0, pc=0x0800392A 
[    5.479218] [passthrough] Read: 	 address = 0x4000481C, size = 4 bytes, value = 0x006000d0, pc=0x0800395E 
[    5.479746] [passthrough] Read: 	 address = 0x40004800, size = 4 bytes, value = 0x0000800d, pc=0x080038E0 
[    5.480237] [passthrough] Read: 	 address = 0x4000481C, size = 4 bytes, value = 0x006000d0, pc=0x080038FA 
[    5.480678] [passthrough] Read: 	 address = 0x4000481C, size = 4 bytes, value = 0x006000d0, pc=0x0800392A 
[    5.481215] [passthrough] Read: 	 address = 0x4000481C, size = 4 bytes, value = 0x006000d0, pc=0x0800395E 
[    5.481761] [passthrough] Read: 	 address = 0x40004800, size = 4 bytes, value = 0x0000800d, pc=0x080038E0 
[    5.482231] [passthrough] Read: 	 address = 0x4000481C, size = 4 bytes, value = 0x006000d0, pc=0x080038FA 
[    5.482715] [passthrough] Read: 	 address = 0x4000481C, size = 4 bytes, value = 0x006000d0, pc=0x0800392A 
[    5.483170] [passthrough] Read: 	 address = 0x4000481C, size = 4 bytes, value = 0x006000d0, pc=0x0800395E 
[    5.483612] [passthrough] Read: 	 address = 0x40004800, size = 4 bytes, value = 0x0000800d, pc=0x080038E0 
[    5.484126] [passthrough] Read: 	 address = 0x4000481C, size = 4 bytes, value = 0x006000d0, pc=0x080038FA 
[    5.484665] [passthrough] Read: 	 address = 0x4000481C, size = 4 bytes, value = 0x006000d0, pc=0x0800392A 
[    5.485212] [passthrough] Read: 	 address = 0x4000481C, size = 4 bytes, value = 0x006000d0, pc=0x0800395E 
[    5.485758] [passthrough] Read: 	 address = 0x40004800, size = 4 bytes, value = 0x0000800d, pc=0x080038E0 
[    5.486272] [passthrough] Read: 	 address = 0x4000481C, size = 4 bytes, value = 0x006000d0, pc=0x080038FA 
[    5.486789] [passthrough] Read: 	 address = 0x4000481C, size = 4 bytes, value = 0x006000d0, pc=0x0800392A 
[    5.487298] [passthrough] Read: 	 address = 0x4000481C, size = 4 bytes, value = 0x006000d0, pc=0x0800395E 
[    5.487795] [passthrough] Read: 	 address = 0x40004800, size = 4 bytes, value = 0x0000800d, pc=0x080038E0 
[    5.488280] [passthrough] Read: 	 address = 0x4000481C, size = 4 bytes, value = 0x006000d0, pc=0x080038FA 
[    5.488784] [passthrough] Read: 	 address = 0x4000481C, size = 4 bytes, value = 0x006000d0, pc=0x0800392A 
[    5.489513] [passthrough] Read: 	 address = 0x4000481C, size = 4 bytes, value = 0x006000d0, pc=0x0800395E 
[    5.490009] Interrupt Taken: 	 Vector = 0x0000000F
[    5.490199] Interrupt Served: 	 Vector = 0x0000000F
[    5.493213] Interrupt Taken: 	 Vector = 0x0000000F
[    5.493311] Interrupt Served: 	 Vector = 0x0000000F
[    5.496729] [passthrough] Read: 	 address = 0x4000481C, size = 4 bytes, value = 0x006000d0, pc=0x0800395E 
[    5.497189] Interrupt Taken: 	 Vector = 0x0000000F
[    5.497334] Interrupt Served: 	 Vector = 0x0000000F
[    5.500187] Interrupt Taken: 	 Vector = 0x0000000F
[    5.500269] Interrupt Served: 	 Vector = 0x0000000F
[    5.503300] [passthrough] Read: 	 address = 0x40004800, size = 4 bytes, value = 0x0000800d, pc=0x080038E0 
[    5.503771] [passthrough] Read: 	 address = 0x4000481C, size = 4 bytes, value = 0x006000d0, pc=0x080038FA 
[    5.504266] [passthrough] Read: 	 address = 0x4000481C, size = 4 bytes, value = 0x006000d0, pc=0x0800392A 
[    5.504823] [passthrough] Read: 	 address = 0x4000481C, size = 4 bytes, value = 0x006000d0, pc=0x0800395E 
[    5.505672] [passthrough] Read: 	 address = 0x40004800, size = 4 bytes, value = 0x0000800d, pc=0x080038E0 
[    5.506204] [passthrough] Read: 	 address = 0x4000481C, size = 4 bytes, value = 0x006000d0, pc=0x080038FA 
[    5.506720] [passthrough] Read: 	 address = 0x4000481C, size = 4 bytes, value = 0x006000d0, pc=0x0800392A 
[    5.507207] [passthrough] Read: 	 address = 0x4000481C, size = 4 bytes, value = 0x006000d0, pc=0x0800395E 
[    5.507704] [passthrough] Read: 	 address = 0x40004800, size = 4 bytes, value = 0x0000800d, pc=0x080038E0 
[    5.508234] [passthrough] Read: 	 address = 0x4000481C, size = 4 bytes, value = 0x006000d0, pc=0x080038FA 
[    5.508730] [passthrough] Read: 	 address = 0x4000481C, size = 4 bytes, value = 0x006000d0, pc=0x0800392A 
[    5.509263] [passthrough] Read: 	 address = 0x4000481C, size = 4 bytes, value = 0x006000d0, pc=0x0800395E 
[    5.509845] [passthrough] Read: 	 address = 0x40004800, size = 4 bytes, value = 0x0000800d, pc=0x080038E0 
[    5.510378] [passthrough] Read: 	 address = 0x4000481C, size = 4 bytes, value = 0x006000d0, pc=0x080038FA 
[    5.510918] [passthrough] Read: 	 address = 0x4000481C, size = 4 bytes, value = 0x006000d0, pc=0x0800392A 
[    5.511380] [passthrough] Read: 	 address = 0x4000481C, size = 4 bytes, value = 0x006000d0, pc=0x0800395E 
[    5.511834] [passthrough] Read: 	 address = 0x40004800, size = 4 bytes, value = 0x0000800d, pc=0x080038E0 
[    5.512398] [passthrough] Read: 	 address = 0x4000481C, size = 4 bytes, value = 0x006000d0, pc=0x080038FA 
[    5.512902] [passthrough] Read: 	 address = 0x4000481C, size = 4 bytes, value = 0x006000d0, pc=0x0800392A 
[    5.513414] [passthrough] Read: 	 address = 0x4000481C, size = 4 bytes, value = 0x006000d0, pc=0x0800395E 
[    5.513893] [passthrough] Read: 	 address = 0x40004800, size = 4 bytes, value = 0x0000800d, pc=0x080038E0 
[    5.514398] [passthrough] Read: 	 address = 0x4000481C, size = 4 bytes, value = 0x006000d0, pc=0x080038FA 
[    5.514881] [passthrough] Read: 	 address = 0x4000481C, size = 4 bytes, value = 0x006000d0, pc=0x0800392A 
[    5.515390] [passthrough] Read: 	 address = 0x4000481C, size = 4 bytes, value = 0x006000d0, pc=0x0800395E 
[    5.515899] [passthrough] Read: 	 address = 0x40004800, size = 4 bytes, value = 0x0000800d, pc=0x080038E0 
[    5.516390] [passthrough] Read: 	 address = 0x4000481C, size = 4 bytes, value = 0x006000d0, pc=0x080038FA 
[    5.516859] [passthrough] Read: 	 address = 0x4000481C, size = 4 bytes, value = 0x006000d0, pc=0x0800392A 
[    5.517341] [passthrough] Read: 	 address = 0x4000481C, size = 4 bytes, value = 0x006000d0, pc=0x0800395E 
[    5.517811] [passthrough] Read: 	 address = 0x40004800, size = 4 bytes, value = 0x0000800d, pc=0x080038E0 
[    5.518299] [passthrough] Read: 	 address = 0x4000481C, size = 4 bytes, value = 0x006000d0, pc=0x080038FA 
[    5.518855] [passthrough] Read: 	 address = 0x4000481C, size = 4 bytes, value = 0x006000d0, pc=0x0800392A 
[    5.519374] [passthrough] Read: 	 address = 0x4000481C, size = 4 bytes, value = 0x006000d0, pc=0x0800395E 
[    5.519873] [passthrough] Read: 	 address = 0x40004800, size = 4 bytes, value = 0x0000800d, pc=0x080038E0 
[    5.520365] [passthrough] Read: 	 address = 0x4000481C, size = 4 bytes, value = 0x006000d0, pc=0x080038FA 
[    5.520845] [passthrough] Read: 	 address = 0x4000481C, size = 4 bytes, value = 0x006000d0, pc=0x0800392A 
[    5.521305] [passthrough] Read: 	 address = 0x4000481C, size = 4 bytes, value = 0x006000d0, pc=0x0800395E 
[    5.521804] [passthrough] Read: 	 address = 0x40004800, size = 4 bytes, value = 0x0000800d, pc=0x080038E0 
[    5.522301] [passthrough] Read: 	 address = 0x4000481C, size = 4 bytes, value = 0x006000d0, pc=0x080038FA 
[    5.522801] [passthrough] Read: 	 address = 0x4000481C, size = 4 bytes, value = 0x006000d0, pc=0x0800392A 
[    5.523273] [passthrough] Read: 	 address = 0x4000481C, size = 4 bytes, value = 0x006000d0, pc=0x0800395E 
[    5.523844] [passthrough] Read: 	 address = 0x40004800, size = 4 bytes, value = 0x0000800d, pc=0x080038E0 
[    5.524385] [passthrough] Read: 	 address = 0x4000481C, size = 4 bytes, value = 0x006000d0, pc=0x080038FA 
[    5.524889] [passthrough] Read: 	 address = 0x4000481C, size = 4 bytes, value = 0x006000d0, pc=0x0800392A 
[    5.525359] [passthrough] Read: 	 address = 0x4000481C, size = 4 bytes, value = 0x006000d0, pc=0x0800395E 
[    5.525852] [passthrough] Read: 	 address = 0x40004800, size = 4 bytes, value = 0x0000800d, pc=0x080038E0 
[    5.526309] [passthrough] Read: 	 address = 0x4000481C, size = 4 bytes, value = 0x006000d0, pc=0x080038FA 
[    5.526803] [passthrough] Read: 	 address = 0x4000481C, size = 4 bytes, value = 0x006000d0, pc=0x0800392A 
[    5.527262] [passthrough] Read: 	 address = 0x4000481C, size = 4 bytes, value = 0x006000d0, pc=0x0800395E 
[    5.527718] [passthrough] Read: 	 address = 0x40004800, size = 4 bytes, value = 0x0000800d, pc=0x080038E0 
[    5.528166] [passthrough] Read: 	 address = 0x4000481C, size = 4 bytes, value = 0x006000d0, pc=0x080038FA 
[    5.528602] [passthrough] Read: 	 address = 0x4000481C, size = 4 bytes, value = 0x006000d0, pc=0x0800392A 
[    5.529451] Interrupt Taken: 	 Vector = 0x0000000F
[    5.529528] Interrupt Served: 	 Vector = 0x0000000F
[    5.532790] [passthrough] Read: 	 address = 0x4000481C, size = 4 bytes, value = 0x006000d0, pc=0x0800395E 
[    5.533326] [passthrough] Read: 	 address = 0x40004800, size = 4 bytes, value = 0x0000800d, pc=0x080038E0 
[    5.533807] [passthrough] Read: 	 address = 0x4000481C, size = 4 bytes, value = 0x006000d0, pc=0x080038FA 
[    5.534291] [passthrough] Read: 	 address = 0x4000481C, size = 4 bytes, value = 0x006000d0, pc=0x0800392A 
[    5.534816] [passthrough] Read: 	 address = 0x4000481C, size = 4 bytes, value = 0x006000d0, pc=0x0800395E 
[    5.535375] [passthrough] Read: 	 address = 0x40004800, size = 4 bytes, value = 0x0000800d, pc=0x080038E0 
[    5.535865] [passthrough] Read: 	 address = 0x4000481C, size = 4 bytes, value = 0x006000d0, pc=0x080038FA 
[    5.536300] [passthrough] Read: 	 address = 0x4000481C, size = 4 bytes, value = 0x006000d0, pc=0x0800392A 
[    5.536761] [passthrough] Read: 	 address = 0x4000481C, size = 4 bytes, value = 0x006000d0, pc=0x0800395E 
[    5.537213] [passthrough] Read: 	 address = 0x40004800, size = 4 bytes, value = 0x0000800d, pc=0x080038E0 
[    5.537699] [passthrough] Read: 	 address = 0x4000481C, size = 4 bytes, value = 0x006000d0, pc=0x080038FA 
[    5.538129] [passthrough] Read: 	 address = 0x4000481C, size = 4 bytes, value = 0x006000d0, pc=0x0800392A 
[    5.538542] [passthrough] Read: 	 address = 0x4000481C, size = 4 bytes, value = 0x006000d0, pc=0x0800395E 
[    5.538992] [passthrough] Read: 	 address = 0x40004800, size = 4 bytes, value = 0x0000800d, pc=0x080038E0 
[    5.539451] [passthrough] Read: 	 address = 0x4000481C, size = 4 bytes, value = 0x006000d0, pc=0x080038FA 
[    5.540084] [passthrough] Read: 	 address = 0x4000481C, size = 4 bytes, value = 0x006000d0, pc=0x0800392A 
[    5.540586] [passthrough] Read: 	 address = 0x4000481C, size = 4 bytes, value = 0x006000d0, pc=0x0800395E 
[    5.541133] [passthrough] Read: 	 address = 0x40004800, size = 4 bytes, value = 0x0000800d, pc=0x080038E0 
[    5.541626] [passthrough] Read: 	 address = 0x4000481C, size = 4 bytes, value = 0x006000d0, pc=0x080038FA 
[    5.542125] [passthrough] Read: 	 address = 0x4000481C, size = 4 bytes, value = 0x006000d0, pc=0x0800392A 
[    5.542582] [passthrough] Read: 	 address = 0x4000481C, size = 4 bytes, value = 0x006000d0, pc=0x0800395E 
[    5.543069] [passthrough] Read: 	 address = 0x40004800, size = 4 bytes, value = 0x0000800d, pc=0x080038E0 
[    5.543560] [passthrough] Read: 	 address = 0x4000481C, size = 4 bytes, value = 0x006000d0, pc=0x080038FA 
[    5.544071] [passthrough] Read: 	 address = 0x4000481C, size = 4 bytes, value = 0x006000d0, pc=0x0800392A 
[    5.544570] [passthrough] Read: 	 address = 0x4000481C, size = 4 bytes, value = 0x006000d0, pc=0x0800395E 
[    5.545295] [passthrough] Read: 	 address = 0x40004800, size = 4 bytes, value = 0x0000800d, pc=0x080038E0 
[    5.546130] Interrupt Taken: 	 Vector = 0x0000000F
[    5.546300] Interrupt Served: 	 Vector = 0x0000000F
[    5.549458] Interrupt Taken: 	 Vector = 0x0000000F
[    5.549572] Interrupt Served: 	 Vector = 0x0000000F
[    5.553081] [passthrough] Read: 	 address = 0x4000481C, size = 4 bytes, value = 0x006000d0, pc=0x080038FA 
[    5.553671] [passthrough] Read: 	 address = 0x4000481C, size = 4 bytes, value = 0x006000d0, pc=0x0800392A 
[    5.554154] [passthrough] Read: 	 address = 0x4000481C, size = 4 bytes, value = 0x006000d0, pc=0x0800395E 
[    5.554721] [passthrough] Read: 	 address = 0x40004800, size = 4 bytes, value = 0x0000800d, pc=0x080038E0 
[    5.555117] Interrupt Taken: 	 Vector = 0x0000000F
[    5.555155] Interrupt Served: 	 Vector = 0x0000000F
[    5.558466] [passthrough] Read: 	 address = 0x4000481C, size = 4 bytes, value = 0x006000d0, pc=0x080038FA 
[    5.558988] [passthrough] Read: 	 address = 0x4000481C, size = 4 bytes, value = 0x006000d0, pc=0x0800392A 
[    5.559473] [passthrough] Read: 	 address = 0x4000481C, size = 4 bytes, value = 0x006000d0, pc=0x0800395E 
[    5.560128] [passthrough] Read: 	 address = 0x40004800, size = 4 bytes, value = 0x0000800d, pc=0x080038E0 
[    5.560584] Interrupt Taken: 	 Vector = 0x0000000F
[    5.560839] Interrupt Served: 	 Vector = 0x0000000F
[    5.563807] Interrupt Taken: 	 Vector = 0x0000000F
[    5.563905] Interrupt Served: 	 Vector = 0x0000000F
[    5.567166] [passthrough] Read: 	 address = 0x4000481C, size = 4 bytes, value = 0x006000d0, pc=0x080038FA 
[    5.567709] [passthrough] Read: 	 address = 0x4000481C, size = 4 bytes, value = 0x006000d0, pc=0x0800392A 
[    5.568163] [passthrough] Read: 	 address = 0x4000481C, size = 4 bytes, value = 0x006000d0, pc=0x0800395E 
[    5.568761] [passthrough] Read: 	 address = 0x40004800, size = 4 bytes, value = 0x0000800d, pc=0x080038E0 
[    5.569310] Interrupt Taken: 	 Vector = 0x0000000F
[    5.569351] Interrupt Served: 	 Vector = 0x0000000F
[    5.572508] [passthrough] Read: 	 address = 0x4000481C, size = 4 bytes, value = 0x006000d0, pc=0x080038FA 
[    5.572979] [passthrough] Read: 	 address = 0x4000481C, size = 4 bytes, value = 0x006000d0, pc=0x0800392A 
[    5.573516] [passthrough] Read: 	 address = 0x4000481C, size = 4 bytes, value = 0x006000d0, pc=0x0800395E 
[    5.574112] [passthrough] Read: 	 address = 0x40004800, size = 4 bytes, value = 0x0000800d, pc=0x080038E0 
[    5.574678] [passthrough] Read: 	 address = 0x4000481C, size = 4 bytes, value = 0x006000d0, pc=0x080038FA 
[    5.575161] [passthrough] Read: 	 address = 0x4000481C, size = 4 bytes, value = 0x006000d0, pc=0x0800392A 
[    5.575658] [passthrough] Read: 	 address = 0x4000481C, size = 4 bytes, value = 0x006000d0, pc=0x0800395E 
[    5.576169] [passthrough] Read: 	 address = 0x40004800, size = 4 bytes, value = 0x0000800d, pc=0x080038E0 
[    5.576672] [passthrough] Read: 	 address = 0x4000481C, size = 4 bytes, value = 0x006000d0, pc=0x080038FA 
[    5.577106] [passthrough] Read: 	 address = 0x4000481C, size = 4 bytes, value = 0x006000d0, pc=0x0800392A 
[    5.577557] [passthrough] Read: 	 address = 0x4000481C, size = 4 bytes, value = 0x006000d0, pc=0x0800395E 
[    5.578003] [passthrough] Read: 	 address = 0x40004800, size = 4 bytes, value = 0x0000800d, pc=0x080038E0 
[    5.578454] [passthrough] Read: 	 address = 0x4000481C, size = 4 bytes, value = 0x006000d0, pc=0x080038FA 
[    5.578933] [passthrough] Read: 	 address = 0x4000481C, size = 4 bytes, value = 0x006000d0, pc=0x0800392A 
[    5.579360] [passthrough] Read: 	 address = 0x4000481C, size = 4 bytes, value = 0x006000d0, pc=0x0800395E 
[    5.579990] [passthrough] Read: 	 address = 0x40004800, size = 4 bytes, value = 0x0000800d, pc=0x080038E0 
[    5.580518] Interrupt Taken: 	 Vector = 0x0000000F
[    5.580579] Interrupt Served: 	 Vector = 0x0000000F
[    5.583827] [passthrough] Read: 	 address = 0x4000481C, size = 4 bytes, value = 0x006000d0, pc=0x080038FA 
[    5.584368] [passthrough] Read: 	 address = 0x4000481C, size = 4 bytes, value = 0x006000d0, pc=0x0800392A 
[    5.584869] [passthrough] Read: 	 address = 0x4000481C, size = 4 bytes, value = 0x006000d0, pc=0x0800395E 
[    5.585697] [passthrough] Read: 	 address = 0x40004800, size = 4 bytes, value = 0x0000800d, pc=0x080038E0 
[    5.586456] Interrupt Taken: 	 Vector = 0x0000000F
[    5.586497] Interrupt Served: 	 Vector = 0x0000000F
[    5.589521] [passthrough] Read: 	 address = 0x4000481C, size = 4 bytes, value = 0x006000d0, pc=0x080038FA 
[    5.590143] [passthrough] Read: 	 address = 0x4000481C, size = 4 bytes, value = 0x006000d0, pc=0x0800392A 
[    5.590727] [passthrough] Read: 	 address = 0x4000481C, size = 4 bytes, value = 0x006000d0, pc=0x0800395E 
[    5.591383] [passthrough] Read: 	 address = 0x4000481C, size = 4 bytes, value = 0x006000d0, pc=0x0800395E 
[    5.591919] Interrupt Taken: 	 Vector = 0x0000000F
[    5.592080] Interrupt Served: 	 Vector = 0x0000000F
[    5.595107] Interrupt Taken: 	 Vector = 0x0000000F
[    5.595187] Interrupt Served: 	 Vector = 0x0000000F
[    5.598439] [passthrough] Read: 	 address = 0x40004800, size = 4 bytes, value = 0x0000800d, pc=0x080038E0 
[    5.598888] Interrupt Taken: 	 Vector = 0x0000000F
[    5.598974] Interrupt Served: 	 Vector = 0x0000000F
[    5.601709] Interrupt Taken: 	 Vector = 0x0000000F
[    5.601798] Interrupt Served: 	 Vector = 0x0000000F
[    5.604769] [passthrough] Read: 	 address = 0x4000481C, size = 4 bytes, value = 0x006000d0, pc=0x080038FA 
[    5.605323] [passthrough] Read: 	 address = 0x4000481C, size = 4 bytes, value = 0x006000d0, pc=0x0800392A 
[    5.605789] [passthrough] Read: 	 address = 0x4000481C, size = 4 bytes, value = 0x006000d0, pc=0x0800395E 
[    5.606257] [passthrough] Read: 	 address = 0x40004800, size = 4 bytes, value = 0x0000800d, pc=0x080038E0 
[    5.606738] [passthrough] Read: 	 address = 0x4000481C, size = 4 bytes, value = 0x006000d0, pc=0x080038FA 
[    5.607188] [passthrough] Read: 	 address = 0x4000481C, size = 4 bytes, value = 0x006000d0, pc=0x0800392A 
[    5.607673] [passthrough] Read: 	 address = 0x4000481C, size = 4 bytes, value = 0x006000d0, pc=0x0800395E 
[    5.608169] [passthrough] Read: 	 address = 0x40004800, size = 4 bytes, value = 0x0000800d, pc=0x080038E0 
[    5.608689] [passthrough] Read: 	 address = 0x4000481C, size = 4 bytes, value = 0x006000d0, pc=0x080038FA 
[    5.609156] [passthrough] Read: 	 address = 0x4000481C, size = 4 bytes, value = 0x006000d0, pc=0x0800392A 
[    5.609615] [passthrough] Read: 	 address = 0x4000481C, size = 4 bytes, value = 0x006000d0, pc=0x0800395E 
[    5.610115] [passthrough] Read: 	 address = 0x40004800, size = 4 bytes, value = 0x0000800d, pc=0x080038E0 
[    5.610565] [passthrough] Read: 	 address = 0x4000481C, size = 4 bytes, value = 0x006000d0, pc=0x080038FA 
[    5.611043] [passthrough] Read: 	 address = 0x4000481C, size = 4 bytes, value = 0x006000d0, pc=0x0800392A 
[    5.611488] [passthrough] Read: 	 address = 0x4000481C, size = 4 bytes, value = 0x006000d0, pc=0x0800395E 
[    5.611959] [passthrough] Read: 	 address = 0x40004800, size = 4 bytes, value = 0x0000800d, pc=0x080038E0 
[    5.612410] [passthrough] Read: 	 address = 0x4000481C, size = 4 bytes, value = 0x006000d0, pc=0x080038FA 
[    5.612878] [passthrough] Read: 	 address = 0x4000481C, size = 4 bytes, value = 0x006000d0, pc=0x0800392A 
[    5.613454] [passthrough] Read: 	 address = 0x4000481C, size = 4 bytes, value = 0x006000d0, pc=0x0800395E 
[    5.614002] [passthrough] Read: 	 address = 0x40004800, size = 4 bytes, value = 0x0000800d, pc=0x080038E0 
[    5.614523] [passthrough] Read: 	 address = 0x4000481C, size = 4 bytes, value = 0x006000d0, pc=0x080038FA 
[    5.615053] [passthrough] Read: 	 address = 0x4000481C, size = 4 bytes, value = 0x006000d0, pc=0x0800392A 
[    5.615588] [passthrough] Read: 	 address = 0x4000481C, size = 4 bytes, value = 0x006000d0, pc=0x0800395E 
[    5.616071] [passthrough] Read: 	 address = 0x40004800, size = 4 bytes, value = 0x0000800d, pc=0x080038E0 
[    5.616501] [passthrough] Read: 	 address = 0x4000481C, size = 4 bytes, value = 0x006000d0, pc=0x080038FA 
[    5.617060] [passthrough] Read: 	 address = 0x4000481C, size = 4 bytes, value = 0x006000d0, pc=0x0800392A 
[    5.618150] [passthrough] Read: 	 address = 0x4000481C, size = 4 bytes, value = 0x006000d0, pc=0x0800395E 
[    5.618634] Interrupt Taken: 	 Vector = 0x0000000F
[    5.618777] Interrupt Served: 	 Vector = 0x0000000F
[    5.621739] Interrupt Taken: 	 Vector = 0x0000000F
[    5.621826] Interrupt Served: 	 Vector = 0x0000000F
[    5.625521] [passthrough] Read: 	 address = 0x40004800, size = 4 bytes, value = 0x0000800d, pc=0x080038E0 
[    5.626070] Interrupt Taken: 	 Vector = 0x0000000F
[    5.626669] Interrupt Served: 	 Vector = 0x0000000F
[    5.630087] [passthrough] Read: 	 address = 0x4000481C, size = 4 bytes, value = 0x006000d0, pc=0x080038FA 
[    5.630652] [passthrough] Read: 	 address = 0x4000481C, size = 4 bytes, value = 0x006000d0, pc=0x0800392A 
[    5.631386] [passthrough] Read: 	 address = 0x4000481C, size = 4 bytes, value = 0x006000d0, pc=0x0800395E 
[    5.631871] [passthrough] Read: 	 address = 0x40004800, size = 4 bytes, value = 0x0000800d, pc=0x080038E0 
[    5.632360] [passthrough] Read: 	 address = 0x4000481C, size = 4 bytes, value = 0x006000d0, pc=0x080038FA 
[    5.633141] [passthrough] Read: 	 address = 0x4000481C, size = 4 bytes, value = 0x006000d0, pc=0x0800392A 
[    5.633689] Interrupt Taken: 	 Vector = 0x0000000F
[    5.633754] Interrupt Served: 	 Vector = 0x0000000F
[    5.636927] [passthrough] Read: 	 address = 0x4000481C, size = 4 bytes, value = 0x006000d0, pc=0x0800395E 
[    5.637597] [passthrough] Read: 	 address = 0x40004800, size = 4 bytes, value = 0x0000800d, pc=0x080038E0 
[    5.638055] Interrupt Taken: 	 Vector = 0x0000000F
[    5.638115] Interrupt Served: 	 Vector = 0x0000000F
[    5.641177] [passthrough] Read: 	 address = 0x4000481C, size = 4 bytes, value = 0x006000d0, pc=0x080038FA 
[    5.641733] [passthrough] Read: 	 address = 0x4000481C, size = 4 bytes, value = 0x006000d0, pc=0x0800392A 
[    5.642260] [passthrough] Read: 	 address = 0x4000481C, size = 4 bytes, value = 0x006000d0, pc=0x0800395E 
[    5.642804] [passthrough] Read: 	 address = 0x40004800, size = 4 bytes, value = 0x0000800d, pc=0x080038E0 
[    5.643380] [passthrough] Read: 	 address = 0x4000481C, size = 4 bytes, value = 0x006000d0, pc=0x080038FA 
[    5.643974] [passthrough] Read: 	 address = 0x4000481C, size = 4 bytes, value = 0x006000d0, pc=0x0800392A 
[    5.644511] [passthrough] Read: 	 address = 0x4000481C, size = 4 bytes, value = 0x006000d0, pc=0x0800395E 
[    5.645290] [passthrough] Read: 	 address = 0x40004800, size = 4 bytes, value = 0x0000800d, pc=0x080038E0 
[    5.645770] Interrupt Taken: 	 Vector = 0x0000000F
[    5.645950] Interrupt Served: 	 Vector = 0x0000000F
[    5.648889] Interrupt Taken: 	 Vector = 0x0000000F
[    5.648993] Interrupt Served: 	 Vector = 0x0000000F
[    5.652198] [passthrough] Read: 	 address = 0x4000481C, size = 4 bytes, value = 0x006000d0, pc=0x080038FA 
[    5.652821] [passthrough] Read: 	 address = 0x4000481C, size = 4 bytes, value = 0x006000d0, pc=0x0800392A 
[    5.653266] [passthrough] Read: 	 address = 0x4000481C, size = 4 bytes, value = 0x006000d0, pc=0x0800395E 
[    5.653682] [passthrough] Read: 	 address = 0x4000481C, size = 4 bytes, value = 0x006000d0, pc=0x0800395E 
[    5.654204] [passthrough] Read: 	 address = 0x40004800, size = 4 bytes, value = 0x0000800d, pc=0x080038E0 
[    5.654679] [passthrough] Read: 	 address = 0x4000481C, size = 4 bytes, value = 0x006000d0, pc=0x080038FA 
[    5.655141] [passthrough] Read: 	 address = 0x4000481C, size = 4 bytes, value = 0x006000d0, pc=0x0800392A 
[    5.655579] [passthrough] Read: 	 address = 0x4000481C, size = 4 bytes, value = 0x006000d0, pc=0x0800395E 
[    5.656108] [passthrough] Read: 	 address = 0x40004800, size = 4 bytes, value = 0x0000800d, pc=0x080038E0 
[    5.656567] [passthrough] Read: 	 address = 0x4000481C, size = 4 bytes, value = 0x006000d0, pc=0x080038FA 
[    5.657006] [passthrough] Read: 	 address = 0x4000481C, size = 4 bytes, value = 0x006000d0, pc=0x0800392A 
[    5.657719] [passthrough] Read: 	 address = 0x4000481C, size = 4 bytes, value = 0x006000d0, pc=0x0800395E 
[    5.658193] [passthrough] Read: 	 address = 0x40004800, size = 4 bytes, value = 0x0000800d, pc=0x080038E0 
[    5.658681] [passthrough] Read: 	 address = 0x4000481C, size = 4 bytes, value = 0x006000d0, pc=0x080038FA 
[    5.659149] [passthrough] Read: 	 address = 0x4000481C, size = 4 bytes, value = 0x006000d0, pc=0x0800392A 
[    5.659581] [passthrough] Read: 	 address = 0x4000481C, size = 4 bytes, value = 0x006000d0, pc=0x0800395E 
[    5.659996] [passthrough] Read: 	 address = 0x40004800, size = 4 bytes, value = 0x0000800d, pc=0x080038E0 
[    5.660457] [passthrough] Read: 	 address = 0x4000481C, size = 4 bytes, value = 0x006000d0, pc=0x080038FA 
[    5.660910] [passthrough] Read: 	 address = 0x4000481C, size = 4 bytes, value = 0x006000d0, pc=0x0800392A 
[    5.661445] [passthrough] Read: 	 address = 0x4000481C, size = 4 bytes, value = 0x006000d0, pc=0x0800395E 
[    5.661958] [passthrough] Read: 	 address = 0x40004800, size = 4 bytes, value = 0x0000800d, pc=0x080038E0 
[    5.662530] [passthrough] Read: 	 address = 0x4000481C, size = 4 bytes, value = 0x006000d0, pc=0x080038FA 
[    5.663157] [passthrough] Read: 	 address = 0x4000481C, size = 4 bytes, value = 0x006000d0, pc=0x0800392A 
[    5.663738] [passthrough] Read: 	 address = 0x4000481C, size = 4 bytes, value = 0x006000d0, pc=0x0800395E 
[    5.664254] [passthrough] Read: 	 address = 0x40004800, size = 4 bytes, value = 0x0000800d, pc=0x080038E0 
[    5.664760] [passthrough] Read: 	 address = 0x4000481C, size = 4 bytes, value = 0x006000d0, pc=0x080038FA 
[    5.665229] [passthrough] Read: 	 address = 0x4000481C, size = 4 bytes, value = 0x006000d0, pc=0x0800392A 
[    5.665657] [passthrough] Read: 	 address = 0x4000481C, size = 4 bytes, value = 0x006000d0, pc=0x0800395E 
[    5.666153] [passthrough] Read: 	 address = 0x40004800, size = 4 bytes, value = 0x0000800d, pc=0x080038E0 
[    5.666575] [passthrough] Read: 	 address = 0x4000481C, size = 4 bytes, value = 0x006000d0, pc=0x080038FA 
[    5.667503] [passthrough] Read: 	 address = 0x4000481C, size = 4 bytes, value = 0x006000d0, pc=0x0800392A 
[    5.668737] [passthrough] Read: 	 address = 0x4000481C, size = 4 bytes, value = 0x006000d0, pc=0x0800395E 
[    5.669257] Interrupt Taken: 	 Vector = 0x0000000F
[    5.669416] Interrupt Served: 	 Vector = 0x0000000F
[    5.672275] Interrupt Taken: 	 Vector = 0x0000000F
[    5.672351] Interrupt Served: 	 Vector = 0x0000000F
[    5.675533] [passthrough] Read: 	 address = 0x40004800, size = 4 bytes, value = 0x0000800d, pc=0x080038E0 
[    5.676094] [passthrough] Read: 	 address = 0x4000481C, size = 4 bytes, value = 0x006000d0, pc=0x080038FA 
[    5.676594] [passthrough] Read: 	 address = 0x4000481C, size = 4 bytes, value = 0x006000d0, pc=0x0800392A 
[    5.677115] [passthrough] Read: 	 address = 0x4000481C, size = 4 bytes, value = 0x006000d0, pc=0x0800395E 
[    5.677617] [passthrough] Read: 	 address = 0x40004800, size = 4 bytes, value = 0x0000800d, pc=0x080038E0 
[    5.678156] [passthrough] Read: 	 address = 0x4000481C, size = 4 bytes, value = 0x006000d0, pc=0x080038FA 
[    5.678648] [passthrough] Read: 	 address = 0x4000481C, size = 4 bytes, value = 0x006000d0, pc=0x0800392A 
[    5.679183] [passthrough] Read: 	 address = 0x4000481C, size = 4 bytes, value = 0x006000d0, pc=0x0800395E 
[    5.679655] [passthrough] Read: 	 address = 0x40004800, size = 4 bytes, value = 0x0000800d, pc=0x080038E0 
[    5.680178] [passthrough] Read: 	 address = 0x4000481C, size = 4 bytes, value = 0x006000d0, pc=0x080038FA 
[    5.680890] [passthrough] Read: 	 address = 0x4000481C, size = 4 bytes, value = 0x006000d0, pc=0x0800392A 
[    5.681493] Interrupt Taken: 	 Vector = 0x0000000F
[    5.681628] Interrupt Served: 	 Vector = 0x0000000F
[    5.684564] Interrupt Taken: 	 Vector = 0x0000000F
[    5.684675] Interrupt Served: 	 Vector = 0x0000000F
[    5.687974] [passthrough] Read: 	 address = 0x4000481C, size = 4 bytes, value = 0x006000d0, pc=0x0800395E 
[    5.688536] Interrupt Taken: 	 Vector = 0x0000000F
[    5.688596] Interrupt Served: 	 Vector = 0x0000000F
[    5.692092] [passthrough] Read: 	 address = 0x40004800, size = 4 bytes, value = 0x0000800d, pc=0x080038E0 
[    5.692656] [passthrough] Read: 	 address = 0x4000481C, size = 4 bytes, value = 0x006000d0, pc=0x080038FA 
[    5.693186] [passthrough] Read: 	 address = 0x4000481C, size = 4 bytes, value = 0x006000d0, pc=0x0800392A 
[    5.693643] [passthrough] Read: 	 address = 0x4000481C, size = 4 bytes, value = 0x006000d0, pc=0x0800395E 
[    5.694234] [passthrough] Read: 	 address = 0x40004800, size = 4 bytes, value = 0x0000800d, pc=0x080038E0 
[    5.694656] Interrupt Taken: 	 Vector = 0x0000000F
[    5.694799] Interrupt Served: 	 Vector = 0x0000000F
[    5.697660] Interrupt Taken: 	 Vector = 0x0000000F
[    5.697752] Interrupt Served: 	 Vector = 0x0000000F
[    5.700975] [passthrough] Read: 	 address = 0x4000481C, size = 4 bytes, value = 0x006000d0, pc=0x080038FA 
[    5.701533] [passthrough] Read: 	 address = 0x4000481C, size = 4 bytes, value = 0x006000d0, pc=0x0800392A 
[    5.702221] [passthrough] Read: 	 address = 0x4000481C, size = 4 bytes, value = 0x006000d0, pc=0x0800395E 
[    5.702703] Interrupt Taken: 	 Vector = 0x0000000F
[    5.702753] Interrupt Served: 	 Vector = 0x0000000F
[    5.705839] [passthrough] Read: 	 address = 0x40004800, size = 4 bytes, value = 0x0000800d, pc=0x080038E0 
[    5.706256] Interrupt Taken: 	 Vector = 0x0000000F
[    5.706370] Interrupt Served: 	 Vector = 0x0000000F
[    5.709722] Interrupt Taken: 	 Vector = 0x0000000F
[    5.709791] Interrupt Served: 	 Vector = 0x0000000F
[    5.713595] [passthrough] Read: 	 address = 0x4000481C, size = 4 bytes, value = 0x006000d0, pc=0x080038FA 
[    5.714295] [passthrough] Read: 	 address = 0x4000481C, size = 4 bytes, value = 0x006000d0, pc=0x0800392A 
[    5.714808] Interrupt Taken: 	 Vector = 0x0000000F
[    5.714945] Interrupt Served: 	 Vector = 0x0000000F
[    5.717870] Interrupt Taken: 	 Vector = 0x0000000F
[    5.717986] Interrupt Served: 	 Vector = 0x0000000F
[    5.721636] [passthrough] Read: 	 address = 0x4000481C, size = 4 bytes, value = 0x006000d0, pc=0x0800395E 
[    5.722149] Interrupt Taken: 	 Vector = 0x0000000F
[    5.722340] Interrupt Served: 	 Vector = 0x0000000F
[    5.725369] Interrupt Taken: 	 Vector = 0x0000000F
[    5.725448] Interrupt Served: 	 Vector = 0x0000000F
[    5.728767] [passthrough] Read: 	 address = 0x4000481C, size = 4 bytes, value = 0x006000d0, pc=0x0800395E 
[    5.729312] Interrupt Taken: 	 Vector = 0x0000000F
[    5.729374] Interrupt Served: 	 Vector = 0x0000000F
[    5.732561] [passthrough] Read: 	 address = 0x40004800, size = 4 bytes, value = 0x0000800d, pc=0x080038E0 
[    5.733253] [passthrough] Read: 	 address = 0x4000481C, size = 4 bytes, value = 0x006000d0, pc=0x080038FA 
[    5.733705] Interrupt Taken: 	 Vector = 0x0000000F
[    5.733830] Interrupt Served: 	 Vector = 0x0000000F
[    5.736777] Interrupt Taken: 	 Vector = 0x0000000F
[    5.736890] Interrupt Served: 	 Vector = 0x0000000F
[    5.740339] [passthrough] Read: 	 address = 0x4000481C, size = 4 bytes, value = 0x006000d0, pc=0x0800392A 
[    5.740800] [passthrough] Read: 	 address = 0x4000481C, size = 4 bytes, value = 0x006000d0, pc=0x0800395E 
[    5.741308] [passthrough] Read: 	 address = 0x40004800, size = 4 bytes, value = 0x0000800d, pc=0x080038E0 
[    5.741790] [passthrough] Read: 	 address = 0x4000481C, size = 4 bytes, value = 0x006000d0, pc=0x080038FA 
[    5.742267] [passthrough] Read: 	 address = 0x4000481C, size = 4 bytes, value = 0x006000d0, pc=0x0800392A 
[    5.742802] [passthrough] Read: 	 address = 0x4000481C, size = 4 bytes, value = 0x006000d0, pc=0x0800395E 
[    5.743412] [passthrough] Read: 	 address = 0x40004800, size = 4 bytes, value = 0x0000800d, pc=0x080038E0 
[    5.743973] [passthrough] Read: 	 address = 0x4000481C, size = 4 bytes, value = 0x006000d0, pc=0x080038FA 
[    5.744509] [passthrough] Read: 	 address = 0x4000481C, size = 4 bytes, value = 0x006000d0, pc=0x0800392A 
[    5.744992] [passthrough] Read: 	 address = 0x4000481C, size = 4 bytes, value = 0x006000d0, pc=0x0800395E 
[    5.745464] [passthrough] Read: 	 address = 0x40004800, size = 4 bytes, value = 0x0000800d, pc=0x080038E0 
[    5.745986] [passthrough] Read: 	 address = 0x4000481C, size = 4 bytes, value = 0x006000d0, pc=0x080038FA 
[    5.746524] [passthrough] Read: 	 address = 0x4000481C, size = 4 bytes, value = 0x006000d0, pc=0x0800392A 
[    5.747096] [passthrough] Read: 	 address = 0x4000481C, size = 4 bytes, value = 0x006000d0, pc=0x0800395E 
[    5.747816] [passthrough] Read: 	 address = 0x40004800, size = 4 bytes, value = 0x0000800d, pc=0x080038E0 
[    5.748317] Interrupt Taken: 	 Vector = 0x0000000F
[    5.748383] Interrupt Served: 	 Vector = 0x0000000F
[    5.751687] [passthrough] Read: 	 address = 0x4000481C, size = 4 bytes, value = 0x006000d0, pc=0x080038FA 
[    5.752429] Interrupt Taken: 	 Vector = 0x0000000F
[    5.752505] Interrupt Served: 	 Vector = 0x0000000F
[    5.755647] [passthrough] Read: 	 address = 0x4000481C, size = 4 bytes, value = 0x006000d0, pc=0x0800392A 
[    5.756171] [passthrough] Read: 	 address = 0x4000481C, size = 4 bytes, value = 0x006000d0, pc=0x0800395E 
[    5.756856] [passthrough] Read: 	 address = 0x40004800, size = 4 bytes, value = 0x0000800d, pc=0x080038E0 
[    5.757490] Interrupt Taken: 	 Vector = 0x0000000F
[    5.757634] Interrupt Served: 	 Vector = 0x0000000F
[    5.760541] Interrupt Taken: 	 Vector = 0x0000000F
[    5.760620] Interrupt Served: 	 Vector = 0x0000000F
[    5.763838] [passthrough] Read: 	 address = 0x4000481C, size = 4 bytes, value = 0x006000d0, pc=0x080038FA 
[    5.764636] [passthrough] Read: 	 address = 0x4000481C, size = 4 bytes, value = 0x006000d0, pc=0x0800392A 
[    5.765235] [passthrough] Read: 	 address = 0x4000481C, size = 4 bytes, value = 0x006000d0, pc=0x0800395E 
[    5.765791] [passthrough] Read: 	 address = 0x40004800, size = 4 bytes, value = 0x0000800d, pc=0x080038E0 
[    5.766264] [passthrough] Read: 	 address = 0x4000481C, size = 4 bytes, value = 0x006000d0, pc=0x080038FA 
[    5.766725] [passthrough] Read: 	 address = 0x4000481C, size = 4 bytes, value = 0x006000d0, pc=0x0800392A 
[    5.767286] [passthrough] Read: 	 address = 0x4000481C, size = 4 bytes, value = 0x006000d0, pc=0x0800395E 
[    5.767878] [passthrough] Read: 	 address = 0x40004800, size = 4 bytes, value = 0x0000800d, pc=0x080038E0 
[    5.768393] [passthrough] Read: 	 address = 0x4000481C, size = 4 bytes, value = 0x006000d0, pc=0x080038FA 
[    5.768927] [passthrough] Read: 	 address = 0x4000481C, size = 4 bytes, value = 0x006000d0, pc=0x0800392A 
[    5.769664] [passthrough] Read: 	 address = 0x4000481C, size = 4 bytes, value = 0x006000d0, pc=0x0800395E 
[    5.770365] Interrupt Taken: 	 Vector = 0x0000000F
[    5.770433] Interrupt Served: 	 Vector = 0x0000000F
[    5.773678] [passthrough] Read: 	 address = 0x40004800, size = 4 bytes, value = 0x0000800d, pc=0x080038E0 
[    5.774166] Interrupt Taken: 	 Vector = 0x0000000F
[    5.774398] Interrupt Served: 	 Vector = 0x0000000F
[    5.777533] Interrupt Taken: 	 Vector = 0x0000000F
[    5.777608] Interrupt Served: 	 Vector = 0x0000000F
[    5.781226] [passthrough] Read: 	 address = 0x4000481C, size = 4 bytes, value = 0x006000d0, pc=0x080038FA 
[    5.781745] [passthrough] Read: 	 address = 0x4000481C, size = 4 bytes, value = 0x006000d0, pc=0x0800392A 
[    5.782289] [passthrough] Read: 	 address = 0x4000481C, size = 4 bytes, value = 0x006000d0, pc=0x0800395E 
[    5.782825] [passthrough] Read: 	 address = 0x40004800, size = 4 bytes, value = 0x0000800d, pc=0x080038E0 
[    5.783456] [passthrough] Read: 	 address = 0x4000481C, size = 4 bytes, value = 0x006000d0, pc=0x080038FA 
[    5.784432] [passthrough] Read: 	 address = 0x4000481C, size = 4 bytes, value = 0x006000d0, pc=0x0800392A 
[    5.784918] Interrupt Taken: 	 Vector = 0x0000000F
[    5.785133] Interrupt Served: 	 Vector = 0x0000000F
[    5.788049] Interrupt Taken: 	 Vector = 0x0000000F
[    5.788173] Interrupt Served: 	 Vector = 0x0000000F
[    5.791366] [passthrough] Read: 	 address = 0x4000481C, size = 4 bytes, value = 0x006000d0, pc=0x0800395E 
[    5.791809] Interrupt Taken: 	 Vector = 0x0000000F
[    5.791978] Interrupt Served: 	 Vector = 0x0000000F
[    5.794983] Interrupt Taken: 	 Vector = 0x0000000F
[    5.795092] Interrupt Served: 	 Vector = 0x0000000F
[    5.798874] [passthrough] Read: 	 address = 0x4000481C, size = 4 bytes, value = 0x006000d0, pc=0x0800395E 
[    5.799354] Interrupt Taken: 	 Vector = 0x0000000F
[    5.799468] Interrupt Served: 	 Vector = 0x0000000F
[    5.802340] Interrupt Taken: 	 Vector = 0x0000000F
[    5.802492] Interrupt Served: 	 Vector = 0x0000000F
[    5.805914] [passthrough] Read: 	 address = 0x40004800, size = 4 bytes, value = 0x0000800d, pc=0x080038E0 
[    5.806492] Interrupt Taken: 	 Vector = 0x0000000F
[    5.806571] Interrupt Served: 	 Vector = 0x0000000F
[    5.809774] [passthrough] Read: 	 address = 0x4000481C, size = 4 bytes, value = 0x006000d0, pc=0x080038FA 
[    5.810264] [passthrough] Read: 	 address = 0x4000481C, size = 4 bytes, value = 0x006000d0, pc=0x0800392A 
[    5.810751] [passthrough] Read: 	 address = 0x4000481C, size = 4 bytes, value = 0x006000d0, pc=0x0800395E 
[    5.811231] [passthrough] Read: 	 address = 0x40004800, size = 4 bytes, value = 0x0000800d, pc=0x080038E0 
[    5.811708] [passthrough] Read: 	 address = 0x4000481C, size = 4 bytes, value = 0x006000d0, pc=0x080038FA 
[    5.812237] [passthrough] Read: 	 address = 0x4000481C, size = 4 bytes, value = 0x006000d0, pc=0x0800392A 
[    5.812722] [passthrough] Read: 	 address = 0x4000481C, size = 4 bytes, value = 0x006000d0, pc=0x0800395E 
[    5.813241] [passthrough] Read: 	 address = 0x40004800, size = 4 bytes, value = 0x0000800d, pc=0x080038E0 
[    5.813764] [passthrough] Read: 	 address = 0x4000481C, size = 4 bytes, value = 0x006000d0, pc=0x080038FA 
[    5.814437] [passthrough] Read: 	 address = 0x4000481C, size = 4 bytes, value = 0x006000d0, pc=0x0800392A 
[    5.814920] Interrupt Taken: 	 Vector = 0x0000000F
[    5.815088] Interrupt Served: 	 Vector = 0x0000000F
[    5.818003] Interrupt Taken: 	 Vector = 0x0000000F
[    5.818138] Interrupt Served: 	 Vector = 0x0000000F
[    5.821377] [passthrough] Read: 	 address = 0x4000481C, size = 4 bytes, value = 0x006000d0, pc=0x0800395E 
[    5.821847] Interrupt Taken: 	 Vector = 0x0000000F
[    5.821995] Interrupt Served: 	 Vector = 0x0000000F
[    5.825035] Interrupt Taken: 	 Vector = 0x0000000F
[    5.825112] Interrupt Served: 	 Vector = 0x0000000F
[    5.828382] [passthrough] Read: 	 address = 0x40004800, size = 4 bytes, value = 0x0000800d, pc=0x080038E0 
[    5.828890] Interrupt Taken: 	 Vector = 0x0000000F
[    5.829041] Interrupt Served: 	 Vector = 0x0000000F
[    5.831920] Interrupt Taken: 	 Vector = 0x0000000F
[    5.832242] Interrupt Served: 	 Vector = 0x0000000F
[    5.835750] Interrupt Taken: 	 Vector = 0x0000000F
[    5.835866] Interrupt Served: 	 Vector = 0x0000000F
[    5.839172] [passthrough] Read: 	 address = 0x4000481C, size = 4 bytes, value = 0x006000d0, pc=0x080038FA 
[    5.839641] Interrupt Taken: 	 Vector = 0x0000000F
[    5.839712] Interrupt Served: 	 Vector = 0x0000000F
[    5.842997] [passthrough] Read: 	 address = 0x4000481C, size = 4 bytes, value = 0x006000d0, pc=0x0800392A 
[    5.843553] [passthrough] Read: 	 address = 0x4000481C, size = 4 bytes, value = 0x006000d0, pc=0x0800395E 
[    5.844184] [passthrough] Read: 	 address = 0x4000481C, size = 4 bytes, value = 0x006000d0, pc=0x0800395E 
[    5.844641] Interrupt Taken: 	 Vector = 0x0000000F
[    5.844707] Interrupt Served: 	 Vector = 0x0000000F
[    5.847852] [passthrough] Read: 	 address = 0x40004800, size = 4 bytes, value = 0x0000800d, pc=0x080038E0 
[    5.848560] [passthrough] Read: 	 address = 0x4000481C, size = 4 bytes, value = 0x006000d0, pc=0x080038FA 
[    5.849000] Interrupt Taken: 	 Vector = 0x0000000F
[    5.849078] Interrupt Served: 	 Vector = 0x0000000F
[    5.852404] [passthrough] Read: 	 address = 0x4000481C, size = 4 bytes, value = 0x006000d0, pc=0x0800392A 
[    5.852951] Interrupt Taken: 	 Vector = 0x0000000F
[    5.853049] Interrupt Served: 	 Vector = 0x0000000F
[    5.856154] [passthrough] Read: 	 address = 0x4000481C, size = 4 bytes, value = 0x006000d0, pc=0x0800395E 
[    5.856636] [passthrough] Read: 	 address = 0x40004800, size = 4 bytes, value = 0x0000800d, pc=0x080038E0 
[    5.857130] [passthrough] Read: 	 address = 0x4000481C, size = 4 bytes, value = 0x006000d0, pc=0x080038FA 
[    5.857604] [passthrough] Read: 	 address = 0x4000481C, size = 4 bytes, value = 0x006000d0, pc=0x0800392A 
[    5.858337] [passthrough] Read: 	 address = 0x4000481C, size = 4 bytes, value = 0x006000d0, pc=0x0800395E 
[    5.858814] [passthrough] Read: 	 address = 0x40004800, size = 4 bytes, value = 0x0000800d, pc=0x080038E0 
[    5.859438] [passthrough] Read: 	 address = 0x4000481C, size = 4 bytes, value = 0x006000d0, pc=0x080038FA 
[    5.860060] Interrupt Taken: 	 Vector = 0x0000000F
[    5.860206] Interrupt Served: 	 Vector = 0x0000000F
[    5.863146] Interrupt Taken: 	 Vector = 0x0000000F
[    5.863238] Interrupt Served: 	 Vector = 0x0000000F
[    5.866444] [passthrough] Read: 	 address = 0x4000481C, size = 4 bytes, value = 0x006000d0, pc=0x0800392A 
[    5.867074] [passthrough] Read: 	 address = 0x4000481C, size = 4 bytes, value = 0x006000d0, pc=0x0800395E 
[    5.867750] [passthrough] Read: 	 address = 0x40004800, size = 4 bytes, value = 0x0000800d, pc=0x080038E0 
[    5.868252] Interrupt Taken: 	 Vector = 0x0000000F
[    5.868311] Interrupt Served: 	 Vector = 0x0000000F
[    5.871548] [passthrough] Read: 	 address = 0x4000481C, size = 4 bytes, value = 0x006000d0, pc=0x080038FA 
[    5.872095] [passthrough] Read: 	 address = 0x4000481C, size = 4 bytes, value = 0x006000d0, pc=0x0800392A 
[    5.872645] [passthrough] Read: 	 address = 0x4000481C, size = 4 bytes, value = 0x006000d0, pc=0x0800395E 
[    5.873234] [passthrough] Read: 	 address = 0x40004800, size = 4 bytes, value = 0x0000800d, pc=0x080038E0 
[    5.873998] [passthrough] Read: 	 address = 0x4000481C, size = 4 bytes, value = 0x006000d0, pc=0x080038FA 
[    5.874525] [passthrough] Read: 	 address = 0x4000481C, size = 4 bytes, value = 0x006000d0, pc=0x0800392A 
[    5.875057] [passthrough] Read: 	 address = 0x4000481C, size = 4 bytes, value = 0x006000d0, pc=0x0800395E 
[    5.875551] [passthrough] Read: 	 address = 0x40004800, size = 4 bytes, value = 0x0000800d, pc=0x080038E0 
[    5.876076] [passthrough] Read: 	 address = 0x4000481C, size = 4 bytes, value = 0x006000d0, pc=0x080038FA 
[    5.876513] [passthrough] Read: 	 address = 0x4000481C, size = 4 bytes, value = 0x006000d0, pc=0x0800392A 
[    5.876952] [passthrough] Read: 	 address = 0x4000481C, size = 4 bytes, value = 0x006000d0, pc=0x0800395E 
[    5.877422] [passthrough] Read: 	 address = 0x40004800, size = 4 bytes, value = 0x0000800d, pc=0x080038E0 
[    5.877874] [passthrough] Read: 	 address = 0x4000481C, size = 4 bytes, value = 0x006000d0, pc=0x080038FA 
[    5.878351] [passthrough] Read: 	 address = 0x4000481C, size = 4 bytes, value = 0x006000d0, pc=0x0800392A 
[    5.878916] [passthrough] Read: 	 address = 0x4000481C, size = 4 bytes, value = 0x006000d0, pc=0x0800395E 
[    5.879358] Interrupt Taken: 	 Vector = 0x0000000F
[    5.879400] Interrupt Served: 	 Vector = 0x0000000F
[    5.882722] [passthrough] Read: 	 address = 0x40004800, size = 4 bytes, value = 0x0000800d, pc=0x080038E0 
[    5.883160] Interrupt Taken: 	 Vector = 0x0000000F
[    5.883262] Interrupt Served: 	 Vector = 0x0000000F
[    5.886209] Interrupt Taken: 	 Vector = 0x0000000F
[    5.886310] Interrupt Served: 	 Vector = 0x0000000F
[    5.889503] [passthrough] Read: 	 address = 0x4000481C, size = 4 bytes, value = 0x006000d0, pc=0x080038FA 
[    5.890210] [passthrough] Read: 	 address = 0x4000481C, size = 4 bytes, value = 0x006000d0, pc=0x0800392A 
[    5.890650] Interrupt Taken: 	 Vector = 0x0000000F
[    5.890752] Interrupt Served: 	 Vector = 0x0000000F
[    5.893634] Interrupt Taken: 	 Vector = 0x0000000F
[    5.893701] Interrupt Served: 	 Vector = 0x0000000F
[    5.897205] [passthrough] Read: 	 address = 0x4000481C, size = 4 bytes, value = 0x006000d0, pc=0x0800395E 
[    5.897672] Interrupt Taken: 	 Vector = 0x0000000F
[    5.897791] Interrupt Served: 	 Vector = 0x0000000F
[    5.900610] Interrupt Taken: 	 Vector = 0x0000000F
[    5.900725] Interrupt Served: 	 Vector = 0x0000000F
[    5.904077] [passthrough] Read: 	 address = 0x4000481C, size = 4 bytes, value = 0x006000d0, pc=0x0800395E 
[    5.904562] Interrupt Taken: 	 Vector = 0x0000000F
[    5.904624] Interrupt Served: 	 Vector = 0x0000000F
[    5.908110] [passthrough] Read: 	 address = 0x40004800, size = 4 bytes, value = 0x0000800d, pc=0x080038E0 
[    5.908636] [passthrough] Read: 	 address = 0x4000481C, size = 4 bytes, value = 0x006000d0, pc=0x080038FA 
[    5.909164] [passthrough] Read: 	 address = 0x4000481C, size = 4 bytes, value = 0x006000d0, pc=0x0800392A 
[    5.909639] [passthrough] Read: 	 address = 0x4000481C, size = 4 bytes, value = 0x006000d0, pc=0x0800395E 
[    5.910088] [passthrough] Read: 	 address = 0x40004800, size = 4 bytes, value = 0x0000800d, pc=0x080038E0 
[    5.910565] [passthrough] Read: 	 address = 0x4000481C, size = 4 bytes, value = 0x006000d0, pc=0x080038FA 
[    5.911067] [passthrough] Read: 	 address = 0x4000481C, size = 4 bytes, value = 0x006000d0, pc=0x0800392A 
[    5.911516] [passthrough] Read: 	 address = 0x4000481C, size = 4 bytes, value = 0x006000d0, pc=0x0800395E 
[    5.911999] [passthrough] Read: 	 address = 0x40004800, size = 4 bytes, value = 0x0000800d, pc=0x080038E0 
[    5.912449] [passthrough] Read: 	 address = 0x4000481C, size = 4 bytes, value = 0x006000d0, pc=0x080038FA 
[    5.912854] [passthrough] Read: 	 address = 0x4000481C, size = 4 bytes, value = 0x006000d0, pc=0x0800392A 
[    5.913318] [passthrough] Read: 	 address = 0x4000481C, size = 4 bytes, value = 0x006000d0, pc=0x0800395E 
[    5.913768] [passthrough] Read: 	 address = 0x40004800, size = 4 bytes, value = 0x0000800d, pc=0x080038E0 
[    5.914720] [passthrough] Read: 	 address = 0x4000481C, size = 4 bytes, value = 0x006000d0, pc=0x080038FA 
[    5.915194] [passthrough] Read: 	 address = 0x4000481C, size = 4 bytes, value = 0x006000d0, pc=0x0800392A 
[    5.915679] [passthrough] Read: 	 address = 0x4000481C, size = 4 bytes, value = 0x006000d0, pc=0x0800395E 
[    5.916154] [passthrough] Read: 	 address = 0x40004800, size = 4 bytes, value = 0x0000800d, pc=0x080038E0 
[    5.916680] [passthrough] Read: 	 address = 0x4000481C, size = 4 bytes, value = 0x006000d0, pc=0x080038FA 
[    5.917175] [passthrough] Read: 	 address = 0x4000481C, size = 4 bytes, value = 0x006000d0, pc=0x0800392A 
[    5.917693] [passthrough] Read: 	 address = 0x4000481C, size = 4 bytes, value = 0x006000d0, pc=0x0800395E 
[    5.918188] [passthrough] Read: 	 address = 0x40004800, size = 4 bytes, value = 0x0000800d, pc=0x080038E0 
[    5.918928] [passthrough] Read: 	 address = 0x4000481C, size = 4 bytes, value = 0x006000d0, pc=0x080038FA 
[    5.919409] Interrupt Taken: 	 Vector = 0x0000000F
[    5.919472] Interrupt Served: 	 Vector = 0x0000000F
[    5.922534] [passthrough] Read: 	 address = 0x4000481C, size = 4 bytes, value = 0x006000d0, pc=0x0800392A 
[    5.923086] [passthrough] Read: 	 address = 0x4000481C, size = 4 bytes, value = 0x006000d0, pc=0x0800395E 
[    5.923568] [passthrough] Read: 	 address = 0x40004800, size = 4 bytes, value = 0x0000800d, pc=0x080038E0 
[    5.924087] [passthrough] Read: 	 address = 0x4000481C, size = 4 bytes, value = 0x006000d0, pc=0x080038FA 
[    5.924557] [passthrough] Read: 	 address = 0x4000481C, size = 4 bytes, value = 0x006000d0, pc=0x0800392A 
[    5.924955] [passthrough] Read: 	 address = 0x4000481C, size = 4 bytes, value = 0x006000d0, pc=0x0800395E 
[    5.925423] [passthrough] Read: 	 address = 0x40004800, size = 4 bytes, value = 0x0000800d, pc=0x080038E0 
[    5.925889] [passthrough] Read: 	 address = 0x4000481C, size = 4 bytes, value = 0x006000d0, pc=0x080038FA 
[    5.926362] [passthrough] Read: 	 address = 0x4000481C, size = 4 bytes, value = 0x006000d0, pc=0x0800392A 
[    5.926822] [passthrough] Read: 	 address = 0x4000481C, size = 4 bytes, value = 0x006000d0, pc=0x0800395E 
[    5.927313] [passthrough] Read: 	 address = 0x40004800, size = 4 bytes, value = 0x0000800d, pc=0x080038E0 
[    5.927812] [passthrough] Read: 	 address = 0x4000481C, size = 4 bytes, value = 0x006000d0, pc=0x080038FA 
[    5.928329] [passthrough] Read: 	 address = 0x4000481C, size = 4 bytes, value = 0x006000d0, pc=0x0800392A 
[    5.928820] [passthrough] Read: 	 address = 0x4000481C, size = 4 bytes, value = 0x006000d0, pc=0x0800395E 
[    5.929275] [passthrough] Read: 	 address = 0x40004800, size = 4 bytes, value = 0x0000800d, pc=0x080038E0 
[    5.929785] [passthrough] Read: 	 address = 0x4000481C, size = 4 bytes, value = 0x006000d0, pc=0x080038FA 
[    5.930314] [passthrough] Read: 	 address = 0x4000481C, size = 4 bytes, value = 0x006000d0, pc=0x0800392A 
[    5.930785] [passthrough] Read: 	 address = 0x4000481C, size = 4 bytes, value = 0x006000d0, pc=0x0800395E 
[    5.931276] [passthrough] Read: 	 address = 0x40004800, size = 4 bytes, value = 0x0000800d, pc=0x080038E0 
[    5.931758] [passthrough] Read: 	 address = 0x4000481C, size = 4 bytes, value = 0x006000d0, pc=0x080038FA 
[    5.932268] [passthrough] Read: 	 address = 0x4000481C, size = 4 bytes, value = 0x006000d0, pc=0x0800392A 
[    5.932746] [passthrough] Read: 	 address = 0x4000481C, size = 4 bytes, value = 0x006000d0, pc=0x0800395E 
[    5.933243] [passthrough] Read: 	 address = 0x40004800, size = 4 bytes, value = 0x0000800d, pc=0x080038E0 
[    5.934065] [passthrough] Read: 	 address = 0x4000481C, size = 4 bytes, value = 0x006000d0, pc=0x080038FA 
[    5.934729] Interrupt Taken: 	 Vector = 0x0000000F
[    5.934832] Interrupt Served: 	 Vector = 0x0000000F
[    5.938217] [passthrough] Read: 	 address = 0x4000481C, size = 4 bytes, value = 0x006000d0, pc=0x0800392A 
[    5.938767] Interrupt Taken: 	 Vector = 0x0000000F
[    5.938808] Interrupt Served: 	 Vector = 0x0000000F
[    5.942140] [passthrough] Read: 	 address = 0x4000481C, size = 4 bytes, value = 0x006000d0, pc=0x0800395E 
[    5.942596] [passthrough] Read: 	 address = 0x40004800, size = 4 bytes, value = 0x0000800d, pc=0x080038E0 
[    5.943000] [passthrough] Read: 	 address = 0x4000481C, size = 4 bytes, value = 0x006000d0, pc=0x080038FA 
[    5.943497] [passthrough] Read: 	 address = 0x4000481C, size = 4 bytes, value = 0x006000d0, pc=0x0800392A 
[    5.944048] [passthrough] Read: 	 address = 0x4000481C, size = 4 bytes, value = 0x006000d0, pc=0x0800395E 
[    5.944560] [passthrough] Read: 	 address = 0x40004800, size = 4 bytes, value = 0x0000800d, pc=0x080038E0 
[    5.945293] [passthrough] Read: 	 address = 0x4000481C, size = 4 bytes, value = 0x006000d0, pc=0x080038FA 
[    5.945803] [passthrough] Read: 	 address = 0x4000481C, size = 4 bytes, value = 0x006000d0, pc=0x0800392A 
[    5.946330] [passthrough] Read: 	 address = 0x4000481C, size = 4 bytes, value = 0x006000d0, pc=0x0800395E 
[    5.946816] [passthrough] Read: 	 address = 0x40004800, size = 4 bytes, value = 0x0000800d, pc=0x080038E0 
[    5.947328] [passthrough] Read: 	 address = 0x4000481C, size = 4 bytes, value = 0x006000d0, pc=0x080038FA 
[    5.947825] [passthrough] Read: 	 address = 0x4000481C, size = 4 bytes, value = 0x006000d0, pc=0x0800392A 
[    5.948292] [passthrough] Read: 	 address = 0x4000481C, size = 4 bytes, value = 0x006000d0, pc=0x0800395E 
[    5.948806] [passthrough] Read: 	 address = 0x40004800, size = 4 bytes, value = 0x0000800d, pc=0x080038E0 
[    5.949262] [passthrough] Read: 	 address = 0x4000481C, size = 4 bytes, value = 0x006000d0, pc=0x080038FA 
[    5.949721] [passthrough] Read: 	 address = 0x4000481C, size = 4 bytes, value = 0x006000d0, pc=0x0800392A 
[    5.950182] [passthrough] Read: 	 address = 0x4000481C, size = 4 bytes, value = 0x006000d0, pc=0x0800395E 
[    5.950680] [passthrough] Read: 	 address = 0x40004800, size = 4 bytes, value = 0x0000800d, pc=0x080038E0 
[    5.951186] [passthrough] Read: 	 address = 0x4000481C, size = 4 bytes, value = 0x006000d0, pc=0x080038FA 
[    5.951694] [passthrough] Read: 	 address = 0x4000481C, size = 4 bytes, value = 0x006000d0, pc=0x0800392A 
[    5.952221] [passthrough] Read: 	 address = 0x4000481C, size = 4 bytes, value = 0x006000d0, pc=0x0800395E 
[    5.952753] [passthrough] Read: 	 address = 0x40004800, size = 4 bytes, value = 0x0000800d, pc=0x080038E0 
[    5.953203] [passthrough] Read: 	 address = 0x4000481C, size = 4 bytes, value = 0x006000d0, pc=0x080038FA 
[    5.953604] [passthrough] Read: 	 address = 0x4000481C, size = 4 bytes, value = 0x006000d0, pc=0x0800392A 
[    5.953996] [passthrough] Read: 	 address = 0x4000481C, size = 4 bytes, value = 0x006000d0, pc=0x0800395E 
[    5.954829] [passthrough] Read: 	 address = 0x40004800, size = 4 bytes, value = 0x0000800d, pc=0x080038E0 
[    5.955278] Interrupt Taken: 	 Vector = 0x0000000F
[    5.955319] Interrupt Served: 	 Vector = 0x0000000F
[    5.958555] [passthrough] Read: 	 address = 0x4000481C, size = 4 bytes, value = 0x006000d0, pc=0x080038FA 
[    5.959221] [passthrough] Read: 	 address = 0x4000481C, size = 4 bytes, value = 0x006000d0, pc=0x0800392A 
[    5.959722] Interrupt Taken: 	 Vector = 0x0000000F
[    5.959821] Interrupt Served: 	 Vector = 0x0000000F
[    5.962741] Interrupt Taken: 	 Vector = 0x0000000F
[    5.962791] Interrupt Served: 	 Vector = 0x0000000F
[    5.966006] [passthrough] Read: 	 address = 0x4000481C, size = 4 bytes, value = 0x006000d0, pc=0x0800395E 
[    5.966549] Interrupt Taken: 	 Vector = 0x0000000F
[    5.966683] Interrupt Served: 	 Vector = 0x0000000F
[    5.969654] Interrupt Taken: 	 Vector = 0x0000000F
[    5.969769] Interrupt Served: 	 Vector = 0x0000000F
[    5.973006] [passthrough] Read: 	 address = 0x40004800, size = 4 bytes, value = 0x0000800d, pc=0x080038E0 
[    5.973594] [passthrough] Read: 	 address = 0x4000481C, size = 4 bytes, value = 0x006000d0, pc=0x080038FA 
[    5.974105] [passthrough] Read: 	 address = 0x4000481C, size = 4 bytes, value = 0x006000d0, pc=0x0800392A 
[    5.974608] [passthrough] Read: 	 address = 0x4000481C, size = 4 bytes, value = 0x006000d0, pc=0x0800395E 
[    5.975122] [passthrough] Read: 	 address = 0x40004800, size = 4 bytes, value = 0x0000800d, pc=0x080038E0 
[    5.975599] [passthrough] Read: 	 address = 0x4000481C, size = 4 bytes, value = 0x006000d0, pc=0x080038FA 
[    5.976160] [passthrough] Read: 	 address = 0x4000481C, size = 4 bytes, value = 0x006000d0, pc=0x0800392A 
[    5.976670] Interrupt Taken: 	 Vector = 0x0000000F
[    5.976752] Interrupt Served: 	 Vector = 0x0000000F
[    5.980150] [passthrough] Read: 	 address = 0x4000481C, size = 4 bytes, value = 0x006000d0, pc=0x0800395E 
[    5.980687] Interrupt Taken: 	 Vector = 0x0000000F
[    5.980759] Interrupt Served: 	 Vector = 0x0000000F
[    5.984126] [passthrough] Read: 	 address = 0x4000481C, size = 4 bytes, value = 0x006000d0, pc=0x0800395E 
[    5.984617] Interrupt Taken: 	 Vector = 0x0000000F
[    5.984666] Interrupt Served: 	 Vector = 0x0000000F
[    5.987894] [passthrough] Read: 	 address = 0x40004800, size = 4 bytes, value = 0x0000800d, pc=0x080038E0 
[    5.988427] [passthrough] Read: 	 address = 0x4000481C, size = 4 bytes, value = 0x006000d0, pc=0x080038FA 
[    5.988868] [passthrough] Read: 	 address = 0x4000481C, size = 4 bytes, value = 0x006000d0, pc=0x0800392A 
[    5.989324] [passthrough] Read: 	 address = 0x4000481C, size = 4 bytes, value = 0x006000d0, pc=0x0800395E 
[    5.989792] [passthrough] Read: 	 address = 0x40004800, size = 4 bytes, value = 0x0000800d, pc=0x080038E0 
[    5.990572] [passthrough] Read: 	 address = 0x4000481C, size = 4 bytes, value = 0x006000d0, pc=0x080038FA 
[    5.991177] [passthrough] Read: 	 address = 0x4000481C, size = 4 bytes, value = 0x006000d0, pc=0x0800392A 
[    5.991730] [passthrough] Read: 	 address = 0x4000481C, size = 4 bytes, value = 0x006000d0, pc=0x0800395E 
[    5.992230] [passthrough] Read: 	 address = 0x40004800, size = 4 bytes, value = 0x0000800d, pc=0x080038E0 
[    5.992722] [passthrough] Read: 	 address = 0x4000481C, size = 4 bytes, value = 0x006000d0, pc=0x080038FA 
[    5.993231] [passthrough] Read: 	 address = 0x4000481C, size = 4 bytes, value = 0x006000d0, pc=0x0800392A 
[    5.993735] [passthrough] Read: 	 address = 0x4000481C, size = 4 bytes, value = 0x006000d0, pc=0x0800395E 
[    5.994216] [passthrough] Read: 	 address = 0x40004800, size = 4 bytes, value = 0x0000800d, pc=0x080038E0 
[    5.994666] [passthrough] Read: 	 address = 0x4000481C, size = 4 bytes, value = 0x006000d0, pc=0x080038FA 
[    5.995226] [passthrough] Read: 	 address = 0x4000481C, size = 4 bytes, value = 0x006000d0, pc=0x0800392A 
[    5.996191] [passthrough] Read: 	 address = 0x4000481C, size = 4 bytes, value = 0x006000d0, pc=0x0800395E 
[    5.996694] [passthrough] Read: 	 address = 0x40004800, size = 4 bytes, value = 0x0000800d, pc=0x080038E0 
[    5.997202] [passthrough] Read: 	 address = 0x4000481C, size = 4 bytes, value = 0x006000d0, pc=0x080038FA 
[    5.997697] [passthrough] Read: 	 address = 0x4000481C, size = 4 bytes, value = 0x006000d0, pc=0x0800392A 
[    5.998214] [passthrough] Read: 	 address = 0x4000481C, size = 4 bytes, value = 0x006000d0, pc=0x0800395E 
[    5.998846] [passthrough] Read: 	 address = 0x40004800, size = 4 bytes, value = 0x0000800d, pc=0x080038E0 
[    5.999307] Interrupt Taken: 	 Vector = 0x0000000F
[    5.999435] Interrupt Served: 	 Vector = 0x0000000F
[    6.002436] Interrupt Taken: 	 Vector = 0x0000000F
[    6.002557] Interrupt Served: 	 Vector = 0x0000000F
[    6.005937] [passthrough] Read: 	 address = 0x4000481C, size = 4 bytes, value = 0x006000d0, pc=0x080038FA 
[    6.006528] [passthrough] Read: 	 address = 0x4000481C, size = 4 bytes, value = 0x006000d0, pc=0x0800392A 
[    6.007050] [passthrough] Read: 	 address = 0x4000481C, size = 4 bytes, value = 0x006000d0, pc=0x0800395E 
[    6.007561] [passthrough] Read: 	 address = 0x40004800, size = 4 bytes, value = 0x0000800d, pc=0x080038E0 
[    6.008011] [passthrough] Read: 	 address = 0x4000481C, size = 4 bytes, value = 0x006000d0, pc=0x080038FA 
[    6.008636] [passthrough] Read: 	 address = 0x4000481C, size = 4 bytes, value = 0x006000d0, pc=0x0800392A 
[    6.009298] [passthrough] Read: 	 address = 0x4000481C, size = 4 bytes, value = 0x006000d0, pc=0x0800395E 
[    6.009805] [passthrough] Read: 	 address = 0x40004800, size = 4 bytes, value = 0x0000800d, pc=0x080038E0 
[    6.010315] [passthrough] Read: 	 address = 0x4000481C, size = 4 bytes, value = 0x006000d0, pc=0x080038FA 
[    6.010831] [passthrough] Read: 	 address = 0x4000481C, size = 4 bytes, value = 0x006000d0, pc=0x0800392A 
[    6.011430] [passthrough] Read: 	 address = 0x4000481C, size = 4 bytes, value = 0x006000d0, pc=0x0800395E 
[    6.011857] Interrupt Taken: 	 Vector = 0x0000000F
[    6.011957] Interrupt Served: 	 Vector = 0x0000000F
[    6.014799] Interrupt Taken: 	 Vector = 0x0000000F
[    6.014888] Interrupt Served: 	 Vector = 0x0000000F
[    6.018097] [passthrough] Read: 	 address = 0x40004800, size = 4 bytes, value = 0x0000800d, pc=0x080038E0 
[    6.018792] [passthrough] Read: 	 address = 0x4000481C, size = 4 bytes, value = 0x006000d0, pc=0x080038FA 
[    6.019290] Interrupt Taken: 	 Vector = 0x0000000F
[    6.019396] Interrupt Served: 	 Vector = 0x0000000F
[    6.022343] Interrupt Taken: 	 Vector = 0x0000000F
[    6.022426] Interrupt Served: 	 Vector = 0x0000000F
[    6.025778] [passthrough] Read: 	 address = 0x4000481C, size = 4 bytes, value = 0x006000d0, pc=0x0800392A 
[    6.026299] [passthrough] Read: 	 address = 0x4000481C, size = 4 bytes, value = 0x006000d0, pc=0x0800395E 
[    6.026802] [passthrough] Read: 	 address = 0x40004800, size = 4 bytes, value = 0x0000800d, pc=0x080038E0 
[    6.027230] Interrupt Taken: 	 Vector = 0x0000000F
[    6.027303] Interrupt Served: 	 Vector = 0x0000000F
[    6.030136] Interrupt Taken: 	 Vector = 0x0000000F
[    6.030254] Interrupt Served: 	 Vector = 0x0000000F
[    6.033626] [passthrough] Read: 	 address = 0x4000481C, size = 4 bytes, value = 0x006000d0, pc=0x080038FA 
[    6.034175] Interrupt Taken: 	 Vector = 0x0000000F
[    6.034243] Interrupt Served: 	 Vector = 0x0000000F
[    6.037525] [passthrough] Read: 	 address = 0x4000481C, size = 4 bytes, value = 0x006000d0, pc=0x0800392A 
[    6.038098] Interrupt Taken: 	 Vector = 0x0000000F
[    6.038185] Interrupt Served: 	 Vector = 0x0000000F
[    6.041276] Interrupt Taken: 	 Vector = 0x0000000F
[    6.041374] Interrupt Served: 	 Vector = 0x0000000F
[    6.044671] [passthrough] Read: 	 address = 0x4000481C, size = 4 bytes, value = 0x006000d0, pc=0x0800395E 
[    6.045177] [passthrough] Read: 	 address = 0x4000481C, size = 4 bytes, value = 0x006000d0, pc=0x0800395E 
[    6.045657] [passthrough] Read: 	 address = 0x40004800, size = 4 bytes, value = 0x0000800d, pc=0x080038E0 
[    6.046128] [passthrough] Read: 	 address = 0x4000481C, size = 4 bytes, value = 0x006000d0, pc=0x080038FA 
[    6.046573] [passthrough] Read: 	 address = 0x4000481C, size = 4 bytes, value = 0x006000d0, pc=0x0800392A 
[    6.047234] [passthrough] Read: 	 address = 0x4000481C, size = 4 bytes, value = 0x006000d0, pc=0x0800395E 
[    6.047758] Interrupt Taken: 	 Vector = 0x0000000F
[    6.047824] Interrupt Served: 	 Vector = 0x0000000F
[    6.051170] [passthrough] Read: 	 address = 0x40004800, size = 4 bytes, value = 0x0000800d, pc=0x080038E0 
[    6.051702] Interrupt Taken: 	 Vector = 0x0000000F
[    6.051869] Interrupt Served: 	 Vector = 0x0000000F
[    6.054829] Interrupt Taken: 	 Vector = 0x0000000F
[    6.054937] Interrupt Served: 	 Vector = 0x0000000F
[    6.058351] [passthrough] Read: 	 address = 0x4000481C, size = 4 bytes, value = 0x006000d0, pc=0x080038FA 
[    6.058801] [passthrough] Read: 	 address = 0x4000481C, size = 4 bytes, value = 0x006000d0, pc=0x0800392A 
[    6.059273] [passthrough] Read: 	 address = 0x4000481C, size = 4 bytes, value = 0x006000d0, pc=0x0800395E 
[    6.059781] [passthrough] Read: 	 address = 0x40004800, size = 4 bytes, value = 0x0000800d, pc=0x080038E0 
[    6.060280] [passthrough] Read: 	 address = 0x4000481C, size = 4 bytes, value = 0x006000d0, pc=0x080038FA 
[    6.060778] [passthrough] Read: 	 address = 0x4000481C, size = 4 bytes, value = 0x006000d0, pc=0x0800392A 
[    6.061255] [passthrough] Read: 	 address = 0x4000481C, size = 4 bytes, value = 0x006000d0, pc=0x0800395E 
[    6.061697] [passthrough] Read: 	 address = 0x40004800, size = 4 bytes, value = 0x0000800d, pc=0x080038E0 
[    6.062160] [passthrough] Read: 	 address = 0x4000481C, size = 4 bytes, value = 0x006000d0, pc=0x080038FA 
[    6.062837] [passthrough] Read: 	 address = 0x4000481C, size = 4 bytes, value = 0x006000d0, pc=0x0800392A 
[    6.063343] Interrupt Taken: 	 Vector = 0x0000000F
[    6.063493] Interrupt Served: 	 Vector = 0x0000000F
[    6.066410] Interrupt Taken: 	 Vector = 0x0000000F
[    6.066509] Interrupt Served: 	 Vector = 0x0000000F
[    6.069589] [passthrough] Read: 	 address = 0x4000481C, size = 4 bytes, value = 0x006000d0, pc=0x0800395E 
[    6.070187] [passthrough] Read: 	 address = 0x40004800, size = 4 bytes, value = 0x0000800d, pc=0x080038E0 
[    6.070677] [passthrough] Read: 	 address = 0x4000481C, size = 4 bytes, value = 0x006000d0, pc=0x080038FA 
[    6.071237] [passthrough] Read: 	 address = 0x4000481C, size = 4 bytes, value = 0x006000d0, pc=0x0800392A 
[    6.071761] [passthrough] Read: 	 address = 0x4000481C, size = 4 bytes, value = 0x006000d0, pc=0x0800395E 
[    6.072278] [passthrough] Read: 	 address = 0x40004800, size = 4 bytes, value = 0x0000800d, pc=0x080038E0 
[    6.072714] [passthrough] Read: 	 address = 0x4000481C, size = 4 bytes, value = 0x006000d0, pc=0x080038FA 
[    6.073381] [passthrough] Read: 	 address = 0x4000481C, size = 4 bytes, value = 0x006000d0, pc=0x0800392A 
[    6.073917] [passthrough] Read: 	 address = 0x4000481C, size = 4 bytes, value = 0x006000d0, pc=0x0800395E 
[    6.074439] [passthrough] Read: 	 address = 0x40004800, size = 4 bytes, value = 0x0000800d, pc=0x080038E0 
[    6.074934] [passthrough] Read: 	 address = 0x4000481C, size = 4 bytes, value = 0x006000d0, pc=0x080038FA 
[    6.075501] [passthrough] Read: 	 address = 0x4000481C, size = 4 bytes, value = 0x006000d0, pc=0x0800392A 
[    6.075982] [passthrough] Read: 	 address = 0x4000481C, size = 4 bytes, value = 0x006000d0, pc=0x0800395E 
[    6.076412] [passthrough] Read: 	 address = 0x40004800, size = 4 bytes, value = 0x0000800d, pc=0x080038E0 
[    6.076824] [passthrough] Read: 	 address = 0x4000481C, size = 4 bytes, value = 0x006000d0, pc=0x080038FA 
[    6.077321] [passthrough] Read: 	 address = 0x4000481C, size = 4 bytes, value = 0x006000d0, pc=0x0800392A 
[    6.077799] [passthrough] Read: 	 address = 0x4000481C, size = 4 bytes, value = 0x006000d0, pc=0x0800395E 
[    6.078705] [passthrough] Read: 	 address = 0x40004800, size = 4 bytes, value = 0x0000800d, pc=0x080038E0 
[    6.079142] [passthrough] Read: 	 address = 0x4000481C, size = 4 bytes, value = 0x006000d0, pc=0x080038FA 
[    6.079585] [passthrough] Read: 	 address = 0x4000481C, size = 4 bytes, value = 0x006000d0, pc=0x0800392A 
[    6.080004] [passthrough] Read: 	 address = 0x4000481C, size = 4 bytes, value = 0x006000d0, pc=0x0800395E 
[    6.080424] [passthrough] Read: 	 address = 0x40004800, size = 4 bytes, value = 0x0000800d, pc=0x080038E0 
[    6.080898] [passthrough] Read: 	 address = 0x4000481C, size = 4 bytes, value = 0x006000d0, pc=0x080038FA 
[    6.081397] [passthrough] Read: 	 address = 0x4000481C, size = 4 bytes, value = 0x006000d0, pc=0x0800392A 
[    6.081881] [passthrough] Read: 	 address = 0x4000481C, size = 4 bytes, value = 0x006000d0, pc=0x0800395E 
[    6.082359] [passthrough] Read: 	 address = 0x40004800, size = 4 bytes, value = 0x0000800d, pc=0x080038E0 
[    6.082901] [passthrough] Read: 	 address = 0x4000481C, size = 4 bytes, value = 0x006000d0, pc=0x080038FA 
[    6.083429] [passthrough] Read: 	 address = 0x4000481C, size = 4 bytes, value = 0x006000d0, pc=0x0800392A 
[    6.084089] [passthrough] Read: 	 address = 0x4000481C, size = 4 bytes, value = 0x006000d0, pc=0x0800395E 
[    6.084760] [passthrough] Read: 	 address = 0x40004800, size = 4 bytes, value = 0x0000800d, pc=0x080038E0 
[    6.085277] Interrupt Taken: 	 Vector = 0x0000000F
[    6.085411] Interrupt Served: 	 Vector = 0x0000000F
[    6.088329] Interrupt Taken: 	 Vector = 0x0000000F
[    6.088429] Interrupt Served: 	 Vector = 0x0000000F
[    6.091797] [passthrough] Read: 	 address = 0x4000481C, size = 4 bytes, value = 0x006000d0, pc=0x080038FA 
[    6.092295] [passthrough] Read: 	 address = 0x4000481C, size = 4 bytes, value = 0x006000d0, pc=0x0800392A 
[    6.092749] [passthrough] Read: 	 address = 0x4000481C, size = 4 bytes, value = 0x006000d0, pc=0x0800395E 
[    6.093321] [passthrough] Read: 	 address = 0x40004800, size = 4 bytes, value = 0x0000800d, pc=0x080038E0 
[    6.093855] [passthrough] Read: 	 address = 0x4000481C, size = 4 bytes, value = 0x006000d0, pc=0x080038FA 
[    6.094378] [passthrough] Read: 	 address = 0x4000481C, size = 4 bytes, value = 0x006000d0, pc=0x0800392A 
[    6.094886] [passthrough] Read: 	 address = 0x4000481C, size = 4 bytes, value = 0x006000d0, pc=0x0800395E 
[    6.095360] [passthrough] Read: 	 address = 0x40004800, size = 4 bytes, value = 0x0000800d, pc=0x080038E0 
[    6.095820] [passthrough] Read: 	 address = 0x4000481C, size = 4 bytes, value = 0x006000d0, pc=0x080038FA 
[    6.096291] [passthrough] Read: 	 address = 0x4000481C, size = 4 bytes, value = 0x006000d0, pc=0x0800392A 
[    6.096757] [passthrough] Read: 	 address = 0x4000481C, size = 4 bytes, value = 0x006000d0, pc=0x0800395E 
[    6.097194] [passthrough] Read: 	 address = 0x40004800, size = 4 bytes, value = 0x0000800d, pc=0x080038E0 
[    6.097687] [passthrough] Read: 	 address = 0x4000481C, size = 4 bytes, value = 0x006000d0, pc=0x080038FA 
[    6.098258] [passthrough] Read: 	 address = 0x4000481C, size = 4 bytes, value = 0x006000d0, pc=0x0800392A 
[    6.098851] [passthrough] Read: 	 address = 0x4000481C, size = 4 bytes, value = 0x006000d0, pc=0x0800395E 
[    6.099355] [passthrough] Read: 	 address = 0x40004800, size = 4 bytes, value = 0x0000800d, pc=0x080038E0 
[    6.099838] [passthrough] Read: 	 address = 0x4000481C, size = 4 bytes, value = 0x006000d0, pc=0x080038FA 
[    6.100360] [passthrough] Read: 	 address = 0x4000481C, size = 4 bytes, value = 0x006000d0, pc=0x0800392A 
[    6.100911] [passthrough] Read: 	 address = 0x4000481C, size = 4 bytes, value = 0x006000d0, pc=0x0800395E 
[    6.101601] [passthrough] Read: 	 address = 0x40004800, size = 4 bytes, value = 0x0000800d, pc=0x080038E0 
[    6.102059] Interrupt Taken: 	 Vector = 0x0000000F
[    6.102108] Interrupt Served: 	 Vector = 0x0000000F
[    6.105317] [passthrough] Read: 	 address = 0x4000481C, size = 4 bytes, value = 0x006000d0, pc=0x080038FA 
[    6.105808] [passthrough] Read: 	 address = 0x4000481C, size = 4 bytes, value = 0x006000d0, pc=0x0800392A 
[    6.106250] [passthrough] Read: 	 address = 0x4000481C, size = 4 bytes, value = 0x006000d0, pc=0x0800395E 
[    6.106796] [passthrough] Read: 	 address = 0x40004800, size = 4 bytes, value = 0x0000800d, pc=0x080038E0 
[    6.107422] Interrupt Taken: 	 Vector = 0x0000000F
[    6.107495] Interrupt Served: 	 Vector = 0x0000000F
[    6.110554] Interrupt Taken: 	 Vector = 0x0000000F
[    6.110622] Interrupt Served: 	 Vector = 0x0000000F
[    6.113853] [passthrough] Read: 	 address = 0x4000481C, size = 4 bytes, value = 0x006000d0, pc=0x080038FA 
[    6.114391] [passthrough] Read: 	 address = 0x4000481C, size = 4 bytes, value = 0x006000d0, pc=0x0800392A 
[    6.114995] [passthrough] Read: 	 address = 0x4000481C, size = 4 bytes, value = 0x006000d0, pc=0x0800395E 
[    6.115610] [passthrough] Read: 	 address = 0x40004800, size = 4 bytes, value = 0x0000800d, pc=0x080038E0 
[    6.116244] [passthrough] Read: 	 address = 0x4000481C, size = 4 bytes, value = 0x006000d0, pc=0x080038FA 
[    6.116731] Interrupt Taken: 	 Vector = 0x0000000F
[    6.116856] Interrupt Served: 	 Vector = 0x0000000F
[    6.119742] Interrupt Taken: 	 Vector = 0x0000000F
[    6.119844] Interrupt Served: 	 Vector = 0x0000000F
[    6.123462] [passthrough] Read: 	 address = 0x4000481C, size = 4 bytes, value = 0x006000d0, pc=0x0800392A 
[    6.123923] [passthrough] Read: 	 address = 0x4000481C, size = 4 bytes, value = 0x006000d0, pc=0x0800395E 
[    6.124355] [passthrough] Read: 	 address = 0x4000481C, size = 4 bytes, value = 0x006000d0, pc=0x0800395E 
[    6.124978] [passthrough] Read: 	 address = 0x40004800, size = 4 bytes, value = 0x0000800d, pc=0x080038E0 
[    6.125411] Interrupt Taken: 	 Vector = 0x0000000F
[    6.125527] Interrupt Served: 	 Vector = 0x0000000F
[    6.128491] Interrupt Taken: 	 Vector = 0x0000000F
[    6.128567] Interrupt Served: 	 Vector = 0x0000000F
[    6.131909] [passthrough] Read: 	 address = 0x4000481C, size = 4 bytes, value = 0x006000d0, pc=0x080038FA 
[    6.132385] Interrupt Taken: 	 Vector = 0x0000000F
[    6.132436] Interrupt Served: 	 Vector = 0x0000000F
[    6.135483] [passthrough] Read: 	 address = 0x4000481C, size = 4 bytes, value = 0x006000d0, pc=0x0800392A 
[    6.135981] [passthrough] Read: 	 address = 0x4000481C, size = 4 bytes, value = 0x006000d0, pc=0x0800395E 
[    6.136458] [passthrough] Read: 	 address = 0x40004800, size = 4 bytes, value = 0x0000800d, pc=0x080038E0 
[    6.136931] [passthrough] Read: 	 address = 0x4000481C, size = 4 bytes, value = 0x006000d0, pc=0x080038FA 
[    6.137375] [passthrough] Read: 	 address = 0x4000481C, size = 4 bytes, value = 0x006000d0, pc=0x0800392A 
[    6.138084] [passthrough] Read: 	 address = 0x4000481C, size = 4 bytes, value = 0x006000d0, pc=0x0800395E 
[    6.138581] [passthrough] Read: 	 address = 0x40004800, size = 4 bytes, value = 0x0000800d, pc=0x080038E0 
[    6.139175] [passthrough] Read: 	 address = 0x4000481C, size = 4 bytes, value = 0x006000d0, pc=0x080038FA 
[    6.139592] Interrupt Taken: 	 Vector = 0x0000000F
[    6.139691] Interrupt Served: 	 Vector = 0x0000000F
[    6.142458] Interrupt Taken: 	 Vector = 0x0000000F
[    6.142528] Interrupt Served: 	 Vector = 0x0000000F
[    6.145678] [passthrough] Read: 	 address = 0x4000481C, size = 4 bytes, value = 0x006000d0, pc=0x0800392A 
[    6.146248] [passthrough] Read: 	 address = 0x4000481C, size = 4 bytes, value = 0x006000d0, pc=0x0800395E 
[    6.146834] [passthrough] Read: 	 address = 0x40004800, size = 4 bytes, value = 0x0000800d, pc=0x080038E0 
[    6.147373] [passthrough] Read: 	 address = 0x4000481C, size = 4 bytes, value = 0x006000d0, pc=0x080038FA 
[    6.147965] [passthrough] Read: 	 address = 0x4000481C, size = 4 bytes, value = 0x006000d0, pc=0x0800392A 
[    6.148642] [passthrough] Read: 	 address = 0x4000481C, size = 4 bytes, value = 0x006000d0, pc=0x0800395E 
[    6.149145] Interrupt Taken: 	 Vector = 0x0000000F
[    6.149256] Interrupt Served: 	 Vector = 0x0000000F
[    6.152372] Interrupt Taken: 	 Vector = 0x0000000F
[    6.152578] Interrupt Served: 	 Vector = 0x0000000F
[    6.155547] Interrupt Taken: 	 Vector = 0x0000000F
[    6.155623] Interrupt Served: 	 Vector = 0x0000000F
[    6.158948] [passthrough] Read: 	 address = 0x40004800, size = 4 bytes, value = 0x0000800d, pc=0x080038E0 
[    6.159530] [passthrough] Read: 	 address = 0x4000481C, size = 4 bytes, value = 0x006000d0, pc=0x080038FA 
[    6.160061] [passthrough] Read: 	 address = 0x4000481C, size = 4 bytes, value = 0x006000d0, pc=0x0800392A 
[    6.160534] [passthrough] Read: 	 address = 0x4000481C, size = 4 bytes, value = 0x006000d0, pc=0x0800395E 
[    6.161534] [passthrough] Read: 	 address = 0x40004800, size = 4 bytes, value = 0x0000800d, pc=0x080038E0 
[    6.162072] [passthrough] Read: 	 address = 0x4000481C, size = 4 bytes, value = 0x006000d0, pc=0x080038FA 
[    6.162521] [passthrough] Read: 	 address = 0x4000481C, size = 4 bytes, value = 0x006000d0, pc=0x0800392A 
[    6.162985] [passthrough] Read: 	 address = 0x4000481C, size = 4 bytes, value = 0x006000d0, pc=0x0800395E 
[    6.163468] [passthrough] Read: 	 address = 0x40004800, size = 4 bytes, value = 0x0000800d, pc=0x080038E0 
[    6.163955] [passthrough] Read: 	 address = 0x4000481C, size = 4 bytes, value = 0x006000d0, pc=0x080038FA 
[    6.164888] [passthrough] Read: 	 address = 0x4000481C, size = 4 bytes, value = 0x006000d0, pc=0x0800392A 
[    6.165449] Interrupt Taken: 	 Vector = 0x0000000F
[    6.165520] Interrupt Served: 	 Vector = 0x0000000F
[    6.168580] [passthrough] Read: 	 address = 0x4000481C, size = 4 bytes, value = 0x006000d0, pc=0x0800395E 
[    6.169274] [passthrough] Read: 	 address = 0x40004800, size = 4 bytes, value = 0x0000800d, pc=0x080038E0 
[    6.169828] Interrupt Taken: 	 Vector = 0x0000000F
[    6.169969] Interrupt Served: 	 Vector = 0x0000000F
[    6.172974] Interrupt Taken: 	 Vector = 0x0000000F
[    6.173071] Interrupt Served: 	 Vector = 0x0000000F
[    6.176189] [passthrough] Read: 	 address = 0x4000481C, size = 4 bytes, value = 0x006000d0, pc=0x080038FA 
[    6.176721] [passthrough] Read: 	 address = 0x4000481C, size = 4 bytes, value = 0x006000d0, pc=0x0800392A 
[    6.177190] [passthrough] Read: 	 address = 0x4000481C, size = 4 bytes, value = 0x006000d0, pc=0x0800395E 
[    6.177643] [passthrough] Read: 	 address = 0x4000481C, size = 4 bytes, value = 0x006000d0, pc=0x0800395E 
[    6.178079] [passthrough] Read: 	 address = 0x40004800, size = 4 bytes, value = 0x0000800d, pc=0x080038E0 
[    6.178509] [passthrough] Read: 	 address = 0x4000481C, size = 4 bytes, value = 0x006000d0, pc=0x080038FA 
[    6.178988] [passthrough] Read: 	 address = 0x4000481C, size = 4 bytes, value = 0x006000d0, pc=0x0800392A 
[    6.179471] [passthrough] Read: 	 address = 0x4000481C, size = 4 bytes, value = 0x006000d0, pc=0x0800395E 
[    6.180201] [passthrough] Read: 	 address = 0x40004800, size = 4 bytes, value = 0x0000800d, pc=0x080038E0 
[    6.180689] Interrupt Taken: 	 Vector = 0x0000000F
[    6.180749] Interrupt Served: 	 Vector = 0x0000000F
[    6.183871] [passthrough] Read: 	 address = 0x4000481C, size = 4 bytes, value = 0x006000d0, pc=0x080038FA 
[    6.184465] [passthrough] Read: 	 address = 0x4000481C, size = 4 bytes, value = 0x006000d0, pc=0x0800392A 
[    6.185177] [passthrough] Read: 	 address = 0x4000481C, size = 4 bytes, value = 0x006000d0, pc=0x0800395E 
[    6.185658] Interrupt Taken: 	 Vector = 0x0000000F
[    6.185809] Interrupt Served: 	 Vector = 0x0000000F
[    6.188852] Interrupt Taken: 	 Vector = 0x0000000F
[    6.188935] Interrupt Served: 	 Vector = 0x0000000F
[    6.192057] [passthrough] Read: 	 address = 0x40004800, size = 4 bytes, value = 0x0000800d, pc=0x080038E0 
[    6.192533] [passthrough] Read: 	 address = 0x4000481C, size = 4 bytes, value = 0x006000d0, pc=0x080038FA 
[    6.193057] [passthrough] Read: 	 address = 0x4000481C, size = 4 bytes, value = 0x006000d0, pc=0x0800392A 
[    6.193560] [passthrough] Read: 	 address = 0x4000481C, size = 4 bytes, value = 0x006000d0, pc=0x0800395E 
[    6.194083] [passthrough] Read: 	 address = 0x40004800, size = 4 bytes, value = 0x0000800d, pc=0x080038E0 
[    6.194573] [passthrough] Read: 	 address = 0x4000481C, size = 4 bytes, value = 0x006000d0, pc=0x080038FA 
[    6.195224] [passthrough] Read: 	 address = 0x4000481C, size = 4 bytes, value = 0x006000d0, pc=0x0800392A 
[    6.195690] Interrupt Taken: 	 Vector = 0x0000000F
[    6.195835] Interrupt Served: 	 Vector = 0x0000000F
[    6.198685] Interrupt Taken: 	 Vector = 0x0000000F
[    6.198768] Interrupt Served: 	 Vector = 0x0000000F
[    6.202130] [passthrough] Read: 	 address = 0x4000481C, size = 4 bytes, value = 0x006000d0, pc=0x0800395E 
[    6.202754] Interrupt Taken: 	 Vector = 0x0000000F
[    6.202882] Interrupt Served: 	 Vector = 0x0000000F
[    6.205710] Interrupt Taken: 	 Vector = 0x0000000F
[    6.205784] Interrupt Served: 	 Vector = 0x0000000F
[    6.209065] [passthrough] Read: 	 address = 0x40004800, size = 4 bytes, value = 0x0000800d, pc=0x080038E0 
[    6.209645] [passthrough] Read: 	 address = 0x4000481C, size = 4 bytes, value = 0x006000d0, pc=0x080038FA 
[    6.210206] [passthrough] Read: 	 address = 0x4000481C, size = 4 bytes, value = 0x006000d0, pc=0x0800392A 
[    6.210700] [passthrough] Read: 	 address = 0x4000481C, size = 4 bytes, value = 0x006000d0, pc=0x0800395E 
[    6.211254] [passthrough] Read: 	 address = 0x40004800, size = 4 bytes, value = 0x0000800d, pc=0x080038E0 
[    6.211676] Interrupt Taken: 	 Vector = 0x0000000F
[    6.211720] Interrupt Served: 	 Vector = 0x0000000F
[    6.214710] [passthrough] Read: 	 address = 0x4000481C, size = 4 bytes, value = 0x006000d0, pc=0x080038FA 
[    6.215241] [passthrough] Read: 	 address = 0x4000481C, size = 4 bytes, value = 0x006000d0, pc=0x0800392A 
[    6.215923] [passthrough] Read: 	 address = 0x4000481C, size = 4 bytes, value = 0x006000d0, pc=0x0800395E 
[    6.216370] Interrupt Taken: 	 Vector = 0x0000000F
[    6.216493] Interrupt Served: 	 Vector = 0x0000000F
[    6.219480] Interrupt Taken: 	 Vector = 0x0000000F
[    6.219598] Interrupt Served: 	 Vector = 0x0000000F
[    6.222720] [passthrough] Read: 	 address = 0x40004800, size = 4 bytes, value = 0x0000800d, pc=0x080038E0 
[    6.223243] [passthrough] Read: 	 address = 0x4000481C, size = 4 bytes, value = 0x006000d0, pc=0x080038FA 
[    6.223763] [passthrough] Read: 	 address = 0x4000481C, size = 4 bytes, value = 0x006000d0, pc=0x0800392A 
[    6.224291] [passthrough] Read: 	 address = 0x4000481C, size = 4 bytes, value = 0x006000d0, pc=0x0800395E 
[    6.224768] [passthrough] Read: 	 address = 0x40004800, size = 4 bytes, value = 0x0000800d, pc=0x080038E0 
[    6.225460] [passthrough] Read: 	 address = 0x4000481C, size = 4 bytes, value = 0x006000d0, pc=0x080038FA 
[    6.225972] [passthrough] Read: 	 address = 0x4000481C, size = 4 bytes, value = 0x006000d0, pc=0x0800392A 
[    6.226477] [passthrough] Read: 	 address = 0x4000481C, size = 4 bytes, value = 0x006000d0, pc=0x0800395E 
[    6.226969] [passthrough] Read: 	 address = 0x40004800, size = 4 bytes, value = 0x0000800d, pc=0x080038E0 
[    6.227489] [passthrough] Read: 	 address = 0x4000481C, size = 4 bytes, value = 0x006000d0, pc=0x080038FA 
[    6.228185] [passthrough] Read: 	 address = 0x4000481C, size = 4 bytes, value = 0x006000d0, pc=0x0800392A 
[    6.228654] Interrupt Taken: 	 Vector = 0x0000000F
[    6.228758] Interrupt Served: 	 Vector = 0x0000000F
[    6.231717] Interrupt Taken: 	 Vector = 0x0000000F
[    6.231802] Interrupt Served: 	 Vector = 0x0000000F
[    6.235205] [passthrough] Read: 	 address = 0x4000481C, size = 4 bytes, value = 0x006000d0, pc=0x0800395E 
[    6.235686] Interrupt Taken: 	 Vector = 0x0000000F
[    6.235785] Interrupt Served: 	 Vector = 0x0000000F
[    6.238634] Interrupt Taken: 	 Vector = 0x0000000F
[    6.238715] Interrupt Served: 	 Vector = 0x0000000F
[    6.242256] [passthrough] Read: 	 address = 0x4000481C, size = 4 bytes, value = 0x006000d0, pc=0x0800395E 
[    6.243360] Interrupt Taken: 	 Vector = 0x0000000F
[    6.243400] Interrupt Served: 	 Vector = 0x0000000F
[    6.246625] [passthrough] Read: 	 address = 0x40004800, size = 4 bytes, value = 0x0000800d, pc=0x080038E0 
[    6.247096] [passthrough] Read: 	 address = 0x4000481C, size = 4 bytes, value = 0x006000d0, pc=0x080038FA 
[    6.247699] [passthrough] Read: 	 address = 0x4000481C, size = 4 bytes, value = 0x006000d0, pc=0x0800392A 
[    6.248271] [passthrough] Read: 	 address = 0x4000481C, size = 4 bytes, value = 0x006000d0, pc=0x0800395E 
[    6.248803] [passthrough] Read: 	 address = 0x40004800, size = 4 bytes, value = 0x0000800d, pc=0x080038E0 
[    6.249282] [passthrough] Read: 	 address = 0x4000481C, size = 4 bytes, value = 0x006000d0, pc=0x080038FA 
[    6.249781] [passthrough] Read: 	 address = 0x4000481C, size = 4 bytes, value = 0x006000d0, pc=0x0800392A 
[    6.250282] [passthrough] Read: 	 address = 0x4000481C, size = 4 bytes, value = 0x006000d0, pc=0x0800395E 
[    6.250798] [passthrough] Read: 	 address = 0x40004800, size = 4 bytes, value = 0x0000800d, pc=0x080038E0 
[    6.251300] [passthrough] Read: 	 address = 0x4000481C, size = 4 bytes, value = 0x006000d0, pc=0x080038FA 
[    6.251874] [passthrough] Read: 	 address = 0x4000481C, size = 4 bytes, value = 0x006000d0, pc=0x0800392A 
[    6.252380] [passthrough] Read: 	 address = 0x4000481C, size = 4 bytes, value = 0x006000d0, pc=0x0800395E 
[    6.253121] [passthrough] Read: 	 address = 0x40004800, size = 4 bytes, value = 0x0000800d, pc=0x080038E0 
[    6.253653] Interrupt Taken: 	 Vector = 0x0000000F
[    6.253810] Interrupt Served: 	 Vector = 0x0000000F
[    6.256802] Interrupt Taken: 	 Vector = 0x0000000F
[    6.256871] Interrupt Served: 	 Vector = 0x0000000F
[    6.260385] [passthrough] Read: 	 address = 0x4000481C, size = 4 bytes, value = 0x006000d0, pc=0x080038FA 
[    6.260918] [passthrough] Read: 	 address = 0x4000481C, size = 4 bytes, value = 0x006000d0, pc=0x0800392A 
[    6.261385] [passthrough] Read: 	 address = 0x4000481C, size = 4 bytes, value = 0x006000d0, pc=0x0800395E 
[    6.261833] [passthrough] Read: 	 address = 0x40004800, size = 4 bytes, value = 0x0000800d, pc=0x080038E0 
[    6.262301] [passthrough] Read: 	 address = 0x4000481C, size = 4 bytes, value = 0x006000d0, pc=0x080038FA 
[    6.262792] [passthrough] Read: 	 address = 0x4000481C, size = 4 bytes, value = 0x006000d0, pc=0x0800392A 
[    6.263270] [passthrough] Read: 	 address = 0x4000481C, size = 4 bytes, value = 0x006000d0, pc=0x0800395E 
[    6.263758] [passthrough] Read: 	 address = 0x40004800, size = 4 bytes, value = 0x0000800d, pc=0x080038E0 
[    6.264475] [passthrough] Read: 	 address = 0x4000481C, size = 4 bytes, value = 0x006000d0, pc=0x080038FA 
[    6.264919] Interrupt Taken: 	 Vector = 0x0000000F
[    6.265057] Interrupt Served: 	 Vector = 0x0000000F
[    6.267953] Interrupt Taken: 	 Vector = 0x0000000F
[    6.268119] Interrupt Served: 	 Vector = 0x0000000F
[    6.271348] [passthrough] Read: 	 address = 0x4000481C, size = 4 bytes, value = 0x006000d0, pc=0x0800392A 
[    6.272172] [passthrough] Read: 	 address = 0x4000481C, size = 4 bytes, value = 0x006000d0, pc=0x0800395E 
[    6.272664] Interrupt Taken: 	 Vector = 0x0000000F
[    6.272768] Interrupt Served: 	 Vector = 0x0000000F
[    6.275679] Interrupt Taken: 	 Vector = 0x0000000F
[    6.275753] Interrupt Served: 	 Vector = 0x0000000F
[    6.278792] [passthrough] Read: 	 address = 0x40004800, size = 4 bytes, value = 0x0000800d, pc=0x080038E0 
[    6.279321] [passthrough] Read: 	 address = 0x4000481C, size = 4 bytes, value = 0x006000d0, pc=0x080038FA 
[    6.279847] [passthrough] Read: 	 address = 0x4000481C, size = 4 bytes, value = 0x006000d0, pc=0x0800392A 
[    6.280439] [passthrough] Read: 	 address = 0x4000481C, size = 4 bytes, value = 0x006000d0, pc=0x0800395E 
[    6.281068] [passthrough] Read: 	 address = 0x40004800, size = 4 bytes, value = 0x0000800d, pc=0x080038E0 
[    6.281534] Interrupt Taken: 	 Vector = 0x0000000F
[    6.281594] Interrupt Served: 	 Vector = 0x0000000F
[    6.284727] [passthrough] Read: 	 address = 0x4000481C, size = 4 bytes, value = 0x006000d0, pc=0x080038FA 
[    6.285609] [passthrough] Read: 	 address = 0x4000481C, size = 4 bytes, value = 0x006000d0, pc=0x0800392A 
[    6.286090] Interrupt Taken: 	 Vector = 0x0000000F
[    6.286152] Interrupt Served: 	 Vector = 0x0000000F
[    6.289284] [passthrough] Read: 	 address = 0x4000481C, size = 4 bytes, value = 0x006000d0, pc=0x0800395E 
[    6.289918] [passthrough] Read: 	 address = 0x40004800, size = 4 bytes, value = 0x0000800d, pc=0x080038E0 
[    6.290487] Interrupt Taken: 	 Vector = 0x0000000F
[    6.290550] Interrupt Served: 	 Vector = 0x0000000F
[    6.293910] [passthrough] Read: 	 address = 0x4000481C, size = 4 bytes, value = 0x006000d0, pc=0x080038FA 
[    6.294424] [passthrough] Read: 	 address = 0x4000481C, size = 4 bytes, value = 0x006000d0, pc=0x0800392A 
[    6.294901] [passthrough] Read: 	 address = 0x4000481C, size = 4 bytes, value = 0x006000d0, pc=0x0800395E 
[    6.295382] [passthrough] Read: 	 address = 0x40004800, size = 4 bytes, value = 0x0000800d, pc=0x080038E0 
[    6.295874] [passthrough] Read: 	 address = 0x4000481C, size = 4 bytes, value = 0x006000d0, pc=0x080038FA 
[    6.296336] [passthrough] Read: 	 address = 0x4000481C, size = 4 bytes, value = 0x006000d0, pc=0x0800392A 
[    6.296778] [passthrough] Read: 	 address = 0x4000481C, size = 4 bytes, value = 0x006000d0, pc=0x0800395E 
[    6.297397] [passthrough] Read: 	 address = 0x40004800, size = 4 bytes, value = 0x0000800d, pc=0x080038E0 
[    6.298157] [passthrough] Read: 	 address = 0x4000481C, size = 4 bytes, value = 0x006000d0, pc=0x080038FA 
[    6.298633] Interrupt Taken: 	 Vector = 0x0000000F
[    6.298753] Interrupt Served: 	 Vector = 0x0000000F
[    6.301633] Interrupt Taken: 	 Vector = 0x0000000F
[    6.301774] Interrupt Served: 	 Vector = 0x0000000F
[    6.304923] [passthrough] Read: 	 address = 0x4000481C, size = 4 bytes, value = 0x006000d0, pc=0x0800392A 
[    6.305434] Interrupt Taken: 	 Vector = 0x0000000F
[    6.305549] Interrupt Served: 	 Vector = 0x0000000F
[    6.308803] Interrupt Taken: 	 Vector = 0x0000000F
[    6.308871] Interrupt Served: 	 Vector = 0x0000000F
[    6.312177] [passthrough] Read: 	 address = 0x4000481C, size = 4 bytes, value = 0x006000d0, pc=0x0800395E 
[    6.312668] [passthrough] Read: 	 address = 0x4000481C, size = 4 bytes, value = 0x006000d0, pc=0x0800395E 
[    6.313267] [passthrough] Read: 	 address = 0x40004800, size = 4 bytes, value = 0x0000800d, pc=0x080038E0 
[    6.313743] Interrupt Taken: 	 Vector = 0x0000000F
[    6.313863] Interrupt Served: 	 Vector = 0x0000000F
[    6.316694] Interrupt Taken: 	 Vector = 0x0000000F
[    6.316766] Interrupt Served: 	 Vector = 0x0000000F
[    6.320089] [passthrough] Read: 	 address = 0x4000481C, size = 4 bytes, value = 0x006000d0, pc=0x080038FA 
[    6.320626] Interrupt Taken: 	 Vector = 0x0000000F
[    6.320742] Interrupt Served: 	 Vector = 0x0000000F
[    6.323922] Interrupt Taken: 	 Vector = 0x0000000F
[    6.324001] Interrupt Served: 	 Vector = 0x0000000F
[    6.327217] [passthrough] Read: 	 address = 0x4000481C, size = 4 bytes, value = 0x006000d0, pc=0x0800392A 
[    6.327850] Interrupt Taken: 	 Vector = 0x0000000F
[    6.327953] Interrupt Served: 	 Vector = 0x0000000F
[    6.330825] Interrupt Taken: 	 Vector = 0x0000000F
[    6.330921] Interrupt Served: 	 Vector = 0x0000000F
[    6.334418] [passthrough] Read: 	 address = 0x4000481C, size = 4 bytes, value = 0x006000d0, pc=0x0800395E 
[    6.334923] Interrupt Taken: 	 Vector = 0x0000000F
[    6.334973] Interrupt Served: 	 Vector = 0x0000000F
[    6.338301] [passthrough] Read: 	 address = 0x40004800, size = 4 bytes, value = 0x0000800d, pc=0x080038E0 
[    6.338816] Interrupt Taken: 	 Vector = 0x0000000F
[    6.338883] Interrupt Served: 	 Vector = 0x0000000F
[    6.341992] [passthrough] Read: 	 address = 0x4000481C, size = 4 bytes, value = 0x006000d0, pc=0x080038FA 
[    6.342518] [passthrough] Read: 	 address = 0x4000481C, size = 4 bytes, value = 0x006000d0, pc=0x0800392A 
[    6.343129] [passthrough] Read: 	 address = 0x4000481C, size = 4 bytes, value = 0x006000d0, pc=0x0800395E 
[    6.343722] [passthrough] Read: 	 address = 0x40004800, size = 4 bytes, value = 0x0000800d, pc=0x080038E0 
[    6.344246] [passthrough] Read: 	 address = 0x4000481C, size = 4 bytes, value = 0x006000d0, pc=0x080038FA 
[    6.344735] [passthrough] Read: 	 address = 0x4000481C, size = 4 bytes, value = 0x006000d0, pc=0x0800392A 
[    6.345192] [passthrough] Read: 	 address = 0x4000481C, size = 4 bytes, value = 0x006000d0, pc=0x0800395E 
[    6.345648] [passthrough] Read: 	 address = 0x40004800, size = 4 bytes, value = 0x0000800d, pc=0x080038E0 
[    6.346104] [passthrough] Read: 	 address = 0x4000481C, size = 4 bytes, value = 0x006000d0, pc=0x080038FA 
[    6.346573] [passthrough] Read: 	 address = 0x4000481C, size = 4 bytes, value = 0x006000d0, pc=0x0800392A 
[    6.347064] [passthrough] Read: 	 address = 0x4000481C, size = 4 bytes, value = 0x006000d0, pc=0x0800395E 
[    6.347513] [passthrough] Read: 	 address = 0x40004800, size = 4 bytes, value = 0x0000800d, pc=0x080038E0 
[    6.348057] [passthrough] Read: 	 address = 0x4000481C, size = 4 bytes, value = 0x006000d0, pc=0x080038FA 
[    6.348589] [passthrough] Read: 	 address = 0x4000481C, size = 4 bytes, value = 0x006000d0, pc=0x0800392A 
[    6.349184] [passthrough] Read: 	 address = 0x4000481C, size = 4 bytes, value = 0x006000d0, pc=0x0800395E 
[    6.349643] Interrupt Taken: 	 Vector = 0x0000000F
[    6.349703] Interrupt Served: 	 Vector = 0x0000000F
[    6.353095] [passthrough] Read: 	 address = 0x40004800, size = 4 bytes, value = 0x0000800d, pc=0x080038E0 
[    6.353652] Interrupt Taken: 	 Vector = 0x0000000F
[    6.353929] Interrupt Served: 	 Vector = 0x0000000F
[    6.356858] Interrupt Taken: 	 Vector = 0x0000000F
[    6.356918] Interrupt Served: 	 Vector = 0x0000000F
[    6.360315] [passthrough] Read: 	 address = 0x4000481C, size = 4 bytes, value = 0x006000d0, pc=0x080038FA 
[    6.360900] [passthrough] Read: 	 address = 0x4000481C, size = 4 bytes, value = 0x006000d0, pc=0x0800392A 
[    6.361419] [passthrough] Read: 	 address = 0x4000481C, size = 4 bytes, value = 0x006000d0, pc=0x0800395E 
[    6.362112] [passthrough] Read: 	 address = 0x4000481C, size = 4 bytes, value = 0x006000d0, pc=0x0800395E 
[    6.362572] Interrupt Taken: 	 Vector = 0x0000000F
[    6.362668] Interrupt Served: 	 Vector = 0x0000000F
[    6.365912] [passthrough] Read: 	 address = 0x40004800, size = 4 bytes, value = 0x0000800d, pc=0x080038E0 
[    6.366481] [passthrough] Read: 	 address = 0x4000481C, size = 4 bytes, value = 0x006000d0, pc=0x080038FA 
[    6.367003] [passthrough] Read: 	 address = 0x4000481C, size = 4 bytes, value = 0x006000d0, pc=0x0800392A 
[    6.367534] [passthrough] Read: 	 address = 0x4000481C, size = 4 bytes, value = 0x006000d0, pc=0x0800395E 
[    6.368474] [passthrough] Read: 	 address = 0x40004800, size = 4 bytes, value = 0x0000800d, pc=0x080038E0 
[    6.368935] [passthrough] Read: 	 address = 0x4000481C, size = 4 bytes, value = 0x006000d0, pc=0x080038FA 
[    6.369348] [passthrough] Read: 	 address = 0x4000481C, size = 4 bytes, value = 0x006000d0, pc=0x0800392A 
[    6.369865] [passthrough] Read: 	 address = 0x4000481C, size = 4 bytes, value = 0x006000d0, pc=0x0800395E 
[    6.370333] [passthrough] Read: 	 address = 0x40004800, size = 4 bytes, value = 0x0000800d, pc=0x080038E0 
[    6.370764] [passthrough] Read: 	 address = 0x4000481C, size = 4 bytes, value = 0x006000d0, pc=0x080038FA 
[    6.371210] [passthrough] Read: 	 address = 0x4000481C, size = 4 bytes, value = 0x006000d0, pc=0x0800392A 
[    6.371668] [passthrough] Read: 	 address = 0x4000481C, size = 4 bytes, value = 0x006000d0, pc=0x0800395E 
[    6.372158] [passthrough] Read: 	 address = 0x40004800, size = 4 bytes, value = 0x0000800d, pc=0x080038E0 
[    6.372626] [passthrough] Read: 	 address = 0x4000481C, size = 4 bytes, value = 0x006000d0, pc=0x080038FA 
[    6.373136] [passthrough] Read: 	 address = 0x4000481C, size = 4 bytes, value = 0x006000d0, pc=0x0800392A 
[    6.373613] [passthrough] Read: 	 address = 0x4000481C, size = 4 bytes, value = 0x006000d0, pc=0x0800395E 
[    6.374259] [passthrough] Read: 	 address = 0x40004800, size = 4 bytes, value = 0x0000800d, pc=0x080038E0 
[    6.374727] Interrupt Taken: 	 Vector = 0x0000000F
[    6.374787] Interrupt Served: 	 Vector = 0x0000000F
[    6.378212] [passthrough] Read: 	 address = 0x4000481C, size = 4 bytes, value = 0x006000d0, pc=0x080038FA 
[    6.378704] Interrupt Taken: 	 Vector = 0x0000000F
[    6.378760] Interrupt Served: 	 Vector = 0x0000000F
[    6.381952] [passthrough] Read: 	 address = 0x4000481C, size = 4 bytes, value = 0x006000d0, pc=0x0800392A 
[    6.382613] [passthrough] Read: 	 address = 0x4000481C, size = 4 bytes, value = 0x006000d0, pc=0x0800395E 
[    6.383100] Interrupt Taken: 	 Vector = 0x0000000F
[    6.383207] Interrupt Served: 	 Vector = 0x0000000F
[    6.386091] Interrupt Taken: 	 Vector = 0x0000000F
[    6.386211] Interrupt Served: 	 Vector = 0x0000000F
[    6.389574] [passthrough] Read: 	 address = 0x40004800, size = 4 bytes, value = 0x0000800d, pc=0x080038E0 
[    6.390093] Interrupt Taken: 	 Vector = 0x0000000F
[    6.390140] Interrupt Served: 	 Vector = 0x0000000F
[    6.393074] [passthrough] Read: 	 address = 0x4000481C, size = 4 bytes, value = 0x006000d0, pc=0x080038FA 
[    6.393569] [passthrough] Read: 	 address = 0x4000481C, size = 4 bytes, value = 0x006000d0, pc=0x0800392A 
[    6.394478] [passthrough] Read: 	 address = 0x4000481C, size = 4 bytes, value = 0x006000d0, pc=0x0800395E 
[    6.394987] [passthrough] Read: 	 address = 0x40004800, size = 4 bytes, value = 0x0000800d, pc=0x080038E0 
[    6.395541] [passthrough] Read: 	 address = 0x4000481C, size = 4 bytes, value = 0x006000d0, pc=0x080038FA 
[    6.396059] [passthrough] Read: 	 address = 0x4000481C, size = 4 bytes, value = 0x006000d0, pc=0x0800392A 
[    6.396564] [passthrough] Read: 	 address = 0x4000481C, size = 4 bytes, value = 0x006000d0, pc=0x0800395E 
[    6.397009] [passthrough] Read: 	 address = 0x40004800, size = 4 bytes, value = 0x0000800d, pc=0x080038E0 
[    6.397496] [passthrough] Read: 	 address = 0x4000481C, size = 4 bytes, value = 0x006000d0, pc=0x080038FA 
[    6.397949] [passthrough] Read: 	 address = 0x4000481C, size = 4 bytes, value = 0x006000d0, pc=0x0800392A 
[    6.398389] [passthrough] Read: 	 address = 0x4000481C, size = 4 bytes, value = 0x006000d0, pc=0x0800395E 
[    6.398877] [passthrough] Read: 	 address = 0x40004800, size = 4 bytes, value = 0x0000800d, pc=0x080038E0 
[    6.399313] [passthrough] Read: 	 address = 0x4000481C, size = 4 bytes, value = 0x006000d0, pc=0x080038FA 
[    6.399748] [passthrough] Read: 	 address = 0x4000481C, size = 4 bytes, value = 0x006000d0, pc=0x0800392A 
[    6.400237] [passthrough] Read: 	 address = 0x4000481C, size = 4 bytes, value = 0x006000d0, pc=0x0800395E 
[    6.400724] [passthrough] Read: 	 address = 0x40004800, size = 4 bytes, value = 0x0000800d, pc=0x080038E0 
[    6.401228] [passthrough] Read: 	 address = 0x4000481C, size = 4 bytes, value = 0x006000d0, pc=0x080038FA 
[    6.401787] [passthrough] Read: 	 address = 0x4000481C, size = 4 bytes, value = 0x006000d0, pc=0x0800392A 
[    6.402263] [passthrough] Read: 	 address = 0x4000481C, size = 4 bytes, value = 0x006000d0, pc=0x0800395E 
[    6.402783] [passthrough] Read: 	 address = 0x40004800, size = 4 bytes, value = 0x0000800d, pc=0x080038E0 
[    6.403362] [passthrough] Read: 	 address = 0x4000481C, size = 4 bytes, value = 0x006000d0, pc=0x080038FA 
[    6.403887] [passthrough] Read: 	 address = 0x4000481C, size = 4 bytes, value = 0x006000d0, pc=0x0800392A 
[    6.404719] [passthrough] Read: 	 address = 0x4000481C, size = 4 bytes, value = 0x006000d0, pc=0x0800395E 
[    6.405182] Interrupt Taken: 	 Vector = 0x0000000F
[    6.405230] Interrupt Served: 	 Vector = 0x0000000F
[    6.408567] [passthrough] Read: 	 address = 0x40004800, size = 4 bytes, value = 0x0000800d, pc=0x080038E0 
[    6.409548] [passthrough] Read: 	 address = 0x4000481C, size = 4 bytes, value = 0x006000d0, pc=0x080038FA 
[    6.410133] [passthrough] Read: 	 address = 0x4000481C, size = 4 bytes, value = 0x006000d0, pc=0x0800392A 
[    6.410673] [passthrough] Read: 	 address = 0x4000481C, size = 4 bytes, value = 0x006000d0, pc=0x0800395E 
[    6.411156] [passthrough] Read: 	 address = 0x40004800, size = 4 bytes, value = 0x0000800d, pc=0x080038E0 
[    6.411626] [passthrough] Read: 	 address = 0x4000481C, size = 4 bytes, value = 0x006000d0, pc=0x080038FA 
[    6.412068] [passthrough] Read: 	 address = 0x4000481C, size = 4 bytes, value = 0x006000d0, pc=0x0800392A 
[    6.412609] [passthrough] Read: 	 address = 0x4000481C, size = 4 bytes, value = 0x006000d0, pc=0x0800395E 
[    6.413123] [passthrough] Read: 	 address = 0x40004800, size = 4 bytes, value = 0x0000800d, pc=0x080038E0 
[    6.413639] [passthrough] Read: 	 address = 0x4000481C, size = 4 bytes, value = 0x006000d0, pc=0x080038FA 
[    6.414119] [passthrough] Read: 	 address = 0x4000481C, size = 4 bytes, value = 0x006000d0, pc=0x0800392A 
[    6.414852] [passthrough] Read: 	 address = 0x4000481C, size = 4 bytes, value = 0x006000d0, pc=0x0800395E 
[    6.415402] [passthrough] Read: 	 address = 0x40004800, size = 4 bytes, value = 0x0000800d, pc=0x080038E0 
[    6.415888] [passthrough] Read: 	 address = 0x4000481C, size = 4 bytes, value = 0x006000d0, pc=0x080038FA 
[    6.416324] [passthrough] Read: 	 address = 0x4000481C, size = 4 bytes, value = 0x006000d0, pc=0x0800392A 
[    6.416747] [passthrough] Read: 	 address = 0x4000481C, size = 4 bytes, value = 0x006000d0, pc=0x0800395E 
[    6.417451] [passthrough] Read: 	 address = 0x40004800, size = 4 bytes, value = 0x0000800d, pc=0x080038E0 
[    6.417876] [passthrough] Read: 	 address = 0x4000481C, size = 4 bytes, value = 0x006000d0, pc=0x080038FA 
[    6.418331] [passthrough] Read: 	 address = 0x4000481C, size = 4 bytes, value = 0x006000d0, pc=0x0800392A 
[    6.418794] [passthrough] Read: 	 address = 0x4000481C, size = 4 bytes, value = 0x006000d0, pc=0x0800395E 
[    6.419230] [passthrough] Read: 	 address = 0x40004800, size = 4 bytes, value = 0x0000800d, pc=0x080038E0 
[    6.419630] [passthrough] Read: 	 address = 0x4000481C, size = 4 bytes, value = 0x006000d0, pc=0x080038FA 
[    6.420159] [passthrough] Read: 	 address = 0x4000481C, size = 4 bytes, value = 0x006000d0, pc=0x0800392A 
[    6.420630] [passthrough] Read: 	 address = 0x4000481C, size = 4 bytes, value = 0x006000d0, pc=0x0800395E 
[    6.421091] [passthrough] Read: 	 address = 0x40004800, size = 4 bytes, value = 0x0000800d, pc=0x080038E0 
[    6.421592] [passthrough] Read: 	 address = 0x4000481C, size = 4 bytes, value = 0x006000d0, pc=0x080038FA 
[    6.422115] [passthrough] Read: 	 address = 0x4000481C, size = 4 bytes, value = 0x006000d0, pc=0x0800392A 
[    6.422661] [passthrough] Read: 	 address = 0x4000481C, size = 4 bytes, value = 0x006000d0, pc=0x0800395E 
[    6.423207] [passthrough] Read: 	 address = 0x40004800, size = 4 bytes, value = 0x0000800d, pc=0x080038E0 
[    6.423682] [passthrough] Read: 	 address = 0x4000481C, size = 4 bytes, value = 0x006000d0, pc=0x080038FA 
[    6.424119] [passthrough] Read: 	 address = 0x4000481C, size = 4 bytes, value = 0x006000d0, pc=0x0800392A 
[    6.424553] [passthrough] Read: 	 address = 0x4000481C, size = 4 bytes, value = 0x006000d0, pc=0x0800395E 
[    6.425059] [passthrough] Read: 	 address = 0x40004800, size = 4 bytes, value = 0x0000800d, pc=0x080038E0 
[    6.425530] [passthrough] Read: 	 address = 0x4000481C, size = 4 bytes, value = 0x006000d0, pc=0x080038FA 
[    6.426081] [passthrough] Read: 	 address = 0x4000481C, size = 4 bytes, value = 0x006000d0, pc=0x0800392A 
[    6.426574] [passthrough] Read: 	 address = 0x4000481C, size = 4 bytes, value = 0x006000d0, pc=0x0800395E 
[    6.427069] [passthrough] Read: 	 address = 0x40004800, size = 4 bytes, value = 0x0000800d, pc=0x080038E0 
[    6.427514] [passthrough] Read: 	 address = 0x4000481C, size = 4 bytes, value = 0x006000d0, pc=0x080038FA 
[    6.427925] [passthrough] Read: 	 address = 0x4000481C, size = 4 bytes, value = 0x006000d0, pc=0x0800392A 
[    6.428367] [passthrough] Read: 	 address = 0x4000481C, size = 4 bytes, value = 0x006000d0, pc=0x0800395E 
[    6.428840] [passthrough] Read: 	 address = 0x40004800, size = 4 bytes, value = 0x0000800d, pc=0x080038E0 
[    6.429316] [passthrough] Read: 	 address = 0x4000481C, size = 4 bytes, value = 0x006000d0, pc=0x080038FA 
[    6.429851] [passthrough] Read: 	 address = 0x4000481C, size = 4 bytes, value = 0x006000d0, pc=0x0800392A 
[    6.430445] [passthrough] Read: 	 address = 0x4000481C, size = 4 bytes, value = 0x006000d0, pc=0x0800395E 
[    6.431273] [passthrough] Read: 	 address = 0x40004800, size = 4 bytes, value = 0x0000800d, pc=0x080038E0 
[    6.431764] Interrupt Taken: 	 Vector = 0x0000000F
[    6.431834] Interrupt Served: 	 Vector = 0x0000000F
[    6.435062] [passthrough] Read: 	 address = 0x4000481C, size = 4 bytes, value = 0x006000d0, pc=0x080038FA 
[    6.435912] [passthrough] Read: 	 address = 0x4000481C, size = 4 bytes, value = 0x006000d0, pc=0x0800392A 
[    6.436379] Interrupt Taken: 	 Vector = 0x0000000F
[    6.436451] Interrupt Served: 	 Vector = 0x0000000F
[    6.439637] [passthrough] Read: 	 address = 0x4000481C, size = 4 bytes, value = 0x006000d0, pc=0x0800395E 
[    6.440337] [passthrough] Read: 	 address = 0x40004800, size = 4 bytes, value = 0x0000800d, pc=0x080038E0 
[    6.440756] Interrupt Taken: 	 Vector = 0x0000000F
[    6.440815] Interrupt Served: 	 Vector = 0x0000000F
[    6.443968] [passthrough] Read: 	 address = 0x4000481C, size = 4 bytes, value = 0x006000d0, pc=0x080038FA 
[    6.444500] [passthrough] Read: 	 address = 0x4000481C, size = 4 bytes, value = 0x006000d0, pc=0x0800392A 
[    6.445072] [passthrough] Read: 	 address = 0x4000481C, size = 4 bytes, value = 0x006000d0, pc=0x0800395E 
[    6.445658] [passthrough] Read: 	 address = 0x40004800, size = 4 bytes, value = 0x0000800d, pc=0x080038E0 
[    6.446174] [passthrough] Read: 	 address = 0x4000481C, size = 4 bytes, value = 0x006000d0, pc=0x080038FA 
[    6.446645] [passthrough] Read: 	 address = 0x4000481C, size = 4 bytes, value = 0x006000d0, pc=0x0800392A 
[    6.447182] [passthrough] Read: 	 address = 0x4000481C, size = 4 bytes, value = 0x006000d0, pc=0x0800395E 
[    6.447910] [passthrough] Read: 	 address = 0x40004800, size = 4 bytes, value = 0x0000800d, pc=0x080038E0 
[    6.448405] Interrupt Taken: 	 Vector = 0x0000000F
[    6.448467] Interrupt Served: 	 Vector = 0x0000000F
[    6.451746] [passthrough] Read: 	 address = 0x4000481C, size = 4 bytes, value = 0x006000d0, pc=0x080038FA 
[    6.452330] Interrupt Taken: 	 Vector = 0x0000000F
[    6.452487] Interrupt Served: 	 Vector = 0x0000000F
[    6.455540] Interrupt Taken: 	 Vector = 0x0000000F
[    6.455618] Interrupt Served: 	 Vector = 0x0000000F
[    6.458744] [passthrough] Read: 	 address = 0x4000481C, size = 4 bytes, value = 0x006000d0, pc=0x0800392A 
[    6.459204] [passthrough] Read: 	 address = 0x4000481C, size = 4 bytes, value = 0x006000d0, pc=0x0800395E 
[    6.459666] [passthrough] Read: 	 address = 0x4000481C, size = 4 bytes, value = 0x006000d0, pc=0x0800395E 
[    6.460150] [passthrough] Read: 	 address = 0x40004800, size = 4 bytes, value = 0x0000800d, pc=0x080038E0 
[    6.460587] [passthrough] Read: 	 address = 0x4000481C, size = 4 bytes, value = 0x006000d0, pc=0x080038FA 
[    6.461115] [passthrough] Read: 	 address = 0x4000481C, size = 4 bytes, value = 0x006000d0, pc=0x0800392A 
[    6.461585] [passthrough] Read: 	 address = 0x4000481C, size = 4 bytes, value = 0x006000d0, pc=0x0800395E 
[    6.462037] [passthrough] Read: 	 address = 0x40004800, size = 4 bytes, value = 0x0000800d, pc=0x080038E0 
[    6.462529] [passthrough] Read: 	 address = 0x4000481C, size = 4 bytes, value = 0x006000d0, pc=0x080038FA 
[    6.463043] [passthrough] Read: 	 address = 0x4000481C, size = 4 bytes, value = 0x006000d0, pc=0x0800392A 
[    6.463561] [passthrough] Read: 	 address = 0x4000481C, size = 4 bytes, value = 0x006000d0, pc=0x0800395E 
[    6.464096] [passthrough] Read: 	 address = 0x40004800, size = 4 bytes, value = 0x0000800d, pc=0x080038E0 
[    6.464606] [passthrough] Read: 	 address = 0x4000481C, size = 4 bytes, value = 0x006000d0, pc=0x080038FA 
[    6.465241] [passthrough] Read: 	 address = 0x4000481C, size = 4 bytes, value = 0x006000d0, pc=0x0800392A 
[    6.465699] Interrupt Taken: 	 Vector = 0x0000000F
[    6.465773] Interrupt Served: 	 Vector = 0x0000000F
[    6.469010] [passthrough] Read: 	 address = 0x4000481C, size = 4 bytes, value = 0x006000d0, pc=0x0800395E 
[    6.469564] Interrupt Taken: 	 Vector = 0x0000000F
[    6.469612] Interrupt Served: 	 Vector = 0x0000000F
[    6.472706] [passthrough] Read: 	 address = 0x40004800, size = 4 bytes, value = 0x0000800d, pc=0x080038E0 
[    6.473250] [passthrough] Read: 	 address = 0x4000481C, size = 4 bytes, value = 0x006000d0, pc=0x080038FA 
[    6.473762] [passthrough] Read: 	 address = 0x4000481C, size = 4 bytes, value = 0x006000d0, pc=0x0800392A 
[    6.474253] [passthrough] Read: 	 address = 0x4000481C, size = 4 bytes, value = 0x006000d0, pc=0x0800395E 
[    6.474767] [passthrough] Read: 	 address = 0x40004800, size = 4 bytes, value = 0x0000800d, pc=0x080038E0 
[    6.475314] [passthrough] Read: 	 address = 0x4000481C, size = 4 bytes, value = 0x006000d0, pc=0x080038FA 
[    6.475855] [passthrough] Read: 	 address = 0x4000481C, size = 4 bytes, value = 0x006000d0, pc=0x0800392A 
[    6.476365] [passthrough] Read: 	 address = 0x4000481C, size = 4 bytes, value = 0x006000d0, pc=0x0800395E 
[    6.476891] [passthrough] Read: 	 address = 0x40004800, size = 4 bytes, value = 0x0000800d, pc=0x080038E0 
[    6.477397] [passthrough] Read: 	 address = 0x4000481C, size = 4 bytes, value = 0x006000d0, pc=0x080038FA 
[    6.477941] [passthrough] Read: 	 address = 0x4000481C, size = 4 bytes, value = 0x006000d0, pc=0x0800392A 
[    6.478463] [passthrough] Read: 	 address = 0x4000481C, size = 4 bytes, value = 0x006000d0, pc=0x0800395E 
[    6.478983] [passthrough] Read: 	 address = 0x40004800, size = 4 bytes, value = 0x0000800d, pc=0x080038E0 
[    6.479529] [passthrough] Read: 	 address = 0x4000481C, size = 4 bytes, value = 0x006000d0, pc=0x080038FA 
[    6.480108] [passthrough] Read: 	 address = 0x4000481C, size = 4 bytes, value = 0x006000d0, pc=0x0800392A 
[    6.480637] [passthrough] Read: 	 address = 0x4000481C, size = 4 bytes, value = 0x006000d0, pc=0x0800395E 
[    6.481156] [passthrough] Read: 	 address = 0x40004800, size = 4 bytes, value = 0x0000800d, pc=0x080038E0 
[    6.481643] [passthrough] Read: 	 address = 0x4000481C, size = 4 bytes, value = 0x006000d0, pc=0x080038FA 
[    6.482168] [passthrough] Read: 	 address = 0x4000481C, size = 4 bytes, value = 0x006000d0, pc=0x0800392A 
[    6.482651] [passthrough] Read: 	 address = 0x4000481C, size = 4 bytes, value = 0x006000d0, pc=0x0800395E 
[    6.483359] [passthrough] Read: 	 address = 0x40004800, size = 4 bytes, value = 0x0000800d, pc=0x080038E0 
[    6.483811] Interrupt Taken: 	 Vector = 0x0000000F
[    6.483912] Interrupt Served: 	 Vector = 0x0000000F
[    6.486732] Interrupt Taken: 	 Vector = 0x0000000F
[    6.486853] Interrupt Served: 	 Vector = 0x0000000F
[    6.490175] [passthrough] Read: 	 address = 0x4000481C, size = 4 bytes, value = 0x006000d0, pc=0x080038FA 
[    6.490766] [passthrough] Read: 	 address = 0x4000481C, size = 4 bytes, value = 0x006000d0, pc=0x0800392A 
[    6.491504] [passthrough] Read: 	 address = 0x4000481C, size = 4 bytes, value = 0x006000d0, pc=0x0800395E 
[    6.492074] [passthrough] Read: 	 address = 0x40004800, size = 4 bytes, value = 0x0000800d, pc=0x080038E0 
[    6.493100] [passthrough] Read: 	 address = 0x4000481C, size = 4 bytes, value = 0x006000d0, pc=0x080038FA 
[    6.493627] [passthrough] Read: 	 address = 0x4000481C, size = 4 bytes, value = 0x006000d0, pc=0x0800392A 
[    6.494113] [passthrough] Read: 	 address = 0x4000481C, size = 4 bytes, value = 0x006000d0, pc=0x0800395E 
[    6.494572] [passthrough] Read: 	 address = 0x40004800, size = 4 bytes, value = 0x0000800d, pc=0x080038E0 
[    6.495036] [passthrough] Read: 	 address = 0x4000481C, size = 4 bytes, value = 0x006000d0, pc=0x080038FA 
[    6.495528] [passthrough] Read: 	 address = 0x4000481C, size = 4 bytes, value = 0x006000d0, pc=0x0800392A 
[    6.495980] [passthrough] Read: 	 address = 0x4000481C, size = 4 bytes, value = 0x006000d0, pc=0x0800395E 
[    6.496485] [passthrough] Read: 	 address = 0x40004800, size = 4 bytes, value = 0x0000800d, pc=0x080038E0 
[    6.496970] [passthrough] Read: 	 address = 0x4000481C, size = 4 bytes, value = 0x006000d0, pc=0x080038FA 
[    6.497484] [passthrough] Read: 	 address = 0x4000481C, size = 4 bytes, value = 0x006000d0, pc=0x0800392A 
[    6.497969] [passthrough] Read: 	 address = 0x4000481C, size = 4 bytes, value = 0x006000d0, pc=0x0800395E 
[    6.498387] [passthrough] Read: 	 address = 0x40004800, size = 4 bytes, value = 0x0000800d, pc=0x080038E0 
[    6.498878] [passthrough] Read: 	 address = 0x4000481C, size = 4 bytes, value = 0x006000d0, pc=0x080038FA 
[    6.499368] [passthrough] Read: 	 address = 0x4000481C, size = 4 bytes, value = 0x006000d0, pc=0x0800392A 
[    6.499998] [passthrough] Read: 	 address = 0x4000481C, size = 4 bytes, value = 0x006000d0, pc=0x0800395E 
[    6.500738] [passthrough] Read: 	 address = 0x40004800, size = 4 bytes, value = 0x0000800d, pc=0x080038E0 
[    6.501218] Interrupt Taken: 	 Vector = 0x0000000F
[    6.501357] Interrupt Served: 	 Vector = 0x0000000F
[    6.504398] Interrupt Taken: 	 Vector = 0x0000000F
[    6.504494] Interrupt Served: 	 Vector = 0x0000000F
[    6.507710] [passthrough] Read: 	 address = 0x4000481C, size = 4 bytes, value = 0x006000d0, pc=0x080038FA 
[    6.508485] Interrupt Taken: 	 Vector = 0x0000000F
[    6.508586] Interrupt Served: 	 Vector = 0x0000000F
[    6.511665] Interrupt Taken: 	 Vector = 0x0000000F
[    6.511733] Interrupt Served: 	 Vector = 0x0000000F
[    6.514959] [passthrough] Read: 	 address = 0x4000481C, size = 4 bytes, value = 0x006000d0, pc=0x0800392A 
[    6.515466] [passthrough] Read: 	 address = 0x4000481C, size = 4 bytes, value = 0x006000d0, pc=0x0800395E 
[    6.515986] [passthrough] Read: 	 address = 0x40004800, size = 4 bytes, value = 0x0000800d, pc=0x080038E0 
[    6.516428] [passthrough] Read: 	 address = 0x4000481C, size = 4 bytes, value = 0x006000d0, pc=0x080038FA 
[    6.516906] [passthrough] Read: 	 address = 0x4000481C, size = 4 bytes, value = 0x006000d0, pc=0x0800392A 
[    6.517348] [passthrough] Read: 	 address = 0x4000481C, size = 4 bytes, value = 0x006000d0, pc=0x0800395E 
[    6.517806] [passthrough] Read: 	 address = 0x40004800, size = 4 bytes, value = 0x0000800d, pc=0x080038E0 
[    6.518307] [passthrough] Read: 	 address = 0x4000481C, size = 4 bytes, value = 0x006000d0, pc=0x080038FA 
[    6.518873] [passthrough] Read: 	 address = 0x4000481C, size = 4 bytes, value = 0x006000d0, pc=0x0800392A 
[    6.519331] [passthrough] Read: 	 address = 0x4000481C, size = 4 bytes, value = 0x006000d0, pc=0x0800395E 
[    6.519748] [passthrough] Read: 	 address = 0x40004800, size = 4 bytes, value = 0x0000800d, pc=0x080038E0 
[    6.520376] [passthrough] Read: 	 address = 0x4000481C, size = 4 bytes, value = 0x006000d0, pc=0x080038FA 
[    6.520815] [passthrough] Read: 	 address = 0x4000481C, size = 4 bytes, value = 0x006000d0, pc=0x0800392A 
[    6.521625] [passthrough] Read: 	 address = 0x4000481C, size = 4 bytes, value = 0x006000d0, pc=0x0800395E 
[    6.522122] Interrupt Taken: 	 Vector = 0x0000000F
[    6.522283] Interrupt Served: 	 Vector = 0x0000000F
[    6.525384] Interrupt Taken: 	 Vector = 0x0000000F
[    6.525452] Interrupt Served: 	 Vector = 0x0000000F
[    6.528634] [passthrough] Read: 	 address = 0x40004800, size = 4 bytes, value = 0x0000800d, pc=0x080038E0 
[    6.529108] [passthrough] Read: 	 address = 0x4000481C, size = 4 bytes, value = 0x006000d0, pc=0x080038FA 
[    6.529569] [passthrough] Read: 	 address = 0x4000481C, size = 4 bytes, value = 0x006000d0, pc=0x0800392A 
[    6.530073] [passthrough] Read: 	 address = 0x4000481C, size = 4 bytes, value = 0x006000d0, pc=0x0800395E 
[    6.530575] [passthrough] Read: 	 address = 0x40004800, size = 4 bytes, value = 0x0000800d, pc=0x080038E0 
[    6.531425] [passthrough] Read: 	 address = 0x4000481C, size = 4 bytes, value = 0x006000d0, pc=0x080038FA 
[    6.531898] Interrupt Taken: 	 Vector = 0x0000000F
[    6.532087] Interrupt Served: 	 Vector = 0x0000000F
[    6.534955] Interrupt Taken: 	 Vector = 0x0000000F
[    6.535092] Interrupt Served: 	 Vector = 0x0000000F
[    6.538612] [passthrough] Read: 	 address = 0x4000481C, size = 4 bytes, value = 0x006000d0, pc=0x0800392A 
[    6.539284] [passthrough] Read: 	 address = 0x4000481C, size = 4 bytes, value = 0x006000d0, pc=0x0800395E 
[    6.539773] [passthrough] Read: 	 address = 0x4000481C, size = 4 bytes, value = 0x006000d0, pc=0x0800395E 
[    6.540229] [passthrough] Read: 	 address = 0x40004800, size = 4 bytes, value = 0x0000800d, pc=0x080038E0 
[    6.540676] [passthrough] Read: 	 address = 0x4000481C, size = 4 bytes, value = 0x006000d0, pc=0x080038FA 
[    6.541145] [passthrough] Read: 	 address = 0x4000481C, size = 4 bytes, value = 0x006000d0, pc=0x0800392A 
[    6.541593] [passthrough] Read: 	 address = 0x4000481C, size = 4 bytes, value = 0x006000d0, pc=0x0800395E 
[    6.542077] [passthrough] Read: 	 address = 0x40004800, size = 4 bytes, value = 0x0000800d, pc=0x080038E0 
[    6.542697] [passthrough] Read: 	 address = 0x4000481C, size = 4 bytes, value = 0x006000d0, pc=0x080038FA 
[    6.543265] [passthrough] Read: 	 address = 0x4000481C, size = 4 bytes, value = 0x006000d0, pc=0x0800392A 
[    6.543799] [passthrough] Read: 	 address = 0x4000481C, size = 4 bytes, value = 0x006000d0, pc=0x0800395E 
[    6.544271] [passthrough] Read: 	 address = 0x40004800, size = 4 bytes, value = 0x0000800d, pc=0x080038E0 
[    6.544762] [passthrough] Read: 	 address = 0x4000481C, size = 4 bytes, value = 0x006000d0, pc=0x080038FA 
[    6.545260] [passthrough] Read: 	 address = 0x4000481C, size = 4 bytes, value = 0x006000d0, pc=0x0800392A 
[    6.545788] [passthrough] Read: 	 address = 0x4000481C, size = 4 bytes, value = 0x006000d0, pc=0x0800395E 
[    6.546302] [passthrough] Read: 	 address = 0x40004800, size = 4 bytes, value = 0x0000800d, pc=0x080038E0 
[    6.546862] [passthrough] Read: 	 address = 0x4000481C, size = 4 bytes, value = 0x006000d0, pc=0x080038FA 
[    6.547374] [passthrough] Read: 	 address = 0x4000481C, size = 4 bytes, value = 0x006000d0, pc=0x0800392A 
[    6.547998] [passthrough] Read: 	 address = 0x4000481C, size = 4 bytes, value = 0x006000d0, pc=0x0800395E 
[    6.548479] Interrupt Taken: 	 Vector = 0x0000000F
[    6.548540] Interrupt Served: 	 Vector = 0x0000000F
[    6.552005] [passthrough] Read: 	 address = 0x40004800, size = 4 bytes, value = 0x0000800d, pc=0x080038E0 
[    6.552572] Interrupt Taken: 	 Vector = 0x0000000F
[    6.552679] Interrupt Served: 	 Vector = 0x0000000F
[    6.555877] Interrupt Taken: 	 Vector = 0x0000000F
[    6.555961] Interrupt Served: 	 Vector = 0x0000000F
[    6.559463] [passthrough] Read: 	 address = 0x4000481C, size = 4 bytes, value = 0x006000d0, pc=0x080038FA 
[    6.559943] Interrupt Taken: 	 Vector = 0x0000000F
[    6.560104] Interrupt Served: 	 Vector = 0x0000000F
[    6.563063] Interrupt Taken: 	 Vector = 0x0000000F
[    6.563146] Interrupt Served: 	 Vector = 0x0000000F
[    6.566304] [passthrough] Read: 	 address = 0x4000481C, size = 4 bytes, value = 0x006000f0, pc=0x0800392A 
[    6.566824] Interrupt Taken: 	 Vector = 0x0000000F
[    6.566880] Interrupt Served: 	 Vector = 0x0000000F
[    6.570277] [passthrough] Read: 	 address = 0x4000481C, size = 4 bytes, value = 0x006000f0, pc=0x0800395E 
[    6.570965] Interrupt Taken: 	 Vector = 0x0000000F
[    6.571073] Interrupt Served: 	 Vector = 0x0000000F
[    6.574623] Interrupt Taken: 	 Vector = 0x0000000F
[    6.574695] Interrupt Served: 	 Vector = 0x0000000F
[    6.579463] Interrupt Taken: 	 Vector = 0x0000000F
[    6.579517] Interrupt Served: 	 Vector = 0x0000000F
[    6.583304] [passthrough] Read: 	 address = 0x40004824, size = 4 bytes, value = 0x00000068, pc=0x08002AF6 
[    6.583786] Interrupt Taken: 	 Vector = 0x0000000F
[    6.583825] Interrupt Served: 	 Vector = 0x0000000F
[    6.588628] Interrupt Taken: 	 Vector = 0x0000000F
[    6.588688] Interrupt Served: 	 Vector = 0x0000000F
[    6.592389] Interrupt Taken: 	 Vector = 0x0000000F
[    6.592465] Interrupt Served: 	 Vector = 0x0000000F
[    6.596110] Interrupt Taken: 	 Vector = 0x0000000F
[    6.596173] Interrupt Served: 	 Vector = 0x0000000F
[    6.599505] [passthrough] Read: 	 address = 0x4000481C, size = 4 bytes, value = 0x006000d0, pc=0x0800395E 
[    6.599963] Interrupt Taken: 	 Vector = 0x0000000F
[    6.600008] Interrupt Served: 	 Vector = 0x0000000F
[    6.603273] [passthrough] Write: 	 address = 0x40004828, size = 4 bytes, value = 0x00000068, pc=0x08002952 
[    6.603947] Interrupt Taken: 	 Vector = 0x0000000F
[    6.603994] Interrupt Served: 	 Vector = 0x0000000F
[    6.607280] [passthrough] Read: 	 address = 0x4000481C, size = 4 bytes, value = 0x006000d0, pc=0x0800395E 
[    6.607810] Interrupt Taken: 	 Vector = 0x0000000F
[    6.607944] Interrupt Served: 	 Vector = 0x0000000F
[    6.610930] Interrupt Taken: 	 Vector = 0x0000000F
[    6.611158] Interrupt Served: 	 Vector = 0x0000000F
[    6.614134] Interrupt Taken: 	 Vector = 0x0000000F
[    6.614234] Interrupt Served: 	 Vector = 0x0000000F
[    6.617760] Interrupt Taken: 	 Vector = 0x0000000F
[    6.617823] Interrupt Served: 	 Vector = 0x0000000F
[    6.621162] [passthrough] Read: 	 address = 0x4000481C, size = 4 bytes, value = 0x006000d0, pc=0x0800395E 
[    6.621888] [passthrough] Read: 	 address = 0x40004800, size = 4 bytes, value = 0x0000800d, pc=0x080038E0 
[    6.622398] [passthrough] Read: 	 address = 0x4000481C, size = 4 bytes, value = 0x006000d0, pc=0x080038FA 
[    6.622918] [passthrough] Read: 	 address = 0x4000481C, size = 4 bytes, value = 0x006000d0, pc=0x0800392A 
[    6.623437] [passthrough] Read: 	 address = 0x4000481C, size = 4 bytes, value = 0x006000d0, pc=0x0800395E 
[    6.624160] [passthrough] Read: 	 address = 0x40004800, size = 4 bytes, value = 0x0000800d, pc=0x080038E0 
[    6.624660] Interrupt Taken: 	 Vector = 0x0000000F
[    6.624806] Interrupt Served: 	 Vector = 0x0000000F
[    6.627946] Interrupt Taken: 	 Vector = 0x0000000F
[    6.628077] Interrupt Served: 	 Vector = 0x0000000F
[    6.631262] [passthrough] Read: 	 address = 0x4000481C, size = 4 bytes, value = 0x006000d0, pc=0x080038FA 
[    6.631730] Interrupt Taken: 	 Vector = 0x0000000F
[    6.631857] Interrupt Served: 	 Vector = 0x0000000F
[    6.634813] Interrupt Taken: 	 Vector = 0x0000000F
[    6.634886] Interrupt Served: 	 Vector = 0x0000000F
[    6.638165] [passthrough] Read: 	 address = 0x4000481C, size = 4 bytes, value = 0x006000d0, pc=0x0800392A 
[    6.638682] Interrupt Taken: 	 Vector = 0x0000000F
[    6.638732] Interrupt Served: 	 Vector = 0x0000000F
[    6.641988] [passthrough] Read: 	 address = 0x4000481C, size = 4 bytes, value = 0x006000d0, pc=0x0800395E 
[    6.642495] Interrupt Taken: 	 Vector = 0x0000000F
[    6.642543] Interrupt Served: 	 Vector = 0x0000000F
[    6.645694] [passthrough] Read: 	 address = 0x40004800, size = 4 bytes, value = 0x0000800d, pc=0x080038E0 
[    6.646153] Interrupt Taken: 	 Vector = 0x0000000F
[    6.646295] Interrupt Served: 	 Vector = 0x0000000F
[    6.649394] Interrupt Taken: 	 Vector = 0x0000000F
[    6.649486] Interrupt Served: 	 Vector = 0x0000000F
[    6.652635] [passthrough] Read: 	 address = 0x4000481C, size = 4 bytes, value = 0x006000d0, pc=0x080038FA 
[    6.653154] [passthrough] Read: 	 address = 0x4000481C, size = 4 bytes, value = 0x006000d0, pc=0x0800392A 
[    6.653698] [passthrough] Read: 	 address = 0x4000481C, size = 4 bytes, value = 0x006000d0, pc=0x0800395E 
[    6.654200] [passthrough] Read: 	 address = 0x40004800, size = 4 bytes, value = 0x0000800d, pc=0x080038E0 
[    6.654714] [passthrough] Read: 	 address = 0x4000481C, size = 4 bytes, value = 0x006000d0, pc=0x080038FA 
[    6.655189] [passthrough] Read: 	 address = 0x4000481C, size = 4 bytes, value = 0x006000d0, pc=0x0800392A 
[    6.655703] [passthrough] Read: 	 address = 0x4000481C, size = 4 bytes, value = 0x006000d0, pc=0x0800395E 
[    6.656166] [passthrough] Read: 	 address = 0x40004800, size = 4 bytes, value = 0x0000800d, pc=0x080038E0 
[    6.656712] [passthrough] Read: 	 address = 0x4000481C, size = 4 bytes, value = 0x006000d0, pc=0x080038FA 
[    6.657226] [passthrough] Read: 	 address = 0x4000481C, size = 4 bytes, value = 0x006000d0, pc=0x0800392A 
[    6.657726] [passthrough] Read: 	 address = 0x4000481C, size = 4 bytes, value = 0x006000d0, pc=0x0800395E 
[    6.658266] [passthrough] Read: 	 address = 0x40004800, size = 4 bytes, value = 0x0000800d, pc=0x080038E0 
[    6.658744] [passthrough] Read: 	 address = 0x4000481C, size = 4 bytes, value = 0x006000d0, pc=0x080038FA 
[    6.659725] [passthrough] Read: 	 address = 0x4000481C, size = 4 bytes, value = 0x006000d0, pc=0x0800392A 
[    6.660236] Interrupt Taken: 	 Vector = 0x0000000F
[    6.660397] Interrupt Served: 	 Vector = 0x0000000F
[    6.663353] Interrupt Taken: 	 Vector = 0x0000000F
[    6.663444] Interrupt Served: 	 Vector = 0x0000000F
[    6.666991] [passthrough] Read: 	 address = 0x4000481C, size = 4 bytes, value = 0x006000d0, pc=0x0800395E 
[    6.667527] [passthrough] Read: 	 address = 0x40004800, size = 4 bytes, value = 0x0000800d, pc=0x080038E0 
[    6.668070] [passthrough] Read: 	 address = 0x4000481C, size = 4 bytes, value = 0x006000d0, pc=0x080038FA 
[    6.668569] [passthrough] Read: 	 address = 0x4000481C, size = 4 bytes, value = 0x006000d0, pc=0x0800392A 
[    6.669072] [passthrough] Read: 	 address = 0x4000481C, size = 4 bytes, value = 0x006000d0, pc=0x0800395E 
[    6.669595] [passthrough] Read: 	 address = 0x40004800, size = 4 bytes, value = 0x0000800d, pc=0x080038E0 
[    6.670105] [passthrough] Read: 	 address = 0x4000481C, size = 4 bytes, value = 0x006000d0, pc=0x080038FA 
[    6.670628] [passthrough] Read: 	 address = 0x4000481C, size = 4 bytes, value = 0x006000d0, pc=0x0800392A 
[    6.671149] [passthrough] Read: 	 address = 0x4000481C, size = 4 bytes, value = 0x006000d0, pc=0x0800395E 
[    6.671643] [passthrough] Read: 	 address = 0x40004800, size = 4 bytes, value = 0x0000800d, pc=0x080038E0 
[    6.672112] [passthrough] Read: 	 address = 0x4000481C, size = 4 bytes, value = 0x006000d0, pc=0x080038FA 
[    6.672650] [passthrough] Read: 	 address = 0x4000481C, size = 4 bytes, value = 0x006000d0, pc=0x0800392A 
[    6.673169] [passthrough] Read: 	 address = 0x4000481C, size = 4 bytes, value = 0x006000d0, pc=0x0800395E 
[    6.673701] [passthrough] Read: 	 address = 0x40004800, size = 4 bytes, value = 0x0000800d, pc=0x080038E0 
[    6.674234] [passthrough] Read: 	 address = 0x4000481C, size = 4 bytes, value = 0x006000d0, pc=0x080038FA 
[    6.674801] [passthrough] Read: 	 address = 0x4000481C, size = 4 bytes, value = 0x006000d0, pc=0x0800392A 
[    6.675334] [passthrough] Read: 	 address = 0x4000481C, size = 4 bytes, value = 0x006000d0, pc=0x0800395E 
[    6.675977] [passthrough] Read: 	 address = 0x40004800, size = 4 bytes, value = 0x0000800d, pc=0x080038E0 
[    6.676461] Interrupt Taken: 	 Vector = 0x0000000F
[    6.676572] Interrupt Served: 	 Vector = 0x0000000F
[    6.679442] Interrupt Taken: 	 Vector = 0x0000000F
[    6.679512] Interrupt Served: 	 Vector = 0x0000000F
[    6.682593] [passthrough] Read: 	 address = 0x4000481C, size = 4 bytes, value = 0x006000d0, pc=0x080038FA 
[    6.683182] [passthrough] Read: 	 address = 0x4000481C, size = 4 bytes, value = 0x006000d0, pc=0x0800392A 
[    6.683611] Interrupt Taken: 	 Vector = 0x0000000F
[    6.683680] Interrupt Served: 	 Vector = 0x0000000F
[    6.686532] Interrupt Taken: 	 Vector = 0x0000000F
[    6.686609] Interrupt Served: 	 Vector = 0x0000000F
[    6.689785] [passthrough] Read: 	 address = 0x4000481C, size = 4 bytes, value = 0x006000d0, pc=0x0800395E 
[    6.690298] Interrupt Taken: 	 Vector = 0x0000000F
[    6.690364] Interrupt Served: 	 Vector = 0x0000000F
[    6.693753] [passthrough] Read: 	 address = 0x4000481C, size = 4 bytes, value = 0x006000d0, pc=0x0800395E 
[    6.694223] Interrupt Taken: 	 Vector = 0x0000000F
[    6.694355] Interrupt Served: 	 Vector = 0x0000000F
[    6.697427] Interrupt Taken: 	 Vector = 0x0000000F
[    6.697499] Interrupt Served: 	 Vector = 0x0000000F
[    6.700820] [passthrough] Read: 	 address = 0x40004800, size = 4 bytes, value = 0x0000800d, pc=0x080038E0 
[    6.701368] [passthrough] Read: 	 address = 0x4000481C, size = 4 bytes, value = 0x006000d0, pc=0x080038FA 
[    6.701836] [passthrough] Read: 	 address = 0x4000481C, size = 4 bytes, value = 0x006000d0, pc=0x0800392A 
[    6.702264] [passthrough] Read: 	 address = 0x4000481C, size = 4 bytes, value = 0x006000d0, pc=0x0800395E 
[    6.702751] [passthrough] Read: 	 address = 0x40004800, size = 4 bytes, value = 0x0000800d, pc=0x080038E0 
[    6.703263] [passthrough] Read: 	 address = 0x4000481C, size = 4 bytes, value = 0x006000d0, pc=0x080038FA 
[    6.703751] [passthrough] Read: 	 address = 0x4000481C, size = 4 bytes, value = 0x006000d0, pc=0x0800392A 
[    6.704235] [passthrough] Read: 	 address = 0x4000481C, size = 4 bytes, value = 0x006000d0, pc=0x0800395E 
[    6.705158] [passthrough] Read: 	 address = 0x40004800, size = 4 bytes, value = 0x0000800d, pc=0x080038E0 
[    6.705601] Interrupt Taken: 	 Vector = 0x0000000F
[    6.705656] Interrupt Served: 	 Vector = 0x0000000F
[    6.708687] [passthrough] Read: 	 address = 0x4000481C, size = 4 bytes, value = 0x006000d0, pc=0x080038FA 
[    6.709164] [passthrough] Read: 	 address = 0x4000481C, size = 4 bytes, value = 0x006000d0, pc=0x0800392A 
[    6.709671] [passthrough] Read: 	 address = 0x4000481C, size = 4 bytes, value = 0x006000d0, pc=0x0800395E 
[    6.710165] [passthrough] Read: 	 address = 0x40004800, size = 4 bytes, value = 0x0000800d, pc=0x080038E0 
[    6.710634] [passthrough] Read: 	 address = 0x4000481C, size = 4 bytes, value = 0x006000d0, pc=0x080038FA 
[    6.711146] [passthrough] Read: 	 address = 0x4000481C, size = 4 bytes, value = 0x006000d0, pc=0x0800392A 
[    6.711628] [passthrough] Read: 	 address = 0x4000481C, size = 4 bytes, value = 0x006000d0, pc=0x0800395E 
[    6.712081] [passthrough] Read: 	 address = 0x40004800, size = 4 bytes, value = 0x0000800d, pc=0x080038E0 
[    6.712548] [passthrough] Read: 	 address = 0x4000481C, size = 4 bytes, value = 0x006000d0, pc=0x080038FA 
[    6.713074] [passthrough] Read: 	 address = 0x4000481C, size = 4 bytes, value = 0x006000d0, pc=0x0800392A 
[    6.713667] [passthrough] Read: 	 address = 0x4000481C, size = 4 bytes, value = 0x006000d0, pc=0x0800395E 
[    6.714156] [passthrough] Read: 	 address = 0x40004800, size = 4 bytes, value = 0x0000800d, pc=0x080038E0 
[    6.714686] [passthrough] Read: 	 address = 0x4000481C, size = 4 bytes, value = 0x006000d0, pc=0x080038FA 
[    6.715155] [passthrough] Read: 	 address = 0x4000481C, size = 4 bytes, value = 0x006000d0, pc=0x0800392A 
[    6.715627] [passthrough] Read: 	 address = 0x4000481C, size = 4 bytes, value = 0x006000d0, pc=0x0800395E 
[    6.716072] [passthrough] Read: 	 address = 0x40004800, size = 4 bytes, value = 0x0000800d, pc=0x080038E0 
[    6.716549] [passthrough] Read: 	 address = 0x4000481C, size = 4 bytes, value = 0x006000d0, pc=0x080038FA 
[    6.717002] [passthrough] Read: 	 address = 0x4000481C, size = 4 bytes, value = 0x006000d0, pc=0x0800392A 
[    6.717490] [passthrough] Read: 	 address = 0x4000481C, size = 4 bytes, value = 0x006000d0, pc=0x0800395E 
[    6.717946] [passthrough] Read: 	 address = 0x40004800, size = 4 bytes, value = 0x0000800d, pc=0x080038E0 
[    6.718458] [passthrough] Read: 	 address = 0x4000481C, size = 4 bytes, value = 0x006000d0, pc=0x080038FA 
[    6.718901] [passthrough] Read: 	 address = 0x4000481C, size = 4 bytes, value = 0x006000d0, pc=0x0800392A 
[    6.719333] [passthrough] Read: 	 address = 0x4000481C, size = 4 bytes, value = 0x006000d0, pc=0x0800395E 
[    6.719755] [passthrough] Read: 	 address = 0x40004800, size = 4 bytes, value = 0x0000800d, pc=0x080038E0 
[    6.720234] [passthrough] Read: 	 address = 0x4000481C, size = 4 bytes, value = 0x006000d0, pc=0x080038FA 
[    6.720672] [passthrough] Read: 	 address = 0x4000481C, size = 4 bytes, value = 0x006000d0, pc=0x0800392A 
[    6.721110] [passthrough] Read: 	 address = 0x4000481C, size = 4 bytes, value = 0x006000d0, pc=0x0800395E 
[    6.721515] [passthrough] Read: 	 address = 0x40004800, size = 4 bytes, value = 0x0000800d, pc=0x080038E0 
[    6.722008] [passthrough] Read: 	 address = 0x4000481C, size = 4 bytes, value = 0x006000d0, pc=0x080038FA 
[    6.722534] [passthrough] Read: 	 address = 0x4000481C, size = 4 bytes, value = 0x006000d0, pc=0x0800392A 
[    6.723161] [passthrough] Read: 	 address = 0x4000481C, size = 4 bytes, value = 0x006000d0, pc=0x0800395E 
[    6.723658] [passthrough] Read: 	 address = 0x40004800, size = 4 bytes, value = 0x0000800d, pc=0x080038E0 
[    6.724235] [passthrough] Read: 	 address = 0x4000481C, size = 4 bytes, value = 0x006000d0, pc=0x080038FA 
[    6.724942] [passthrough] Read: 	 address = 0x4000481C, size = 4 bytes, value = 0x006000d0, pc=0x0800392A 
[    6.725383] Interrupt Taken: 	 Vector = 0x0000000F
[    6.725563] Interrupt Served: 	 Vector = 0x0000000F
[    6.728524] Interrupt Taken: 	 Vector = 0x0000000F
[    6.728603] Interrupt Served: 	 Vector = 0x0000000F
[    6.731857] [passthrough] Read: 	 address = 0x4000481C, size = 4 bytes, value = 0x006000d0, pc=0x0800395E 
[    6.732368] [passthrough] Read: 	 address = 0x40004800, size = 4 bytes, value = 0x0000800d, pc=0x080038E0 
[    6.732789] [passthrough] Read: 	 address = 0x4000481C, size = 4 bytes, value = 0x006000d0, pc=0x080038FA 
[    6.733258] [passthrough] Read: 	 address = 0x4000481C, size = 4 bytes, value = 0x006000d0, pc=0x0800392A 
[    6.733706] [passthrough] Read: 	 address = 0x4000481C, size = 4 bytes, value = 0x006000d0, pc=0x0800395E 
[    6.734180] [passthrough] Read: 	 address = 0x40004800, size = 4 bytes, value = 0x0000800d, pc=0x080038E0 
[    6.734779] [passthrough] Read: 	 address = 0x4000481C, size = 4 bytes, value = 0x006000d0, pc=0x080038FA 
[    6.735264] [passthrough] Read: 	 address = 0x4000481C, size = 4 bytes, value = 0x006000d0, pc=0x0800392A 
[    6.735752] [passthrough] Read: 	 address = 0x4000481C, size = 4 bytes, value = 0x006000d0, pc=0x0800395E 
[    6.736203] [passthrough] Read: 	 address = 0x40004800, size = 4 bytes, value = 0x0000800d, pc=0x080038E0 
[    6.736755] [passthrough] Read: 	 address = 0x4000481C, size = 4 bytes, value = 0x006000d0, pc=0x080038FA 
[    6.737300] [passthrough] Read: 	 address = 0x4000481C, size = 4 bytes, value = 0x006000d0, pc=0x0800392A 
[    6.737798] [passthrough] Read: 	 address = 0x4000481C, size = 4 bytes, value = 0x006000d0, pc=0x0800395E 
[    6.738554] [passthrough] Read: 	 address = 0x40004800, size = 4 bytes, value = 0x0000800d, pc=0x080038E0 
[    6.739108] Interrupt Taken: 	 Vector = 0x0000000F
[    6.739172] Interrupt Served: 	 Vector = 0x0000000F
[    6.742240] [passthrough] Read: 	 address = 0x4000481C, size = 4 bytes, value = 0x006000d0, pc=0x080038FA 
[    6.742735] [passthrough] Read: 	 address = 0x4000481C, size = 4 bytes, value = 0x006000d0, pc=0x0800392A 
[    6.743209] [passthrough] Read: 	 address = 0x4000481C, size = 4 bytes, value = 0x006000d0, pc=0x0800395E 
[    6.743637] [passthrough] Read: 	 address = 0x40004800, size = 4 bytes, value = 0x0000800d, pc=0x080038E0 
[    6.744136] [passthrough] Read: 	 address = 0x4000481C, size = 4 bytes, value = 0x006000d0, pc=0x080038FA 
[    6.744586] [passthrough] Read: 	 address = 0x4000481C, size = 4 bytes, value = 0x006000d0, pc=0x0800392A 
[    6.745538] [passthrough] Read: 	 address = 0x4000481C, size = 4 bytes, value = 0x006000d0, pc=0x0800395E 
[    6.746160] [passthrough] Read: 	 address = 0x40004800, size = 4 bytes, value = 0x0000800d, pc=0x080038E0 
[    6.746617] Interrupt Taken: 	 Vector = 0x0000000F
[    6.746720] Interrupt Served: 	 Vector = 0x0000000F
[    6.749639] Interrupt Taken: 	 Vector = 0x0000000F
[    6.749716] Interrupt Served: 	 Vector = 0x0000000F
[    6.752970] [passthrough] Read: 	 address = 0x4000481C, size = 4 bytes, value = 0x006000d0, pc=0x080038FA 
[    6.753477] [passthrough] Read: 	 address = 0x4000481C, size = 4 bytes, value = 0x006000d0, pc=0x0800392A 
[    6.753983] [passthrough] Read: 	 address = 0x4000481C, size = 4 bytes, value = 0x006000d0, pc=0x0800395E 
[    6.754437] [passthrough] Read: 	 address = 0x40004800, size = 4 bytes, value = 0x0000800d, pc=0x080038E0 
[    6.754878] [passthrough] Read: 	 address = 0x4000481C, size = 4 bytes, value = 0x006000d0, pc=0x080038FA 
[    6.755347] [passthrough] Read: 	 address = 0x4000481C, size = 4 bytes, value = 0x006000d0, pc=0x0800392A 
[    6.755796] [passthrough] Read: 	 address = 0x4000481C, size = 4 bytes, value = 0x006000d0, pc=0x0800395E 
[    6.756265] [passthrough] Read: 	 address = 0x40004800, size = 4 bytes, value = 0x0000800d, pc=0x080038E0 
[    6.756714] [passthrough] Read: 	 address = 0x4000481C, size = 4 bytes, value = 0x006000d0, pc=0x080038FA 
[    6.757188] [passthrough] Read: 	 address = 0x4000481C, size = 4 bytes, value = 0x006000d0, pc=0x0800392A 
[    6.757630] [passthrough] Read: 	 address = 0x4000481C, size = 4 bytes, value = 0x006000d0, pc=0x0800395E 
[    6.758157] [passthrough] Read: 	 address = 0x40004800, size = 4 bytes, value = 0x0000800d, pc=0x080038E0 
[    6.758669] [passthrough] Read: 	 address = 0x4000481C, size = 4 bytes, value = 0x006000d0, pc=0x080038FA 
[    6.759179] [passthrough] Read: 	 address = 0x4000481C, size = 4 bytes, value = 0x006000d0, pc=0x0800392A 
[    6.759703] [passthrough] Read: 	 address = 0x4000481C, size = 4 bytes, value = 0x006000d0, pc=0x0800395E 
[    6.760260] [passthrough] Read: 	 address = 0x40004800, size = 4 bytes, value = 0x0000800d, pc=0x080038E0 
[    6.760790] [passthrough] Read: 	 address = 0x4000481C, size = 4 bytes, value = 0x006000d0, pc=0x080038FA 
[    6.761273] [passthrough] Read: 	 address = 0x4000481C, size = 4 bytes, value = 0x006000d0, pc=0x0800392A 
[    6.761720] [passthrough] Read: 	 address = 0x4000481C, size = 4 bytes, value = 0x006000d0, pc=0x0800395E 
[    6.762191] [passthrough] Read: 	 address = 0x40004800, size = 4 bytes, value = 0x0000800d, pc=0x080038E0 
[    6.762674] [passthrough] Read: 	 address = 0x4000481C, size = 4 bytes, value = 0x006000d0, pc=0x080038FA 
[    6.763185] [passthrough] Read: 	 address = 0x4000481C, size = 4 bytes, value = 0x006000d0, pc=0x0800392A 
[    6.763666] [passthrough] Read: 	 address = 0x4000481C, size = 4 bytes, value = 0x006000d0, pc=0x0800395E 
[    6.764163] [passthrough] Read: 	 address = 0x40004800, size = 4 bytes, value = 0x0000800d, pc=0x080038E0 
[    6.764687] [passthrough] Read: 	 address = 0x4000481C, size = 4 bytes, value = 0x006000d0, pc=0x080038FA 
[    6.765175] [passthrough] Read: 	 address = 0x4000481C, size = 4 bytes, value = 0x006000d0, pc=0x0800392A 
[    6.765682] [passthrough] Read: 	 address = 0x4000481C, size = 4 bytes, value = 0x006000d0, pc=0x0800395E 
[    6.766192] [passthrough] Read: 	 address = 0x40004800, size = 4 bytes, value = 0x0000800d, pc=0x080038E0 
[    6.766656] [passthrough] Read: 	 address = 0x4000481C, size = 4 bytes, value = 0x006000d0, pc=0x080038FA 
[    6.767200] [passthrough] Read: 	 address = 0x4000481C, size = 4 bytes, value = 0x006000d0, pc=0x0800392A 
[    6.767696] [passthrough] Read: 	 address = 0x4000481C, size = 4 bytes, value = 0x006000d0, pc=0x0800395E 
[    6.768210] [passthrough] Read: 	 address = 0x40004800, size = 4 bytes, value = 0x0000800d, pc=0x080038E0 
[    6.768715] [passthrough] Read: 	 address = 0x4000481C, size = 4 bytes, value = 0x006000d0, pc=0x080038FA 
[    6.769234] [passthrough] Read: 	 address = 0x4000481C, size = 4 bytes, value = 0x006000d0, pc=0x0800392A 
[    6.769722] [passthrough] Read: 	 address = 0x4000481C, size = 4 bytes, value = 0x006000d0, pc=0x0800395E 
[    6.770250] [passthrough] Read: 	 address = 0x40004800, size = 4 bytes, value = 0x0000800d, pc=0x080038E0 
[    6.770767] [passthrough] Read: 	 address = 0x4000481C, size = 4 bytes, value = 0x006000d0, pc=0x080038FA 
[    6.771303] [passthrough] Read: 	 address = 0x4000481C, size = 4 bytes, value = 0x006000d0, pc=0x0800392A 
[    6.771830] [passthrough] Read: 	 address = 0x4000481C, size = 4 bytes, value = 0x006000d0, pc=0x0800395E 
[    6.772947] [passthrough] Read: 	 address = 0x40004800, size = 4 bytes, value = 0x0000800d, pc=0x080038E0 
[    6.773517] [passthrough] Read: 	 address = 0x4000481C, size = 4 bytes, value = 0x006000d0, pc=0x080038FA 
[    6.773985] [passthrough] Read: 	 address = 0x4000481C, size = 4 bytes, value = 0x006000d0, pc=0x0800392A 
[    6.774463] [passthrough] Read: 	 address = 0x4000481C, size = 4 bytes, value = 0x006000d0, pc=0x0800395E 
[    6.774958] [passthrough] Read: 	 address = 0x40004800, size = 4 bytes, value = 0x0000800d, pc=0x080038E0 
[    6.775433] [passthrough] Read: 	 address = 0x4000481C, size = 4 bytes, value = 0x006000d0, pc=0x080038FA 
[    6.775904] [passthrough] Read: 	 address = 0x4000481C, size = 4 bytes, value = 0x006000d0, pc=0x0800392A 
[    6.776386] [passthrough] Read: 	 address = 0x4000481C, size = 4 bytes, value = 0x006000d0, pc=0x0800395E 
[    6.777421] [passthrough] Read: 	 address = 0x40004800, size = 4 bytes, value = 0x0000800d, pc=0x080038E0 
[    6.777857] Interrupt Taken: 	 Vector = 0x0000000F
[    6.778051] Interrupt Served: 	 Vector = 0x0000000F
[    6.781051] Interrupt Taken: 	 Vector = 0x0000000F
[    6.781130] Interrupt Served: 	 Vector = 0x0000000F
[    6.784338] [passthrough] Read: 	 address = 0x4000481C, size = 4 bytes, value = 0x006000d0, pc=0x080038FA 
[    6.784840] [passthrough] Read: 	 address = 0x4000481C, size = 4 bytes, value = 0x006000d0, pc=0x0800392A 
[    6.785323] [passthrough] Read: 	 address = 0x4000481C, size = 4 bytes, value = 0x006000d0, pc=0x0800395E 
[    6.786291] [passthrough] Read: 	 address = 0x40004800, size = 4 bytes, value = 0x0000800d, pc=0x080038E0 
[    6.786817] [passthrough] Read: 	 address = 0x4000481C, size = 4 bytes, value = 0x006000d0, pc=0x080038FA 
[    6.787373] [passthrough] Read: 	 address = 0x4000481C, size = 4 bytes, value = 0x006000d0, pc=0x0800392A 
[    6.787892] [passthrough] Read: 	 address = 0x4000481C, size = 4 bytes, value = 0x006000d0, pc=0x0800395E 
[    6.788560] [passthrough] Read: 	 address = 0x40004800, size = 4 bytes, value = 0x0000800d, pc=0x080038E0 
[    6.789074] Interrupt Taken: 	 Vector = 0x0000000F
[    6.789137] Interrupt Served: 	 Vector = 0x0000000F
[    6.792274] [passthrough] Read: 	 address = 0x4000481C, size = 4 bytes, value = 0x006000d0, pc=0x080038FA 
[    6.792808] [passthrough] Read: 	 address = 0x4000481C, size = 4 bytes, value = 0x006000d0, pc=0x0800392A 
[    6.793350] [passthrough] Read: 	 address = 0x4000481C, size = 4 bytes, value = 0x006000d0, pc=0x0800395E 
[    6.793842] [passthrough] Read: 	 address = 0x4000481C, size = 4 bytes, value = 0x006000d0, pc=0x0800395E 
[    6.794463] [passthrough] Read: 	 address = 0x40004800, size = 4 bytes, value = 0x0000800d, pc=0x080038E0 
[    6.794973] Interrupt Taken: 	 Vector = 0x0000000F
[    6.795068] Interrupt Served: 	 Vector = 0x0000000F
[    6.798066] Interrupt Taken: 	 Vector = 0x0000000F
[    6.798144] Interrupt Served: 	 Vector = 0x0000000F
[    6.801115] [passthrough] Read: 	 address = 0x4000481C, size = 4 bytes, value = 0x006000d0, pc=0x080038FA 
[    6.801594] [passthrough] Read: 	 address = 0x4000481C, size = 4 bytes, value = 0x006000d0, pc=0x0800392A 
[    6.802089] [passthrough] Read: 	 address = 0x4000481C, size = 4 bytes, value = 0x006000d0, pc=0x0800395E 
[    6.802596] [passthrough] Read: 	 address = 0x40004800, size = 4 bytes, value = 0x0000800d, pc=0x080038E0 
[    6.803123] [passthrough] Read: 	 address = 0x4000481C, size = 4 bytes, value = 0x006000d0, pc=0x080038FA 
[    6.803624] [passthrough] Read: 	 address = 0x4000481C, size = 4 bytes, value = 0x006000d0, pc=0x0800392A 
[    6.804163] [passthrough] Read: 	 address = 0x4000481C, size = 4 bytes, value = 0x006000d0, pc=0x0800395E 
[    6.804654] [passthrough] Read: 	 address = 0x40004800, size = 4 bytes, value = 0x0000800d, pc=0x080038E0 
[    6.805143] [passthrough] Read: 	 address = 0x4000481C, size = 4 bytes, value = 0x006000d0, pc=0x080038FA 
[    6.805614] [passthrough] Read: 	 address = 0x4000481C, size = 4 bytes, value = 0x006000d0, pc=0x0800392A 
[    6.806114] [passthrough] Read: 	 address = 0x4000481C, size = 4 bytes, value = 0x006000d0, pc=0x0800395E 
[    6.806611] [passthrough] Read: 	 address = 0x40004800, size = 4 bytes, value = 0x0000800d, pc=0x080038E0 
[    6.807125] [passthrough] Read: 	 address = 0x4000481C, size = 4 bytes, value = 0x006000d0, pc=0x080038FA 
[    6.807738] [passthrough] Read: 	 address = 0x4000481C, size = 4 bytes, value = 0x006000d0, pc=0x0800392A 
[    6.808274] [passthrough] Read: 	 address = 0x4000481C, size = 4 bytes, value = 0x006000d0, pc=0x0800395E 
[    6.808834] [passthrough] Read: 	 address = 0x40004800, size = 4 bytes, value = 0x0000800d, pc=0x080038E0 
[    6.809381] [passthrough] Read: 	 address = 0x4000481C, size = 4 bytes, value = 0x006000d0, pc=0x080038FA 
[    6.809863] [passthrough] Read: 	 address = 0x4000481C, size = 4 bytes, value = 0x006000d0, pc=0x0800392A 
[    6.810430] [passthrough] Read: 	 address = 0x4000481C, size = 4 bytes, value = 0x006000d0, pc=0x0800395E 
[    6.811059] [passthrough] Read: 	 address = 0x40004800, size = 4 bytes, value = 0x0000800d, pc=0x080038E0 
[    6.811519] Interrupt Taken: 	 Vector = 0x0000000F
[    6.811562] Interrupt Served: 	 Vector = 0x0000000F
[    6.814546] [passthrough] Read: 	 address = 0x4000481C, size = 4 bytes, value = 0x006000d0, pc=0x080038FA 
[    6.815142] [passthrough] Read: 	 address = 0x4000481C, size = 4 bytes, value = 0x006000d0, pc=0x0800392A 
[    6.815706] [passthrough] Read: 	 address = 0x4000481C, size = 4 bytes, value = 0x006000d0, pc=0x0800395E 
[    6.816189] [passthrough] Read: 	 address = 0x40004800, size = 4 bytes, value = 0x0000800d, pc=0x080038E0 
[    6.816659] [passthrough] Read: 	 address = 0x4000481C, size = 4 bytes, value = 0x006000d0, pc=0x080038FA 
[    6.817189] [passthrough] Read: 	 address = 0x4000481C, size = 4 bytes, value = 0x006000d0, pc=0x0800392A 
[    6.817671] [passthrough] Read: 	 address = 0x4000481C, size = 4 bytes, value = 0x006000d0, pc=0x0800395E 
[    6.818200] [passthrough] Read: 	 address = 0x40004800, size = 4 bytes, value = 0x0000800d, pc=0x080038E0 
[    6.818693] [passthrough] Read: 	 address = 0x4000481C, size = 4 bytes, value = 0x006000d0, pc=0x080038FA 
[    6.819156] [passthrough] Read: 	 address = 0x4000481C, size = 4 bytes, value = 0x006000d0, pc=0x0800392A 
[    6.819626] [passthrough] Read: 	 address = 0x4000481C, size = 4 bytes, value = 0x006000d0, pc=0x0800395E 
[    6.820125] [passthrough] Read: 	 address = 0x40004800, size = 4 bytes, value = 0x0000800d, pc=0x080038E0 
[    6.820654] [passthrough] Read: 	 address = 0x4000481C, size = 4 bytes, value = 0x006000d0, pc=0x080038FA 
[    6.821229] [passthrough] Read: 	 address = 0x4000481C, size = 4 bytes, value = 0x006000d0, pc=0x0800392A 
[    6.821747] [passthrough] Read: 	 address = 0x4000481C, size = 4 bytes, value = 0x006000d0, pc=0x0800395E 
[    6.822247] [passthrough] Read: 	 address = 0x40004800, size = 4 bytes, value = 0x0000800d, pc=0x080038E0 
[    6.822710] [passthrough] Read: 	 address = 0x4000481C, size = 4 bytes, value = 0x006000d0, pc=0x080038FA 
[    6.823186] [passthrough] Read: 	 address = 0x4000481C, size = 4 bytes, value = 0x006000d0, pc=0x0800392A 
[    6.823678] [passthrough] Read: 	 address = 0x4000481C, size = 4 bytes, value = 0x006000d0, pc=0x0800395E 
[    6.824165] [passthrough] Read: 	 address = 0x40004800, size = 4 bytes, value = 0x0000800d, pc=0x080038E0 
[    6.824706] [passthrough] Read: 	 address = 0x4000481C, size = 4 bytes, value = 0x006000d0, pc=0x080038FA 
[    6.825304] [passthrough] Read: 	 address = 0x4000481C, size = 4 bytes, value = 0x006000d0, pc=0x0800392A 
[    6.825931] [passthrough] Read: 	 address = 0x4000481C, size = 4 bytes, value = 0x006000d0, pc=0x0800395E 
[    6.826929] [passthrough] Read: 	 address = 0x40004800, size = 4 bytes, value = 0x0000800d, pc=0x080038E0 
[    6.827475] [passthrough] Read: 	 address = 0x4000481C, size = 4 bytes, value = 0x006000d0, pc=0x080038FA 
[    6.827972] [passthrough] Read: 	 address = 0x4000481C, size = 4 bytes, value = 0x006000d0, pc=0x0800392A 
[    6.828472] [passthrough] Read: 	 address = 0x4000481C, size = 4 bytes, value = 0x006000d0, pc=0x0800395E 
[    6.828936] [passthrough] Read: 	 address = 0x40004800, size = 4 bytes, value = 0x0000800d, pc=0x080038E0 
[    6.829450] [passthrough] Read: 	 address = 0x4000481C, size = 4 bytes, value = 0x006000d0, pc=0x080038FA 
[    6.830055] [passthrough] Read: 	 address = 0x4000481C, size = 4 bytes, value = 0x006000d0, pc=0x0800392A 
[    6.830662] [passthrough] Read: 	 address = 0x4000481C, size = 4 bytes, value = 0x006000d0, pc=0x0800395E 
[    6.831120] [passthrough] Read: 	 address = 0x40004800, size = 4 bytes, value = 0x0000800d, pc=0x080038E0 
[    6.831528] [passthrough] Read: 	 address = 0x4000481C, size = 4 bytes, value = 0x006000d0, pc=0x080038FA 
[    6.831969] [passthrough] Read: 	 address = 0x4000481C, size = 4 bytes, value = 0x006000d0, pc=0x0800392A 
[    6.832458] [passthrough] Read: 	 address = 0x4000481C, size = 4 bytes, value = 0x006000d0, pc=0x0800395E 
[    6.832927] [passthrough] Read: 	 address = 0x40004800, size = 4 bytes, value = 0x0000800d, pc=0x080038E0 
[    6.833422] [passthrough] Read: 	 address = 0x4000481C, size = 4 bytes, value = 0x006000d0, pc=0x080038FA 
[    6.833899] [passthrough] Read: 	 address = 0x4000481C, size = 4 bytes, value = 0x006000d0, pc=0x0800392A 
[    6.834398] [passthrough] Read: 	 address = 0x4000481C, size = 4 bytes, value = 0x006000d0, pc=0x0800395E 
[    6.834916] [passthrough] Read: 	 address = 0x40004800, size = 4 bytes, value = 0x0000800d, pc=0x080038E0 
[    6.835411] [passthrough] Read: 	 address = 0x4000481C, size = 4 bytes, value = 0x006000d0, pc=0x080038FA 
[    6.835906] [passthrough] Read: 	 address = 0x4000481C, size = 4 bytes, value = 0x006000d0, pc=0x0800392A 
[    6.836345] [passthrough] Read: 	 address = 0x4000481C, size = 4 bytes, value = 0x006000d0, pc=0x0800395E 
[    6.836867] [passthrough] Read: 	 address = 0x40004800, size = 4 bytes, value = 0x0000800d, pc=0x080038E0 
[    6.837332] [passthrough] Read: 	 address = 0x4000481C, size = 4 bytes, value = 0x006000d0, pc=0x080038FA 
[    6.837842] [passthrough] Read: 	 address = 0x4000481C, size = 4 bytes, value = 0x006000d0, pc=0x0800392A 
[    6.838344] [passthrough] Read: 	 address = 0x4000481C, size = 4 bytes, value = 0x006000d0, pc=0x0800395E 
[    6.839078] [passthrough] Read: 	 address = 0x40004800, size = 4 bytes, value = 0x0000800d, pc=0x080038E0 
[    6.839541] Interrupt Taken: 	 Vector = 0x0000000F
[    6.839672] Interrupt Served: 	 Vector = 0x0000000F
[    6.842620] Interrupt Taken: 	 Vector = 0x0000000F
[    6.842732] Interrupt Served: 	 Vector = 0x0000000F
[    6.845832] [passthrough] Read: 	 address = 0x4000481C, size = 4 bytes, value = 0x006000d0, pc=0x080038FA 
[    6.846271] [passthrough] Read: 	 address = 0x4000481C, size = 4 bytes, value = 0x006000d0, pc=0x0800392A 
[    6.846706] [passthrough] Read: 	 address = 0x4000481C, size = 4 bytes, value = 0x006000d0, pc=0x0800395E 
[    6.847180] [passthrough] Read: 	 address = 0x40004800, size = 4 bytes, value = 0x0000800d, pc=0x080038E0 
[    6.847767] [passthrough] Read: 	 address = 0x4000481C, size = 4 bytes, value = 0x006000d0, pc=0x080038FA 
[    6.848286] [passthrough] Read: 	 address = 0x4000481C, size = 4 bytes, value = 0x006000d0, pc=0x0800392A 
[    6.848822] [passthrough] Read: 	 address = 0x4000481C, size = 4 bytes, value = 0x006000d0, pc=0x0800395E 
[    6.849331] [passthrough] Read: 	 address = 0x40004800, size = 4 bytes, value = 0x0000800d, pc=0x080038E0 
[    6.849815] [passthrough] Read: 	 address = 0x4000481C, size = 4 bytes, value = 0x006000d0, pc=0x080038FA 
[    6.850312] [passthrough] Read: 	 address = 0x4000481C, size = 4 bytes, value = 0x006000d0, pc=0x0800392A 
[    6.850817] [passthrough] Read: 	 address = 0x4000481C, size = 4 bytes, value = 0x006000d0, pc=0x0800395E 
[    6.851300] [passthrough] Read: 	 address = 0x40004800, size = 4 bytes, value = 0x0000800d, pc=0x080038E0 
[    6.851811] [passthrough] Read: 	 address = 0x4000481C, size = 4 bytes, value = 0x006000d0, pc=0x080038FA 
[    6.852426] [passthrough] Read: 	 address = 0x4000481C, size = 4 bytes, value = 0x006000d0, pc=0x0800392A 
[    6.852966] [passthrough] Read: 	 address = 0x4000481C, size = 4 bytes, value = 0x006000d0, pc=0x0800395E 
[    6.853493] [passthrough] Read: 	 address = 0x40004800, size = 4 bytes, value = 0x0000800d, pc=0x080038E0 
[    6.854003] [passthrough] Read: 	 address = 0x4000481C, size = 4 bytes, value = 0x006000d0, pc=0x080038FA 
[    6.854494] [passthrough] Read: 	 address = 0x4000481C, size = 4 bytes, value = 0x006000d0, pc=0x0800392A 
[    6.854963] [passthrough] Read: 	 address = 0x4000481C, size = 4 bytes, value = 0x006000d0, pc=0x0800395E 
[    6.855448] [passthrough] Read: 	 address = 0x40004800, size = 4 bytes, value = 0x0000800d, pc=0x080038E0 
[    6.855921] [passthrough] Read: 	 address = 0x4000481C, size = 4 bytes, value = 0x006000d0, pc=0x080038FA 
[    6.856395] [passthrough] Read: 	 address = 0x4000481C, size = 4 bytes, value = 0x006000d0, pc=0x0800392A 
[    6.856846] [passthrough] Read: 	 address = 0x4000481C, size = 4 bytes, value = 0x006000d0, pc=0x0800395E 
[    6.857333] [passthrough] Read: 	 address = 0x40004800, size = 4 bytes, value = 0x0000800d, pc=0x080038E0 
[    6.857820] [passthrough] Read: 	 address = 0x4000481C, size = 4 bytes, value = 0x006000d0, pc=0x080038FA 
[    6.858303] [passthrough] Read: 	 address = 0x4000481C, size = 4 bytes, value = 0x006000d0, pc=0x0800392A 
[    6.858762] [passthrough] Read: 	 address = 0x4000481C, size = 4 bytes, value = 0x006000d0, pc=0x0800395E 
[    6.859254] [passthrough] Read: 	 address = 0x40004800, size = 4 bytes, value = 0x0000800d, pc=0x080038E0 
[    6.859737] [passthrough] Read: 	 address = 0x4000481C, size = 4 bytes, value = 0x006000d0, pc=0x080038FA 
[    6.860213] [passthrough] Read: 	 address = 0x4000481C, size = 4 bytes, value = 0x006000d0, pc=0x0800392A 
[    6.860698] [passthrough] Read: 	 address = 0x4000481C, size = 4 bytes, value = 0x006000d0, pc=0x0800395E 
[    6.861210] [passthrough] Read: 	 address = 0x40004800, size = 4 bytes, value = 0x0000800d, pc=0x080038E0 
[    6.861696] [passthrough] Read: 	 address = 0x4000481C, size = 4 bytes, value = 0x006000d0, pc=0x080038FA 
[    6.862179] [passthrough] Read: 	 address = 0x4000481C, size = 4 bytes, value = 0x006000d0, pc=0x0800392A 
[    6.862643] [passthrough] Read: 	 address = 0x4000481C, size = 4 bytes, value = 0x006000d0, pc=0x0800395E 
[    6.863185] [passthrough] Read: 	 address = 0x40004800, size = 4 bytes, value = 0x0000800d, pc=0x080038E0 
[    6.863628] [passthrough] Read: 	 address = 0x4000481C, size = 4 bytes, value = 0x006000d0, pc=0x080038FA 
[    6.864365] [passthrough] Read: 	 address = 0x4000481C, size = 4 bytes, value = 0x006000d0, pc=0x0800392A 
[    6.864874] [passthrough] Read: 	 address = 0x4000481C, size = 4 bytes, value = 0x006000d0, pc=0x0800395E 
[    6.865401] [passthrough] Read: 	 address = 0x40004800, size = 4 bytes, value = 0x0000800d, pc=0x080038E0 
[    6.865885] [passthrough] Read: 	 address = 0x4000481C, size = 4 bytes, value = 0x006000d0, pc=0x080038FA 
[    6.866348] [passthrough] Read: 	 address = 0x4000481C, size = 4 bytes, value = 0x006000d0, pc=0x0800392A 
[    6.866784] [passthrough] Read: 	 address = 0x4000481C, size = 4 bytes, value = 0x006000d0, pc=0x0800395E 
[    6.867638] [passthrough] Read: 	 address = 0x40004800, size = 4 bytes, value = 0x0000800d, pc=0x080038E0 
[    6.868146] [passthrough] Read: 	 address = 0x4000481C, size = 4 bytes, value = 0x006000d0, pc=0x080038FA 
[    6.868598] [passthrough] Read: 	 address = 0x4000481C, size = 4 bytes, value = 0x006000d0, pc=0x0800392A 
[    6.869146] [passthrough] Read: 	 address = 0x4000481C, size = 4 bytes, value = 0x006000d0, pc=0x0800395E 
[    6.869755] [passthrough] Read: 	 address = 0x40004800, size = 4 bytes, value = 0x0000800d, pc=0x080038E0 
[    6.870563] [passthrough] Read: 	 address = 0x4000481C, size = 4 bytes, value = 0x006000d0, pc=0x080038FA 
[    6.871116] Interrupt Taken: 	 Vector = 0x0000000F
[    6.871258] Interrupt Served: 	 Vector = 0x0000000F
[    6.874478] Interrupt Taken: 	 Vector = 0x0000000F
[    6.874567] Interrupt Served: 	 Vector = 0x0000000F
[    6.877802] [passthrough] Read: 	 address = 0x4000481C, size = 4 bytes, value = 0x006000d0, pc=0x0800392A 
[    6.878539] [passthrough] Read: 	 address = 0x4000481C, size = 4 bytes, value = 0x006000d0, pc=0x0800395E 
[    6.879072] Interrupt Taken: 	 Vector = 0x0000000F
[    6.879182] Interrupt Served: 	 Vector = 0x0000000F
[    6.882064] Interrupt Taken: 	 Vector = 0x0000000F
[    6.882121] Interrupt Served: 	 Vector = 0x0000000F
[    6.885186] [passthrough] Read: 	 address = 0x40004800, size = 4 bytes, value = 0x0000800d, pc=0x080038E0 
[    6.885753] [passthrough] Read: 	 address = 0x4000481C, size = 4 bytes, value = 0x006000d0, pc=0x080038FA 
[    6.886277] [passthrough] Read: 	 address = 0x4000481C, size = 4 bytes, value = 0x006000d0, pc=0x0800392A 
[    6.886774] [passthrough] Read: 	 address = 0x4000481C, size = 4 bytes, value = 0x006000d0, pc=0x0800395E 
[    6.887248] [passthrough] Read: 	 address = 0x40004800, size = 4 bytes, value = 0x0000800d, pc=0x080038E0 
[    6.887709] [passthrough] Read: 	 address = 0x4000481C, size = 4 bytes, value = 0x006000d0, pc=0x080038FA 
[    6.888202] [passthrough] Read: 	 address = 0x4000481C, size = 4 bytes, value = 0x006000d0, pc=0x0800392A 
[    6.888812] [passthrough] Read: 	 address = 0x4000481C, size = 4 bytes, value = 0x006000d0, pc=0x0800395E 
[    6.889233] Interrupt Taken: 	 Vector = 0x0000000F
[    6.889292] Interrupt Served: 	 Vector = 0x0000000F
[    6.892580] [passthrough] Read: 	 address = 0x40004800, size = 4 bytes, value = 0x0000800d, pc=0x080038E0 
[    6.893099] Interrupt Taken: 	 Vector = 0x0000000F
[    6.893157] Interrupt Served: 	 Vector = 0x0000000F
[    6.896262] [passthrough] Read: 	 address = 0x4000481C, size = 4 bytes, value = 0x006000d0, pc=0x080038FA 
[    6.896730] [passthrough] Read: 	 address = 0x4000481C, size = 4 bytes, value = 0x006000d0, pc=0x0800392A 
[    6.897155] [passthrough] Read: 	 address = 0x4000481C, size = 4 bytes, value = 0x006000d0, pc=0x0800395E 
[    6.897648] [passthrough] Read: 	 address = 0x4000481C, size = 4 bytes, value = 0x006000d0, pc=0x0800395E 
[    6.898123] [passthrough] Read: 	 address = 0x40004800, size = 4 bytes, value = 0x0000800d, pc=0x080038E0 
[    6.898672] [passthrough] Read: 	 address = 0x4000481C, size = 4 bytes, value = 0x006000d0, pc=0x080038FA 
[    6.899157] [passthrough] Read: 	 address = 0x4000481C, size = 4 bytes, value = 0x006000d0, pc=0x0800392A 
[    6.899673] [passthrough] Read: 	 address = 0x4000481C, size = 4 bytes, value = 0x006000d0, pc=0x0800395E 
[    6.900204] [passthrough] Read: 	 address = 0x40004800, size = 4 bytes, value = 0x0000800d, pc=0x080038E0 
[    6.900688] [passthrough] Read: 	 address = 0x4000481C, size = 4 bytes, value = 0x006000d0, pc=0x080038FA 
[    6.901138] [passthrough] Read: 	 address = 0x4000481C, size = 4 bytes, value = 0x006000d0, pc=0x0800392A 
[    6.901591] [passthrough] Read: 	 address = 0x4000481C, size = 4 bytes, value = 0x006000d0, pc=0x0800395E 
[    6.902076] [passthrough] Read: 	 address = 0x40004800, size = 4 bytes, value = 0x0000800d, pc=0x080038E0 
[    6.902542] [passthrough] Read: 	 address = 0x4000481C, size = 4 bytes, value = 0x006000d0, pc=0x080038FA 
[    6.903071] [passthrough] Read: 	 address = 0x4000481C, size = 4 bytes, value = 0x006000d0, pc=0x0800392A 
[    6.903533] [passthrough] Read: 	 address = 0x4000481C, size = 4 bytes, value = 0x006000d0, pc=0x0800395E 
[    6.904238] [passthrough] Read: 	 address = 0x40004800, size = 4 bytes, value = 0x0000800d, pc=0x080038E0 
[    6.904704] Interrupt Taken: 	 Vector = 0x0000000F
[    6.904765] Interrupt Served: 	 Vector = 0x0000000F
[    6.908086] [passthrough] Read: 	 address = 0x4000481C, size = 4 bytes, value = 0x006000d0, pc=0x080038FA 
[    6.908649] Interrupt Taken: 	 Vector = 0x0000000F
[    6.908697] Interrupt Served: 	 Vector = 0x0000000F
[    6.912103] [passthrough] Read: 	 address = 0x4000481C, size = 4 bytes, value = 0x006000d0, pc=0x0800392A 
[    6.912586] Interrupt Taken: 	 Vector = 0x0000000F
[    6.912671] Interrupt Served: 	 Vector = 0x0000000F
[    6.915769] Interrupt Taken: 	 Vector = 0x0000000F
[    6.915851] Interrupt Served: 	 Vector = 0x0000000F
[    6.919193] [passthrough] Read: 	 address = 0x4000481C, size = 4 bytes, value = 0x006000d0, pc=0x0800395E 
[    6.919711] [passthrough] Read: 	 address = 0x40004800, size = 4 bytes, value = 0x0000800d, pc=0x080038E0 
[    6.920186] [passthrough] Read: 	 address = 0x4000481C, size = 4 bytes, value = 0x006000d0, pc=0x080038FA 
[    6.920672] [passthrough] Read: 	 address = 0x4000481C, size = 4 bytes, value = 0x006000d0, pc=0x0800392A 
[    6.921189] [passthrough] Read: 	 address = 0x4000481C, size = 4 bytes, value = 0x006000d0, pc=0x0800395E 
[    6.921654] [passthrough] Read: 	 address = 0x40004800, size = 4 bytes, value = 0x0000800d, pc=0x080038E0 
[    6.922178] [passthrough] Read: 	 address = 0x4000481C, size = 4 bytes, value = 0x006000d0, pc=0x080038FA 
[    6.922670] [passthrough] Read: 	 address = 0x4000481C, size = 4 bytes, value = 0x006000d0, pc=0x0800392A 
[    6.923165] [passthrough] Read: 	 address = 0x4000481C, size = 4 bytes, value = 0x006000d0, pc=0x0800395E 
[    6.923673] [passthrough] Read: 	 address = 0x40004800, size = 4 bytes, value = 0x0000800d, pc=0x080038E0 
[    6.924220] [passthrough] Read: 	 address = 0x4000481C, size = 4 bytes, value = 0x006000d0, pc=0x080038FA 
[    6.925316] [passthrough] Read: 	 address = 0x4000481C, size = 4 bytes, value = 0x006000d0, pc=0x0800392A 
[    6.925864] Interrupt Taken: 	 Vector = 0x0000000F
[    6.925926] Interrupt Served: 	 Vector = 0x0000000F
[    6.928941] [passthrough] Read: 	 address = 0x4000481C, size = 4 bytes, value = 0x006000d0, pc=0x0800395E 
[    6.929446] [passthrough] Read: 	 address = 0x40004800, size = 4 bytes, value = 0x0000800d, pc=0x080038E0 
[    6.929913] [passthrough] Read: 	 address = 0x4000481C, size = 4 bytes, value = 0x006000f0, pc=0x080038FA 
[    6.930427] [passthrough] Read: 	 address = 0x4000481C, size = 4 bytes, value = 0x006000f0, pc=0x0800392A 
[    6.930888] [passthrough] Read: 	 address = 0x4000481C, size = 4 bytes, value = 0x006000f0, pc=0x0800395E 
[    6.931494] [passthrough] Read: 	 address = 0x40004824, size = 4 bytes, value = 0x00000065, pc=0x08002AF6 
[    6.932209] [passthrough] Read: 	 address = 0x4000481C, size = 4 bytes, value = 0x006000d0, pc=0x0800395E 
[    6.932671] Interrupt Taken: 	 Vector = 0x0000000F
[    6.932713] Interrupt Served: 	 Vector = 0x0000000F
[    6.935808] [passthrough] Write: 	 address = 0x40004828, size = 4 bytes, value = 0x00000065, pc=0x08002952 
[    6.936864] [passthrough] Read: 	 address = 0x4000481C, size = 4 bytes, value = 0x006000d0, pc=0x0800395E 
[    6.937397] Interrupt Taken: 	 Vector = 0x0000000F
[    6.937545] Interrupt Served: 	 Vector = 0x0000000F
[    6.940518] Interrupt Taken: 	 Vector = 0x0000000F
[    6.940637] Interrupt Served: 	 Vector = 0x0000000F
[    6.943922] [passthrough] Read: 	 address = 0x4000481C, size = 4 bytes, value = 0x006000d0, pc=0x0800395E 
[    6.944463] [passthrough] Read: 	 address = 0x40004800, size = 4 bytes, value = 0x0000800d, pc=0x080038E0 
[    6.944944] [passthrough] Read: 	 address = 0x4000481C, size = 4 bytes, value = 0x006000d0, pc=0x080038FA 
[    6.945435] [passthrough] Read: 	 address = 0x4000481C, size = 4 bytes, value = 0x006000d0, pc=0x0800392A 
[    6.945854] [passthrough] Read: 	 address = 0x4000481C, size = 4 bytes, value = 0x006000d0, pc=0x0800395E 
[    6.946315] [passthrough] Read: 	 address = 0x40004800, size = 4 bytes, value = 0x0000800d, pc=0x080038E0 
[    6.946794] [passthrough] Read: 	 address = 0x4000481C, size = 4 bytes, value = 0x006000d0, pc=0x080038FA 
[    6.947296] [passthrough] Read: 	 address = 0x4000481C, size = 4 bytes, value = 0x006000d0, pc=0x0800392A 
[    6.947963] [passthrough] Read: 	 address = 0x4000481C, size = 4 bytes, value = 0x006000d0, pc=0x0800395E 
[    6.948544] Interrupt Taken: 	 Vector = 0x0000000F
[    6.948608] Interrupt Served: 	 Vector = 0x0000000F
[    6.952048] [passthrough] Read: 	 address = 0x40004800, size = 4 bytes, value = 0x0000800d, pc=0x080038E0 
[    6.952564] [passthrough] Read: 	 address = 0x4000481C, size = 4 bytes, value = 0x006000d0, pc=0x080038FA 
[    6.953108] [passthrough] Read: 	 address = 0x4000481C, size = 4 bytes, value = 0x006000d0, pc=0x0800392A 
[    6.953555] [passthrough] Read: 	 address = 0x4000481C, size = 4 bytes, value = 0x006000d0, pc=0x0800395E 
[    6.954287] [passthrough] Read: 	 address = 0x40004800, size = 4 bytes, value = 0x0000800d, pc=0x080038E0 
[    6.954759] Interrupt Taken: 	 Vector = 0x0000000F
[    6.954890] Interrupt Served: 	 Vector = 0x0000000F
[    6.957861] Interrupt Taken: 	 Vector = 0x0000000F
[    6.957979] Interrupt Served: 	 Vector = 0x0000000F
[    6.961278] [passthrough] Read: 	 address = 0x4000481C, size = 4 bytes, value = 0x006000d0, pc=0x080038FA 
[    6.961777] Interrupt Taken: 	 Vector = 0x0000000F
[    6.961815] Interrupt Served: 	 Vector = 0x0000000F
[    6.965320] [passthrough] Read: 	 address = 0x4000481C, size = 4 bytes, value = 0x006000d0, pc=0x0800392A 
[    6.965809] [passthrough] Read: 	 address = 0x4000481C, size = 4 bytes, value = 0x006000d0, pc=0x0800395E 
[    6.966299] [passthrough] Read: 	 address = 0x40004800, size = 4 bytes, value = 0x0000800d, pc=0x080038E0 
[    6.966786] [passthrough] Read: 	 address = 0x4000481C, size = 4 bytes, value = 0x006000d0, pc=0x080038FA 
[    6.967353] [passthrough] Read: 	 address = 0x4000481C, size = 4 bytes, value = 0x006000d0, pc=0x0800392A 
[    6.967898] [passthrough] Read: 	 address = 0x4000481C, size = 4 bytes, value = 0x006000d0, pc=0x0800395E 
[    6.968419] [passthrough] Read: 	 address = 0x40004800, size = 4 bytes, value = 0x0000800d, pc=0x080038E0 
[    6.968951] [passthrough] Read: 	 address = 0x4000481C, size = 4 bytes, value = 0x006000d0, pc=0x080038FA 
[    6.969467] [passthrough] Read: 	 address = 0x4000481C, size = 4 bytes, value = 0x006000d0, pc=0x0800392A 
[    6.970042] [passthrough] Read: 	 address = 0x4000481C, size = 4 bytes, value = 0x006000d0, pc=0x0800395E 
[    6.970565] [passthrough] Read: 	 address = 0x40004800, size = 4 bytes, value = 0x0000800d, pc=0x080038E0 
[    6.971143] [passthrough] Read: 	 address = 0x4000481C, size = 4 bytes, value = 0x006000d0, pc=0x080038FA 
[    6.971639] [passthrough] Read: 	 address = 0x4000481C, size = 4 bytes, value = 0x006000d0, pc=0x0800392A 
[    6.972109] [passthrough] Read: 	 address = 0x4000481C, size = 4 bytes, value = 0x006000d0, pc=0x0800395E 
[    6.972523] [passthrough] Read: 	 address = 0x40004800, size = 4 bytes, value = 0x0000800d, pc=0x080038E0 
[    6.972974] [passthrough] Read: 	 address = 0x4000481C, size = 4 bytes, value = 0x006000d0, pc=0x080038FA 
[    6.973434] [passthrough] Read: 	 address = 0x4000481C, size = 4 bytes, value = 0x006000d0, pc=0x0800392A 
[    6.974148] [passthrough] Read: 	 address = 0x4000481C, size = 4 bytes, value = 0x006000d0, pc=0x0800395E 
[    6.974706] Interrupt Taken: 	 Vector = 0x0000000F
[    6.974856] Interrupt Served: 	 Vector = 0x0000000F
[    6.977725] Interrupt Taken: 	 Vector = 0x0000000F
[    6.977839] Interrupt Served: 	 Vector = 0x0000000F
[    6.981155] [passthrough] Read: 	 address = 0x40004800, size = 4 bytes, value = 0x0000800d, pc=0x080038E0 
[    6.981732] Interrupt Taken: 	 Vector = 0x0000000F
[    6.981860] Interrupt Served: 	 Vector = 0x0000000F
[    6.984917] Interrupt Taken: 	 Vector = 0x0000000F
[    6.984987] Interrupt Served: 	 Vector = 0x0000000F
[    6.988226] [passthrough] Read: 	 address = 0x4000481C, size = 4 bytes, value = 0x006000d0, pc=0x080038FA 
[    6.988702] Interrupt Taken: 	 Vector = 0x0000000F
[    6.988821] Interrupt Served: 	 Vector = 0x0000000F
[    6.991671] Interrupt Taken: 	 Vector = 0x0000000F
[    6.991787] Interrupt Served: 	 Vector = 0x0000000F
[    6.995222] [passthrough] Read: 	 address = 0x4000481C, size = 4 bytes, value = 0x006000d0, pc=0x0800392A 
[    6.995727] [passthrough] Read: 	 address = 0x4000481C, size = 4 bytes, value = 0x006000d0, pc=0x0800395E 
[    6.996487] [passthrough] Read: 	 address = 0x40004800, size = 4 bytes, value = 0x0000800d, pc=0x080038E0 
[    6.996932] Interrupt Taken: 	 Vector = 0x0000000F
[    6.997088] Interrupt Served: 	 Vector = 0x0000000F
[    6.999947] Interrupt Taken: 	 Vector = 0x0000000F
[    7.000162] Interrupt Served: 	 Vector = 0x0000000F
[    7.002963] Interrupt Taken: 	 Vector = 0x0000000F
[    7.003089] Interrupt Served: 	 Vector = 0x0000000F
[    7.006379] [passthrough] Read: 	 address = 0x4000481C, size = 4 bytes, value = 0x006000d0, pc=0x080038FA 
[    7.006849] Interrupt Taken: 	 Vector = 0x0000000F
[    7.006963] Interrupt Served: 	 Vector = 0x0000000F
[    7.010058] Interrupt Taken: 	 Vector = 0x0000000F
[    7.010161] Interrupt Served: 	 Vector = 0x0000000F
[    7.013343] [passthrough] Read: 	 address = 0x4000481C, size = 4 bytes, value = 0x006000d0, pc=0x0800392A 
[    7.013826] [passthrough] Read: 	 address = 0x4000481C, size = 4 bytes, value = 0x006000d0, pc=0x0800395E 
[    7.014370] [passthrough] Read: 	 address = 0x4000481C, size = 4 bytes, value = 0x006000d0, pc=0x0800395E 
[    7.014899] [passthrough] Read: 	 address = 0x40004800, size = 4 bytes, value = 0x0000800d, pc=0x080038E0 
[    7.015420] [passthrough] Read: 	 address = 0x4000481C, size = 4 bytes, value = 0x006000d0, pc=0x080038FA 
[    7.015940] [passthrough] Read: 	 address = 0x4000481C, size = 4 bytes, value = 0x006000d0, pc=0x0800392A 
[    7.016458] [passthrough] Read: 	 address = 0x4000481C, size = 4 bytes, value = 0x006000d0, pc=0x0800395E 
[    7.016971] [passthrough] Read: 	 address = 0x40004800, size = 4 bytes, value = 0x0000800d, pc=0x080038E0 
[    7.017509] [passthrough] Read: 	 address = 0x4000481C, size = 4 bytes, value = 0x006000d0, pc=0x080038FA 
[    7.018070] [passthrough] Read: 	 address = 0x4000481C, size = 4 bytes, value = 0x006000d0, pc=0x0800392A 
[    7.018605] [passthrough] Read: 	 address = 0x4000481C, size = 4 bytes, value = 0x006000d0, pc=0x0800395E 
[    7.019107] [passthrough] Read: 	 address = 0x40004800, size = 4 bytes, value = 0x0000800d, pc=0x080038E0 
[    7.019665] [passthrough] Read: 	 address = 0x4000481C, size = 4 bytes, value = 0x006000d0, pc=0x080038FA 
[    7.020203] [passthrough] Read: 	 address = 0x4000481C, size = 4 bytes, value = 0x006000d0, pc=0x0800392A 
[    7.020688] [passthrough] Read: 	 address = 0x4000481C, size = 4 bytes, value = 0x006000d0, pc=0x0800395E 
[    7.021191] [passthrough] Read: 	 address = 0x40004800, size = 4 bytes, value = 0x0000800d, pc=0x080038E0 
[    7.021686] [passthrough] Read: 	 address = 0x4000481C, size = 4 bytes, value = 0x006000d0, pc=0x080038FA 
[    7.022148] [passthrough] Read: 	 address = 0x4000481C, size = 4 bytes, value = 0x006000d0, pc=0x0800392A 
[    7.022817] [passthrough] Read: 	 address = 0x4000481C, size = 4 bytes, value = 0x006000d0, pc=0x0800395E 
[    7.023289] Interrupt Taken: 	 Vector = 0x0000000F
[    7.023378] Interrupt Served: 	 Vector = 0x0000000F
[    7.026605] [passthrough] Read: 	 address = 0x40004800, size = 4 bytes, value = 0x0000800d, pc=0x080038E0 
[    7.027157] Interrupt Taken: 	 Vector = 0x0000000F
[    7.027285] Interrupt Served: 	 Vector = 0x0000000F
[    7.030439] Interrupt Taken: 	 Vector = 0x0000000F
[    7.030506] Interrupt Served: 	 Vector = 0x0000000F
[    7.034048] [passthrough] Read: 	 address = 0x4000481C, size = 4 bytes, value = 0x006000d0, pc=0x080038FA 
[    7.034552] Interrupt Taken: 	 Vector = 0x0000000F
[    7.034612] Interrupt Served: 	 Vector = 0x0000000F
[    7.037786] [passthrough] Read: 	 address = 0x4000481C, size = 4 bytes, value = 0x006000d0, pc=0x0800392A 
[    7.038376] [passthrough] Read: 	 address = 0x4000481C, size = 4 bytes, value = 0x006000d0, pc=0x0800395E 
[    7.039065] [passthrough] Read: 	 address = 0x40004800, size = 4 bytes, value = 0x0000800d, pc=0x080038E0 
[    7.039500] Interrupt Taken: 	 Vector = 0x0000000F
[    7.039545] Interrupt Served: 	 Vector = 0x0000000F
[    7.042627] [passthrough] Read: 	 address = 0x4000481C, size = 4 bytes, value = 0x006000d0, pc=0x080038FA 
[    7.043204] [passthrough] Read: 	 address = 0x4000481C, size = 4 bytes, value = 0x006000d0, pc=0x0800392A 
[    7.043696] [passthrough] Read: 	 address = 0x4000481C, size = 4 bytes, value = 0x006000d0, pc=0x0800395E 
[    7.044167] [passthrough] Read: 	 address = 0x40004800, size = 4 bytes, value = 0x0000800d, pc=0x080038E0 
[    7.044683] [passthrough] Read: 	 address = 0x4000481C, size = 4 bytes, value = 0x006000d0, pc=0x080038FA 
[    7.045250] [passthrough] Read: 	 address = 0x4000481C, size = 4 bytes, value = 0x006000d0, pc=0x0800392A 
[    7.045905] [passthrough] Read: 	 address = 0x4000481C, size = 4 bytes, value = 0x006000d0, pc=0x0800395E 
[    7.046417] Interrupt Taken: 	 Vector = 0x0000000F
[    7.046511] Interrupt Served: 	 Vector = 0x0000000F
[    7.049360] Interrupt Taken: 	 Vector = 0x0000000F
[    7.049425] Interrupt Served: 	 Vector = 0x0000000F
[    7.052568] [passthrough] Read: 	 address = 0x40004800, size = 4 bytes, value = 0x0000800d, pc=0x080038E0 
[    7.053144] [passthrough] Read: 	 address = 0x4000481C, size = 4 bytes, value = 0x006000d0, pc=0x080038FA 
[    7.053724] [passthrough] Read: 	 address = 0x4000481C, size = 4 bytes, value = 0x006000d0, pc=0x0800392A 
[    7.054237] [passthrough] Read: 	 address = 0x4000481C, size = 4 bytes, value = 0x006000d0, pc=0x0800395E 
[    7.054863] [passthrough] Read: 	 address = 0x40004800, size = 4 bytes, value = 0x0000800d, pc=0x080038E0 
[    7.055361] Interrupt Taken: 	 Vector = 0x0000000F
[    7.055407] Interrupt Served: 	 Vector = 0x0000000F
[    7.058648] [passthrough] Read: 	 address = 0x4000481C, size = 4 bytes, value = 0x006000d0, pc=0x080038FA 
[    7.059243] [passthrough] Read: 	 address = 0x4000481C, size = 4 bytes, value = 0x006000d0, pc=0x0800392A 
[    7.059746] [passthrough] Read: 	 address = 0x4000481C, size = 4 bytes, value = 0x006000d0, pc=0x0800395E 
[    7.060462] [passthrough] Read: 	 address = 0x40004800, size = 4 bytes, value = 0x0000800d, pc=0x080038E0 
[    7.060978] Interrupt Taken: 	 Vector = 0x0000000F
[    7.061138] Interrupt Served: 	 Vector = 0x0000000F
[    7.063988] Interrupt Taken: 	 Vector = 0x0000000F
[    7.064091] Interrupt Served: 	 Vector = 0x0000000F
[    7.067551] [passthrough] Read: 	 address = 0x4000481C, size = 4 bytes, value = 0x006000d0, pc=0x080038FA 
[    7.068009] Interrupt Taken: 	 Vector = 0x0000000F
[    7.068181] Interrupt Served: 	 Vector = 0x0000000F
[    7.071320] Interrupt Taken: 	 Vector = 0x0000000F
[    7.071403] Interrupt Served: 	 Vector = 0x0000000F
[    7.074629] [passthrough] Read: 	 address = 0x4000481C, size = 4 bytes, value = 0x006000d0, pc=0x0800392A 
[    7.075556] [passthrough] Read: 	 address = 0x4000481C, size = 4 bytes, value = 0x006000d0, pc=0x0800395E 
[    7.076080] Interrupt Taken: 	 Vector = 0x0000000F
[    7.076164] Interrupt Served: 	 Vector = 0x0000000F
[    7.079366] [passthrough] Read: 	 address = 0x4000481C, size = 4 bytes, value = 0x006000d0, pc=0x0800395E 
[    7.080011] [passthrough] Read: 	 address = 0x40004800, size = 4 bytes, value = 0x0000800d, pc=0x080038E0 
[    7.080562] Interrupt Taken: 	 Vector = 0x0000000F
[    7.080666] Interrupt Served: 	 Vector = 0x0000000F
[    7.083698] Interrupt Taken: 	 Vector = 0x0000000F
[    7.083766] Interrupt Served: 	 Vector = 0x0000000F
[    7.087075] [passthrough] Read: 	 address = 0x4000481C, size = 4 bytes, value = 0x006000d0, pc=0x080038FA 
[    7.087613] [passthrough] Read: 	 address = 0x4000481C, size = 4 bytes, value = 0x006000d0, pc=0x0800392A 
[    7.088129] [passthrough] Read: 	 address = 0x4000481C, size = 4 bytes, value = 0x006000d0, pc=0x0800395E 
[    7.088685] [passthrough] Read: 	 address = 0x40004800, size = 4 bytes, value = 0x0000800d, pc=0x080038E0 
[    7.089152] [passthrough] Read: 	 address = 0x4000481C, size = 4 bytes, value = 0x006000d0, pc=0x080038FA 
[    7.089612] [passthrough] Read: 	 address = 0x4000481C, size = 4 bytes, value = 0x006000d0, pc=0x0800392A 
[    7.090076] [passthrough] Read: 	 address = 0x4000481C, size = 4 bytes, value = 0x006000d0, pc=0x0800395E 
[    7.090525] [passthrough] Read: 	 address = 0x40004800, size = 4 bytes, value = 0x0000800d, pc=0x080038E0 
[    7.091047] [passthrough] Read: 	 address = 0x4000481C, size = 4 bytes, value = 0x006000d0, pc=0x080038FA 
[    7.091630] [passthrough] Read: 	 address = 0x4000481C, size = 4 bytes, value = 0x006000d0, pc=0x0800392A 
[    7.092167] [passthrough] Read: 	 address = 0x4000481C, size = 4 bytes, value = 0x006000d0, pc=0x0800395E 
[    7.092673] [passthrough] Read: 	 address = 0x40004800, size = 4 bytes, value = 0x0000800d, pc=0x080038E0 
[    7.093215] [passthrough] Read: 	 address = 0x4000481C, size = 4 bytes, value = 0x006000d0, pc=0x080038FA 
[    7.093711] [passthrough] Read: 	 address = 0x4000481C, size = 4 bytes, value = 0x006000d0, pc=0x0800392A 
[    7.094251] [passthrough] Read: 	 address = 0x4000481C, size = 4 bytes, value = 0x006000d0, pc=0x0800395E 
[    7.094752] [passthrough] Read: 	 address = 0x40004800, size = 4 bytes, value = 0x0000800d, pc=0x080038E0 
[    7.095202] [passthrough] Read: 	 address = 0x4000481C, size = 4 bytes, value = 0x006000d0, pc=0x080038FA 
[    7.095670] [passthrough] Read: 	 address = 0x4000481C, size = 4 bytes, value = 0x006000d0, pc=0x0800392A 
[    7.096165] [passthrough] Read: 	 address = 0x4000481C, size = 4 bytes, value = 0x006000d0, pc=0x0800395E 
[    7.096677] [passthrough] Read: 	 address = 0x40004800, size = 4 bytes, value = 0x0000800d, pc=0x080038E0 
[    7.097281] [passthrough] Read: 	 address = 0x4000481C, size = 4 bytes, value = 0x006000f0, pc=0x080038FA 
[    7.097769] [passthrough] Read: 	 address = 0x4000481C, size = 4 bytes, value = 0x006000f0, pc=0x0800392A 
[    7.098222] [passthrough] Read: 	 address = 0x4000481C, size = 4 bytes, value = 0x006000f0, pc=0x0800395E 
[    7.098720] [passthrough] Read: 	 address = 0x40004824, size = 4 bytes, value = 0x0000006c, pc=0x08002AF6 
[    7.099229] [passthrough] Read: 	 address = 0x4000481C, size = 4 bytes, value = 0x006000d0, pc=0x0800395E 
[    7.099699] [passthrough] Write: 	 address = 0x40004828, size = 4 bytes, value = 0x0000006c, pc=0x08002952 
[    7.100398] [passthrough] Read: 	 address = 0x4000481C, size = 4 bytes, value = 0x006000d0, pc=0x0800395E 
[    7.100824] [passthrough] Read: 	 address = 0x4000481C, size = 4 bytes, value = 0x006000d0, pc=0x0800395E 
[    7.101289] [passthrough] Read: 	 address = 0x40004800, size = 4 bytes, value = 0x0000800d, pc=0x080038E0 
[    7.101802] [passthrough] Read: 	 address = 0x4000481C, size = 4 bytes, value = 0x006000d0, pc=0x080038FA 
[    7.102364] [passthrough] Read: 	 address = 0x4000481C, size = 4 bytes, value = 0x006000d0, pc=0x0800392A 
[    7.102851] [passthrough] Read: 	 address = 0x4000481C, size = 4 bytes, value = 0x006000d0, pc=0x0800395E 
[    7.103373] [passthrough] Read: 	 address = 0x40004800, size = 4 bytes, value = 0x0000800d, pc=0x080038E0 
[    7.103861] [passthrough] Read: 	 address = 0x4000481C, size = 4 bytes, value = 0x006000d0, pc=0x080038FA 
[    7.104366] [passthrough] Read: 	 address = 0x4000481C, size = 4 bytes, value = 0x006000d0, pc=0x0800392A 
[    7.104896] [passthrough] Read: 	 address = 0x4000481C, size = 4 bytes, value = 0x006000d0, pc=0x0800395E 
[    7.105369] [passthrough] Read: 	 address = 0x40004800, size = 4 bytes, value = 0x0000800d, pc=0x080038E0 
[    7.105838] [passthrough] Read: 	 address = 0x4000481C, size = 4 bytes, value = 0x006000d0, pc=0x080038FA 
[    7.106343] [passthrough] Read: 	 address = 0x4000481C, size = 4 bytes, value = 0x006000d0, pc=0x0800392A 
[    7.106842] [passthrough] Read: 	 address = 0x4000481C, size = 4 bytes, value = 0x006000d0, pc=0x0800395E 
[    7.107322] [passthrough] Read: 	 address = 0x40004800, size = 4 bytes, value = 0x0000800d, pc=0x080038E0 
[    7.108298] [passthrough] Read: 	 address = 0x4000481C, size = 4 bytes, value = 0x006000d0, pc=0x080038FA 
[    7.109250] Interrupt Taken: 	 Vector = 0x0000000F
[    7.109328] Interrupt Served: 	 Vector = 0x0000000F
[    7.112653] [passthrough] Read: 	 address = 0x4000481C, size = 4 bytes, value = 0x006000d0, pc=0x0800392A 
[    7.113448] [passthrough] Read: 	 address = 0x4000481C, size = 4 bytes, value = 0x006000d0, pc=0x0800395E 
[    7.114061] Interrupt Taken: 	 Vector = 0x0000000F
[    7.114130] Interrupt Served: 	 Vector = 0x0000000F
[    7.117645] [passthrough] Read: 	 address = 0x40004800, size = 4 bytes, value = 0x0000800d, pc=0x080038E0 
[    7.118696] [passthrough] Read: 	 address = 0x4000481C, size = 4 bytes, value = 0x006000d0, pc=0x080038FA 
[    7.119167] [passthrough] Read: 	 address = 0x4000481C, size = 4 bytes, value = 0x006000d0, pc=0x0800392A 
[    7.119756] [passthrough] Read: 	 address = 0x4000481C, size = 4 bytes, value = 0x006000d0, pc=0x0800395E 
[    7.120287] [passthrough] Read: 	 address = 0x40004800, size = 4 bytes, value = 0x0000800d, pc=0x080038E0 
[    7.120823] [passthrough] Read: 	 address = 0x4000481C, size = 4 bytes, value = 0x006000d0, pc=0x080038FA 
[    7.121284] [passthrough] Read: 	 address = 0x4000481C, size = 4 bytes, value = 0x006000d0, pc=0x0800392A 
[    7.121967] [passthrough] Read: 	 address = 0x4000481C, size = 4 bytes, value = 0x006000d0, pc=0x0800395E 
[    7.122469] Interrupt Taken: 	 Vector = 0x0000000F
[    7.122595] Interrupt Served: 	 Vector = 0x0000000F
[    7.125510] Interrupt Taken: 	 Vector = 0x0000000F
[    7.125638] Interrupt Served: 	 Vector = 0x0000000F
[    7.128933] [passthrough] Read: 	 address = 0x40004800, size = 4 bytes, value = 0x0000800d, pc=0x080038E0 
[    7.129531] Interrupt Taken: 	 Vector = 0x0000000F
[    7.129650] Interrupt Served: 	 Vector = 0x0000000F
[    7.132357] Interrupt Taken: 	 Vector = 0x0000000F
[    7.132416] Interrupt Served: 	 Vector = 0x0000000F
[    7.135509] [passthrough] Read: 	 address = 0x4000481C, size = 4 bytes, value = 0x006000d0, pc=0x080038FA 
[    7.136037] [passthrough] Read: 	 address = 0x4000481C, size = 4 bytes, value = 0x006000d0, pc=0x0800392A 
[    7.136563] [passthrough] Read: 	 address = 0x4000481C, size = 4 bytes, value = 0x006000d0, pc=0x0800395E 
[    7.137232] [passthrough] Read: 	 address = 0x40004800, size = 4 bytes, value = 0x0000800d, pc=0x080038E0 
[    7.137696] Interrupt Taken: 	 Vector = 0x0000000F
[    7.137806] Interrupt Served: 	 Vector = 0x0000000F
[    7.140645] Interrupt Taken: 	 Vector = 0x0000000F
[    7.140794] Interrupt Served: 	 Vector = 0x0000000F
[    7.143936] [passthrough] Read: 	 address = 0x4000481C, size = 4 bytes, value = 0x006000d0, pc=0x080038FA 
[    7.144492] [passthrough] Read: 	 address = 0x4000481C, size = 4 bytes, value = 0x006000d0, pc=0x0800392A 
[    7.144991] [passthrough] Read: 	 address = 0x4000481C, size = 4 bytes, value = 0x006000d0, pc=0x0800395E 
[    7.145481] [passthrough] Read: 	 address = 0x40004800, size = 4 bytes, value = 0x0000800d, pc=0x080038E0 
[    7.146008] [passthrough] Read: 	 address = 0x4000481C, size = 4 bytes, value = 0x006000d0, pc=0x080038FA 
[    7.146581] [passthrough] Read: 	 address = 0x4000481C, size = 4 bytes, value = 0x006000d0, pc=0x0800392A 
[    7.147074] [passthrough] Read: 	 address = 0x4000481C, size = 4 bytes, value = 0x006000d0, pc=0x0800395E 
[    7.147608] [passthrough] Read: 	 address = 0x40004800, size = 4 bytes, value = 0x0000800d, pc=0x080038E0 
[    7.148120] [passthrough] Read: 	 address = 0x4000481C, size = 4 bytes, value = 0x006000d0, pc=0x080038FA 
[    7.148603] [passthrough] Read: 	 address = 0x4000481C, size = 4 bytes, value = 0x006000d0, pc=0x0800392A 
[    7.149072] [passthrough] Read: 	 address = 0x4000481C, size = 4 bytes, value = 0x006000d0, pc=0x0800395E 
[    7.149525] [passthrough] Read: 	 address = 0x40004800, size = 4 bytes, value = 0x0000800d, pc=0x080038E0 
[    7.150074] [passthrough] Read: 	 address = 0x4000481C, size = 4 bytes, value = 0x006000d0, pc=0x080038FA 
[    7.150560] [passthrough] Read: 	 address = 0x4000481C, size = 4 bytes, value = 0x006000d0, pc=0x0800392A 
[    7.151071] [passthrough] Read: 	 address = 0x4000481C, size = 4 bytes, value = 0x006000d0, pc=0x0800395E 
[    7.151687] [passthrough] Read: 	 address = 0x40004800, size = 4 bytes, value = 0x0000800d, pc=0x080038E0 
[    7.152168] Interrupt Taken: 	 Vector = 0x0000000F
[    7.152213] Interrupt Served: 	 Vector = 0x0000000F
[    7.155324] [passthrough] Read: 	 address = 0x4000481C, size = 4 bytes, value = 0x006000d0, pc=0x080038FA 
[    7.155908] [passthrough] Read: 	 address = 0x4000481C, size = 4 bytes, value = 0x006000d0, pc=0x0800392A 
[    7.156437] [passthrough] Read: 	 address = 0x4000481C, size = 4 bytes, value = 0x006000d0, pc=0x0800395E 
[    7.156943] [passthrough] Read: 	 address = 0x40004800, size = 4 bytes, value = 0x0000800d, pc=0x080038E0 
[    7.157454] [passthrough] Read: 	 address = 0x4000481C, size = 4 bytes, value = 0x006000d0, pc=0x080038FA 
[    7.158073] [passthrough] Read: 	 address = 0x4000481C, size = 4 bytes, value = 0x006000d0, pc=0x0800392A 
[    7.158878] [passthrough] Read: 	 address = 0x4000481C, size = 4 bytes, value = 0x006000d0, pc=0x0800395E 
[    7.159485] [passthrough] Read: 	 address = 0x40004800, size = 4 bytes, value = 0x0000800d, pc=0x080038E0 
[    7.160047] [passthrough] Read: 	 address = 0x4000481C, size = 4 bytes, value = 0x006000d0, pc=0x080038FA 
[    7.160533] [passthrough] Read: 	 address = 0x4000481C, size = 4 bytes, value = 0x006000d0, pc=0x0800392A 
[    7.161087] [passthrough] Read: 	 address = 0x4000481C, size = 4 bytes, value = 0x006000d0, pc=0x0800395E 
[    7.161628] [passthrough] Read: 	 address = 0x40004800, size = 4 bytes, value = 0x0000800d, pc=0x080038E0 
[    7.162119] [passthrough] Read: 	 address = 0x4000481C, size = 4 bytes, value = 0x006000d0, pc=0x080038FA 
[    7.162631] [passthrough] Read: 	 address = 0x4000481C, size = 4 bytes, value = 0x006000d0, pc=0x0800392A 
[    7.163165] [passthrough] Read: 	 address = 0x4000481C, size = 4 bytes, value = 0x006000d0, pc=0x0800395E 
[    7.163605] [passthrough] Read: 	 address = 0x40004800, size = 4 bytes, value = 0x0000800d, pc=0x080038E0 
[    7.164076] [passthrough] Read: 	 address = 0x4000481C, size = 4 bytes, value = 0x006000d0, pc=0x080038FA 
[    7.164585] [passthrough] Read: 	 address = 0x4000481C, size = 4 bytes, value = 0x006000d0, pc=0x0800392A 
[    7.165081] [passthrough] Read: 	 address = 0x4000481C, size = 4 bytes, value = 0x006000d0, pc=0x0800395E 
[    7.165717] [passthrough] Read: 	 address = 0x40004800, size = 4 bytes, value = 0x0000800d, pc=0x080038E0 
[    7.166199] Interrupt Taken: 	 Vector = 0x0000000F
[    7.166260] Interrupt Served: 	 Vector = 0x0000000F
[    7.169514] [passthrough] Read: 	 address = 0x4000481C, size = 4 bytes, value = 0x006000d0, pc=0x080038FA 
[    7.170106] [passthrough] Read: 	 address = 0x4000481C, size = 4 bytes, value = 0x006000d0, pc=0x0800392A 
[    7.170647] [passthrough] Read: 	 address = 0x4000481C, size = 4 bytes, value = 0x006000d0, pc=0x0800395E 
[    7.171208] [passthrough] Read: 	 address = 0x40004800, size = 4 bytes, value = 0x0000800d, pc=0x080038E0 
[    7.171712] [passthrough] Read: 	 address = 0x4000481C, size = 4 bytes, value = 0x006000d0, pc=0x080038FA 
[    7.172329] [passthrough] Read: 	 address = 0x4000481C, size = 4 bytes, value = 0x006000d0, pc=0x0800392A 
[    7.172798] Interrupt Taken: 	 Vector = 0x0000000F
[    7.172907] Interrupt Served: 	 Vector = 0x0000000F
[    7.175677] Interrupt Taken: 	 Vector = 0x0000000F
[    7.175795] Interrupt Served: 	 Vector = 0x0000000F
[    7.178891] [passthrough] Read: 	 address = 0x4000481C, size = 4 bytes, value = 0x006000d0, pc=0x0800395E 
[    7.179460] [passthrough] Read: 	 address = 0x4000481C, size = 4 bytes, value = 0x006000d0, pc=0x0800395E 
[    7.180160] [passthrough] Read: 	 address = 0x40004800, size = 4 bytes, value = 0x0000800d, pc=0x080038E0 
[    7.180651] Interrupt Taken: 	 Vector = 0x0000000F
[    7.180800] Interrupt Served: 	 Vector = 0x0000000F
[    7.183783] Interrupt Taken: 	 Vector = 0x0000000F
[    7.183853] Interrupt Served: 	 Vector = 0x0000000F
[    7.187193] [passthrough] Read: 	 address = 0x4000481C, size = 4 bytes, value = 0x006000d0, pc=0x080038FA 
[    7.187728] [passthrough] Read: 	 address = 0x4000481C, size = 4 bytes, value = 0x006000d0, pc=0x0800392A 
[    7.188263] [passthrough] Read: 	 address = 0x4000481C, size = 4 bytes, value = 0x006000d0, pc=0x0800395E 
[    7.188772] [passthrough] Read: 	 address = 0x40004800, size = 4 bytes, value = 0x0000800d, pc=0x080038E0 
[    7.189261] [passthrough] Read: 	 address = 0x4000481C, size = 4 bytes, value = 0x006000d0, pc=0x080038FA 
[    7.189729] [passthrough] Read: 	 address = 0x4000481C, size = 4 bytes, value = 0x006000d0, pc=0x0800392A 
[    7.190269] [passthrough] Read: 	 address = 0x4000481C, size = 4 bytes, value = 0x006000d0, pc=0x0800395E 
[    7.190800] [passthrough] Read: 	 address = 0x40004800, size = 4 bytes, value = 0x0000800d, pc=0x080038E0 
[    7.191322] [passthrough] Read: 	 address = 0x4000481C, size = 4 bytes, value = 0x006000d0, pc=0x080038FA 
[    7.191897] [passthrough] Read: 	 address = 0x4000481C, size = 4 bytes, value = 0x006000d0, pc=0x0800392A 
[    7.192516] [passthrough] Read: 	 address = 0x4000481C, size = 4 bytes, value = 0x006000d0, pc=0x0800395E 
[    7.193269] [passthrough] Read: 	 address = 0x40004800, size = 4 bytes, value = 0x0000800d, pc=0x080038E0 
[    7.193925] Interrupt Taken: 	 Vector = 0x0000000F
[    7.193987] Interrupt Served: 	 Vector = 0x0000000F
[    7.197074] [passthrough] Read: 	 address = 0x4000481C, size = 4 bytes, value = 0x006000d0, pc=0x080038FA 
[    7.197606] [passthrough] Read: 	 address = 0x4000481C, size = 4 bytes, value = 0x006000d0, pc=0x0800392A 
[    7.198134] [passthrough] Read: 	 address = 0x4000481C, size = 4 bytes, value = 0x006000d0, pc=0x0800395E 
[    7.198679] [passthrough] Read: 	 address = 0x40004800, size = 4 bytes, value = 0x0000800d, pc=0x080038E0 
[    7.199568] [passthrough] Read: 	 address = 0x4000481C, size = 4 bytes, value = 0x006000d0, pc=0x080038FA 
[    7.200011] [passthrough] Read: 	 address = 0x4000481C, size = 4 bytes, value = 0x006000d0, pc=0x0800392A 
[    7.200553] [passthrough] Read: 	 address = 0x4000481C, size = 4 bytes, value = 0x006000d0, pc=0x0800395E 
[    7.201178] [passthrough] Read: 	 address = 0x40004800, size = 4 bytes, value = 0x0000800d, pc=0x080038E0 
[    7.201650] Interrupt Taken: 	 Vector = 0x0000000F
[    7.201687] Interrupt Served: 	 Vector = 0x0000000F
[    7.205055] [passthrough] Read: 	 address = 0x4000481C, size = 4 bytes, value = 0x006000d0, pc=0x080038FA 
[    7.205507] Interrupt Taken: 	 Vector = 0x0000000F
[    7.205627] Interrupt Served: 	 Vector = 0x0000000F
[    7.208681] Interrupt Taken: 	 Vector = 0x0000000F
[    7.208787] Interrupt Served: 	 Vector = 0x0000000F
[    7.212169] [passthrough] Read: 	 address = 0x4000481C, size = 4 bytes, value = 0x006000d0, pc=0x0800392A 
[    7.212614] Interrupt Taken: 	 Vector = 0x0000000F
[    7.212672] Interrupt Served: 	 Vector = 0x0000000F
[    7.216162] [passthrough] Read: 	 address = 0x4000481C, size = 4 bytes, value = 0x006000d0, pc=0x0800395E 
[    7.216640] Interrupt Taken: 	 Vector = 0x0000000F
[    7.216698] Interrupt Served: 	 Vector = 0x0000000F
[    7.219911] [passthrough] Read: 	 address = 0x40004800, size = 4 bytes, value = 0x0000800d, pc=0x080038E0 
[    7.220456] [passthrough] Read: 	 address = 0x4000481C, size = 4 bytes, value = 0x006000d0, pc=0x080038FA 
[    7.220954] [passthrough] Read: 	 address = 0x4000481C, size = 4 bytes, value = 0x006000d0, pc=0x0800392A 
[    7.221437] [passthrough] Read: 	 address = 0x4000481C, size = 4 bytes, value = 0x006000d0, pc=0x0800395E 
[    7.221933] [passthrough] Read: 	 address = 0x40004800, size = 4 bytes, value = 0x0000800d, pc=0x080038E0 
[    7.222420] [passthrough] Read: 	 address = 0x4000481C, size = 4 bytes, value = 0x006000d0, pc=0x080038FA 
[    7.222937] [passthrough] Read: 	 address = 0x4000481C, size = 4 bytes, value = 0x006000d0, pc=0x0800392A 
[    7.223448] [passthrough] Read: 	 address = 0x4000481C, size = 4 bytes, value = 0x006000d0, pc=0x0800395E 
[    7.223956] [passthrough] Read: 	 address = 0x40004800, size = 4 bytes, value = 0x0000800d, pc=0x080038E0 
[    7.224475] [passthrough] Read: 	 address = 0x4000481C, size = 4 bytes, value = 0x006000d0, pc=0x080038FA 
[    7.225049] [passthrough] Read: 	 address = 0x4000481C, size = 4 bytes, value = 0x006000d0, pc=0x0800392A 
[    7.225763] [passthrough] Read: 	 address = 0x4000481C, size = 4 bytes, value = 0x006000d0, pc=0x0800395E 
[    7.226283] [passthrough] Read: 	 address = 0x40004800, size = 4 bytes, value = 0x0000800d, pc=0x080038E0 
[    7.226777] [passthrough] Read: 	 address = 0x4000481C, size = 4 bytes, value = 0x006000d0, pc=0x080038FA 
[    7.227240] [passthrough] Read: 	 address = 0x4000481C, size = 4 bytes, value = 0x006000d0, pc=0x0800392A 
[    7.227727] [passthrough] Read: 	 address = 0x4000481C, size = 4 bytes, value = 0x006000d0, pc=0x0800395E 
[    7.228275] [passthrough] Read: 	 address = 0x40004800, size = 4 bytes, value = 0x0000800d, pc=0x080038E0 
[    7.228834] [passthrough] Read: 	 address = 0x4000481C, size = 4 bytes, value = 0x006000d0, pc=0x080038FA 
[    7.229413] [passthrough] Read: 	 address = 0x4000481C, size = 4 bytes, value = 0x006000d0, pc=0x0800392A 
[    7.229938] [passthrough] Read: 	 address = 0x4000481C, size = 4 bytes, value = 0x006000d0, pc=0x0800395E 
[    7.230543] [passthrough] Read: 	 address = 0x40004800, size = 4 bytes, value = 0x0000800d, pc=0x080038E0 
[    7.231035] [passthrough] Read: 	 address = 0x4000481C, size = 4 bytes, value = 0x006000d0, pc=0x080038FA 
[    7.231557] [passthrough] Read: 	 address = 0x4000481C, size = 4 bytes, value = 0x006000d0, pc=0x0800392A 
[    7.232001] [passthrough] Read: 	 address = 0x4000481C, size = 4 bytes, value = 0x006000d0, pc=0x0800395E 
[    7.232521] [passthrough] Read: 	 address = 0x40004800, size = 4 bytes, value = 0x0000800d, pc=0x080038E0 
[    7.232940] [passthrough] Read: 	 address = 0x4000481C, size = 4 bytes, value = 0x006000d0, pc=0x080038FA 
[    7.233399] [passthrough] Read: 	 address = 0x4000481C, size = 4 bytes, value = 0x006000d0, pc=0x0800392A 
[    7.233884] [passthrough] Read: 	 address = 0x4000481C, size = 4 bytes, value = 0x006000d0, pc=0x0800395E 
[    7.234315] [passthrough] Read: 	 address = 0x40004800, size = 4 bytes, value = 0x0000800d, pc=0x080038E0 
[    7.234795] [passthrough] Read: 	 address = 0x4000481C, size = 4 bytes, value = 0x006000d0, pc=0x080038FA 
[    7.235254] [passthrough] Read: 	 address = 0x4000481C, size = 4 bytes, value = 0x006000d0, pc=0x0800392A 
[    7.235668] [passthrough] Read: 	 address = 0x4000481C, size = 4 bytes, value = 0x006000d0, pc=0x0800395E 
[    7.236130] [passthrough] Read: 	 address = 0x40004800, size = 4 bytes, value = 0x0000800d, pc=0x080038E0 
[    7.236689] [passthrough] Read: 	 address = 0x4000481C, size = 4 bytes, value = 0x006000d0, pc=0x080038FA 
[    7.237168] [passthrough] Read: 	 address = 0x4000481C, size = 4 bytes, value = 0x006000d0, pc=0x0800392A 
[    7.237648] [passthrough] Read: 	 address = 0x4000481C, size = 4 bytes, value = 0x006000d0, pc=0x0800395E 
[    7.238166] [passthrough] Read: 	 address = 0x40004800, size = 4 bytes, value = 0x0000800d, pc=0x080038E0 
[    7.238655] [passthrough] Read: 	 address = 0x4000481C, size = 4 bytes, value = 0x006000d0, pc=0x080038FA 
[    7.239169] [passthrough] Read: 	 address = 0x4000481C, size = 4 bytes, value = 0x006000d0, pc=0x0800392A 
[    7.240388] [passthrough] Read: 	 address = 0x4000481C, size = 4 bytes, value = 0x006000d0, pc=0x0800395E 
[    7.240858] Interrupt Taken: 	 Vector = 0x0000000F
[    7.240974] Interrupt Served: 	 Vector = 0x0000000F
[    7.243799] Interrupt Taken: 	 Vector = 0x0000000F
[    7.243905] Interrupt Served: 	 Vector = 0x0000000F
[    7.247280] [passthrough] Read: 	 address = 0x40004800, size = 4 bytes, value = 0x0000800d, pc=0x080038E0 
[    7.247863] Interrupt Taken: 	 Vector = 0x0000000F
[    7.247958] Interrupt Served: 	 Vector = 0x0000000F
[    7.250928] Interrupt Taken: 	 Vector = 0x0000000F
[    7.250997] Interrupt Served: 	 Vector = 0x0000000F
[    7.254260] [passthrough] Read: 	 address = 0x4000481C, size = 4 bytes, value = 0x006000d0, pc=0x080038FA 
[    7.254789] [passthrough] Read: 	 address = 0x4000481C, size = 4 bytes, value = 0x006000d0, pc=0x0800392A 
[    7.255311] [passthrough] Read: 	 address = 0x4000481C, size = 4 bytes, value = 0x006000d0, pc=0x0800395E 
[    7.255895] [passthrough] Read: 	 address = 0x4000481C, size = 4 bytes, value = 0x006000d0, pc=0x0800395E 
[    7.256336] Interrupt Taken: 	 Vector = 0x0000000F
[    7.256443] Interrupt Served: 	 Vector = 0x0000000F
[    7.259317] Interrupt Taken: 	 Vector = 0x0000000F
[    7.259423] Interrupt Served: 	 Vector = 0x0000000F
[    7.262596] [passthrough] Read: 	 address = 0x40004800, size = 4 bytes, value = 0x0000800d, pc=0x080038E0 
[    7.263109] [passthrough] Read: 	 address = 0x4000481C, size = 4 bytes, value = 0x006000d0, pc=0x080038FA 
[    7.263531] [passthrough] Read: 	 address = 0x4000481C, size = 4 bytes, value = 0x006000d0, pc=0x0800392A 
[    7.263937] [passthrough] Read: 	 address = 0x4000481C, size = 4 bytes, value = 0x006000d0, pc=0x0800395E 
[    7.264466] [passthrough] Read: 	 address = 0x40004800, size = 4 bytes, value = 0x0000800d, pc=0x080038E0 
[    7.264934] [passthrough] Read: 	 address = 0x4000481C, size = 4 bytes, value = 0x006000d0, pc=0x080038FA 
[    7.265429] [passthrough] Read: 	 address = 0x4000481C, size = 4 bytes, value = 0x006000d0, pc=0x0800392A 
[    7.265889] [passthrough] Read: 	 address = 0x4000481C, size = 4 bytes, value = 0x006000d0, pc=0x0800395E 
[    7.266385] [passthrough] Read: 	 address = 0x40004800, size = 4 bytes, value = 0x0000800d, pc=0x080038E0 
[    7.266901] [passthrough] Read: 	 address = 0x4000481C, size = 4 bytes, value = 0x006000d0, pc=0x080038FA 
[    7.267426] [passthrough] Read: 	 address = 0x4000481C, size = 4 bytes, value = 0x006000d0, pc=0x0800392A 
[    7.267905] [passthrough] Read: 	 address = 0x4000481C, size = 4 bytes, value = 0x006000d0, pc=0x0800395E 
[    7.268409] [passthrough] Read: 	 address = 0x40004800, size = 4 bytes, value = 0x0000800d, pc=0x080038E0 
[    7.268896] [passthrough] Read: 	 address = 0x4000481C, size = 4 bytes, value = 0x006000d0, pc=0x080038FA 
[    7.269360] [passthrough] Read: 	 address = 0x4000481C, size = 4 bytes, value = 0x006000d0, pc=0x0800392A 
[    7.269837] [passthrough] Read: 	 address = 0x4000481C, size = 4 bytes, value = 0x006000d0, pc=0x0800395E 
[    7.270302] [passthrough] Read: 	 address = 0x40004800, size = 4 bytes, value = 0x0000800d, pc=0x080038E0 
[    7.270836] [passthrough] Read: 	 address = 0x4000481C, size = 4 bytes, value = 0x006000d0, pc=0x080038FA 
[    7.271369] [passthrough] Read: 	 address = 0x4000481C, size = 4 bytes, value = 0x006000d0, pc=0x0800392A 
[    7.271869] [passthrough] Read: 	 address = 0x4000481C, size = 4 bytes, value = 0x006000d0, pc=0x0800395E 
[    7.272332] [passthrough] Read: 	 address = 0x40004800, size = 4 bytes, value = 0x0000800d, pc=0x080038E0 
[    7.272788] [passthrough] Read: 	 address = 0x4000481C, size = 4 bytes, value = 0x006000d0, pc=0x080038FA 
[    7.273270] [passthrough] Read: 	 address = 0x4000481C, size = 4 bytes, value = 0x006000d0, pc=0x0800392A 
[    7.273685] [passthrough] Read: 	 address = 0x4000481C, size = 4 bytes, value = 0x006000d0, pc=0x0800395E 
[    7.274219] [passthrough] Read: 	 address = 0x40004800, size = 4 bytes, value = 0x0000800d, pc=0x080038E0 
[    7.274808] [passthrough] Read: 	 address = 0x4000481C, size = 4 bytes, value = 0x006000d0, pc=0x080038FA 
[    7.275412] [passthrough] Read: 	 address = 0x4000481C, size = 4 bytes, value = 0x006000d0, pc=0x0800392A 
[    7.275935] [passthrough] Read: 	 address = 0x4000481C, size = 4 bytes, value = 0x006000d0, pc=0x0800395E 
[    7.276592] [passthrough] Read: 	 address = 0x40004800, size = 4 bytes, value = 0x0000800d, pc=0x080038E0 
[    7.277050] Interrupt Taken: 	 Vector = 0x0000000F
[    7.277113] Interrupt Served: 	 Vector = 0x0000000F
[    7.280277] [passthrough] Read: 	 address = 0x4000481C, size = 4 bytes, value = 0x006000d0, pc=0x080038FA 
[    7.281141] [passthrough] Read: 	 address = 0x4000481C, size = 4 bytes, value = 0x006000d0, pc=0x0800392A 
[    7.281639] [passthrough] Read: 	 address = 0x4000481C, size = 4 bytes, value = 0x006000d0, pc=0x0800395E 
[    7.282151] [passthrough] Read: 	 address = 0x40004800, size = 4 bytes, value = 0x0000800d, pc=0x080038E0 
[    7.282625] [passthrough] Read: 	 address = 0x4000481C, size = 4 bytes, value = 0x006000d0, pc=0x080038FA 
[    7.283179] [passthrough] Read: 	 address = 0x4000481C, size = 4 bytes, value = 0x006000d0, pc=0x0800392A 
[    7.283635] Interrupt Taken: 	 Vector = 0x0000000F
[    7.283689] Interrupt Served: 	 Vector = 0x0000000F
[    7.286922] [passthrough] Read: 	 address = 0x4000481C, size = 4 bytes, value = 0x006000d0, pc=0x0800395E 
[    7.287452] [passthrough] Read: 	 address = 0x40004800, size = 4 bytes, value = 0x0000800d, pc=0x080038E0 
[    7.287942] [passthrough] Read: 	 address = 0x4000481C, size = 4 bytes, value = 0x006000d0, pc=0x080038FA 
[    7.288500] [passthrough] Read: 	 address = 0x4000481C, size = 4 bytes, value = 0x006000d0, pc=0x0800392A 
[    7.289047] [passthrough] Read: 	 address = 0x4000481C, size = 4 bytes, value = 0x006000d0, pc=0x0800395E 
[    7.289669] [passthrough] Read: 	 address = 0x40004800, size = 4 bytes, value = 0x0000800d, pc=0x080038E0 
[    7.290162] Interrupt Taken: 	 Vector = 0x0000000F
[    7.290266] Interrupt Served: 	 Vector = 0x0000000F
[    7.293287] Interrupt Taken: 	 Vector = 0x0000000F
[    7.293396] Interrupt Served: 	 Vector = 0x0000000F
[    7.296734] [passthrough] Read: 	 address = 0x4000481C, size = 4 bytes, value = 0x006000d0, pc=0x080038FA 
[    7.297283] [passthrough] Read: 	 address = 0x4000481C, size = 4 bytes, value = 0x006000d0, pc=0x0800392A 
[    7.297830] [passthrough] Read: 	 address = 0x4000481C, size = 4 bytes, value = 0x006000d0, pc=0x0800395E 
[    7.298475] [passthrough] Read: 	 address = 0x40004800, size = 4 bytes, value = 0x0000800d, pc=0x080038E0 
[    7.298947] Interrupt Taken: 	 Vector = 0x0000000F
[    7.299116] Interrupt Served: 	 Vector = 0x0000000F
[    7.301982] Interrupt Taken: 	 Vector = 0x0000000F
[    7.302095] Interrupt Served: 	 Vector = 0x0000000F
[    7.305474] [passthrough] Read: 	 address = 0x4000481C, size = 4 bytes, value = 0x006000d0, pc=0x080038FA 
[    7.305987] Interrupt Taken: 	 Vector = 0x0000000F
[    7.306140] Interrupt Served: 	 Vector = 0x0000000F
[    7.308968] Interrupt Taken: 	 Vector = 0x0000000F
[    7.309101] Interrupt Served: 	 Vector = 0x0000000F
[    7.312340] [passthrough] Read: 	 address = 0x4000481C, size = 4 bytes, value = 0x006000d0, pc=0x0800392A 
[    7.312822] Interrupt Taken: 	 Vector = 0x0000000F
[    7.313003] Interrupt Served: 	 Vector = 0x0000000F
[    7.315943] Interrupt Taken: 	 Vector = 0x0000000F
[    7.316004] Interrupt Served: 	 Vector = 0x0000000F
[    7.319146] [passthrough] Read: 	 address = 0x4000481C, size = 4 bytes, value = 0x006000d0, pc=0x0800395E 
[    7.319845] [passthrough] Read: 	 address = 0x4000481C, size = 4 bytes, value = 0x006000d0, pc=0x0800395E 
[    7.320349] Interrupt Taken: 	 Vector = 0x0000000F
[    7.320406] Interrupt Served: 	 Vector = 0x0000000F
[    7.323611] [passthrough] Read: 	 address = 0x40004800, size = 4 bytes, value = 0x0000800d, pc=0x080038E0 
[    7.324287] Interrupt Taken: 	 Vector = 0x0000000F
[    7.324442] Interrupt Served: 	 Vector = 0x0000000F
[    7.327350] Interrupt Taken: 	 Vector = 0x0000000F
[    7.327464] Interrupt Served: 	 Vector = 0x0000000F
[    7.330774] [passthrough] Read: 	 address = 0x4000481C, size = 4 bytes, value = 0x006000d0, pc=0x080038FA 
[    7.331269] [passthrough] Read: 	 address = 0x4000481C, size = 4 bytes, value = 0x006000d0, pc=0x0800392A 
[    7.331818] [passthrough] Read: 	 address = 0x4000481C, size = 4 bytes, value = 0x006000d0, pc=0x0800395E 
[    7.332321] [passthrough] Read: 	 address = 0x40004800, size = 4 bytes, value = 0x0000800d, pc=0x080038E0 
[    7.332792] [passthrough] Read: 	 address = 0x4000481C, size = 4 bytes, value = 0x006000d0, pc=0x080038FA 
[    7.333294] [passthrough] Read: 	 address = 0x4000481C, size = 4 bytes, value = 0x006000d0, pc=0x0800392A 
[    7.333794] [passthrough] Read: 	 address = 0x4000481C, size = 4 bytes, value = 0x006000d0, pc=0x0800395E 
[    7.334292] [passthrough] Read: 	 address = 0x40004800, size = 4 bytes, value = 0x0000800d, pc=0x080038E0 
[    7.334788] [passthrough] Read: 	 address = 0x4000481C, size = 4 bytes, value = 0x006000d0, pc=0x080038FA 
[    7.335297] [passthrough] Read: 	 address = 0x4000481C, size = 4 bytes, value = 0x006000d0, pc=0x0800392A 
[    7.335830] [passthrough] Read: 	 address = 0x4000481C, size = 4 bytes, value = 0x006000d0, pc=0x0800395E 
[    7.336353] [passthrough] Read: 	 address = 0x40004800, size = 4 bytes, value = 0x0000800d, pc=0x080038E0 
[    7.336873] [passthrough] Read: 	 address = 0x4000481C, size = 4 bytes, value = 0x006000d0, pc=0x080038FA 
[    7.337376] [passthrough] Read: 	 address = 0x4000481C, size = 4 bytes, value = 0x006000d0, pc=0x0800392A 
[    7.337887] [passthrough] Read: 	 address = 0x4000481C, size = 4 bytes, value = 0x006000d0, pc=0x0800395E 
[    7.338356] [passthrough] Read: 	 address = 0x40004800, size = 4 bytes, value = 0x0000800d, pc=0x080038E0 
[    7.338821] [passthrough] Read: 	 address = 0x4000481C, size = 4 bytes, value = 0x006000d0, pc=0x080038FA 
[    7.339259] [passthrough] Read: 	 address = 0x4000481C, size = 4 bytes, value = 0x006000d0, pc=0x0800392A 
[    7.339694] [passthrough] Read: 	 address = 0x4000481C, size = 4 bytes, value = 0x006000d0, pc=0x0800395E 
[    7.340166] [passthrough] Read: 	 address = 0x40004800, size = 4 bytes, value = 0x0000800d, pc=0x080038E0 
[    7.340632] [passthrough] Read: 	 address = 0x4000481C, size = 4 bytes, value = 0x006000d0, pc=0x080038FA 
[    7.341174] [passthrough] Read: 	 address = 0x4000481C, size = 4 bytes, value = 0x006000d0, pc=0x0800392A 
[    7.341713] [passthrough] Read: 	 address = 0x4000481C, size = 4 bytes, value = 0x006000d0, pc=0x0800395E 
[    7.342461] [passthrough] Read: 	 address = 0x40004800, size = 4 bytes, value = 0x0000800d, pc=0x080038E0 
[    7.342969] Interrupt Taken: 	 Vector = 0x0000000F
[    7.343152] Interrupt Served: 	 Vector = 0x0000000F
[    7.346224] Interrupt Taken: 	 Vector = 0x0000000F
[    7.346297] Interrupt Served: 	 Vector = 0x0000000F
[    7.349463] [passthrough] Read: 	 address = 0x4000481C, size = 4 bytes, value = 0x006000d0, pc=0x080038FA 
[    7.349969] [passthrough] Read: 	 address = 0x4000481C, size = 4 bytes, value = 0x006000d0, pc=0x0800392A 
[    7.350390] [passthrough] Read: 	 address = 0x4000481C, size = 4 bytes, value = 0x006000d0, pc=0x0800395E 
[    7.350788] [passthrough] Read: 	 address = 0x40004800, size = 4 bytes, value = 0x0000800d, pc=0x080038E0 
[    7.351318] [passthrough] Read: 	 address = 0x4000481C, size = 4 bytes, value = 0x006000d0, pc=0x080038FA 
[    7.351755] [passthrough] Read: 	 address = 0x4000481C, size = 4 bytes, value = 0x006000d0, pc=0x0800392A 
[    7.352246] [passthrough] Read: 	 address = 0x4000481C, size = 4 bytes, value = 0x006000d0, pc=0x0800395E 
[    7.352811] [passthrough] Read: 	 address = 0x40004800, size = 4 bytes, value = 0x0000800d, pc=0x080038E0 
[    7.353270] Interrupt Taken: 	 Vector = 0x0000000F
[    7.353339] Interrupt Served: 	 Vector = 0x0000000F
[    7.356403] [passthrough] Read: 	 address = 0x4000481C, size = 4 bytes, value = 0x006000d0, pc=0x080038FA 
[    7.356932] [passthrough] Read: 	 address = 0x4000481C, size = 4 bytes, value = 0x006000d0, pc=0x0800392A 
[    7.357670] [passthrough] Read: 	 address = 0x4000481C, size = 4 bytes, value = 0x006000d0, pc=0x0800395E 
[    7.358150] Interrupt Taken: 	 Vector = 0x0000000F
[    7.358318] Interrupt Served: 	 Vector = 0x0000000F
[    7.361280] Interrupt Taken: 	 Vector = 0x0000000F
[    7.361371] Interrupt Served: 	 Vector = 0x0000000F
[    7.364644] [passthrough] Read: 	 address = 0x40004800, size = 4 bytes, value = 0x0000800d, pc=0x080038E0 
[    7.365593] [passthrough] Read: 	 address = 0x4000481C, size = 4 bytes, value = 0x006000d0, pc=0x080038FA 
[    7.366149] [passthrough] Read: 	 address = 0x4000481C, size = 4 bytes, value = 0x006000d0, pc=0x0800392A 
[    7.366692] [passthrough] Read: 	 address = 0x4000481C, size = 4 bytes, value = 0x006000d0, pc=0x0800395E 
[    7.367189] [passthrough] Read: 	 address = 0x40004800, size = 4 bytes, value = 0x0000800d, pc=0x080038E0 
[    7.367671] [passthrough] Read: 	 address = 0x4000481C, size = 4 bytes, value = 0x006000d0, pc=0x080038FA 
[    7.368153] [passthrough] Read: 	 address = 0x4000481C, size = 4 bytes, value = 0x006000d0, pc=0x0800392A 
[    7.368600] [passthrough] Read: 	 address = 0x4000481C, size = 4 bytes, value = 0x006000d0, pc=0x0800395E 
[    7.369070] [passthrough] Read: 	 address = 0x40004800, size = 4 bytes, value = 0x0000800d, pc=0x080038E0 
[    7.369543] [passthrough] Read: 	 address = 0x4000481C, size = 4 bytes, value = 0x006000d0, pc=0x080038FA 
[    7.370041] [passthrough] Read: 	 address = 0x4000481C, size = 4 bytes, value = 0x006000d0, pc=0x0800392A 
[    7.370547] [passthrough] Read: 	 address = 0x4000481C, size = 4 bytes, value = 0x006000d0, pc=0x0800395E 
[    7.371339] [passthrough] Read: 	 address = 0x40004800, size = 4 bytes, value = 0x0000800d, pc=0x080038E0 
[    7.371820] Interrupt Taken: 	 Vector = 0x0000000F
[    7.371870] Interrupt Served: 	 Vector = 0x0000000F
[    7.375074] [passthrough] Read: 	 address = 0x4000481C, size = 4 bytes, value = 0x006000d0, pc=0x080038FA 
[    7.375905] [passthrough] Read: 	 address = 0x4000481C, size = 4 bytes, value = 0x006000d0, pc=0x0800392A 
[    7.376395] Interrupt Taken: 	 Vector = 0x0000000F
[    7.376524] Interrupt Served: 	 Vector = 0x0000000F
[    7.379338] Interrupt Taken: 	 Vector = 0x0000000F
[    7.379429] Interrupt Served: 	 Vector = 0x0000000F
[    7.382659] [passthrough] Read: 	 address = 0x4000481C, size = 4 bytes, value = 0x006010f0, pc=0x0800395E 
[    7.383183] [passthrough] Read: 	 address = 0x40004824, size = 4 bytes, value = 0x0000006c, pc=0x08002AF6 
[    7.383626] [passthrough] Read: 	 address = 0x4000481C, size = 4 bytes, value = 0x006010d0, pc=0x0800395E 
[    7.384079] [passthrough] Write: 	 address = 0x40004828, size = 4 bytes, value = 0x0000006c, pc=0x08002952 
[    7.384762] [passthrough] Read: 	 address = 0x4000481C, size = 4 bytes, value = 0x006010d0, pc=0x0800395E 
[    7.385401] [passthrough] Read: 	 address = 0x4000481C, size = 4 bytes, value = 0x006010d0, pc=0x0800395E 
[    7.385930] Interrupt Taken: 	 Vector = 0x0000000F
[    7.386113] Interrupt Served: 	 Vector = 0x0000000F
[    7.389050] Interrupt Taken: 	 Vector = 0x0000000F
[    7.389156] Interrupt Served: 	 Vector = 0x0000000F
[    7.392678] [passthrough] Read: 	 address = 0x40004800, size = 4 bytes, value = 0x0000800d, pc=0x080038E0 
[    7.393276] Interrupt Taken: 	 Vector = 0x0000000F
[    7.393405] Interrupt Served: 	 Vector = 0x0000000F
[    7.396530] Interrupt Taken: 	 Vector = 0x0000000F
[    7.396621] Interrupt Served: 	 Vector = 0x0000000F
[    7.399926] [passthrough] Read: 	 address = 0x4000481C, size = 4 bytes, value = 0x006010d0, pc=0x080038FA 
[    7.400483] [passthrough] Read: 	 address = 0x4000481C, size = 4 bytes, value = 0x006010d0, pc=0x0800392A 
[    7.400995] [passthrough] Read: 	 address = 0x4000481C, size = 4 bytes, value = 0x006010d0, pc=0x0800395E 
[    7.401525] [passthrough] Read: 	 address = 0x40004800, size = 4 bytes, value = 0x0000800d, pc=0x080038E0 
[    7.402048] [passthrough] Read: 	 address = 0x4000481C, size = 4 bytes, value = 0x006010d0, pc=0x080038FA 
[    7.402570] [passthrough] Read: 	 address = 0x4000481C, size = 4 bytes, value = 0x006010d0, pc=0x0800392A 
[    7.403218] [passthrough] Read: 	 address = 0x4000481C, size = 4 bytes, value = 0x006010d0, pc=0x0800395E 
[    7.403739] Interrupt Taken: 	 Vector = 0x0000000F
[    7.403807] Interrupt Served: 	 Vector = 0x0000000F
[    7.407096] [passthrough] Read: 	 address = 0x40004800, size = 4 bytes, value = 0x0000800d, pc=0x080038E0 
[    7.407722] [passthrough] Read: 	 address = 0x4000481C, size = 4 bytes, value = 0x006010d0, pc=0x080038FA 
[    7.408257] [passthrough] Read: 	 address = 0x4000481C, size = 4 bytes, value = 0x006010d0, pc=0x0800392A 
[    7.408739] [passthrough] Read: 	 address = 0x4000481C, size = 4 bytes, value = 0x006010d0, pc=0x0800395E 
[    7.409480] [passthrough] Read: 	 address = 0x40004800, size = 4 bytes, value = 0x0000800d, pc=0x080038E0 
[    7.409922] Interrupt Taken: 	 Vector = 0x0000000F
[    7.410044] Interrupt Served: 	 Vector = 0x0000000F
[    7.412934] Interrupt Taken: 	 Vector = 0x0000000F
[    7.413166] Interrupt Served: 	 Vector = 0x0000000F
[    7.416188] Interrupt Taken: 	 Vector = 0x0000000F
[    7.416277] Interrupt Served: 	 Vector = 0x0000000F
[    7.419452] [passthrough] Read: 	 address = 0x4000481C, size = 4 bytes, value = 0x006010d0, pc=0x080038FA 
[    7.420001] [passthrough] Read: 	 address = 0x4000481C, size = 4 bytes, value = 0x006010d0, pc=0x0800392A 
[    7.420753] [passthrough] Read: 	 address = 0x4000481C, size = 4 bytes, value = 0x006010d0, pc=0x0800395E 
[    7.421254] Interrupt Taken: 	 Vector = 0x0000000F
[    7.421383] Interrupt Served: 	 Vector = 0x0000000F
[    7.424197] Interrupt Taken: 	 Vector = 0x0000000F
[    7.424311] Interrupt Served: 	 Vector = 0x0000000F
[    7.427817] [passthrough] Read: 	 address = 0x40004800, size = 4 bytes, value = 0x0000800d, pc=0x080038E0 
[    7.428315] Interrupt Taken: 	 Vector = 0x0000000F
[    7.428421] Interrupt Served: 	 Vector = 0x0000000F
[    7.431370] Interrupt Taken: 	 Vector = 0x0000000F
[    7.431440] Interrupt Served: 	 Vector = 0x0000000F
[    7.434931] [passthrough] Read: 	 address = 0x4000481C, size = 4 bytes, value = 0x006010d0, pc=0x080038FA 
[    7.435424] [passthrough] Read: 	 address = 0x4000481C, size = 4 bytes, value = 0x006010d0, pc=0x0800392A 
[    7.435895] [passthrough] Read: 	 address = 0x4000481C, size = 4 bytes, value = 0x006010d0, pc=0x0800395E 
[    7.436382] [passthrough] Read: 	 address = 0x4000481C, size = 4 bytes, value = 0x006010d0, pc=0x0800395E 
[    7.436852] [passthrough] Read: 	 address = 0x40004800, size = 4 bytes, value = 0x0000800d, pc=0x080038E0 
[    7.437401] [passthrough] Read: 	 address = 0x4000481C, size = 4 bytes, value = 0x006010d0, pc=0x080038FA 
[    7.437935] [passthrough] Read: 	 address = 0x4000481C, size = 4 bytes, value = 0x006010d0, pc=0x0800392A 
[    7.438455] [passthrough] Read: 	 address = 0x4000481C, size = 4 bytes, value = 0x006010d0, pc=0x0800395E 
[    7.438940] [passthrough] Read: 	 address = 0x40004800, size = 4 bytes, value = 0x0000800d, pc=0x080038E0 
[    7.439422] [passthrough] Read: 	 address = 0x4000481C, size = 4 bytes, value = 0x006010d0, pc=0x080038FA 
[    7.439921] [passthrough] Read: 	 address = 0x4000481C, size = 4 bytes, value = 0x006010d0, pc=0x0800392A 
[    7.440416] [passthrough] Read: 	 address = 0x4000481C, size = 4 bytes, value = 0x006010d0, pc=0x0800395E 
[    7.440929] [passthrough] Read: 	 address = 0x40004800, size = 4 bytes, value = 0x0000800d, pc=0x080038E0 
[    7.441444] [passthrough] Read: 	 address = 0x4000481C, size = 4 bytes, value = 0x006010d0, pc=0x080038FA 
[    7.441955] [passthrough] Read: 	 address = 0x4000481C, size = 4 bytes, value = 0x006010d0, pc=0x0800392A 
[    7.442452] [passthrough] Read: 	 address = 0x4000481C, size = 4 bytes, value = 0x006010d0, pc=0x0800395E 
[    7.443079] [passthrough] Read: 	 address = 0x40004800, size = 4 bytes, value = 0x0000800d, pc=0x080038E0 
[    7.443563] [passthrough] Read: 	 address = 0x4000481C, size = 4 bytes, value = 0x006010d0, pc=0x080038FA 
[    7.444099] [passthrough] Read: 	 address = 0x4000481C, size = 4 bytes, value = 0x006010d0, pc=0x0800392A 
[    7.444584] [passthrough] Read: 	 address = 0x4000481C, size = 4 bytes, value = 0x006010d0, pc=0x0800395E 
[    7.445052] [passthrough] Read: 	 address = 0x40004800, size = 4 bytes, value = 0x0000800d, pc=0x080038E0 
[    7.445552] [passthrough] Read: 	 address = 0x4000481C, size = 4 bytes, value = 0x006010d0, pc=0x080038FA 
[    7.446003] [passthrough] Read: 	 address = 0x4000481C, size = 4 bytes, value = 0x006010d0, pc=0x0800392A 
[    7.446483] [passthrough] Read: 	 address = 0x4000481C, size = 4 bytes, value = 0x006010d0, pc=0x0800395E 
[    7.446886] [passthrough] Read: 	 address = 0x40004800, size = 4 bytes, value = 0x0000800d, pc=0x080038E0 
[    7.447459] [passthrough] Read: 	 address = 0x4000481C, size = 4 bytes, value = 0x006010d0, pc=0x080038FA 
[    7.447990] [passthrough] Read: 	 address = 0x4000481C, size = 4 bytes, value = 0x006010d0, pc=0x0800392A 
[    7.449096] [passthrough] Read: 	 address = 0x4000481C, size = 4 bytes, value = 0x006010d0, pc=0x0800395E 
[    7.449827] [passthrough] Read: 	 address = 0x40004800, size = 4 bytes, value = 0x0000800d, pc=0x080038E0 
[    7.450305] Interrupt Taken: 	 Vector = 0x0000000F
[    7.450433] Interrupt Served: 	 Vector = 0x0000000F
[    7.453382] Interrupt Taken: 	 Vector = 0x0000000F
[    7.453458] Interrupt Served: 	 Vector = 0x0000000F
[    7.456778] [passthrough] Read: 	 address = 0x4000481C, size = 4 bytes, value = 0x006010d0, pc=0x080038FA 
[    7.457350] Interrupt Taken: 	 Vector = 0x0000000F
[    7.457512] Interrupt Served: 	 Vector = 0x0000000F
[    7.460448] Interrupt Taken: 	 Vector = 0x0000000F
[    7.460563] Interrupt Served: 	 Vector = 0x0000000F
[    7.463687] [passthrough] Read: 	 address = 0x4000481C, size = 4 bytes, value = 0x006010d0, pc=0x0800392A 
[    7.464183] [passthrough] Read: 	 address = 0x4000481C, size = 4 bytes, value = 0x006010d0, pc=0x0800395E 
[    7.464696] [passthrough] Read: 	 address = 0x40004800, size = 4 bytes, value = 0x0000800d, pc=0x080038E0 
[    7.465168] [passthrough] Read: 	 address = 0x4000481C, size = 4 bytes, value = 0x006010d0, pc=0x080038FA 
[    7.465663] [passthrough] Read: 	 address = 0x4000481C, size = 4 bytes, value = 0x006010d0, pc=0x0800392A 
[    7.466180] [passthrough] Read: 	 address = 0x4000481C, size = 4 bytes, value = 0x006010d0, pc=0x0800395E 
[    7.466725] [passthrough] Read: 	 address = 0x40004800, size = 4 bytes, value = 0x0000800d, pc=0x080038E0 
[    7.467278] [passthrough] Read: 	 address = 0x4000481C, size = 4 bytes, value = 0x006010d0, pc=0x080038FA 
[    7.467768] [passthrough] Read: 	 address = 0x4000481C, size = 4 bytes, value = 0x006010d0, pc=0x0800392A 
[    7.468259] [passthrough] Read: 	 address = 0x4000481C, size = 4 bytes, value = 0x006010d0, pc=0x0800395E 
[    7.468702] [passthrough] Read: 	 address = 0x40004800, size = 4 bytes, value = 0x0000800d, pc=0x080038E0 
[    7.469154] [passthrough] Read: 	 address = 0x4000481C, size = 4 bytes, value = 0x006010d0, pc=0x080038FA 
[    7.469714] [passthrough] Read: 	 address = 0x4000481C, size = 4 bytes, value = 0x006010d0, pc=0x0800392A 
[    7.470248] [passthrough] Read: 	 address = 0x4000481C, size = 4 bytes, value = 0x006010d0, pc=0x0800395E 
[    7.470780] [passthrough] Read: 	 address = 0x40004800, size = 4 bytes, value = 0x0000800d, pc=0x080038E0 
[    7.471315] [passthrough] Read: 	 address = 0x4000481C, size = 4 bytes, value = 0x006010d0, pc=0x080038FA 
[    7.471798] [passthrough] Read: 	 address = 0x4000481C, size = 4 bytes, value = 0x006010d0, pc=0x0800392A 
[    7.472297] [passthrough] Read: 	 address = 0x4000481C, size = 4 bytes, value = 0x006010d0, pc=0x0800395E 
[    7.472780] [passthrough] Read: 	 address = 0x40004800, size = 4 bytes, value = 0x0000800d, pc=0x080038E0 
[    7.473211] [passthrough] Read: 	 address = 0x4000481C, size = 4 bytes, value = 0x006010d0, pc=0x080038FA 
[    7.473631] [passthrough] Read: 	 address = 0x4000481C, size = 4 bytes, value = 0x006010d0, pc=0x0800392A 
[    7.474192] [passthrough] Read: 	 address = 0x4000481C, size = 4 bytes, value = 0x006010d0, pc=0x0800395E 
[    7.474720] [passthrough] Read: 	 address = 0x40004800, size = 4 bytes, value = 0x0000800d, pc=0x080038E0 
[    7.475451] [passthrough] Read: 	 address = 0x4000481C, size = 4 bytes, value = 0x006010d0, pc=0x080038FA 
[    7.475920] Interrupt Taken: 	 Vector = 0x0000000F
[    7.476067] Interrupt Served: 	 Vector = 0x0000000F
[    7.478959] Interrupt Taken: 	 Vector = 0x0000000F
[    7.479044] Interrupt Served: 	 Vector = 0x0000000F
[    7.482262] [passthrough] Read: 	 address = 0x4000481C, size = 4 bytes, value = 0x006010d0, pc=0x0800392A 
[    7.482829] [passthrough] Read: 	 address = 0x4000481C, size = 4 bytes, value = 0x006010d0, pc=0x0800395E 
[    7.483314] [passthrough] Read: 	 address = 0x40004800, size = 4 bytes, value = 0x0000800d, pc=0x080038E0 
[    7.483783] [passthrough] Read: 	 address = 0x4000481C, size = 4 bytes, value = 0x006010d0, pc=0x080038FA 
[    7.484363] [passthrough] Read: 	 address = 0x4000481C, size = 4 bytes, value = 0x006010d0, pc=0x0800392A 
[    7.484791] Interrupt Taken: 	 Vector = 0x0000000F
[    7.484888] Interrupt Served: 	 Vector = 0x0000000F
[    7.487771] Interrupt Taken: 	 Vector = 0x0000000F
[    7.487852] Interrupt Served: 	 Vector = 0x0000000F
[    7.491190] [passthrough] Read: 	 address = 0x4000481C, size = 4 bytes, value = 0x006010d0, pc=0x0800395E 
[    7.491787] [passthrough] Read: 	 address = 0x40004800, size = 4 bytes, value = 0x0000800d, pc=0x080038E0 
[    7.492312] [passthrough] Read: 	 address = 0x4000481C, size = 4 bytes, value = 0x006010d0, pc=0x080038FA 
[    7.492818] [passthrough] Read: 	 address = 0x4000481C, size = 4 bytes, value = 0x006010d0, pc=0x0800392A 
[    7.493329] [passthrough] Read: 	 address = 0x4000481C, size = 4 bytes, value = 0x006010d0, pc=0x0800395E 
[    7.493822] [passthrough] Read: 	 address = 0x40004800, size = 4 bytes, value = 0x0000800d, pc=0x080038E0 
[    7.494426] [passthrough] Read: 	 address = 0x4000481C, size = 4 bytes, value = 0x006010d0, pc=0x080038FA 
[    7.494881] Interrupt Taken: 	 Vector = 0x0000000F
[    7.494923] Interrupt Served: 	 Vector = 0x0000000F
[    7.497963] [passthrough] Read: 	 address = 0x4000481C, size = 4 bytes, value = 0x006010d0, pc=0x0800392A 
[    7.498515] [passthrough] Read: 	 address = 0x4000481C, size = 4 bytes, value = 0x006010d0, pc=0x0800395E 
[    7.499100] [passthrough] Read: 	 address = 0x40004800, size = 4 bytes, value = 0x0000800d, pc=0x080038E0 
[    7.499598] [passthrough] Read: 	 address = 0x4000481C, size = 4 bytes, value = 0x006010d0, pc=0x080038FA 
[    7.500106] [passthrough] Read: 	 address = 0x4000481C, size = 4 bytes, value = 0x006010d0, pc=0x0800392A 
[    7.500586] [passthrough] Read: 	 address = 0x4000481C, size = 4 bytes, value = 0x006010d0, pc=0x0800395E 
[    7.501093] [passthrough] Read: 	 address = 0x40004800, size = 4 bytes, value = 0x0000800d, pc=0x080038E0 
[    7.501557] [passthrough] Read: 	 address = 0x4000481C, size = 4 bytes, value = 0x006010d0, pc=0x080038FA 
[    7.502046] [passthrough] Read: 	 address = 0x4000481C, size = 4 bytes, value = 0x006010d0, pc=0x0800392A 
[    7.502619] [passthrough] Read: 	 address = 0x4000481C, size = 4 bytes, value = 0x006010d0, pc=0x0800395E 
[    7.503162] [passthrough] Read: 	 address = 0x40004800, size = 4 bytes, value = 0x0000800d, pc=0x080038E0 
[    7.503681] [passthrough] Read: 	 address = 0x4000481C, size = 4 bytes, value = 0x006010d0, pc=0x080038FA 
[    7.504168] [passthrough] Read: 	 address = 0x4000481C, size = 4 bytes, value = 0x006010d0, pc=0x0800392A 
[    7.504666] [passthrough] Read: 	 address = 0x4000481C, size = 4 bytes, value = 0x006010d0, pc=0x0800395E 
[    7.505173] [passthrough] Read: 	 address = 0x40004800, size = 4 bytes, value = 0x0000800d, pc=0x080038E0 
[    7.505632] [passthrough] Read: 	 address = 0x4000481C, size = 4 bytes, value = 0x006010d0, pc=0x080038FA 
[    7.506221] [passthrough] Read: 	 address = 0x4000481C, size = 4 bytes, value = 0x006010d0, pc=0x0800392A 
[    7.506704] Interrupt Taken: 	 Vector = 0x0000000F
[    7.506890] Interrupt Served: 	 Vector = 0x0000000F
[    7.509711] Interrupt Taken: 	 Vector = 0x0000000F
[    7.509817] Interrupt Served: 	 Vector = 0x0000000F
[    7.513422] [passthrough] Read: 	 address = 0x4000481C, size = 4 bytes, value = 0x006010d0, pc=0x0800395E 
[    7.513911] Interrupt Taken: 	 Vector = 0x0000000F
[    7.514105] Interrupt Served: 	 Vector = 0x0000000F
[    7.517098] Interrupt Taken: 	 Vector = 0x0000000F
[    7.517165] Interrupt Served: 	 Vector = 0x0000000F
[    7.520572] [passthrough] Read: 	 address = 0x4000481C, size = 4 bytes, value = 0x006010d0, pc=0x0800395E 
[    7.521084] Interrupt Taken: 	 Vector = 0x0000000F
[    7.521162] Interrupt Served: 	 Vector = 0x0000000F
[    7.524521] [passthrough] Read: 	 address = 0x40004800, size = 4 bytes, value = 0x0000800d, pc=0x080038E0 
[    7.524977] Interrupt Taken: 	 Vector = 0x0000000F
[    7.525092] Interrupt Served: 	 Vector = 0x0000000F
[    7.528422] [passthrough] Read: 	 address = 0x4000481C, size = 4 bytes, value = 0x006010d0, pc=0x080038FA 
[    7.528937] Interrupt Taken: 	 Vector = 0x0000000F
[    7.529060] Interrupt Served: 	 Vector = 0x0000000F
[    7.532272] Interrupt Taken: 	 Vector = 0x0000000F
[    7.532375] Interrupt Served: 	 Vector = 0x0000000F
[    7.535908] [passthrough] Read: 	 address = 0x4000481C, size = 4 bytes, value = 0x006010d0, pc=0x0800392A 
[    7.536436] [passthrough] Read: 	 address = 0x4000481C, size = 4 bytes, value = 0x006010d0, pc=0x0800395E 
[    7.536962] [passthrough] Read: 	 address = 0x40004800, size = 4 bytes, value = 0x0000800d, pc=0x080038E0 
[    7.537676] [passthrough] Read: 	 address = 0x4000481C, size = 4 bytes, value = 0x006010d0, pc=0x080038FA 
[    7.538240] Interrupt Taken: 	 Vector = 0x0000000F
[    7.538359] Interrupt Served: 	 Vector = 0x0000000F
[    7.541559] [passthrough] Read: 	 address = 0x4000481C, size = 4 bytes, value = 0x006010d0, pc=0x0800392A 
[    7.542179] [passthrough] Read: 	 address = 0x4000481C, size = 4 bytes, value = 0x006010d0, pc=0x0800395E 
[    7.542921] [passthrough] Read: 	 address = 0x40004800, size = 4 bytes, value = 0x0000800d, pc=0x080038E0 
[    7.543410] Interrupt Taken: 	 Vector = 0x0000000F
[    7.543476] Interrupt Served: 	 Vector = 0x0000000F
[    7.546520] [passthrough] Read: 	 address = 0x4000481C, size = 4 bytes, value = 0x006010d0, pc=0x080038FA 
[    7.547254] [passthrough] Read: 	 address = 0x4000481C, size = 4 bytes, value = 0x006010d0, pc=0x0800392A 
[    7.547769] Interrupt Taken: 	 Vector = 0x0000000F
[    7.547907] Interrupt Served: 	 Vector = 0x0000000F
[    7.550788] Interrupt Taken: 	 Vector = 0x0000000F
[    7.550862] Interrupt Served: 	 Vector = 0x0000000F
[    7.554071] [passthrough] Read: 	 address = 0x4000481C, size = 4 bytes, value = 0x006010d0, pc=0x0800395E 
[    7.554544] Interrupt Taken: 	 Vector = 0x0000000F
[    7.554615] Interrupt Served: 	 Vector = 0x0000000F
[    7.557939] [passthrough] Read: 	 address = 0x40004800, size = 4 bytes, value = 0x0000800d, pc=0x080038E0 
[    7.558491] [passthrough] Read: 	 address = 0x4000481C, size = 4 bytes, value = 0x006010d0, pc=0x080038FA 
[    7.559054] [passthrough] Read: 	 address = 0x4000481C, size = 4 bytes, value = 0x006010d0, pc=0x0800392A 
[    7.559566] [passthrough] Read: 	 address = 0x4000481C, size = 4 bytes, value = 0x006010d0, pc=0x0800395E 
[    7.560309] [passthrough] Read: 	 address = 0x40004800, size = 4 bytes, value = 0x0000800d, pc=0x080038E0 
[    7.560782] Interrupt Taken: 	 Vector = 0x0000000F
[    7.560920] Interrupt Served: 	 Vector = 0x0000000F
[    7.563708] Interrupt Taken: 	 Vector = 0x0000000F
[    7.563777] Interrupt Served: 	 Vector = 0x0000000F
[    7.566905] [passthrough] Read: 	 address = 0x4000481C, size = 4 bytes, value = 0x006010d0, pc=0x080038FA 
[    7.567423] [passthrough] Read: 	 address = 0x4000481C, size = 4 bytes, value = 0x006010d0, pc=0x0800392A 
[    7.567898] [passthrough] Read: 	 address = 0x4000481C, size = 4 bytes, value = 0x006010d0, pc=0x0800395E 
[    7.568429] [passthrough] Read: 	 address = 0x4000481C, size = 4 bytes, value = 0x006010d0, pc=0x0800395E 
[    7.568985] [passthrough] Read: 	 address = 0x40004800, size = 4 bytes, value = 0x0000800d, pc=0x080038E0 
[    7.569444] [passthrough] Read: 	 address = 0x4000481C, size = 4 bytes, value = 0x006010d0, pc=0x080038FA 
[    7.569924] [passthrough] Read: 	 address = 0x4000481C, size = 4 bytes, value = 0x006010d0, pc=0x0800392A 
[    7.570423] [passthrough] Read: 	 address = 0x4000481C, size = 4 bytes, value = 0x006010d0, pc=0x0800395E 
[    7.570913] [passthrough] Read: 	 address = 0x40004800, size = 4 bytes, value = 0x0000800d, pc=0x080038E0 
[    7.571419] [passthrough] Read: 	 address = 0x4000481C, size = 4 bytes, value = 0x006010d0, pc=0x080038FA 
[    7.571902] [passthrough] Read: 	 address = 0x4000481C, size = 4 bytes, value = 0x006010d0, pc=0x0800392A 
[    7.572321] [passthrough] Read: 	 address = 0x4000481C, size = 4 bytes, value = 0x006010d0, pc=0x0800395E 
[    7.572988] [passthrough] Read: 	 address = 0x40004800, size = 4 bytes, value = 0x0000800d, pc=0x080038E0 
[    7.574163] Interrupt Taken: 	 Vector = 0x0000000F
[    7.574336] Interrupt Served: 	 Vector = 0x0000000F
[    7.577289] Interrupt Taken: 	 Vector = 0x0000000F
[    7.577429] Interrupt Served: 	 Vector = 0x0000000F
[    7.580617] [passthrough] Read: 	 address = 0x4000481C, size = 4 bytes, value = 0x006010d0, pc=0x080038FA 
[    7.581152] [passthrough] Read: 	 address = 0x4000481C, size = 4 bytes, value = 0x006010d0, pc=0x0800392A 
[    7.581680] [passthrough] Read: 	 address = 0x4000481C, size = 4 bytes, value = 0x006010d0, pc=0x0800395E 
[    7.582186] [passthrough] Read: 	 address = 0x40004800, size = 4 bytes, value = 0x0000800d, pc=0x080038E0 
[    7.582670] [passthrough] Read: 	 address = 0x4000481C, size = 4 bytes, value = 0x006010d0, pc=0x080038FA 
[    7.583194] [passthrough] Read: 	 address = 0x4000481C, size = 4 bytes, value = 0x006010d0, pc=0x0800392A 
[    7.583678] [passthrough] Read: 	 address = 0x4000481C, size = 4 bytes, value = 0x006010d0, pc=0x0800395E 
[    7.584148] [passthrough] Read: 	 address = 0x40004800, size = 4 bytes, value = 0x0000800d, pc=0x080038E0 
[    7.584645] [passthrough] Read: 	 address = 0x4000481C, size = 4 bytes, value = 0x006010d0, pc=0x080038FA 
[    7.585216] [passthrough] Read: 	 address = 0x4000481C, size = 4 bytes, value = 0x006010d0, pc=0x0800392A 
[    7.586092] [passthrough] Read: 	 address = 0x4000481C, size = 4 bytes, value = 0x006010d0, pc=0x0800395E 
[    7.586550] Interrupt Taken: 	 Vector = 0x0000000F
[    7.586598] Interrupt Served: 	 Vector = 0x0000000F
[    7.589604] [passthrough] Read: 	 address = 0x40004800, size = 4 bytes, value = 0x0000800d, pc=0x080038E0 
[    7.590274] [passthrough] Read: 	 address = 0x4000481C, size = 4 bytes, value = 0x006010d0, pc=0x080038FA 
[    7.590754] Interrupt Taken: 	 Vector = 0x0000000F
[    7.590857] Interrupt Served: 	 Vector = 0x0000000F
[    7.593794] Interrupt Taken: 	 Vector = 0x0000000F
[    7.593908] Interrupt Served: 	 Vector = 0x0000000F
[    7.597205] [passthrough] Read: 	 address = 0x4000481C, size = 4 bytes, value = 0x006010d0, pc=0x0800392A 
[    7.597728] [passthrough] Read: 	 address = 0x4000481C, size = 4 bytes, value = 0x006010d0, pc=0x0800395E 
[    7.598260] [passthrough] Read: 	 address = 0x40004800, size = 4 bytes, value = 0x0000800d, pc=0x080038E0 
[    7.598665] Interrupt Taken: 	 Vector = 0x0000000F
[    7.598707] Interrupt Served: 	 Vector = 0x0000000F
[    7.601936] [passthrough] Read: 	 address = 0x4000481C, size = 4 bytes, value = 0x006010d0, pc=0x080038FA 
[    7.602543] [passthrough] Read: 	 address = 0x4000481C, size = 4 bytes, value = 0x006010d0, pc=0x0800392A 
[    7.603119] [passthrough] Read: 	 address = 0x4000481C, size = 4 bytes, value = 0x006010d0, pc=0x0800395E 
[    7.603661] [passthrough] Read: 	 address = 0x40004800, size = 4 bytes, value = 0x0000800d, pc=0x080038E0 
[    7.604174] Interrupt Taken: 	 Vector = 0x0000000F
[    7.604243] Interrupt Served: 	 Vector = 0x0000000F
[    7.607589] [passthrough] Read: 	 address = 0x4000481C, size = 4 bytes, value = 0x006010d0, pc=0x080038FA 
[    7.608093] Interrupt Taken: 	 Vector = 0x0000000F
[    7.608149] Interrupt Served: 	 Vector = 0x0000000F
[    7.611409] [passthrough] Read: 	 address = 0x4000481C, size = 4 bytes, value = 0x006010d0, pc=0x0800392A 
[    7.611930] [passthrough] Read: 	 address = 0x4000481C, size = 4 bytes, value = 0x006010d0, pc=0x0800395E 
[    7.612424] [passthrough] Read: 	 address = 0x40004800, size = 4 bytes, value = 0x0000800d, pc=0x080038E0 
[    7.612932] [passthrough] Read: 	 address = 0x4000481C, size = 4 bytes, value = 0x006010d0, pc=0x080038FA 
[    7.613438] [passthrough] Read: 	 address = 0x4000481C, size = 4 bytes, value = 0x006010d0, pc=0x0800392A 
[    7.614048] [passthrough] Read: 	 address = 0x4000481C, size = 4 bytes, value = 0x006010d0, pc=0x0800395E 
[    7.614718] [passthrough] Read: 	 address = 0x40004800, size = 4 bytes, value = 0x0000800d, pc=0x080038E0 
[    7.615571] [passthrough] Read: 	 address = 0x4000481C, size = 4 bytes, value = 0x006010d0, pc=0x080038FA 
[    7.616226] Interrupt Taken: 	 Vector = 0x0000000F
[    7.616334] Interrupt Served: 	 Vector = 0x0000000F
[    7.619451] [passthrough] Read: 	 address = 0x4000481C, size = 4 bytes, value = 0x006010d0, pc=0x0800392A 
[    7.619970] Interrupt Taken: 	 Vector = 0x0000000F
[    7.620117] Interrupt Served: 	 Vector = 0x0000000F
[    7.623047] Interrupt Taken: 	 Vector = 0x0000000F
[    7.623122] Interrupt Served: 	 Vector = 0x0000000F
[    7.626475] [passthrough] Read: 	 address = 0x4000481C, size = 4 bytes, value = 0x006010f0, pc=0x0800395E 
[    7.627134] [passthrough] Read: 	 address = 0x40004824, size = 4 bytes, value = 0x0000006f, pc=0x08002AF6 
[    7.627608] Interrupt Taken: 	 Vector = 0x0000000F
[    7.627665] Interrupt Served: 	 Vector = 0x0000000F
[    7.630847] [passthrough] Read: 	 address = 0x4000481C, size = 4 bytes, value = 0x006010d0, pc=0x0800395E 
[    7.631440] [passthrough] Write: 	 address = 0x40004828, size = 4 bytes, value = 0x0000006f, pc=0x08002952 
[    7.632200] [passthrough] Read: 	 address = 0x4000481C, size = 4 bytes, value = 0x006010d0, pc=0x0800395E 
[    7.632894] [passthrough] Read: 	 address = 0x4000481C, size = 4 bytes, value = 0x006010d0, pc=0x0800395E 
[    7.633362] Interrupt Taken: 	 Vector = 0x0000000F
[    7.633490] Interrupt Served: 	 Vector = 0x0000000F
[    7.636595] Interrupt Taken: 	 Vector = 0x0000000F
[    7.636684] Interrupt Served: 	 Vector = 0x0000000F
[    7.639793] [passthrough] Read: 	 address = 0x40004800, size = 4 bytes, value = 0x0000800d, pc=0x080038E0 
[    7.640328] [passthrough] Read: 	 address = 0x4000481C, size = 4 bytes, value = 0x006010d0, pc=0x080038FA 
[    7.640802] [passthrough] Read: 	 address = 0x4000481C, size = 4 bytes, value = 0x006010d0, pc=0x0800392A 
[    7.641329] [passthrough] Read: 	 address = 0x4000481C, size = 4 bytes, value = 0x006010d0, pc=0x0800395E 
[    7.641829] [passthrough] Read: 	 address = 0x40004800, size = 4 bytes, value = 0x0000800d, pc=0x080038E0 
[    7.642287] [passthrough] Read: 	 address = 0x4000481C, size = 4 bytes, value = 0x006010d0, pc=0x080038FA 
[    7.642807] [passthrough] Read: 	 address = 0x4000481C, size = 4 bytes, value = 0x006010d0, pc=0x0800392A 
[    7.643390] [passthrough] Read: 	 address = 0x4000481C, size = 4 bytes, value = 0x006010d0, pc=0x0800395E 
[    7.644051] [passthrough] Read: 	 address = 0x40004800, size = 4 bytes, value = 0x0000800d, pc=0x080038E0 
[    7.644554] [passthrough] Read: 	 address = 0x4000481C, size = 4 bytes, value = 0x006010d0, pc=0x080038FA 
[    7.645064] [passthrough] Read: 	 address = 0x4000481C, size = 4 bytes, value = 0x006010d0, pc=0x0800392A 
[    7.645546] [passthrough] Read: 	 address = 0x4000481C, size = 4 bytes, value = 0x006010d0, pc=0x0800395E 
[    7.646043] [passthrough] Read: 	 address = 0x40004800, size = 4 bytes, value = 0x0000800d, pc=0x080038E0 
[    7.646546] [passthrough] Read: 	 address = 0x4000481C, size = 4 bytes, value = 0x006010d0, pc=0x080038FA 
[    7.647072] [passthrough] Read: 	 address = 0x4000481C, size = 4 bytes, value = 0x006010d0, pc=0x0800392A 
[    7.647545] [passthrough] Read: 	 address = 0x4000481C, size = 4 bytes, value = 0x006010d0, pc=0x0800395E 
[    7.648104] [passthrough] Read: 	 address = 0x40004800, size = 4 bytes, value = 0x0000800d, pc=0x080038E0 
[    7.648672] [passthrough] Read: 	 address = 0x4000481C, size = 4 bytes, value = 0x006010d0, pc=0x080038FA 
[    7.649218] [passthrough] Read: 	 address = 0x4000481C, size = 4 bytes, value = 0x006010d0, pc=0x0800392A 
[    7.649704] [passthrough] Read: 	 address = 0x4000481C, size = 4 bytes, value = 0x006010d0, pc=0x0800395E 
[    7.650219] [passthrough] Read: 	 address = 0x40004800, size = 4 bytes, value = 0x0000800d, pc=0x080038E0 
[    7.650693] [passthrough] Read: 	 address = 0x4000481C, size = 4 bytes, value = 0x006010d0, pc=0x080038FA 
[    7.651190] [passthrough] Read: 	 address = 0x4000481C, size = 4 bytes, value = 0x006010d0, pc=0x0800392A 
[    7.651678] [passthrough] Read: 	 address = 0x4000481C, size = 4 bytes, value = 0x006010d0, pc=0x0800395E 
[    7.652207] [passthrough] Read: 	 address = 0x40004800, size = 4 bytes, value = 0x0000800d, pc=0x080038E0 
[    7.652718] [passthrough] Read: 	 address = 0x4000481C, size = 4 bytes, value = 0x006010d0, pc=0x080038FA 
[    7.653267] [passthrough] Read: 	 address = 0x4000481C, size = 4 bytes, value = 0x006010d0, pc=0x0800392A 
[    7.653774] [passthrough] Read: 	 address = 0x4000481C, size = 4 bytes, value = 0x006010d0, pc=0x0800395E 
[    7.654495] [passthrough] Read: 	 address = 0x40004800, size = 4 bytes, value = 0x0000800d, pc=0x080038E0 
[    7.654962] Interrupt Taken: 	 Vector = 0x0000000F
[    7.655126] Interrupt Served: 	 Vector = 0x0000000F
[    7.657988] Interrupt Taken: 	 Vector = 0x0000000F
[    7.658069] Interrupt Served: 	 Vector = 0x0000000F
[    7.661748] [passthrough] Read: 	 address = 0x4000481C, size = 4 bytes, value = 0x006010d0, pc=0x080038FA 
[    7.662272] [passthrough] Read: 	 address = 0x4000481C, size = 4 bytes, value = 0x006010d0, pc=0x0800392A 
[    7.662790] [passthrough] Read: 	 address = 0x4000481C, size = 4 bytes, value = 0x006010d0, pc=0x0800395E 
[    7.663549] [passthrough] Read: 	 address = 0x40004800, size = 4 bytes, value = 0x0000800d, pc=0x080038E0 
[    7.664071] Interrupt Taken: 	 Vector = 0x0000000F
[    7.664131] Interrupt Served: 	 Vector = 0x0000000F
[    7.667189] [passthrough] Read: 	 address = 0x4000481C, size = 4 bytes, value = 0x006010d0, pc=0x080038FA 
[    7.667711] [passthrough] Read: 	 address = 0x4000481C, size = 4 bytes, value = 0x006010d0, pc=0x0800392A 
[    7.668212] [passthrough] Read: 	 address = 0x4000481C, size = 4 bytes, value = 0x006010d0, pc=0x0800395E 
[    7.668680] [passthrough] Read: 	 address = 0x40004800, size = 4 bytes, value = 0x0000800d, pc=0x080038E0 
[    7.669176] [passthrough] Read: 	 address = 0x4000481C, size = 4 bytes, value = 0x006010d0, pc=0x080038FA 
[    7.669752] [passthrough] Read: 	 address = 0x4000481C, size = 4 bytes, value = 0x006010d0, pc=0x0800392A 
[    7.670265] [passthrough] Read: 	 address = 0x4000481C, size = 4 bytes, value = 0x006010d0, pc=0x0800395E 
[    7.670766] [passthrough] Read: 	 address = 0x40004800, size = 4 bytes, value = 0x0000800d, pc=0x080038E0 
[    7.671274] [passthrough] Read: 	 address = 0x4000481C, size = 4 bytes, value = 0x006010d0, pc=0x080038FA 
[    7.671757] [passthrough] Read: 	 address = 0x4000481C, size = 4 bytes, value = 0x006010d0, pc=0x0800392A 
[    7.672333] [passthrough] Read: 	 address = 0x4000481C, size = 4 bytes, value = 0x006010d0, pc=0x0800395E 
[    7.672816] [passthrough] Read: 	 address = 0x40004800, size = 4 bytes, value = 0x0000800d, pc=0x080038E0 
[    7.673361] [passthrough] Read: 	 address = 0x4000481C, size = 4 bytes, value = 0x006010d0, pc=0x080038FA 
[    7.673871] [passthrough] Read: 	 address = 0x4000481C, size = 4 bytes, value = 0x006010d0, pc=0x0800392A 
[    7.674390] [passthrough] Read: 	 address = 0x4000481C, size = 4 bytes, value = 0x006010d0, pc=0x0800395E 
[    7.674942] [passthrough] Read: 	 address = 0x40004800, size = 4 bytes, value = 0x0000800d, pc=0x080038E0 
[    7.675520] [passthrough] Read: 	 address = 0x4000481C, size = 4 bytes, value = 0x006010d0, pc=0x080038FA 
[    7.676089] [passthrough] Read: 	 address = 0x4000481C, size = 4 bytes, value = 0x006010d0, pc=0x0800392A 
[    7.676727] [passthrough] Read: 	 address = 0x4000481C, size = 4 bytes, value = 0x006010d0, pc=0x0800395E 
[    7.677225] [passthrough] Read: 	 address = 0x40004800, size = 4 bytes, value = 0x0000800d, pc=0x080038E0 
[    7.677730] [passthrough] Read: 	 address = 0x4000481C, size = 4 bytes, value = 0x006010d0, pc=0x080038FA 
[    7.678209] [passthrough] Read: 	 address = 0x4000481C, size = 4 bytes, value = 0x006010d0, pc=0x0800392A 
[    7.678744] [passthrough] Read: 	 address = 0x4000481C, size = 4 bytes, value = 0x006010d0, pc=0x0800395E 
[    7.679207] [passthrough] Read: 	 address = 0x40004800, size = 4 bytes, value = 0x0000800d, pc=0x080038E0 
[    7.679689] [passthrough] Read: 	 address = 0x4000481C, size = 4 bytes, value = 0x006010d0, pc=0x080038FA 
[    7.680121] [passthrough] Read: 	 address = 0x4000481C, size = 4 bytes, value = 0x006010d0, pc=0x0800392A 
[    7.680579] [passthrough] Read: 	 address = 0x4000481C, size = 4 bytes, value = 0x006010d0, pc=0x0800395E 
[    7.681035] [passthrough] Read: 	 address = 0x40004800, size = 4 bytes, value = 0x0000800d, pc=0x080038E0 
[    7.681504] [passthrough] Read: 	 address = 0x4000481C, size = 4 bytes, value = 0x006010d0, pc=0x080038FA 
[    7.682110] [passthrough] Read: 	 address = 0x4000481C, size = 4 bytes, value = 0x006010d0, pc=0x0800392A 
[    7.682839] [passthrough] Read: 	 address = 0x4000481C, size = 4 bytes, value = 0x006010d0, pc=0x0800395E 
[    7.683299] Interrupt Taken: 	 Vector = 0x0000000F
[    7.683435] Interrupt Served: 	 Vector = 0x0000000F
[    7.686272] Interrupt Taken: 	 Vector = 0x0000000F
[    7.686388] Interrupt Served: 	 Vector = 0x0000000F
[    7.689727] [passthrough] Read: 	 address = 0x40004800, size = 4 bytes, value = 0x0000800d, pc=0x080038E0 
[    7.690314] [passthrough] Read: 	 address = 0x4000481C, size = 4 bytes, value = 0x006010d0, pc=0x080038FA 
[    7.690771] [passthrough] Read: 	 address = 0x4000481C, size = 4 bytes, value = 0x006010d0, pc=0x0800392A 
[    7.691260] [passthrough] Read: 	 address = 0x4000481C, size = 4 bytes, value = 0x006010d0, pc=0x0800395E 
[    7.691811] [passthrough] Read: 	 address = 0x40004800, size = 4 bytes, value = 0x0000800d, pc=0x080038E0 
[    7.692484] [passthrough] Read: 	 address = 0x4000481C, size = 4 bytes, value = 0x006010d0, pc=0x080038FA 
[    7.693034] [passthrough] Read: 	 address = 0x4000481C, size = 4 bytes, value = 0x006010d0, pc=0x0800392A 
[    7.693548] [passthrough] Read: 	 address = 0x4000481C, size = 4 bytes, value = 0x006010d0, pc=0x0800395E 
[    7.694116] [passthrough] Read: 	 address = 0x40004800, size = 4 bytes, value = 0x0000800d, pc=0x080038E0 
[    7.694677] [passthrough] Read: 	 address = 0x4000481C, size = 4 bytes, value = 0x006010d0, pc=0x080038FA 
[    7.695216] [passthrough] Read: 	 address = 0x4000481C, size = 4 bytes, value = 0x006010d0, pc=0x0800392A 
[    7.695715] [passthrough] Read: 	 address = 0x4000481C, size = 4 bytes, value = 0x006010d0, pc=0x0800395E 
[    7.696228] [passthrough] Read: 	 address = 0x40004800, size = 4 bytes, value = 0x0000800d, pc=0x080038E0 
[    7.696688] [passthrough] Read: 	 address = 0x4000481C, size = 4 bytes, value = 0x006010d0, pc=0x080038FA 
[    7.697160] [passthrough] Read: 	 address = 0x4000481C, size = 4 bytes, value = 0x006010d0, pc=0x0800392A 
[    7.697613] [passthrough] Read: 	 address = 0x4000481C, size = 4 bytes, value = 0x006010d0, pc=0x0800395E 
[    7.698097] [passthrough] Read: 	 address = 0x40004800, size = 4 bytes, value = 0x0000800d, pc=0x080038E0 
[    7.698571] [passthrough] Read: 	 address = 0x4000481C, size = 4 bytes, value = 0x006010d0, pc=0x080038FA 
[    7.699412] [passthrough] Read: 	 address = 0x4000481C, size = 4 bytes, value = 0x006010d0, pc=0x0800392A 
[    7.699920] [passthrough] Read: 	 address = 0x4000481C, size = 4 bytes, value = 0x006010d0, pc=0x0800395E 
[    7.700437] [passthrough] Read: 	 address = 0x40004800, size = 4 bytes, value = 0x0000800d, pc=0x080038E0 
[    7.700956] [passthrough] Read: 	 address = 0x4000481C, size = 4 bytes, value = 0x006010d0, pc=0x080038FA 
[    7.701453] [passthrough] Read: 	 address = 0x4000481C, size = 4 bytes, value = 0x006010d0, pc=0x0800392A 
[    7.701947] [passthrough] Read: 	 address = 0x4000481C, size = 4 bytes, value = 0x006010d0, pc=0x0800395E 
[    7.702687] [passthrough] Read: 	 address = 0x40004800, size = 4 bytes, value = 0x0000800d, pc=0x080038E0 
[    7.703200] Interrupt Taken: 	 Vector = 0x0000000F
[    7.703278] Interrupt Served: 	 Vector = 0x0000000F
[    7.706487] [passthrough] Read: 	 address = 0x4000481C, size = 4 bytes, value = 0x006010d0, pc=0x080038FA 
[    7.707067] [passthrough] Read: 	 address = 0x4000481C, size = 4 bytes, value = 0x006010d0, pc=0x0800392A 
[    7.707598] [passthrough] Read: 	 address = 0x4000481C, size = 4 bytes, value = 0x006010d0, pc=0x0800395E 
[    7.708136] [passthrough] Read: 	 address = 0x40004800, size = 4 bytes, value = 0x0000800d, pc=0x080038E0 
[    7.708640] [passthrough] Read: 	 address = 0x4000481C, size = 4 bytes, value = 0x006010d0, pc=0x080038FA 
[    7.709127] [passthrough] Read: 	 address = 0x4000481C, size = 4 bytes, value = 0x006010d0, pc=0x0800392A 
[    7.709612] [passthrough] Read: 	 address = 0x4000481C, size = 4 bytes, value = 0x006010d0, pc=0x0800395E 
[    7.710098] [passthrough] Read: 	 address = 0x40004800, size = 4 bytes, value = 0x0000800d, pc=0x080038E0 
[    7.710598] [passthrough] Read: 	 address = 0x4000481C, size = 4 bytes, value = 0x006010d0, pc=0x080038FA 
[    7.711126] [passthrough] Read: 	 address = 0x4000481C, size = 4 bytes, value = 0x006010d0, pc=0x0800392A 
[    7.711609] [passthrough] Read: 	 address = 0x4000481C, size = 4 bytes, value = 0x006010d0, pc=0x0800395E 
[    7.712144] [passthrough] Read: 	 address = 0x40004800, size = 4 bytes, value = 0x0000800d, pc=0x080038E0 
[    7.712753] [passthrough] Read: 	 address = 0x4000481C, size = 4 bytes, value = 0x006010d0, pc=0x080038FA 
[    7.713297] [passthrough] Read: 	 address = 0x4000481C, size = 4 bytes, value = 0x006010d0, pc=0x0800392A 
[    7.713762] [passthrough] Read: 	 address = 0x4000481C, size = 4 bytes, value = 0x006010d0, pc=0x0800395E 
[    7.714193] [passthrough] Read: 	 address = 0x40004800, size = 4 bytes, value = 0x0000800d, pc=0x080038E0 
[    7.714593] [passthrough] Read: 	 address = 0x4000481C, size = 4 bytes, value = 0x006010d0, pc=0x080038FA 
[    7.715052] [passthrough] Read: 	 address = 0x4000481C, size = 4 bytes, value = 0x006010d0, pc=0x0800392A 
[    7.715596] [passthrough] Read: 	 address = 0x4000481C, size = 4 bytes, value = 0x006010d0, pc=0x0800395E 
[    7.716125] [passthrough] Read: 	 address = 0x40004800, size = 4 bytes, value = 0x0000800d, pc=0x080038E0 
[    7.716619] [passthrough] Read: 	 address = 0x4000481C, size = 4 bytes, value = 0x006010d0, pc=0x080038FA 
[    7.717173] [passthrough] Read: 	 address = 0x4000481C, size = 4 bytes, value = 0x006010d0, pc=0x0800392A 
[    7.717693] [passthrough] Read: 	 address = 0x4000481C, size = 4 bytes, value = 0x006010d0, pc=0x0800395E 
[    7.718180] [passthrough] Read: 	 address = 0x40004800, size = 4 bytes, value = 0x0000800d, pc=0x080038E0 
[    7.718642] [passthrough] Read: 	 address = 0x4000481C, size = 4 bytes, value = 0x006010d0, pc=0x080038FA 
[    7.719204] [passthrough] Read: 	 address = 0x4000481C, size = 4 bytes, value = 0x006010d0, pc=0x0800392A 
[    7.719787] [passthrough] Read: 	 address = 0x4000481C, size = 4 bytes, value = 0x006010d0, pc=0x0800395E 
[    7.720580] [passthrough] Read: 	 address = 0x40004800, size = 4 bytes, value = 0x0000800d, pc=0x080038E0 
[    7.721095] Interrupt Taken: 	 Vector = 0x0000000F
[    7.721160] Interrupt Served: 	 Vector = 0x0000000F
[    7.724410] [passthrough] Read: 	 address = 0x4000481C, size = 4 bytes, value = 0x006010d0, pc=0x080038FA 
[    7.724920] [passthrough] Read: 	 address = 0x4000481C, size = 4 bytes, value = 0x006010d0, pc=0x0800392A 
[    7.725492] [passthrough] Read: 	 address = 0x4000481C, size = 4 bytes, value = 0x006010d0, pc=0x0800395E 
[    7.725938] [passthrough] Read: 	 address = 0x40004800, size = 4 bytes, value = 0x0000800d, pc=0x080038E0 
[    7.726486] [passthrough] Read: 	 address = 0x4000481C, size = 4 bytes, value = 0x006010d0, pc=0x080038FA 
[    7.727137] [passthrough] Read: 	 address = 0x4000481C, size = 4 bytes, value = 0x006010d0, pc=0x0800392A 
[    7.727725] [passthrough] Read: 	 address = 0x4000481C, size = 4 bytes, value = 0x006010d0, pc=0x0800395E 
[    7.728412] [passthrough] Read: 	 address = 0x40004800, size = 4 bytes, value = 0x0000800d, pc=0x080038E0 
[    7.728923] Interrupt Taken: 	 Vector = 0x0000000F
[    7.729074] Interrupt Served: 	 Vector = 0x0000000F
[    7.732151] Interrupt Taken: 	 Vector = 0x0000000F
[    7.732250] Interrupt Served: 	 Vector = 0x0000000F
[    7.735508] [passthrough] Read: 	 address = 0x4000481C, size = 4 bytes, value = 0x006010d0, pc=0x080038FA 
[    7.736002] [passthrough] Read: 	 address = 0x4000481C, size = 4 bytes, value = 0x006010d0, pc=0x0800392A 
[    7.736494] [passthrough] Read: 	 address = 0x4000481C, size = 4 bytes, value = 0x006010d0, pc=0x0800395E 
[    7.737116] [passthrough] Read: 	 address = 0x4000481C, size = 4 bytes, value = 0x006010d0, pc=0x0800395E 
[    7.737593] Interrupt Taken: 	 Vector = 0x0000000F
[    7.737749] Interrupt Served: 	 Vector = 0x0000000F
[    7.740756] Interrupt Taken: 	 Vector = 0x0000000F
[    7.740833] Interrupt Served: 	 Vector = 0x0000000F
[    7.744461] [passthrough] Read: 	 address = 0x40004800, size = 4 bytes, value = 0x0000800d, pc=0x080038E0 
[    7.744989] [passthrough] Read: 	 address = 0x4000481C, size = 4 bytes, value = 0x006010d0, pc=0x080038FA 
[    7.745438] [passthrough] Read: 	 address = 0x4000481C, size = 4 bytes, value = 0x006010d0, pc=0x0800392A 
[    7.745849] [passthrough] Read: 	 address = 0x4000481C, size = 4 bytes, value = 0x006010d0, pc=0x0800395E 
[    7.746453] [passthrough] Read: 	 address = 0x40004800, size = 4 bytes, value = 0x0000800d, pc=0x080038E0 
[    7.746919] Interrupt Taken: 	 Vector = 0x0000000F
[    7.746997] Interrupt Served: 	 Vector = 0x0000000F
[    7.749894] Interrupt Taken: 	 Vector = 0x0000000F
[    7.749988] Interrupt Served: 	 Vector = 0x0000000F
[    7.753193] [passthrough] Read: 	 address = 0x4000481C, size = 4 bytes, value = 0x006010d0, pc=0x080038FA 
[    7.753884] [passthrough] Read: 	 address = 0x4000481C, size = 4 bytes, value = 0x006010d0, pc=0x0800392A 
[    7.754384] Interrupt Taken: 	 Vector = 0x0000000F
[    7.754550] Interrupt Served: 	 Vector = 0x0000000F
[    7.757682] Interrupt Taken: 	 Vector = 0x0000000F
[    7.757754] Interrupt Served: 	 Vector = 0x0000000F
[    7.761260] [passthrough] Read: 	 address = 0x4000481C, size = 4 bytes, value = 0x006010d0, pc=0x0800395E 
[    7.761857] [passthrough] Read: 	 address = 0x40004800, size = 4 bytes, value = 0x0000800d, pc=0x080038E0 
[    7.762382] [passthrough] Read: 	 address = 0x4000481C, size = 4 bytes, value = 0x006010d0, pc=0x080038FA 
[    7.762848] [passthrough] Read: 	 address = 0x4000481C, size = 4 bytes, value = 0x006010d0, pc=0x0800392A 
[    7.763389] [passthrough] Read: 	 address = 0x4000481C, size = 4 bytes, value = 0x006010d0, pc=0x0800395E 
[    7.764121] [passthrough] Read: 	 address = 0x40004800, size = 4 bytes, value = 0x0000800d, pc=0x080038E0 
[    7.764602] Interrupt Taken: 	 Vector = 0x0000000F
[    7.764784] Interrupt Served: 	 Vector = 0x0000000F
[    7.767842] Interrupt Taken: 	 Vector = 0x0000000F
[    7.767959] Interrupt Served: 	 Vector = 0x0000000F
[    7.772240] [passthrough] Read: 	 address = 0x4000481C, size = 4 bytes, value = 0x006010d0, pc=0x080038FA 
[    7.772779] Interrupt Taken: 	 Vector = 0x0000000F
[    7.772922] Interrupt Served: 	 Vector = 0x0000000F
[    7.775803] Interrupt Taken: 	 Vector = 0x0000000F
[    7.775877] Interrupt Served: 	 Vector = 0x0000000F
[    7.779043] [passthrough] Read: 	 address = 0x4000481C, size = 4 bytes, value = 0x006010d0, pc=0x0800392A 
[    7.779499] Interrupt Taken: 	 Vector = 0x0000000F
[    7.779679] Interrupt Served: 	 Vector = 0x0000000F
[    7.782644] Interrupt Taken: 	 Vector = 0x0000000F
[    7.782792] Interrupt Served: 	 Vector = 0x0000000F
[    7.786486] [passthrough] Read: 	 address = 0x4000481C, size = 4 bytes, value = 0x006010d0, pc=0x0800395E 
[    7.786951] Interrupt Taken: 	 Vector = 0x0000000F
[    7.787191] Interrupt Served: 	 Vector = 0x0000000F
[    7.789986] Interrupt Taken: 	 Vector = 0x0000000F
[    7.790080] Interrupt Served: 	 Vector = 0x0000000F
[    7.793613] [passthrough] Read: 	 address = 0x4000481C, size = 4 bytes, value = 0x006010d0, pc=0x0800395E 
[    7.794112] Interrupt Taken: 	 Vector = 0x0000000F
[    7.794154] Interrupt Served: 	 Vector = 0x0000000F
[    7.797403] [passthrough] Read: 	 address = 0x40004800, size = 4 bytes, value = 0x0000800d, pc=0x080038E0 
[    7.797889] Interrupt Taken: 	 Vector = 0x0000000F
[    7.798007] Interrupt Served: 	 Vector = 0x0000000F
[    7.800840] Interrupt Taken: 	 Vector = 0x0000000F
[    7.800932] Interrupt Served: 	 Vector = 0x0000000F
[    7.804237] [passthrough] Read: 	 address = 0x4000481C, size = 4 bytes, value = 0x006010d0, pc=0x080038FA 
[    7.804736] Interrupt Taken: 	 Vector = 0x0000000F
[    7.804863] Interrupt Served: 	 Vector = 0x0000000F
[    7.807686] Interrupt Taken: 	 Vector = 0x0000000F
[    7.807762] Interrupt Served: 	 Vector = 0x0000000F
[    7.811288] [passthrough] Read: 	 address = 0x4000481C, size = 4 bytes, value = 0x006010d0, pc=0x0800392A 
[    7.811802] [passthrough] Read: 	 address = 0x4000481C, size = 4 bytes, value = 0x006010d0, pc=0x0800395E 
[    7.812485] [passthrough] Read: 	 address = 0x40004800, size = 4 bytes, value = 0x0000800d, pc=0x080038E0 
[    7.812983] Interrupt Taken: 	 Vector = 0x0000000F
[    7.813095] Interrupt Served: 	 Vector = 0x0000000F
[    7.816110] Interrupt Taken: 	 Vector = 0x0000000F
[    7.816185] Interrupt Served: 	 Vector = 0x0000000F
[    7.819533] [passthrough] Read: 	 address = 0x4000481C, size = 4 bytes, value = 0x006010d0, pc=0x080038FA 
[    7.820088] Interrupt Taken: 	 Vector = 0x0000000F
[    7.820237] Interrupt Served: 	 Vector = 0x0000000F
[    7.823294] Interrupt Taken: 	 Vector = 0x0000000F
[    7.823372] Interrupt Served: 	 Vector = 0x0000000F
[    7.827100] [passthrough] Read: 	 address = 0x4000481C, size = 4 bytes, value = 0x006010d0, pc=0x0800392A 
[    7.827638] [passthrough] Read: 	 address = 0x4000481C, size = 4 bytes, value = 0x006010d0, pc=0x0800395E 
[    7.828142] [passthrough] Read: 	 address = 0x40004800, size = 4 bytes, value = 0x0000800d, pc=0x080038E0 
[    7.828617] [passthrough] Read: 	 address = 0x4000481C, size = 4 bytes, value = 0x006010d0, pc=0x080038FA 
[    7.829064] [passthrough] Read: 	 address = 0x4000481C, size = 4 bytes, value = 0x006010d0, pc=0x0800392A 
[    7.829545] [passthrough] Read: 	 address = 0x4000481C, size = 4 bytes, value = 0x006010d0, pc=0x0800395E 
[    7.830168] [passthrough] Read: 	 address = 0x40004800, size = 4 bytes, value = 0x0000800d, pc=0x080038E0 
[    7.830594] Interrupt Taken: 	 Vector = 0x0000000F
[    7.830700] Interrupt Served: 	 Vector = 0x0000000F
[    7.833725] Interrupt Taken: 	 Vector = 0x0000000F
[    7.833823] Interrupt Served: 	 Vector = 0x0000000F
[    7.836964] [passthrough] Read: 	 address = 0x4000481C, size = 4 bytes, value = 0x006010d0, pc=0x080038FA 
[    7.837545] [passthrough] Read: 	 address = 0x4000481C, size = 4 bytes, value = 0x006010d0, pc=0x0800392A 
[    7.838121] [passthrough] Read: 	 address = 0x4000481C, size = 4 bytes, value = 0x006010d0, pc=0x0800395E 
[    7.838677] [passthrough] Read: 	 address = 0x4000481C, size = 4 bytes, value = 0x006010d0, pc=0x0800395E 
[    7.839146] [passthrough] Read: 	 address = 0x40004800, size = 4 bytes, value = 0x0000800d, pc=0x080038E0 
[    7.839652] [passthrough] Read: 	 address = 0x4000481C, size = 4 bytes, value = 0x006010d0, pc=0x080038FA 
[    7.840135] [passthrough] Read: 	 address = 0x4000481C, size = 4 bytes, value = 0x006010d0, pc=0x0800392A 
[    7.840576] [passthrough] Read: 	 address = 0x4000481C, size = 4 bytes, value = 0x006010d0, pc=0x0800395E 
[    7.841013] [passthrough] Read: 	 address = 0x40004800, size = 4 bytes, value = 0x0000800d, pc=0x080038E0 
[    7.841546] [passthrough] Read: 	 address = 0x4000481C, size = 4 bytes, value = 0x006010d0, pc=0x080038FA 
[    7.842096] [passthrough] Read: 	 address = 0x4000481C, size = 4 bytes, value = 0x006010d0, pc=0x0800392A 
[    7.842585] [passthrough] Read: 	 address = 0x4000481C, size = 4 bytes, value = 0x006010d0, pc=0x0800395E 
[    7.843086] [passthrough] Read: 	 address = 0x40004800, size = 4 bytes, value = 0x0000800d, pc=0x080038E0 
[    7.843573] [passthrough] Read: 	 address = 0x4000481C, size = 4 bytes, value = 0x006010d0, pc=0x080038FA 
[    7.844191] [passthrough] Read: 	 address = 0x4000481C, size = 4 bytes, value = 0x006010d0, pc=0x0800392A 
[    7.844636] Interrupt Taken: 	 Vector = 0x0000000F
[    7.844685] Interrupt Served: 	 Vector = 0x0000000F
[    7.847745] [passthrough] Read: 	 address = 0x4000481C, size = 4 bytes, value = 0x006010d0, pc=0x0800395E 
[    7.848268] [passthrough] Read: 	 address = 0x40004800, size = 4 bytes, value = 0x0000800d, pc=0x080038E0 
[    7.848768] [passthrough] Read: 	 address = 0x4000481C, size = 4 bytes, value = 0x006010d0, pc=0x080038FA 
[    7.849269] [passthrough] Read: 	 address = 0x4000481C, size = 4 bytes, value = 0x006010d0, pc=0x0800392A 
[    7.849744] [passthrough] Read: 	 address = 0x4000481C, size = 4 bytes, value = 0x006010d0, pc=0x0800395E 
[    7.850251] [passthrough] Read: 	 address = 0x40004800, size = 4 bytes, value = 0x0000800d, pc=0x080038E0 
[    7.850709] [passthrough] Read: 	 address = 0x4000481C, size = 4 bytes, value = 0x006010d0, pc=0x080038FA 
[    7.851221] [passthrough] Read: 	 address = 0x4000481C, size = 4 bytes, value = 0x006010d0, pc=0x0800392A 
[    7.851716] [passthrough] Read: 	 address = 0x4000481C, size = 4 bytes, value = 0x006010d0, pc=0x0800395E 
[    7.852238] [passthrough] Read: 	 address = 0x40004800, size = 4 bytes, value = 0x0000800d, pc=0x080038E0 
[    7.852803] [passthrough] Read: 	 address = 0x4000481C, size = 4 bytes, value = 0x006010d0, pc=0x080038FA 
[    7.853337] [passthrough] Read: 	 address = 0x4000481C, size = 4 bytes, value = 0x006010d0, pc=0x0800392A 
[    7.853961] [passthrough] Read: 	 address = 0x4000481C, size = 4 bytes, value = 0x006010d0, pc=0x0800395E 
[    7.854605] [passthrough] Read: 	 address = 0x40004800, size = 4 bytes, value = 0x0000800d, pc=0x080038E0 
[    7.855473] [passthrough] Read: 	 address = 0x4000481C, size = 4 bytes, value = 0x006010d0, pc=0x080038FA 
[    7.855890] Interrupt Taken: 	 Vector = 0x0000000F
[    7.855997] Interrupt Served: 	 Vector = 0x0000000F
[    7.858903] Interrupt Taken: 	 Vector = 0x0000000F
[    7.858971] Interrupt Served: 	 Vector = 0x0000000F
[    7.862142] [passthrough] Read: 	 address = 0x4000481C, size = 4 bytes, value = 0x006010d0, pc=0x0800392A 
[    7.862748] [passthrough] Read: 	 address = 0x4000481C, size = 4 bytes, value = 0x006010d0, pc=0x0800395E 
[    7.863176] Interrupt Taken: 	 Vector = 0x0000000F
[    7.863214] Interrupt Served: 	 Vector = 0x0000000F
[    7.866404] [passthrough] Read: 	 address = 0x40004800, size = 4 bytes, value = 0x0000800d, pc=0x080038E0 
[    7.866987] Interrupt Taken: 	 Vector = 0x0000000F
[    7.867147] Interrupt Served: 	 Vector = 0x0000000F
[    7.870159] Interrupt Taken: 	 Vector = 0x0000000F
[    7.870258] Interrupt Served: 	 Vector = 0x0000000F
[    7.873465] [passthrough] Read: 	 address = 0x4000481C, size = 4 bytes, value = 0x006010d0, pc=0x080038FA 
[    7.874002] [passthrough] Read: 	 address = 0x4000481C, size = 4 bytes, value = 0x006010d0, pc=0x0800392A 
[    7.874478] [passthrough] Read: 	 address = 0x4000481C, size = 4 bytes, value = 0x006010d0, pc=0x0800395E 
[    7.875143] [passthrough] Read: 	 address = 0x40004800, size = 4 bytes, value = 0x0000800d, pc=0x080038E0 
[    7.875629] Interrupt Taken: 	 Vector = 0x0000000F
[    7.875764] Interrupt Served: 	 Vector = 0x0000000F
[    7.878854] Interrupt Taken: 	 Vector = 0x0000000F
[    7.878930] Interrupt Served: 	 Vector = 0x0000000F
[    7.881986] [passthrough] Read: 	 address = 0x4000481C, size = 4 bytes, value = 0x006010d0, pc=0x080038FA 
[    7.882555] [passthrough] Read: 	 address = 0x4000481C, size = 4 bytes, value = 0x006010d0, pc=0x0800392A 
[    7.883208] [passthrough] Read: 	 address = 0x4000481C, size = 4 bytes, value = 0x006010d0, pc=0x0800395E 
[    7.883657] Interrupt Taken: 	 Vector = 0x0000000F
[    7.883718] Interrupt Served: 	 Vector = 0x0000000F
[    7.887064] [passthrough] Read: 	 address = 0x40004800, size = 4 bytes, value = 0x0000800d, pc=0x080038E0 
[    7.887612] Interrupt Taken: 	 Vector = 0x0000000F
[    7.887960] Interrupt Served: 	 Vector = 0x0000000F
[    7.890797] Interrupt Taken: 	 Vector = 0x0000000F
[    7.890951] Interrupt Served: 	 Vector = 0x0000000F
[    7.894181] Interrupt Taken: 	 Vector = 0x0000000F
[    7.894259] Interrupt Served: 	 Vector = 0x0000000F
[    7.897561] [passthrough] Read: 	 address = 0x4000481C, size = 4 bytes, value = 0x006010d0, pc=0x080038FA 
[    7.898103] [passthrough] Read: 	 address = 0x4000481C, size = 4 bytes, value = 0x006010d0, pc=0x0800392A 
[    7.898592] [passthrough] Read: 	 address = 0x4000481C, size = 4 bytes, value = 0x006010d0, pc=0x0800395E 
[    7.899225] [passthrough] Read: 	 address = 0x4000481C, size = 4 bytes, value = 0x006010d0, pc=0x0800395E 
[    7.899654] Interrupt Taken: 	 Vector = 0x0000000F
[    7.899751] Interrupt Served: 	 Vector = 0x0000000F
[    7.902679] Interrupt Taken: 	 Vector = 0x0000000F
[    7.902792] Interrupt Served: 	 Vector = 0x0000000F
[    7.905814] [passthrough] Read: 	 address = 0x40004800, size = 4 bytes, value = 0x0000800d, pc=0x080038E0 
[    7.906325] [passthrough] Read: 	 address = 0x4000481C, size = 4 bytes, value = 0x006010d0, pc=0x080038FA 
[    7.906851] [passthrough] Read: 	 address = 0x4000481C, size = 4 bytes, value = 0x006010d0, pc=0x0800392A 
[    7.907779] [passthrough] Read: 	 address = 0x4000481C, size = 4 bytes, value = 0x006010d0, pc=0x0800395E 
[    7.908240] [passthrough] Read: 	 address = 0x40004800, size = 4 bytes, value = 0x0000800d, pc=0x080038E0 
[    7.908641] [passthrough] Read: 	 address = 0x4000481C, size = 4 bytes, value = 0x006010d0, pc=0x080038FA 
[    7.909057] [passthrough] Read: 	 address = 0x4000481C, size = 4 bytes, value = 0x006010d0, pc=0x0800392A 
[    7.909563] [passthrough] Read: 	 address = 0x4000481C, size = 4 bytes, value = 0x006010d0, pc=0x0800395E 
[    7.910093] [passthrough] Read: 	 address = 0x40004800, size = 4 bytes, value = 0x0000800d, pc=0x080038E0 
[    7.910561] [passthrough] Read: 	 address = 0x4000481C, size = 4 bytes, value = 0x006010d0, pc=0x080038FA 
[    7.911055] [passthrough] Read: 	 address = 0x4000481C, size = 4 bytes, value = 0x006010d0, pc=0x0800392A 
[    7.911521] [passthrough] Read: 	 address = 0x4000481C, size = 4 bytes, value = 0x006010d0, pc=0x0800395E 
[    7.911987] [passthrough] Read: 	 address = 0x40004800, size = 4 bytes, value = 0x0000800d, pc=0x080038E0 
[    7.912429] [passthrough] Read: 	 address = 0x4000481C, size = 4 bytes, value = 0x006010d0, pc=0x080038FA 
[    7.912912] [passthrough] Read: 	 address = 0x4000481C, size = 4 bytes, value = 0x006010d0, pc=0x0800392A 
[    7.913422] [passthrough] Read: 	 address = 0x4000481C, size = 4 bytes, value = 0x006010d0, pc=0x0800395E 
[    7.913920] [passthrough] Read: 	 address = 0x40004800, size = 4 bytes, value = 0x0000800d, pc=0x080038E0 
[    7.914405] [passthrough] Read: 	 address = 0x4000481C, size = 4 bytes, value = 0x006010d0, pc=0x080038FA 
[    7.914871] [passthrough] Read: 	 address = 0x4000481C, size = 4 bytes, value = 0x006010d0, pc=0x0800392A 
[    7.915384] [passthrough] Read: 	 address = 0x4000481C, size = 4 bytes, value = 0x006010d0, pc=0x0800395E 
[    7.915865] [passthrough] Read: 	 address = 0x40004800, size = 4 bytes, value = 0x0000800d, pc=0x080038E0 
[    7.916332] [passthrough] Read: 	 address = 0x4000481C, size = 4 bytes, value = 0x006010d0, pc=0x080038FA 
[    7.916908] [passthrough] Read: 	 address = 0x4000481C, size = 4 bytes, value = 0x006010d0, pc=0x0800392A 
[    7.917422] [passthrough] Read: 	 address = 0x4000481C, size = 4 bytes, value = 0x006010d0, pc=0x0800395E 
[    7.917922] [passthrough] Read: 	 address = 0x40004800, size = 4 bytes, value = 0x0000800d, pc=0x080038E0 
[    7.918458] [passthrough] Read: 	 address = 0x4000481C, size = 4 bytes, value = 0x006010d0, pc=0x080038FA 
[    7.919082] [passthrough] Read: 	 address = 0x4000481C, size = 4 bytes, value = 0x006010d0, pc=0x0800392A 
[    7.919611] [passthrough] Read: 	 address = 0x4000481C, size = 4 bytes, value = 0x006010d0, pc=0x0800395E 
[    7.920335] [passthrough] Read: 	 address = 0x40004800, size = 4 bytes, value = 0x0000800d, pc=0x080038E0 
[    7.920799] Interrupt Taken: 	 Vector = 0x0000000F
[    7.920864] Interrupt Served: 	 Vector = 0x0000000F
[    7.923991] [passthrough] Read: 	 address = 0x4000481C, size = 4 bytes, value = 0x006010d0, pc=0x080038FA 
[    7.924521] [passthrough] Read: 	 address = 0x4000481C, size = 4 bytes, value = 0x006010d0, pc=0x0800392A 
[    7.925105] [passthrough] Read: 	 address = 0x4000481C, size = 4 bytes, value = 0x006010d0, pc=0x0800395E 
[    7.925639] [passthrough] Read: 	 address = 0x40004800, size = 4 bytes, value = 0x0000800d, pc=0x080038E0 
[    7.926131] [passthrough] Read: 	 address = 0x4000481C, size = 4 bytes, value = 0x006010d0, pc=0x080038FA 
[    7.926792] [passthrough] Read: 	 address = 0x4000481C, size = 4 bytes, value = 0x006010d0, pc=0x0800392A 
[    7.927340] Interrupt Taken: 	 Vector = 0x0000000F
[    7.927419] Interrupt Served: 	 Vector = 0x0000000F
[    7.930422] Interrupt Taken: 	 Vector = 0x0000000F
[    7.930516] Interrupt Served: 	 Vector = 0x0000000F
[    7.933723] [passthrough] Read: 	 address = 0x4000481C, size = 4 bytes, value = 0x006010d0, pc=0x0800395E 
[    7.934254] [passthrough] Read: 	 address = 0x40004800, size = 4 bytes, value = 0x0000800d, pc=0x080038E0 
[    7.934741] [passthrough] Read: 	 address = 0x4000481C, size = 4 bytes, value = 0x006010d0, pc=0x080038FA 
[    7.935233] [passthrough] Read: 	 address = 0x4000481C, size = 4 bytes, value = 0x006010d0, pc=0x0800392A 
[    7.935728] [passthrough] Read: 	 address = 0x4000481C, size = 4 bytes, value = 0x006010d0, pc=0x0800395E 
[    7.936240] [passthrough] Read: 	 address = 0x40004800, size = 4 bytes, value = 0x0000800d, pc=0x080038E0 
[    7.936950] [passthrough] Read: 	 address = 0x4000481C, size = 4 bytes, value = 0x006010d0, pc=0x080038FA 
[    7.937461] Interrupt Taken: 	 Vector = 0x0000000F
[    7.937528] Interrupt Served: 	 Vector = 0x0000000F
[    7.940666] [passthrough] Read: 	 address = 0x4000481C, size = 4 bytes, value = 0x006010d0, pc=0x0800392A 
[    7.941166] [passthrough] Read: 	 address = 0x4000481C, size = 4 bytes, value = 0x006010d0, pc=0x0800395E 
[    7.941596] [passthrough] Read: 	 address = 0x40004800, size = 4 bytes, value = 0x0000800d, pc=0x080038E0 
[    7.942056] [passthrough] Read: 	 address = 0x4000481C, size = 4 bytes, value = 0x006010d0, pc=0x080038FA 
[    7.942525] [passthrough] Read: 	 address = 0x4000481C, size = 4 bytes, value = 0x006010d0, pc=0x0800392A 
[    7.942952] [passthrough] Read: 	 address = 0x4000481C, size = 4 bytes, value = 0x006010d0, pc=0x0800395E 
[    7.943530] [passthrough] Read: 	 address = 0x40004800, size = 4 bytes, value = 0x0000800d, pc=0x080038E0 
[    7.944006] [passthrough] Read: 	 address = 0x4000481C, size = 4 bytes, value = 0x006010d0, pc=0x080038FA 
[    7.944530] [passthrough] Read: 	 address = 0x4000481C, size = 4 bytes, value = 0x006010d0, pc=0x0800392A 
[    7.945065] [passthrough] Read: 	 address = 0x4000481C, size = 4 bytes, value = 0x006010d0, pc=0x0800395E 
[    7.945566] [passthrough] Read: 	 address = 0x40004800, size = 4 bytes, value = 0x0000800d, pc=0x080038E0 
[    7.946066] [passthrough] Read: 	 address = 0x4000481C, size = 4 bytes, value = 0x006010d0, pc=0x080038FA 
[    7.946532] [passthrough] Read: 	 address = 0x4000481C, size = 4 bytes, value = 0x006010d0, pc=0x0800392A 
[    7.947266] [passthrough] Read: 	 address = 0x4000481C, size = 4 bytes, value = 0x006010d0, pc=0x0800395E 
[    7.948148] Interrupt Taken: 	 Vector = 0x0000000F
[    7.948196] Interrupt Served: 	 Vector = 0x0000000F
[    7.951214] [passthrough] Read: 	 address = 0x40004800, size = 4 bytes, value = 0x0000800d, pc=0x080038E0 
[    7.951752] [passthrough] Read: 	 address = 0x4000481C, size = 4 bytes, value = 0x006010d0, pc=0x080038FA 
[    7.952361] [passthrough] Read: 	 address = 0x4000481C, size = 4 bytes, value = 0x006010d0, pc=0x0800392A 
[    7.952841] Interrupt Taken: 	 Vector = 0x0000000F
[    7.952965] Interrupt Served: 	 Vector = 0x0000000F
[    7.955972] Interrupt Taken: 	 Vector = 0x0000000F
[    7.956102] Interrupt Served: 	 Vector = 0x0000000F
[    7.959324] [passthrough] Read: 	 address = 0x4000481C, size = 4 bytes, value = 0x006010d0, pc=0x0800395E 
[    7.959883] [passthrough] Read: 	 address = 0x40004800, size = 4 bytes, value = 0x0000800d, pc=0x080038E0 
[    7.960391] [passthrough] Read: 	 address = 0x4000481C, size = 4 bytes, value = 0x006010d0, pc=0x080038FA 
[    7.960889] [passthrough] Read: 	 address = 0x4000481C, size = 4 bytes, value = 0x006010d0, pc=0x0800392A 
[    7.961381] [passthrough] Read: 	 address = 0x4000481C, size = 4 bytes, value = 0x006010d0, pc=0x0800395E 
[    7.961840] [passthrough] Read: 	 address = 0x40004800, size = 4 bytes, value = 0x0000800d, pc=0x080038E0 
[    7.962332] [passthrough] Read: 	 address = 0x4000481C, size = 4 bytes, value = 0x006010d0, pc=0x080038FA 
[    7.962787] [passthrough] Read: 	 address = 0x4000481C, size = 4 bytes, value = 0x006010d0, pc=0x0800392A 
[    7.963292] [passthrough] Read: 	 address = 0x4000481C, size = 4 bytes, value = 0x006010d0, pc=0x0800395E 
[    7.963765] [passthrough] Read: 	 address = 0x40004800, size = 4 bytes, value = 0x0000800d, pc=0x080038E0 
[    7.964262] [passthrough] Read: 	 address = 0x4000481C, size = 4 bytes, value = 0x006010d0, pc=0x080038FA 
[    7.964749] [passthrough] Read: 	 address = 0x4000481C, size = 4 bytes, value = 0x006010d0, pc=0x0800392A 
[    7.965222] [passthrough] Read: 	 address = 0x4000481C, size = 4 bytes, value = 0x006010d0, pc=0x0800395E 
[    7.965799] [passthrough] Read: 	 address = 0x40004800, size = 4 bytes, value = 0x0000800d, pc=0x080038E0 
[    7.966316] [passthrough] Read: 	 address = 0x4000481C, size = 4 bytes, value = 0x006010d0, pc=0x080038FA 
[    7.966834] [passthrough] Read: 	 address = 0x4000481C, size = 4 bytes, value = 0x006010d0, pc=0x0800392A 
[    7.967399] [passthrough] Read: 	 address = 0x4000481C, size = 4 bytes, value = 0x006010d0, pc=0x0800395E 
[    7.968077] [passthrough] Read: 	 address = 0x40004800, size = 4 bytes, value = 0x0000800d, pc=0x080038E0 
[    7.968513] Interrupt Taken: 	 Vector = 0x0000000F
[    7.968611] Interrupt Served: 	 Vector = 0x0000000F
[    7.971516] Interrupt Taken: 	 Vector = 0x0000000F
[    7.971717] Interrupt Served: 	 Vector = 0x0000000F
[    7.975006] [passthrough] Read: 	 address = 0x4000481C, size = 4 bytes, value = 0x006010d0, pc=0x080038FA 
[    7.975565] [passthrough] Read: 	 address = 0x4000481C, size = 4 bytes, value = 0x006010d0, pc=0x0800392A 
[    7.976098] [passthrough] Read: 	 address = 0x4000481C, size = 4 bytes, value = 0x006010d0, pc=0x0800395E 
[    7.976573] [passthrough] Read: 	 address = 0x4000481C, size = 4 bytes, value = 0x006010d0, pc=0x0800395E 
[    7.977071] [passthrough] Read: 	 address = 0x40004800, size = 4 bytes, value = 0x0000800d, pc=0x080038E0 
[    7.977534] [passthrough] Read: 	 address = 0x4000481C, size = 4 bytes, value = 0x006010d0, pc=0x080038FA 
[    7.977991] [passthrough] Read: 	 address = 0x4000481C, size = 4 bytes, value = 0x006010d0, pc=0x0800392A 
[    7.978455] [passthrough] Read: 	 address = 0x4000481C, size = 4 bytes, value = 0x006010d0, pc=0x0800395E 
[    7.978903] [passthrough] Read: 	 address = 0x40004800, size = 4 bytes, value = 0x0000800d, pc=0x080038E0 
[    7.979351] [passthrough] Read: 	 address = 0x4000481C, size = 4 bytes, value = 0x006010d0, pc=0x080038FA 
[    7.979869] [passthrough] Read: 	 address = 0x4000481C, size = 4 bytes, value = 0x006010d0, pc=0x0800392A 
[    7.980385] [passthrough] Read: 	 address = 0x4000481C, size = 4 bytes, value = 0x006010d0, pc=0x0800395E 
[    7.980907] [passthrough] Read: 	 address = 0x40004800, size = 4 bytes, value = 0x0000800d, pc=0x080038E0 
[    7.981481] [passthrough] Read: 	 address = 0x4000481C, size = 4 bytes, value = 0x006010d0, pc=0x080038FA 
[    7.982231] [passthrough] Read: 	 address = 0x4000481C, size = 4 bytes, value = 0x006010d0, pc=0x0800392A 
[    7.982734] Interrupt Taken: 	 Vector = 0x0000000F
[    7.982800] Interrupt Served: 	 Vector = 0x0000000F
[    7.985861] [passthrough] Read: 	 address = 0x4000481C, size = 4 bytes, value = 0x006010d0, pc=0x0800395E 
[    7.986622] [passthrough] Read: 	 address = 0x40004800, size = 4 bytes, value = 0x0000800d, pc=0x080038E0 
[    7.987132] Interrupt Taken: 	 Vector = 0x0000000F
[    7.987248] Interrupt Served: 	 Vector = 0x0000000F
[    7.990086] Interrupt Taken: 	 Vector = 0x0000000F
[    7.990156] Interrupt Served: 	 Vector = 0x0000000F
[    7.993717] [passthrough] Read: 	 address = 0x4000481C, size = 4 bytes, value = 0x006010d0, pc=0x080038FA 
[    7.994226] [passthrough] Read: 	 address = 0x4000481C, size = 4 bytes, value = 0x006010d0, pc=0x0800392A 
[    7.994739] [passthrough] Read: 	 address = 0x4000481C, size = 4 bytes, value = 0x006010d0, pc=0x0800395E 
[    7.995387] [passthrough] Read: 	 address = 0x40004800, size = 4 bytes, value = 0x0000800d, pc=0x080038E0 
[    7.995819] Interrupt Taken: 	 Vector = 0x0000000F
[    7.995941] Interrupt Served: 	 Vector = 0x0000000F
[    7.998846] Interrupt Taken: 	 Vector = 0x0000000F
[    7.998964] Interrupt Served: 	 Vector = 0x0000000F
[    8.001952] [passthrough] Read: 	 address = 0x4000481C, size = 4 bytes, value = 0x006010d0, pc=0x080038FA 
[    8.002701] [passthrough] Read: 	 address = 0x4000481C, size = 4 bytes, value = 0x006010d0, pc=0x0800392A 
[    8.003220] Interrupt Taken: 	 Vector = 0x0000000F
[    8.003387] Interrupt Served: 	 Vector = 0x0000000F
[    8.006107] Interrupt Taken: 	 Vector = 0x0000000F
[    8.006184] Interrupt Served: 	 Vector = 0x0000000F
[    8.009517] [passthrough] Read: 	 address = 0x4000481C, size = 4 bytes, value = 0x006010d0, pc=0x0800395E 
[    8.010120] [passthrough] Read: 	 address = 0x40004800, size = 4 bytes, value = 0x0000800d, pc=0x080038E0 
[    8.010625] [passthrough] Read: 	 address = 0x4000481C, size = 4 bytes, value = 0x006010d0, pc=0x080038FA 
[    8.011174] [passthrough] Read: 	 address = 0x4000481C, size = 4 bytes, value = 0x006010d0, pc=0x0800392A 
[    8.011683] [passthrough] Read: 	 address = 0x4000481C, size = 4 bytes, value = 0x006010d0, pc=0x0800395E 
[    8.012189] [passthrough] Read: 	 address = 0x40004800, size = 4 bytes, value = 0x0000800d, pc=0x080038E0 
[    8.012668] [passthrough] Read: 	 address = 0x4000481C, size = 4 bytes, value = 0x006010d0, pc=0x080038FA 
[    8.013160] [passthrough] Read: 	 address = 0x4000481C, size = 4 bytes, value = 0x006010d0, pc=0x0800392A 
[    8.013626] [passthrough] Read: 	 address = 0x4000481C, size = 4 bytes, value = 0x006010d0, pc=0x0800395E 
[    8.014121] [passthrough] Read: 	 address = 0x40004800, size = 4 bytes, value = 0x0000800d, pc=0x080038E0 
[    8.014656] [passthrough] Read: 	 address = 0x4000481C, size = 4 bytes, value = 0x006010d0, pc=0x080038FA 
[    8.015166] [passthrough] Read: 	 address = 0x4000481C, size = 4 bytes, value = 0x006010d0, pc=0x0800392A 
[    8.015678] [passthrough] Read: 	 address = 0x4000481C, size = 4 bytes, value = 0x006010d0, pc=0x0800395E 
[    8.016359] [passthrough] Read: 	 address = 0x40004800, size = 4 bytes, value = 0x0000800d, pc=0x080038E0 
[    8.016870] Interrupt Taken: 	 Vector = 0x0000000F
[    8.016991] Interrupt Served: 	 Vector = 0x0000000F
[    8.019920] Interrupt Taken: 	 Vector = 0x0000000F
[    8.020201] Interrupt Served: 	 Vector = 0x0000000F
[    8.023201] Interrupt Taken: 	 Vector = 0x0000000F
[    8.023453] Interrupt Served: 	 Vector = 0x0000000F
[    8.026372] Interrupt Taken: 	 Vector = 0x0000000F
[    8.026454] Interrupt Served: 	 Vector = 0x0000000F
[    8.029605] [passthrough] Read: 	 address = 0x4000481C, size = 4 bytes, value = 0x006010d0, pc=0x080038FA 
[    8.030103] [passthrough] Read: 	 address = 0x4000481C, size = 4 bytes, value = 0x006010d0, pc=0x0800392A 
[    8.030570] [passthrough] Read: 	 address = 0x4000481C, size = 4 bytes, value = 0x006010d0, pc=0x0800395E 
[    8.031231] [passthrough] Read: 	 address = 0x4000481C, size = 4 bytes, value = 0x006010d0, pc=0x0800395E 
[    8.031859] Interrupt Taken: 	 Vector = 0x0000000F
[    8.031920] Interrupt Served: 	 Vector = 0x0000000F
[    8.035140] [passthrough] Read: 	 address = 0x40004800, size = 4 bytes, value = 0x0000800d, pc=0x080038E0 
[    8.035824] Interrupt Taken: 	 Vector = 0x0000000F
[    8.036130] Interrupt Served: 	 Vector = 0x0000000F
[    8.038925] Interrupt Taken: 	 Vector = 0x0000000F
[    8.039156] Interrupt Served: 	 Vector = 0x0000000F
[    8.042439] Interrupt Taken: 	 Vector = 0x0000000F
[    8.042514] Interrupt Served: 	 Vector = 0x0000000F
[    8.045854] [passthrough] Read: 	 address = 0x4000481C, size = 4 bytes, value = 0x006010d0, pc=0x080038FA 
[    8.046439] [passthrough] Read: 	 address = 0x4000481C, size = 4 bytes, value = 0x006010d0, pc=0x0800392A 
[    8.047071] [passthrough] Read: 	 address = 0x4000481C, size = 4 bytes, value = 0x006010d0, pc=0x0800395E 
[    8.047494] Interrupt Taken: 	 Vector = 0x0000000F
[    8.047592] Interrupt Served: 	 Vector = 0x0000000F
[    8.050589] Interrupt Taken: 	 Vector = 0x0000000F
[    8.050690] Interrupt Served: 	 Vector = 0x0000000F
[    8.054118] [passthrough] Read: 	 address = 0x40004800, size = 4 bytes, value = 0x0000800d, pc=0x080038E0 
[    8.054591] Interrupt Taken: 	 Vector = 0x0000000F
[    8.054743] Interrupt Served: 	 Vector = 0x0000000F
[    8.057855] Interrupt Taken: 	 Vector = 0x0000000F
[    8.057931] Interrupt Served: 	 Vector = 0x0000000F
[    8.061277] [passthrough] Read: 	 address = 0x4000481C, size = 4 bytes, value = 0x006010d0, pc=0x080038FA 
[    8.061758] [passthrough] Read: 	 address = 0x4000481C, size = 4 bytes, value = 0x006010d0, pc=0x0800392A 
[    8.062214] [passthrough] Read: 	 address = 0x4000481C, size = 4 bytes, value = 0x006010d0, pc=0x0800395E 
[    8.062642] [passthrough] Read: 	 address = 0x40004800, size = 4 bytes, value = 0x0000800d, pc=0x080038E0 
[    8.063138] [passthrough] Read: 	 address = 0x4000481C, size = 4 bytes, value = 0x006010d0, pc=0x080038FA 
[    8.063603] [passthrough] Read: 	 address = 0x4000481C, size = 4 bytes, value = 0x006010d0, pc=0x0800392A 
[    8.064127] [passthrough] Read: 	 address = 0x4000481C, size = 4 bytes, value = 0x006010d0, pc=0x0800395E 
[    8.064638] [passthrough] Read: 	 address = 0x40004800, size = 4 bytes, value = 0x0000800d, pc=0x080038E0 
[    8.065153] [passthrough] Read: 	 address = 0x4000481C, size = 4 bytes, value = 0x006010d0, pc=0x080038FA 
[    8.065667] [passthrough] Read: 	 address = 0x4000481C, size = 4 bytes, value = 0x006010d0, pc=0x0800392A 
[    8.066203] [passthrough] Read: 	 address = 0x4000481C, size = 4 bytes, value = 0x006010d0, pc=0x0800395E 
[    8.066722] [passthrough] Read: 	 address = 0x40004800, size = 4 bytes, value = 0x0000800d, pc=0x080038E0 
[    8.067271] [passthrough] Read: 	 address = 0x4000481C, size = 4 bytes, value = 0x006010d0, pc=0x080038FA 
[    8.067816] [passthrough] Read: 	 address = 0x4000481C, size = 4 bytes, value = 0x006010d0, pc=0x0800392A 
[    8.068326] [passthrough] Read: 	 address = 0x4000481C, size = 4 bytes, value = 0x006010d0, pc=0x0800395E 
[    8.068897] [passthrough] Read: 	 address = 0x40004800, size = 4 bytes, value = 0x0000800d, pc=0x080038E0 
[    8.069439] [passthrough] Read: 	 address = 0x4000481C, size = 4 bytes, value = 0x006010d0, pc=0x080038FA 
[    8.069956] [passthrough] Read: 	 address = 0x4000481C, size = 4 bytes, value = 0x006010d0, pc=0x0800392A 
[    8.070466] [passthrough] Read: 	 address = 0x4000481C, size = 4 bytes, value = 0x006010d0, pc=0x0800395E 
[    8.071225] [passthrough] Read: 	 address = 0x40004800, size = 4 bytes, value = 0x0000800d, pc=0x080038E0 
[    8.071782] Interrupt Taken: 	 Vector = 0x0000000F
[    8.071858] Interrupt Served: 	 Vector = 0x0000000F
[    8.075543] [passthrough] Read: 	 address = 0x4000481C, size = 4 bytes, value = 0x006010d0, pc=0x080038FA 
[    8.076094] [passthrough] Read: 	 address = 0x4000481C, size = 4 bytes, value = 0x006010d0, pc=0x0800392A 
[    8.076579] [passthrough] Read: 	 address = 0x4000481C, size = 4 bytes, value = 0x006010d0, pc=0x0800395E 
[    8.076986] [passthrough] Read: 	 address = 0x40004800, size = 4 bytes, value = 0x0000800d, pc=0x080038E0 
[    8.077480] [passthrough] Read: 	 address = 0x4000481C, size = 4 bytes, value = 0x006010d0, pc=0x080038FA 
[    8.077906] [passthrough] Read: 	 address = 0x4000481C, size = 4 bytes, value = 0x006010d0, pc=0x0800392A 
[    8.078382] [passthrough] Read: 	 address = 0x4000481C, size = 4 bytes, value = 0x006010d0, pc=0x0800395E 
[    8.078943] [passthrough] Read: 	 address = 0x40004800, size = 4 bytes, value = 0x0000800d, pc=0x080038E0 
[    8.079500] [passthrough] Read: 	 address = 0x4000481C, size = 4 bytes, value = 0x006010d0, pc=0x080038FA 
[    8.080011] [passthrough] Read: 	 address = 0x4000481C, size = 4 bytes, value = 0x006010d0, pc=0x0800392A 
[    8.080549] [passthrough] Read: 	 address = 0x4000481C, size = 4 bytes, value = 0x006010d0, pc=0x0800395E 
[    8.081055] [passthrough] Read: 	 address = 0x40004800, size = 4 bytes, value = 0x0000800d, pc=0x080038E0 
[    8.081551] [passthrough] Read: 	 address = 0x4000481C, size = 4 bytes, value = 0x006010d0, pc=0x080038FA 
[    8.082251] [passthrough] Read: 	 address = 0x4000481C, size = 4 bytes, value = 0x006010d0, pc=0x0800392A 
[    8.082720] Interrupt Taken: 	 Vector = 0x0000000F
[    8.082784] Interrupt Served: 	 Vector = 0x0000000F
[    8.086129] [passthrough] Read: 	 address = 0x4000481C, size = 4 bytes, value = 0x006010d0, pc=0x0800395E 
[    8.086697] [passthrough] Read: 	 address = 0x40004800, size = 4 bytes, value = 0x0000800d, pc=0x080038E0 
[    8.087255] [passthrough] Read: 	 address = 0x4000481C, size = 4 bytes, value = 0x006010d0, pc=0x080038FA 
[    8.087727] [passthrough] Read: 	 address = 0x4000481C, size = 4 bytes, value = 0x006010d0, pc=0x0800392A 
[    8.088304] [passthrough] Read: 	 address = 0x4000481C, size = 4 bytes, value = 0x006010d0, pc=0x0800395E 
[    8.088936] [passthrough] Read: 	 address = 0x40004800, size = 4 bytes, value = 0x0000800d, pc=0x080038E0 
[    8.089454] Interrupt Taken: 	 Vector = 0x0000000F
[    8.089518] Interrupt Served: 	 Vector = 0x0000000F
[    8.092645] [passthrough] Read: 	 address = 0x4000481C, size = 4 bytes, value = 0x006010d0, pc=0x080038FA 
[    8.093234] [passthrough] Read: 	 address = 0x4000481C, size = 4 bytes, value = 0x006010d0, pc=0x0800392A 
[    8.093824] [passthrough] Read: 	 address = 0x4000481C, size = 4 bytes, value = 0x006010d0, pc=0x0800395E 
[    8.094542] [passthrough] Read: 	 address = 0x4000481C, size = 4 bytes, value = 0x006010d0, pc=0x0800395E 
[    8.095093] Interrupt Taken: 	 Vector = 0x0000000F
[    8.095154] Interrupt Served: 	 Vector = 0x0000000F
[    8.098482] [passthrough] Read: 	 address = 0x40004800, size = 4 bytes, value = 0x0000800d, pc=0x080038E0 
[    8.099091] [passthrough] Read: 	 address = 0x4000481C, size = 4 bytes, value = 0x006010d0, pc=0x080038FA 
[    8.099627] [passthrough] Read: 	 address = 0x4000481C, size = 4 bytes, value = 0x006010d0, pc=0x0800392A 
[    8.100164] [passthrough] Read: 	 address = 0x4000481C, size = 4 bytes, value = 0x006010d0, pc=0x0800395E 
[    8.100868] [passthrough] Read: 	 address = 0x40004800, size = 4 bytes, value = 0x0000800d, pc=0x080038E0 
[    8.101318] Interrupt Taken: 	 Vector = 0x0000000F
[    8.101417] Interrupt Served: 	 Vector = 0x0000000F
[    8.104471] Interrupt Taken: 	 Vector = 0x0000000F
[    8.104608] Interrupt Served: 	 Vector = 0x0000000F
[    8.107878] [passthrough] Read: 	 address = 0x4000481C, size = 4 bytes, value = 0x006010d0, pc=0x080038FA 
[    8.108364] [passthrough] Read: 	 address = 0x4000481C, size = 4 bytes, value = 0x006010d0, pc=0x0800392A 
[    8.108856] [passthrough] Read: 	 address = 0x4000481C, size = 4 bytes, value = 0x006010d0, pc=0x0800395E 
[    8.109509] [passthrough] Read: 	 address = 0x40004800, size = 4 bytes, value = 0x0000800d, pc=0x080038E0 
[    8.110011] [passthrough] Read: 	 address = 0x4000481C, size = 4 bytes, value = 0x006010d0, pc=0x080038FA 
[    8.110659] [passthrough] Read: 	 address = 0x4000481C, size = 4 bytes, value = 0x006010d0, pc=0x0800392A 
[    8.111106] Interrupt Taken: 	 Vector = 0x0000000F
[    8.111263] Interrupt Served: 	 Vector = 0x0000000F
[    8.114241] Interrupt Taken: 	 Vector = 0x0000000F
[    8.114346] Interrupt Served: 	 Vector = 0x0000000F
[    8.117767] [passthrough] Read: 	 address = 0x4000481C, size = 4 bytes, value = 0x006010d0, pc=0x0800395E 
[    8.118467] [passthrough] Read: 	 address = 0x40004800, size = 4 bytes, value = 0x0000800d, pc=0x080038E0 
[    8.119165] [passthrough] Read: 	 address = 0x4000481C, size = 4 bytes, value = 0x006010d0, pc=0x080038FA 
[    8.119841] [passthrough] Read: 	 address = 0x4000481C, size = 4 bytes, value = 0x006010d0, pc=0x0800392A 
[    8.120345] [passthrough] Read: 	 address = 0x4000481C, size = 4 bytes, value = 0x006010d0, pc=0x0800395E 
[    8.120832] [passthrough] Read: 	 address = 0x40004800, size = 4 bytes, value = 0x0000800d, pc=0x080038E0 
[    8.121385] [passthrough] Read: 	 address = 0x4000481C, size = 4 bytes, value = 0x006010d0, pc=0x080038FA 
[    8.121884] [passthrough] Read: 	 address = 0x4000481C, size = 4 bytes, value = 0x006010d0, pc=0x0800392A 
[    8.122578] [passthrough] Read: 	 address = 0x4000481C, size = 4 bytes, value = 0x006010d0, pc=0x0800395E 
[    8.123110] Interrupt Taken: 	 Vector = 0x0000000F
[    8.123169] Interrupt Served: 	 Vector = 0x0000000F
[    8.126241] [passthrough] Read: 	 address = 0x40004800, size = 4 bytes, value = 0x0000800d, pc=0x080038E0 
[    8.126674] [passthrough] Read: 	 address = 0x4000481C, size = 4 bytes, value = 0x006010d0, pc=0x080038FA 
[    8.127139] [passthrough] Read: 	 address = 0x4000481C, size = 4 bytes, value = 0x006010d0, pc=0x0800392A 
[    8.127578] [passthrough] Read: 	 address = 0x4000481C, size = 4 bytes, value = 0x006010d0, pc=0x0800395E 
[    8.128049] [passthrough] Read: 	 address = 0x40004800, size = 4 bytes, value = 0x0000800d, pc=0x080038E0 
[    8.128568] [passthrough] Read: 	 address = 0x4000481C, size = 4 bytes, value = 0x006010d0, pc=0x080038FA 
[    8.129005] [passthrough] Read: 	 address = 0x4000481C, size = 4 bytes, value = 0x006010d0, pc=0x0800392A 
[    8.129445] [passthrough] Read: 	 address = 0x4000481C, size = 4 bytes, value = 0x006010d0, pc=0x0800395E 
[    8.129903] [passthrough] Read: 	 address = 0x40004800, size = 4 bytes, value = 0x0000800d, pc=0x080038E0 
[    8.130386] [passthrough] Read: 	 address = 0x4000481C, size = 4 bytes, value = 0x006010d0, pc=0x080038FA 
[    8.130858] [passthrough] Read: 	 address = 0x4000481C, size = 4 bytes, value = 0x006010d0, pc=0x0800392A 
[    8.131352] [passthrough] Read: 	 address = 0x4000481C, size = 4 bytes, value = 0x006010d0, pc=0x0800395E 
[    8.131870] [passthrough] Read: 	 address = 0x40004800, size = 4 bytes, value = 0x0000800d, pc=0x080038E0 
[    8.132472] [passthrough] Read: 	 address = 0x4000481C, size = 4 bytes, value = 0x006010d0, pc=0x080038FA 
[    8.132983] [passthrough] Read: 	 address = 0x4000481C, size = 4 bytes, value = 0x006010d0, pc=0x0800392A 
[    8.133455] [passthrough] Read: 	 address = 0x4000481C, size = 4 bytes, value = 0x006010d0, pc=0x0800395E 
[    8.133925] [passthrough] Read: 	 address = 0x40004800, size = 4 bytes, value = 0x0000800d, pc=0x080038E0 
[    8.134407] [passthrough] Read: 	 address = 0x4000481C, size = 4 bytes, value = 0x006010d0, pc=0x080038FA 
[    8.135001] [passthrough] Read: 	 address = 0x4000481C, size = 4 bytes, value = 0x006010d0, pc=0x0800392A 
[    8.135523] Interrupt Taken: 	 Vector = 0x0000000F
[    8.135631] Interrupt Served: 	 Vector = 0x0000000F
[    8.138466] Interrupt Taken: 	 Vector = 0x0000000F
[    8.138573] Interrupt Served: 	 Vector = 0x0000000F
[    8.141649] [passthrough] Read: 	 address = 0x4000481C, size = 4 bytes, value = 0x006010d0, pc=0x0800395E 
[    8.142193] [passthrough] Read: 	 address = 0x40004800, size = 4 bytes, value = 0x0000800d, pc=0x080038E0 
[    8.142670] [passthrough] Read: 	 address = 0x4000481C, size = 4 bytes, value = 0x006010d0, pc=0x080038FA 
[    8.143138] [passthrough] Read: 	 address = 0x4000481C, size = 4 bytes, value = 0x006010d0, pc=0x0800392A 
[    8.143613] [passthrough] Read: 	 address = 0x4000481C, size = 4 bytes, value = 0x006010d0, pc=0x0800395E 
[    8.144040] [passthrough] Read: 	 address = 0x40004800, size = 4 bytes, value = 0x0000800d, pc=0x080038E0 
[    8.144475] [passthrough] Read: 	 address = 0x4000481C, size = 4 bytes, value = 0x006010d0, pc=0x080038FA 
[    8.144880] [passthrough] Read: 	 address = 0x4000481C, size = 4 bytes, value = 0x006010d0, pc=0x0800392A 
[    8.145328] [passthrough] Read: 	 address = 0x4000481C, size = 4 bytes, value = 0x006010d0, pc=0x0800395E 
[    8.145807] [passthrough] Read: 	 address = 0x40004800, size = 4 bytes, value = 0x0000800d, pc=0x080038E0 
[    8.146298] [passthrough] Read: 	 address = 0x4000481C, size = 4 bytes, value = 0x006010d0, pc=0x080038FA 
[    8.146782] [passthrough] Read: 	 address = 0x4000481C, size = 4 bytes, value = 0x006010d0, pc=0x0800392A 
[    8.147282] [passthrough] Read: 	 address = 0x4000481C, size = 4 bytes, value = 0x006010d0, pc=0x0800395E 
[    8.147752] [passthrough] Read: 	 address = 0x40004800, size = 4 bytes, value = 0x0000800d, pc=0x080038E0 
[    8.148204] [passthrough] Read: 	 address = 0x4000481C, size = 4 bytes, value = 0x006010d0, pc=0x080038FA 
[    8.148619] [passthrough] Read: 	 address = 0x4000481C, size = 4 bytes, value = 0x006010d0, pc=0x0800392A 
[    8.149115] [passthrough] Read: 	 address = 0x4000481C, size = 4 bytes, value = 0x006010d0, pc=0x0800395E 
[    8.149637] [passthrough] Read: 	 address = 0x40004800, size = 4 bytes, value = 0x0000800d, pc=0x080038E0 
[    8.150132] [passthrough] Read: 	 address = 0x4000481C, size = 4 bytes, value = 0x006010d0, pc=0x080038FA 
[    8.150647] [passthrough] Read: 	 address = 0x4000481C, size = 4 bytes, value = 0x006010d0, pc=0x0800392A 
[    8.151171] [passthrough] Read: 	 address = 0x4000481C, size = 4 bytes, value = 0x006010d0, pc=0x0800395E 
[    8.151676] [passthrough] Read: 	 address = 0x40004800, size = 4 bytes, value = 0x0000800d, pc=0x080038E0 
[    8.152166] [passthrough] Read: 	 address = 0x4000481C, size = 4 bytes, value = 0x006010d0, pc=0x080038FA 
[    8.152704] [passthrough] Read: 	 address = 0x4000481C, size = 4 bytes, value = 0x006010d0, pc=0x0800392A 
[    8.153207] [passthrough] Read: 	 address = 0x4000481C, size = 4 bytes, value = 0x006010d0, pc=0x0800395E 
[    8.153754] [passthrough] Read: 	 address = 0x40004800, size = 4 bytes, value = 0x0000800d, pc=0x080038E0 
[    8.154280] [passthrough] Read: 	 address = 0x4000481C, size = 4 bytes, value = 0x006010d0, pc=0x080038FA 
[    8.154725] [passthrough] Read: 	 address = 0x4000481C, size = 4 bytes, value = 0x006010d0, pc=0x0800392A 
[    8.155264] [passthrough] Read: 	 address = 0x4000481C, size = 4 bytes, value = 0x006010d0, pc=0x0800395E 
[    8.156313] [passthrough] Read: 	 address = 0x40004800, size = 4 bytes, value = 0x0000800d, pc=0x080038E0 
[    8.156777] Interrupt Taken: 	 Vector = 0x0000000F
[    8.156902] Interrupt Served: 	 Vector = 0x0000000F
[    8.159874] Interrupt Taken: 	 Vector = 0x0000000F
[    8.159949] Interrupt Served: 	 Vector = 0x0000000F
[    8.163145] [passthrough] Read: 	 address = 0x4000481C, size = 4 bytes, value = 0x006010d0, pc=0x080038FA 
[    8.163731] [passthrough] Read: 	 address = 0x4000481C, size = 4 bytes, value = 0x006010d0, pc=0x0800392A 
[    8.164154] Interrupt Taken: 	 Vector = 0x0000000F
[    8.164194] Interrupt Served: 	 Vector = 0x0000000F
[    8.167491] [passthrough] Read: 	 address = 0x4000481C, size = 4 bytes, value = 0x006010d0, pc=0x0800395E 
[    8.167977] Interrupt Taken: 	 Vector = 0x0000000F
[    8.168064] Interrupt Served: 	 Vector = 0x0000000F
[    8.170883] Interrupt Taken: 	 Vector = 0x0000000F
[    8.170970] Interrupt Served: 	 Vector = 0x0000000F
[    8.174757] [passthrough] Read: 	 address = 0x4000481C, size = 4 bytes, value = 0x006010d0, pc=0x0800395E 
[    8.175209] Interrupt Taken: 	 Vector = 0x0000000F
[    8.175271] Interrupt Served: 	 Vector = 0x0000000F
[    8.178908] [passthrough] Read: 	 address = 0x40004800, size = 4 bytes, value = 0x0000800d, pc=0x080038E0 
[    8.179474] [passthrough] Read: 	 address = 0x4000481C, size = 4 bytes, value = 0x006010d0, pc=0x080038FA 
[    8.179981] [passthrough] Read: 	 address = 0x4000481C, size = 4 bytes, value = 0x006010d0, pc=0x0800392A 
[    8.180417] [passthrough] Read: 	 address = 0x4000481C, size = 4 bytes, value = 0x006010d0, pc=0x0800395E 
[    8.180874] [passthrough] Read: 	 address = 0x40004800, size = 4 bytes, value = 0x0000800d, pc=0x080038E0 
[    8.181300] [passthrough] Read: 	 address = 0x4000481C, size = 4 bytes, value = 0x006010d0, pc=0x080038FA 
[    8.181720] [passthrough] Read: 	 address = 0x4000481C, size = 4 bytes, value = 0x006010d0, pc=0x0800392A 
[    8.182282] [passthrough] Read: 	 address = 0x4000481C, size = 4 bytes, value = 0x006010d0, pc=0x0800395E 
[    8.182828] [passthrough] Read: 	 address = 0x40004800, size = 4 bytes, value = 0x0000800d, pc=0x080038E0 
[    8.183340] [passthrough] Read: 	 address = 0x4000481C, size = 4 bytes, value = 0x006010d0, pc=0x080038FA 
[    8.183817] [passthrough] Read: 	 address = 0x4000481C, size = 4 bytes, value = 0x006010d0, pc=0x0800392A 
[    8.184381] [passthrough] Read: 	 address = 0x4000481C, size = 4 bytes, value = 0x006010d0, pc=0x0800395E 
[    8.184920] [passthrough] Read: 	 address = 0x40004800, size = 4 bytes, value = 0x0000800d, pc=0x080038E0 
[    8.185423] [passthrough] Read: 	 address = 0x4000481C, size = 4 bytes, value = 0x006010d0, pc=0x080038FA 
[    8.185913] [passthrough] Read: 	 address = 0x4000481C, size = 4 bytes, value = 0x006010d0, pc=0x0800392A 
[    8.186368] [passthrough] Read: 	 address = 0x4000481C, size = 4 bytes, value = 0x006010d0, pc=0x0800395E 
[    8.186993] [passthrough] Read: 	 address = 0x40004800, size = 4 bytes, value = 0x0000800d, pc=0x080038E0 
[    8.187419] Interrupt Taken: 	 Vector = 0x0000000F
[    8.187574] Interrupt Served: 	 Vector = 0x0000000F
[    8.190893] Interrupt Taken: 	 Vector = 0x0000000F
[    8.190966] Interrupt Served: 	 Vector = 0x0000000F
[    8.194298] [passthrough] Read: 	 address = 0x4000481C, size = 4 bytes, value = 0x006010d0, pc=0x080038FA 
[    8.194806] [passthrough] Read: 	 address = 0x4000481C, size = 4 bytes, value = 0x006010d0, pc=0x0800392A 
[    8.195318] [passthrough] Read: 	 address = 0x4000481C, size = 4 bytes, value = 0x006010d0, pc=0x0800395E 
[    8.195934] [passthrough] Read: 	 address = 0x40004800, size = 4 bytes, value = 0x0000800d, pc=0x080038E0 
[    8.196656] [passthrough] Read: 	 address = 0x4000481C, size = 4 bytes, value = 0x006010d0, pc=0x080038FA 
[    8.197125] [passthrough] Read: 	 address = 0x4000481C, size = 4 bytes, value = 0x006010d0, pc=0x0800392A 
[    8.197593] [passthrough] Read: 	 address = 0x4000481C, size = 4 bytes, value = 0x006010d0, pc=0x0800395E 
[    8.198084] [passthrough] Read: 	 address = 0x40004800, size = 4 bytes, value = 0x0000800d, pc=0x080038E0 
[    8.198595] [passthrough] Read: 	 address = 0x4000481C, size = 4 bytes, value = 0x006010d0, pc=0x080038FA 
[    8.199065] [passthrough] Read: 	 address = 0x4000481C, size = 4 bytes, value = 0x006010d0, pc=0x0800392A 
[    8.199494] [passthrough] Read: 	 address = 0x4000481C, size = 4 bytes, value = 0x006010d0, pc=0x0800395E 
[    8.199992] [passthrough] Read: 	 address = 0x40004800, size = 4 bytes, value = 0x0000800d, pc=0x080038E0 
[    8.200536] [passthrough] Read: 	 address = 0x4000481C, size = 4 bytes, value = 0x006010d0, pc=0x080038FA 
[    8.201134] [passthrough] Read: 	 address = 0x4000481C, size = 4 bytes, value = 0x006010d0, pc=0x0800392A 
[    8.201547] [passthrough] Read: 	 address = 0x4000481C, size = 4 bytes, value = 0x006010d0, pc=0x0800395E 
[    8.202110] [passthrough] Read: 	 address = 0x40004800, size = 4 bytes, value = 0x0000800d, pc=0x080038E0 
[    8.202611] [passthrough] Read: 	 address = 0x4000481C, size = 4 bytes, value = 0x006010d0, pc=0x080038FA 
[    8.203325] [passthrough] Read: 	 address = 0x4000481C, size = 4 bytes, value = 0x006010d0, pc=0x0800392A 
[    8.203770] Interrupt Taken: 	 Vector = 0x0000000F
[    8.203832] Interrupt Served: 	 Vector = 0x0000000F
[    8.207212] [passthrough] Read: 	 address = 0x4000481C, size = 4 bytes, value = 0x006010d0, pc=0x0800395E 
[    8.207760] [passthrough] Read: 	 address = 0x40004800, size = 4 bytes, value = 0x0000800d, pc=0x080038E0 
[    8.208214] [passthrough] Read: 	 address = 0x4000481C, size = 4 bytes, value = 0x006010d0, pc=0x080038FA 
[    8.208721] [passthrough] Read: 	 address = 0x4000481C, size = 4 bytes, value = 0x006010d0, pc=0x0800392A 
[    8.209140] [passthrough] Read: 	 address = 0x4000481C, size = 4 bytes, value = 0x006010d0, pc=0x0800395E 
[    8.209638] [passthrough] Read: 	 address = 0x40004800, size = 4 bytes, value = 0x0000800d, pc=0x080038E0 
[    8.210072] [passthrough] Read: 	 address = 0x4000481C, size = 4 bytes, value = 0x006010d0, pc=0x080038FA 
[    8.210663] [passthrough] Read: 	 address = 0x4000481C, size = 4 bytes, value = 0x006010d0, pc=0x0800392A 
[    8.211178] [passthrough] Read: 	 address = 0x4000481C, size = 4 bytes, value = 0x006010d0, pc=0x0800395E 
[    8.211710] [passthrough] Read: 	 address = 0x40004800, size = 4 bytes, value = 0x0000800d, pc=0x080038E0 
[    8.212161] [passthrough] Read: 	 address = 0x4000481C, size = 4 bytes, value = 0x006010d0, pc=0x080038FA 
[    8.212600] [passthrough] Read: 	 address = 0x4000481C, size = 4 bytes, value = 0x006010d0, pc=0x0800392A 
[    8.213125] [passthrough] Read: 	 address = 0x4000481C, size = 4 bytes, value = 0x006010d0, pc=0x0800395E 
[    8.213656] [passthrough] Read: 	 address = 0x40004800, size = 4 bytes, value = 0x0000800d, pc=0x080038E0 
[    8.214120] [passthrough] Read: 	 address = 0x4000481C, size = 4 bytes, value = 0x006010d0, pc=0x080038FA 
[    8.214587] [passthrough] Read: 	 address = 0x4000481C, size = 4 bytes, value = 0x006010d0, pc=0x0800392A 
[    8.215008] [passthrough] Read: 	 address = 0x4000481C, size = 4 bytes, value = 0x006010d0, pc=0x0800395E 
[    8.215495] [passthrough] Read: 	 address = 0x40004800, size = 4 bytes, value = 0x0000800d, pc=0x080038E0 
[    8.216096] [passthrough] Read: 	 address = 0x4000481C, size = 4 bytes, value = 0x006010d0, pc=0x080038FA 
[    8.216624] [passthrough] Read: 	 address = 0x4000481C, size = 4 bytes, value = 0x006010d0, pc=0x0800392A 
[    8.217342] [passthrough] Read: 	 address = 0x4000481C, size = 4 bytes, value = 0x006010d0, pc=0x0800395E 
[    8.218087] [passthrough] Read: 	 address = 0x40004800, size = 4 bytes, value = 0x0000800d, pc=0x080038E0 
[    8.218503] Interrupt Taken: 	 Vector = 0x0000000F
[    8.218560] Interrupt Served: 	 Vector = 0x0000000F
[    8.222085] [passthrough] Read: 	 address = 0x4000481C, size = 4 bytes, value = 0x006010d0, pc=0x080038FA 
[    8.222670] Interrupt Taken: 	 Vector = 0x0000000F
[    8.222731] Interrupt Served: 	 Vector = 0x0000000F
[    8.225992] [passthrough] Read: 	 address = 0x4000481C, size = 4 bytes, value = 0x006010d0, pc=0x0800392A 
[    8.226556] [passthrough] Read: 	 address = 0x4000481C, size = 4 bytes, value = 0x006010d0, pc=0x0800395E 
[    8.227155] [passthrough] Read: 	 address = 0x40004800, size = 4 bytes, value = 0x0000800d, pc=0x080038E0 
[    8.227591] Interrupt Taken: 	 Vector = 0x0000000F
[    8.227852] Interrupt Served: 	 Vector = 0x0000000F
[    8.230682] Interrupt Taken: 	 Vector = 0x0000000F
[    8.230773] Interrupt Served: 	 Vector = 0x0000000F
[    8.234042] [passthrough] Read: 	 address = 0x4000481C, size = 4 bytes, value = 0x006010d0, pc=0x080038FA 
[    8.234612] Interrupt Taken: 	 Vector = 0x0000000F
[    8.234672] Interrupt Served: 	 Vector = 0x0000000F
[    8.238604] [passthrough] Read: 	 address = 0x4000481C, size = 4 bytes, value = 0x006010d0, pc=0x0800392A 
[    8.239429] Interrupt Taken: 	 Vector = 0x0000000F
[    8.239507] Interrupt Served: 	 Vector = 0x0000000F
[    8.242593] [passthrough] Read: 	 address = 0x4000481C, size = 4 bytes, value = 0x006010d0, pc=0x0800395E 
[    8.243067] Interrupt Taken: 	 Vector = 0x0000000F
[    8.243191] Interrupt Served: 	 Vector = 0x0000000F
[    8.246067] Interrupt Taken: 	 Vector = 0x0000000F
[    8.246162] Interrupt Served: 	 Vector = 0x0000000F
[    8.249480] [passthrough] Read: 	 address = 0x4000481C, size = 4 bytes, value = 0x006010d0, pc=0x0800395E 
[    8.250126] [passthrough] Read: 	 address = 0x40004800, size = 4 bytes, value = 0x0000800d, pc=0x080038E0 
[    8.250620] [passthrough] Read: 	 address = 0x4000481C, size = 4 bytes, value = 0x006010d0, pc=0x080038FA 
[    8.251103] [passthrough] Read: 	 address = 0x4000481C, size = 4 bytes, value = 0x006010d0, pc=0x0800392A 
[    8.251565] [passthrough] Read: 	 address = 0x4000481C, size = 4 bytes, value = 0x006010d0, pc=0x0800395E 
[    8.252059] [passthrough] Read: 	 address = 0x40004800, size = 4 bytes, value = 0x0000800d, pc=0x080038E0 
[    8.252522] [passthrough] Read: 	 address = 0x4000481C, size = 4 bytes, value = 0x006010d0, pc=0x080038FA 
[    8.252992] [passthrough] Read: 	 address = 0x4000481C, size = 4 bytes, value = 0x006010d0, pc=0x0800392A 
[    8.253633] [passthrough] Read: 	 address = 0x4000481C, size = 4 bytes, value = 0x006010d0, pc=0x0800395E 
[    8.254144] Interrupt Taken: 	 Vector = 0x0000000F
[    8.254193] Interrupt Served: 	 Vector = 0x0000000F
[    8.257401] [passthrough] Read: 	 address = 0x40004800, size = 4 bytes, value = 0x0000800d, pc=0x080038E0 
[    8.257872] Interrupt Taken: 	 Vector = 0x0000000F
[    8.257996] Interrupt Served: 	 Vector = 0x0000000F
[    8.261208] Interrupt Taken: 	 Vector = 0x0000000F
[    8.261276] Interrupt Served: 	 Vector = 0x0000000F
[    8.264338] [passthrough] Read: 	 address = 0x4000481C, size = 4 bytes, value = 0x006010d0, pc=0x080038FA 
[    8.264821] [passthrough] Read: 	 address = 0x4000481C, size = 4 bytes, value = 0x006010d0, pc=0x0800392A 
[    8.265359] [passthrough] Read: 	 address = 0x4000481C, size = 4 bytes, value = 0x006010d0, pc=0x0800395E 
[    8.265876] [passthrough] Read: 	 address = 0x40004800, size = 4 bytes, value = 0x0000800d, pc=0x080038E0 
[    8.266341] [passthrough] Read: 	 address = 0x4000481C, size = 4 bytes, value = 0x006010d0, pc=0x080038FA 
[    8.266877] [passthrough] Read: 	 address = 0x4000481C, size = 4 bytes, value = 0x006010d0, pc=0x0800392A 
[    8.267487] [passthrough] Read: 	 address = 0x4000481C, size = 4 bytes, value = 0x006010d0, pc=0x0800395E 
[    8.267936] Interrupt Taken: 	 Vector = 0x0000000F
[    8.268079] Interrupt Served: 	 Vector = 0x0000000F
[    8.271088] Interrupt Taken: 	 Vector = 0x0000000F
[    8.271239] Interrupt Served: 	 Vector = 0x0000000F
[    8.274247] [passthrough] Read: 	 address = 0x40004800, size = 4 bytes, value = 0x0000800d, pc=0x080038E0 
[    8.274730] [passthrough] Read: 	 address = 0x4000481C, size = 4 bytes, value = 0x006010d0, pc=0x080038FA 
[    8.275247] [passthrough] Read: 	 address = 0x4000481C, size = 4 bytes, value = 0x006010d0, pc=0x0800392A 
[    8.275709] [passthrough] Read: 	 address = 0x4000481C, size = 4 bytes, value = 0x006010d0, pc=0x0800395E 
[    8.276159] [passthrough] Read: 	 address = 0x40004800, size = 4 bytes, value = 0x0000800d, pc=0x080038E0 
[    8.276613] [passthrough] Read: 	 address = 0x4000481C, size = 4 bytes, value = 0x006010d0, pc=0x080038FA 
[    8.277110] [passthrough] Read: 	 address = 0x4000481C, size = 4 bytes, value = 0x006010d0, pc=0x0800392A 
[    8.277589] [passthrough] Read: 	 address = 0x4000481C, size = 4 bytes, value = 0x006010d0, pc=0x0800395E 
[    8.278264] [passthrough] Read: 	 address = 0x40004800, size = 4 bytes, value = 0x0000800d, pc=0x080038E0 
[    8.279126] Interrupt Taken: 	 Vector = 0x0000000F
[    8.279184] Interrupt Served: 	 Vector = 0x0000000F
[    8.282321] [passthrough] Read: 	 address = 0x4000481C, size = 4 bytes, value = 0x006010d0, pc=0x080038FA 
[    8.282887] [passthrough] Read: 	 address = 0x4000481C, size = 4 bytes, value = 0x006010d0, pc=0x0800392A 
[    8.283349] [passthrough] Read: 	 address = 0x4000481C, size = 4 bytes, value = 0x006010d0, pc=0x0800395E 
[    8.283817] [passthrough] Read: 	 address = 0x40004800, size = 4 bytes, value = 0x0000800d, pc=0x080038E0 
[    8.284255] [passthrough] Read: 	 address = 0x4000481C, size = 4 bytes, value = 0x006010d0, pc=0x080038FA 
[    8.284673] [passthrough] Read: 	 address = 0x4000481C, size = 4 bytes, value = 0x006010d0, pc=0x0800392A 
[    8.285170] [passthrough] Read: 	 address = 0x4000481C, size = 4 bytes, value = 0x006010d0, pc=0x0800395E 
[    8.285628] [passthrough] Read: 	 address = 0x40004800, size = 4 bytes, value = 0x0000800d, pc=0x080038E0 
[    8.286137] [passthrough] Read: 	 address = 0x4000481C, size = 4 bytes, value = 0x006010d0, pc=0x080038FA 
[    8.286594] [passthrough] Read: 	 address = 0x4000481C, size = 4 bytes, value = 0x006010d0, pc=0x0800392A 
[    8.287228] Interrupt Taken: 	 Vector = 0x0000000F
[    8.287311] Interrupt Served: 	 Vector = 0x0000000F
[    8.290477] [passthrough] Read: 	 address = 0x4000481C, size = 4 bytes, value = 0x006010d0, pc=0x0800395E 
[    8.291094] [passthrough] Read: 	 address = 0x40004800, size = 4 bytes, value = 0x0000800d, pc=0x080038E0 
[    8.291629] [passthrough] Read: 	 address = 0x4000481C, size = 4 bytes, value = 0x006010d0, pc=0x080038FA 
[    8.292114] [passthrough] Read: 	 address = 0x4000481C, size = 4 bytes, value = 0x006010d0, pc=0x0800392A 
[    8.292538] [passthrough] Read: 	 address = 0x4000481C, size = 4 bytes, value = 0x006010d0, pc=0x0800395E 
[    8.292940] [passthrough] Read: 	 address = 0x40004800, size = 4 bytes, value = 0x0000800d, pc=0x080038E0 
[    8.293358] [passthrough] Read: 	 address = 0x4000481C, size = 4 bytes, value = 0x006010d0, pc=0x080038FA 
[    8.293770] [passthrough] Read: 	 address = 0x4000481C, size = 4 bytes, value = 0x006010d0, pc=0x0800392A 
[    8.294230] [passthrough] Read: 	 address = 0x4000481C, size = 4 bytes, value = 0x006010d0, pc=0x0800395E 
[    8.294723] [passthrough] Read: 	 address = 0x40004800, size = 4 bytes, value = 0x0000800d, pc=0x080038E0 
[    8.295184] [passthrough] Read: 	 address = 0x4000481C, size = 4 bytes, value = 0x006010d0, pc=0x080038FA 
[    8.295607] [passthrough] Read: 	 address = 0x4000481C, size = 4 bytes, value = 0x006010d0, pc=0x0800392A 
[    8.296172] [passthrough] Read: 	 address = 0x4000481C, size = 4 bytes, value = 0x006010d0, pc=0x0800395E 
[    8.296679] Interrupt Taken: 	 Vector = 0x0000000F
[    8.296732] Interrupt Served: 	 Vector = 0x0000000F
[    8.299988] [passthrough] Read: 	 address = 0x40004800, size = 4 bytes, value = 0x0000800d, pc=0x080038E0 
[    8.300584] Interrupt Taken: 	 Vector = 0x0000000F
[    8.300659] Interrupt Served: 	 Vector = 0x0000000F
[    8.303930] [passthrough] Read: 	 address = 0x4000481C, size = 4 bytes, value = 0x006010d0, pc=0x080038FA 
[    8.304426] Interrupt Taken: 	 Vector = 0x0000000F
[    8.304473] Interrupt Served: 	 Vector = 0x0000000F
[    8.307528] [passthrough] Read: 	 address = 0x4000481C, size = 4 bytes, value = 0x006010d0, pc=0x0800392A 
[    8.308010] [passthrough] Read: 	 address = 0x4000481C, size = 4 bytes, value = 0x006010d0, pc=0x0800395E 
[    8.308622] [passthrough] Read: 	 address = 0x40004800, size = 4 bytes, value = 0x0000800d, pc=0x080038E0 
[    8.309066] Interrupt Taken: 	 Vector = 0x0000000F
[    8.309112] Interrupt Served: 	 Vector = 0x0000000F
[    8.312384] [passthrough] Read: 	 address = 0x4000481C, size = 4 bytes, value = 0x006010d0, pc=0x080038FA 
[    8.312867] [passthrough] Read: 	 address = 0x4000481C, size = 4 bytes, value = 0x006010d0, pc=0x0800392A 
[    8.313443] [passthrough] Read: 	 address = 0x4000481C, size = 4 bytes, value = 0x006010d0, pc=0x0800395E 
[    8.313966] [passthrough] Read: 	 address = 0x4000481C, size = 4 bytes, value = 0x006010d0, pc=0x0800395E 
[    8.314516] [passthrough] Read: 	 address = 0x40004800, size = 4 bytes, value = 0x0000800d, pc=0x080038E0 
[    8.314987] [passthrough] Read: 	 address = 0x4000481C, size = 4 bytes, value = 0x006010d0, pc=0x080038FA 
[    8.315461] [passthrough] Read: 	 address = 0x4000481C, size = 4 bytes, value = 0x006010d0, pc=0x0800392A 
[    8.316186] [passthrough] Read: 	 address = 0x4000481C, size = 4 bytes, value = 0x006010d0, pc=0x0800395E 
[    8.316664] Interrupt Taken: 	 Vector = 0x0000000F
[    8.316733] Interrupt Served: 	 Vector = 0x0000000F
[    8.319938] [passthrough] Read: 	 address = 0x40004800, size = 4 bytes, value = 0x0000800d, pc=0x080038E0 
[    8.320729] [passthrough] Read: 	 address = 0x4000481C, size = 4 bytes, value = 0x006010d0, pc=0x080038FA 
[    8.321296] [passthrough] Read: 	 address = 0x4000481C, size = 4 bytes, value = 0x006010d0, pc=0x0800392A 
[    8.321911] [passthrough] Read: 	 address = 0x4000481C, size = 4 bytes, value = 0x006010d0, pc=0x0800395E 
[    8.322429] Interrupt Taken: 	 Vector = 0x0000000F
[    8.322567] Interrupt Served: 	 Vector = 0x0000000F
[    8.325596] Interrupt Taken: 	 Vector = 0x0000000F
[    8.325673] Interrupt Served: 	 Vector = 0x0000000F
[    8.329089] [passthrough] Read: 	 address = 0x40004800, size = 4 bytes, value = 0x0000800d, pc=0x080038E0 
[    8.329614] [passthrough] Read: 	 address = 0x4000481C, size = 4 bytes, value = 0x006010d0, pc=0x080038FA 
[    8.330162] [passthrough] Read: 	 address = 0x4000481C, size = 4 bytes, value = 0x006010d0, pc=0x0800392A 
[    8.330683] [passthrough] Read: 	 address = 0x4000481C, size = 4 bytes, value = 0x006010d0, pc=0x0800395E 
[    8.331281] [passthrough] Read: 	 address = 0x40004800, size = 4 bytes, value = 0x0000800d, pc=0x080038E0 
[    8.331684] Interrupt Taken: 	 Vector = 0x0000000F
[    8.331759] Interrupt Served: 	 Vector = 0x0000000F
[    8.334654] Interrupt Taken: 	 Vector = 0x0000000F
[    8.334744] Interrupt Served: 	 Vector = 0x0000000F
[    8.338047] [passthrough] Read: 	 address = 0x4000481C, size = 4 bytes, value = 0x006010d0, pc=0x080038FA 
[    8.338526] Interrupt Taken: 	 Vector = 0x0000000F
[    8.338627] Interrupt Served: 	 Vector = 0x0000000F
[    8.341557] Interrupt Taken: 	 Vector = 0x0000000F
[    8.341633] Interrupt Served: 	 Vector = 0x0000000F
[    8.344933] [passthrough] Read: 	 address = 0x4000481C, size = 4 bytes, value = 0x006010d0, pc=0x0800392A 
[    8.345494] [passthrough] Read: 	 address = 0x4000481C, size = 4 bytes, value = 0x006010d0, pc=0x0800395E 
[    8.346057] [passthrough] Read: 	 address = 0x40004800, size = 4 bytes, value = 0x0000800d, pc=0x080038E0 
[    8.346561] [passthrough] Read: 	 address = 0x4000481C, size = 4 bytes, value = 0x006010d0, pc=0x080038FA 
[    8.347107] [passthrough] Read: 	 address = 0x4000481C, size = 4 bytes, value = 0x006010d0, pc=0x0800392A 
[    8.347615] [passthrough] Read: 	 address = 0x4000481C, size = 4 bytes, value = 0x006010d0, pc=0x0800395E 
[    8.348119] [passthrough] Read: 	 address = 0x40004800, size = 4 bytes, value = 0x0000800d, pc=0x080038E0 
[    8.348602] [passthrough] Read: 	 address = 0x4000481C, size = 4 bytes, value = 0x006010d0, pc=0x080038FA 
[    8.349106] [passthrough] Read: 	 address = 0x4000481C, size = 4 bytes, value = 0x006010d0, pc=0x0800392A 
[    8.349598] [passthrough] Read: 	 address = 0x4000481C, size = 4 bytes, value = 0x006010d0, pc=0x0800395E 
[    8.350240] [passthrough] Read: 	 address = 0x40004800, size = 4 bytes, value = 0x0000800d, pc=0x080038E0 
[    8.350733] Interrupt Taken: 	 Vector = 0x0000000F
[    8.350792] Interrupt Served: 	 Vector = 0x0000000F
[    8.354065] [passthrough] Read: 	 address = 0x4000481C, size = 4 bytes, value = 0x006010d0, pc=0x080038FA 
[    8.354546] Interrupt Taken: 	 Vector = 0x0000000F
[    8.354600] Interrupt Served: 	 Vector = 0x0000000F
[    8.357841] [passthrough] Read: 	 address = 0x4000481C, size = 4 bytes, value = 0x006010d0, pc=0x0800392A 
[    8.358377] [passthrough] Read: 	 address = 0x4000481C, size = 4 bytes, value = 0x006010d0, pc=0x0800395E 
[    8.358855] [passthrough] Read: 	 address = 0x40004800, size = 4 bytes, value = 0x0000800d, pc=0x080038E0 
[    8.359356] [passthrough] Read: 	 address = 0x4000481C, size = 4 bytes, value = 0x006010d0, pc=0x080038FA 
[    8.359903] [passthrough] Read: 	 address = 0x4000481C, size = 4 bytes, value = 0x006010d0, pc=0x0800392A 
[    8.360521] [passthrough] Read: 	 address = 0x4000481C, size = 4 bytes, value = 0x006010d0, pc=0x0800395E 
[    8.361600] [passthrough] Read: 	 address = 0x40004800, size = 4 bytes, value = 0x0000800d, pc=0x080038E0 
[    8.362133] [passthrough] Read: 	 address = 0x4000481C, size = 4 bytes, value = 0x006010d0, pc=0x080038FA 
[    8.362640] [passthrough] Read: 	 address = 0x4000481C, size = 4 bytes, value = 0x006010d0, pc=0x0800392A 
[    8.363147] [passthrough] Read: 	 address = 0x4000481C, size = 4 bytes, value = 0x006010d0, pc=0x0800395E 
[    8.363639] [passthrough] Read: 	 address = 0x40004800, size = 4 bytes, value = 0x0000800d, pc=0x080038E0 
[    8.364141] [passthrough] Read: 	 address = 0x4000481C, size = 4 bytes, value = 0x006010d0, pc=0x080038FA 
[    8.364604] [passthrough] Read: 	 address = 0x4000481C, size = 4 bytes, value = 0x006010d0, pc=0x0800392A 
[    8.365106] [passthrough] Read: 	 address = 0x4000481C, size = 4 bytes, value = 0x006010d0, pc=0x0800395E 
[    8.365576] [passthrough] Read: 	 address = 0x40004800, size = 4 bytes, value = 0x0000800d, pc=0x080038E0 
[    8.366075] [passthrough] Read: 	 address = 0x4000481C, size = 4 bytes, value = 0x006010d0, pc=0x080038FA 
[    8.366619] [passthrough] Read: 	 address = 0x4000481C, size = 4 bytes, value = 0x006010d0, pc=0x0800392A 
[    8.367244] [passthrough] Read: 	 address = 0x4000481C, size = 4 bytes, value = 0x006010d0, pc=0x0800395E 
[    8.367711] [passthrough] Read: 	 address = 0x40004800, size = 4 bytes, value = 0x0000800d, pc=0x080038E0 
[    8.368173] [passthrough] Read: 	 address = 0x4000481C, size = 4 bytes, value = 0x006010d0, pc=0x080038FA 
[    8.368648] [passthrough] Read: 	 address = 0x4000481C, size = 4 bytes, value = 0x006010d0, pc=0x0800392A 
[    8.369291] [passthrough] Read: 	 address = 0x4000481C, size = 4 bytes, value = 0x006010d0, pc=0x0800395E 
[    8.369831] [passthrough] Read: 	 address = 0x40004800, size = 4 bytes, value = 0x0000800d, pc=0x080038E0 
[    8.370423] [passthrough] Read: 	 address = 0x4000481C, size = 4 bytes, value = 0x006010d0, pc=0x080038FA 
[    8.370906] [passthrough] Read: 	 address = 0x4000481C, size = 4 bytes, value = 0x006010d0, pc=0x0800392A 
[    8.371369] [passthrough] Read: 	 address = 0x4000481C, size = 4 bytes, value = 0x006010d0, pc=0x0800395E 
[    8.371827] [passthrough] Read: 	 address = 0x40004800, size = 4 bytes, value = 0x0000800d, pc=0x080038E0 
[    8.372266] [passthrough] Read: 	 address = 0x4000481C, size = 4 bytes, value = 0x006010d0, pc=0x080038FA 
[    8.372721] [passthrough] Read: 	 address = 0x4000481C, size = 4 bytes, value = 0x006010d0, pc=0x0800392A 
[    8.373203] [passthrough] Read: 	 address = 0x4000481C, size = 4 bytes, value = 0x006010d0, pc=0x0800395E 
[    8.373677] [passthrough] Read: 	 address = 0x40004800, size = 4 bytes, value = 0x0000800d, pc=0x080038E0 
[    8.374153] [passthrough] Read: 	 address = 0x4000481C, size = 4 bytes, value = 0x006010d0, pc=0x080038FA 
[    8.374639] [passthrough] Read: 	 address = 0x4000481C, size = 4 bytes, value = 0x006010d0, pc=0x0800392A 
[    8.375099] [passthrough] Read: 	 address = 0x4000481C, size = 4 bytes, value = 0x006010d0, pc=0x0800395E 
[    8.375581] [passthrough] Read: 	 address = 0x40004800, size = 4 bytes, value = 0x0000800d, pc=0x080038E0 
[    8.376071] [passthrough] Read: 	 address = 0x4000481C, size = 4 bytes, value = 0x006010d0, pc=0x080038FA 
[    8.376652] [passthrough] Read: 	 address = 0x4000481C, size = 4 bytes, value = 0x006010d0, pc=0x0800392A 
[    8.377307] [passthrough] Read: 	 address = 0x4000481C, size = 4 bytes, value = 0x006010d0, pc=0x0800395E 
[    8.377779] [passthrough] Read: 	 address = 0x40004800, size = 4 bytes, value = 0x0000800d, pc=0x080038E0 
[    8.378238] [passthrough] Read: 	 address = 0x4000481C, size = 4 bytes, value = 0x006010d0, pc=0x080038FA 
[    8.378641] [passthrough] Read: 	 address = 0x4000481C, size = 4 bytes, value = 0x006010d0, pc=0x0800392A 
[    8.379051] [passthrough] Read: 	 address = 0x4000481C, size = 4 bytes, value = 0x006010d0, pc=0x0800395E 
[    8.379542] [passthrough] Read: 	 address = 0x40004800, size = 4 bytes, value = 0x0000800d, pc=0x080038E0 
[    8.379992] [passthrough] Read: 	 address = 0x4000481C, size = 4 bytes, value = 0x006010d0, pc=0x080038FA 
[    8.380472] [passthrough] Read: 	 address = 0x4000481C, size = 4 bytes, value = 0x006010d0, pc=0x0800392A 
[    8.380942] [passthrough] Read: 	 address = 0x4000481C, size = 4 bytes, value = 0x006010d0, pc=0x0800395E 
[    8.381446] [passthrough] Read: 	 address = 0x40004800, size = 4 bytes, value = 0x0000800d, pc=0x080038E0 
[    8.381924] [passthrough] Read: 	 address = 0x4000481C, size = 4 bytes, value = 0x006010d0, pc=0x080038FA 
[    8.382423] [passthrough] Read: 	 address = 0x4000481C, size = 4 bytes, value = 0x006010d0, pc=0x0800392A 
[    8.382918] [passthrough] Read: 	 address = 0x4000481C, size = 4 bytes, value = 0x006010d0, pc=0x0800395E 
[    8.383365] [passthrough] Read: 	 address = 0x40004800, size = 4 bytes, value = 0x0000800d, pc=0x080038E0 
[    8.383836] [passthrough] Read: 	 address = 0x4000481C, size = 4 bytes, value = 0x006010d0, pc=0x080038FA 
[    8.384246] [passthrough] Read: 	 address = 0x4000481C, size = 4 bytes, value = 0x006010d0, pc=0x0800392A 
[    8.384683] [passthrough] Read: 	 address = 0x4000481C, size = 4 bytes, value = 0x006010d0, pc=0x0800395E 
[    8.385140] [passthrough] Read: 	 address = 0x40004800, size = 4 bytes, value = 0x0000800d, pc=0x080038E0 
[    8.385577] [passthrough] Read: 	 address = 0x4000481C, size = 4 bytes, value = 0x006010d0, pc=0x080038FA 
[    8.386351] [passthrough] Read: 	 address = 0x4000481C, size = 4 bytes, value = 0x006010d0, pc=0x0800392A 
[    8.386856] Interrupt Taken: 	 Vector = 0x0000000F
[    8.386906] Interrupt Served: 	 Vector = 0x0000000F
[    8.390263] [passthrough] Read: 	 address = 0x4000481C, size = 4 bytes, value = 0x006010d0, pc=0x0800395E 
[    8.390767] Interrupt Taken: 	 Vector = 0x0000000F
[    8.390892] Interrupt Served: 	 Vector = 0x0000000F
[    8.394000] Interrupt Taken: 	 Vector = 0x0000000F
[    8.394097] Interrupt Served: 	 Vector = 0x0000000F
[    8.397385] [passthrough] Read: 	 address = 0x4000481C, size = 4 bytes, value = 0x006010d0, pc=0x0800395E 
[    8.397847] Interrupt Taken: 	 Vector = 0x0000000F
[    8.397959] Interrupt Served: 	 Vector = 0x0000000F
[    8.400829] Interrupt Taken: 	 Vector = 0x0000000F
[    8.400911] Interrupt Served: 	 Vector = 0x0000000F
[    8.404193] [passthrough] Read: 	 address = 0x40004800, size = 4 bytes, value = 0x0000800d, pc=0x080038E0 
[    8.404858] Interrupt Taken: 	 Vector = 0x0000000F
[    8.404979] Interrupt Served: 	 Vector = 0x0000000F
[    8.407980] Interrupt Taken: 	 Vector = 0x0000000F
[    8.408069] Interrupt Served: 	 Vector = 0x0000000F
[    8.411278] [passthrough] Read: 	 address = 0x4000481C, size = 4 bytes, value = 0x006010d0, pc=0x080038FA 
[    8.411786] [passthrough] Read: 	 address = 0x4000481C, size = 4 bytes, value = 0x006010d0, pc=0x0800392A 
[    8.412241] [passthrough] Read: 	 address = 0x4000481C, size = 4 bytes, value = 0x006010d0, pc=0x0800395E 
[    8.412685] [passthrough] Read: 	 address = 0x40004800, size = 4 bytes, value = 0x0000800d, pc=0x080038E0 
[    8.413110] [passthrough] Read: 	 address = 0x4000481C, size = 4 bytes, value = 0x006010d0, pc=0x080038FA 
[    8.413600] [passthrough] Read: 	 address = 0x4000481C, size = 4 bytes, value = 0x006010d0, pc=0x0800392A 
[    8.414056] [passthrough] Read: 	 address = 0x4000481C, size = 4 bytes, value = 0x006010d0, pc=0x0800395E 
[    8.414555] [passthrough] Read: 	 address = 0x40004800, size = 4 bytes, value = 0x0000800d, pc=0x080038E0 
[    8.415073] [passthrough] Read: 	 address = 0x4000481C, size = 4 bytes, value = 0x006010d0, pc=0x080038FA 
[    8.415554] [passthrough] Read: 	 address = 0x4000481C, size = 4 bytes, value = 0x006010d0, pc=0x0800392A 
[    8.416131] [passthrough] Read: 	 address = 0x4000481C, size = 4 bytes, value = 0x006010d0, pc=0x0800395E 
[    8.416604] [passthrough] Read: 	 address = 0x40004800, size = 4 bytes, value = 0x0000800d, pc=0x080038E0 
[    8.417123] [passthrough] Read: 	 address = 0x4000481C, size = 4 bytes, value = 0x006010d0, pc=0x080038FA 
[    8.417630] [passthrough] Read: 	 address = 0x4000481C, size = 4 bytes, value = 0x006010d0, pc=0x0800392A 
[    8.418092] [passthrough] Read: 	 address = 0x4000481C, size = 4 bytes, value = 0x006010d0, pc=0x0800395E 
[    8.418530] [passthrough] Read: 	 address = 0x40004800, size = 4 bytes, value = 0x0000800d, pc=0x080038E0 
[    8.419053] [passthrough] Read: 	 address = 0x4000481C, size = 4 bytes, value = 0x006010d0, pc=0x080038FA 
[    8.419803] [passthrough] Read: 	 address = 0x4000481C, size = 4 bytes, value = 0x006010d0, pc=0x0800392A 
[    8.420351] Interrupt Taken: 	 Vector = 0x0000000F
[    8.420416] Interrupt Served: 	 Vector = 0x0000000F
[    8.423803] [passthrough] Read: 	 address = 0x4000481C, size = 4 bytes, value = 0x006010d0, pc=0x0800395E 
[    8.424319] Interrupt Taken: 	 Vector = 0x0000000F
[    8.424389] Interrupt Served: 	 Vector = 0x0000000F
[    8.427720] [passthrough] Read: 	 address = 0x40004800, size = 4 bytes, value = 0x0000800d, pc=0x080038E0 
[    8.428243] Interrupt Taken: 	 Vector = 0x0000000F
[    8.428432] Interrupt Served: 	 Vector = 0x0000000F
[    8.431348] Interrupt Taken: 	 Vector = 0x0000000F
[    8.431448] Interrupt Served: 	 Vector = 0x0000000F
[    8.434757] [passthrough] Read: 	 address = 0x4000481C, size = 4 bytes, value = 0x006010f0, pc=0x080038FA 
[    8.435190] Interrupt Taken: 	 Vector = 0x0000000F
[    8.435237] Interrupt Served: 	 Vector = 0x0000000F
[    8.438550] [passthrough] Read: 	 address = 0x4000481C, size = 4 bytes, value = 0x006010f0, pc=0x0800392A 
[    8.439114] Interrupt Taken: 	 Vector = 0x0000000F
[    8.439170] Interrupt Served: 	 Vector = 0x0000000F
[    8.442242] [passthrough] Read: 	 address = 0x4000481C, size = 4 bytes, value = 0x006010f0, pc=0x0800395E 
[    8.442809] [passthrough] Read: 	 address = 0x40004824, size = 4 bytes, value = 0x00000068, pc=0x08002AF6 
[    8.443317] Interrupt Taken: 	 Vector = 0x0000000F
[    8.443352] Interrupt Served: 	 Vector = 0x0000000F
[    8.446636] [passthrough] Read: 	 address = 0x4000481C, size = 4 bytes, value = 0x006010d0, pc=0x0800395E 
[    8.447622] [passthrough] Write: 	 address = 0x40004828, size = 4 bytes, value = 0x00000068, pc=0x08002952 
[    8.448289] [passthrough] Read: 	 address = 0x4000481C, size = 4 bytes, value = 0x006010d0, pc=0x0800395E 
[    8.448889] [passthrough] Read: 	 address = 0x4000481C, size = 4 bytes, value = 0x006010d0, pc=0x0800395E 
[    8.449595] [passthrough] Read: 	 address = 0x40004800, size = 4 bytes, value = 0x0000800d, pc=0x080038E0 
[    8.450104] Interrupt Taken: 	 Vector = 0x0000000F
[    8.450237] Interrupt Served: 	 Vector = 0x0000000F
[    8.453085] Interrupt Taken: 	 Vector = 0x0000000F
[    8.453353] Interrupt Served: 	 Vector = 0x0000000F
[    8.456283] Interrupt Taken: 	 Vector = 0x0000000F
[    8.456396] Interrupt Served: 	 Vector = 0x0000000F
[    8.459731] [passthrough] Read: 	 address = 0x4000481C, size = 4 bytes, value = 0x006010d0, pc=0x080038FA 
[    8.460235] Interrupt Taken: 	 Vector = 0x0000000F
[    8.460377] Interrupt Served: 	 Vector = 0x0000000F
[    8.463541] Interrupt Taken: 	 Vector = 0x0000000F
[    8.463610] Interrupt Served: 	 Vector = 0x0000000F
[    8.467050] [passthrough] Read: 	 address = 0x4000481C, size = 4 bytes, value = 0x006010d0, pc=0x0800392A 
[    8.467563] Interrupt Taken: 	 Vector = 0x0000000F
[    8.467741] Interrupt Served: 	 Vector = 0x0000000F
[    8.470601] Interrupt Taken: 	 Vector = 0x0000000F
[    8.470710] Interrupt Served: 	 Vector = 0x0000000F
[    8.473979] [passthrough] Read: 	 address = 0x4000481C, size = 4 bytes, value = 0x006010d0, pc=0x0800395E 
[    8.474476] Interrupt Taken: 	 Vector = 0x0000000F
[    8.474589] Interrupt Served: 	 Vector = 0x0000000F
[    8.477568] Interrupt Taken: 	 Vector = 0x0000000F
[    8.477646] Interrupt Served: 	 Vector = 0x0000000F
[    8.480931] [passthrough] Read: 	 address = 0x40004800, size = 4 bytes, value = 0x0000800d, pc=0x080038E0 
[    8.481477] [passthrough] Read: 	 address = 0x4000481C, size = 4 bytes, value = 0x006010d0, pc=0x080038FA 
[    8.482066] [passthrough] Read: 	 address = 0x4000481C, size = 4 bytes, value = 0x006010d0, pc=0x0800392A 
[    8.482561] [passthrough] Read: 	 address = 0x4000481C, size = 4 bytes, value = 0x006010d0, pc=0x0800395E 
[    8.483096] [passthrough] Read: 	 address = 0x40004800, size = 4 bytes, value = 0x0000800d, pc=0x080038E0 
[    8.483564] [passthrough] Read: 	 address = 0x4000481C, size = 4 bytes, value = 0x006010d0, pc=0x080038FA 
[    8.484049] [passthrough] Read: 	 address = 0x4000481C, size = 4 bytes, value = 0x006010d0, pc=0x0800392A 
[    8.484568] [passthrough] Read: 	 address = 0x4000481C, size = 4 bytes, value = 0x006010d0, pc=0x0800395E 
[    8.485062] [passthrough] Read: 	 address = 0x40004800, size = 4 bytes, value = 0x0000800d, pc=0x080038E0 
[    8.485562] [passthrough] Read: 	 address = 0x4000481C, size = 4 bytes, value = 0x006010d0, pc=0x080038FA 
[    8.486070] [passthrough] Read: 	 address = 0x4000481C, size = 4 bytes, value = 0x006010d0, pc=0x0800392A 
[    8.486487] [passthrough] Read: 	 address = 0x4000481C, size = 4 bytes, value = 0x006010d0, pc=0x0800395E 
[    8.486950] [passthrough] Read: 	 address = 0x40004800, size = 4 bytes, value = 0x0000800d, pc=0x080038E0 
[    8.487463] [passthrough] Read: 	 address = 0x4000481C, size = 4 bytes, value = 0x006010d0, pc=0x080038FA 
[    8.488465] [passthrough] Read: 	 address = 0x4000481C, size = 4 bytes, value = 0x006010d0, pc=0x0800392A 
[    8.488969] [passthrough] Read: 	 address = 0x4000481C, size = 4 bytes, value = 0x006010d0, pc=0x0800395E 
[    8.489497] [passthrough] Read: 	 address = 0x40004800, size = 4 bytes, value = 0x0000800d, pc=0x080038E0 
[    8.489980] [passthrough] Read: 	 address = 0x4000481C, size = 4 bytes, value = 0x006010d0, pc=0x080038FA 
[    8.490463] [passthrough] Read: 	 address = 0x4000481C, size = 4 bytes, value = 0x006010d0, pc=0x0800392A 
[    8.491101] [passthrough] Read: 	 address = 0x4000481C, size = 4 bytes, value = 0x006010d0, pc=0x0800395E 
[    8.491531] Interrupt Taken: 	 Vector = 0x0000000F
[    8.491574] Interrupt Served: 	 Vector = 0x0000000F
[    8.494625] [passthrough] Read: 	 address = 0x40004800, size = 4 bytes, value = 0x0000800d, pc=0x080038E0 
[    8.495089] [passthrough] Read: 	 address = 0x4000481C, size = 4 bytes, value = 0x006010d0, pc=0x080038FA 
[    8.495499] [passthrough] Read: 	 address = 0x4000481C, size = 4 bytes, value = 0x006010d0, pc=0x0800392A 
[    8.495937] [passthrough] Read: 	 address = 0x4000481C, size = 4 bytes, value = 0x006010d0, pc=0x0800395E 
[    8.496412] [passthrough] Read: 	 address = 0x40004800, size = 4 bytes, value = 0x0000800d, pc=0x080038E0 
[    8.496884] [passthrough] Read: 	 address = 0x4000481C, size = 4 bytes, value = 0x006010d0, pc=0x080038FA 
[    8.497391] [passthrough] Read: 	 address = 0x4000481C, size = 4 bytes, value = 0x006010d0, pc=0x0800392A 
[    8.497908] [passthrough] Read: 	 address = 0x4000481C, size = 4 bytes, value = 0x006010d0, pc=0x0800395E 
[    8.498406] [passthrough] Read: 	 address = 0x40004800, size = 4 bytes, value = 0x0000800d, pc=0x080038E0 
[    8.498894] [passthrough] Read: 	 address = 0x4000481C, size = 4 bytes, value = 0x006010d0, pc=0x080038FA 
[    8.499427] [passthrough] Read: 	 address = 0x4000481C, size = 4 bytes, value = 0x006010d0, pc=0x0800392A 
[    8.499886] [passthrough] Read: 	 address = 0x4000481C, size = 4 bytes, value = 0x006010d0, pc=0x0800395E 
[    8.500898] [passthrough] Read: 	 address = 0x40004800, size = 4 bytes, value = 0x0000800d, pc=0x080038E0 
[    8.501581] Interrupt Taken: 	 Vector = 0x0000000F
[    8.501691] Interrupt Served: 	 Vector = 0x0000000F
[    8.504547] Interrupt Taken: 	 Vector = 0x0000000F
[    8.504675] Interrupt Served: 	 Vector = 0x0000000F
[    8.508037] [passthrough] Read: 	 address = 0x4000481C, size = 4 bytes, value = 0x006010d0, pc=0x080038FA 
[    8.508591] [passthrough] Read: 	 address = 0x4000481C, size = 4 bytes, value = 0x006010d0, pc=0x0800392A 
[    8.509062] [passthrough] Read: 	 address = 0x4000481C, size = 4 bytes, value = 0x006010d0, pc=0x0800395E 
[    8.509610] [passthrough] Read: 	 address = 0x4000481C, size = 4 bytes, value = 0x006010d0, pc=0x0800395E 
[    8.510245] [passthrough] Read: 	 address = 0x40004800, size = 4 bytes, value = 0x0000800d, pc=0x080038E0 
[    8.510705] Interrupt Taken: 	 Vector = 0x0000000F
[    8.510743] Interrupt Served: 	 Vector = 0x0000000F
[    8.513695] [passthrough] Read: 	 address = 0x4000481C, size = 4 bytes, value = 0x006010d0, pc=0x080038FA 
[    8.514206] [passthrough] Read: 	 address = 0x4000481C, size = 4 bytes, value = 0x006010d0, pc=0x0800392A 
[    8.514724] [passthrough] Read: 	 address = 0x4000481C, size = 4 bytes, value = 0x006010d0, pc=0x0800395E 
[    8.515230] [passthrough] Read: 	 address = 0x40004800, size = 4 bytes, value = 0x0000800d, pc=0x080038E0 
[    8.515762] [passthrough] Read: 	 address = 0x4000481C, size = 4 bytes, value = 0x006010d0, pc=0x080038FA 
[    8.516330] [passthrough] Read: 	 address = 0x4000481C, size = 4 bytes, value = 0x006010d0, pc=0x0800392A 
[    8.516825] [passthrough] Read: 	 address = 0x4000481C, size = 4 bytes, value = 0x006010d0, pc=0x0800395E 
[    8.517400] [passthrough] Read: 	 address = 0x40004800, size = 4 bytes, value = 0x0000800d, pc=0x080038E0 
[    8.517951] [passthrough] Read: 	 address = 0x4000481C, size = 4 bytes, value = 0x006010d0, pc=0x080038FA 
[    8.518577] [passthrough] Read: 	 address = 0x4000481C, size = 4 bytes, value = 0x006010d0, pc=0x0800392A 
[    8.519059] Interrupt Taken: 	 Vector = 0x0000000F
[    8.519111] Interrupt Served: 	 Vector = 0x0000000F
[    8.522306] [passthrough] Read: 	 address = 0x4000481C, size = 4 bytes, value = 0x006010d0, pc=0x0800395E 
[    8.522973] [passthrough] Read: 	 address = 0x40004800, size = 4 bytes, value = 0x0000800d, pc=0x080038E0 
[    8.523476] Interrupt Taken: 	 Vector = 0x0000000F
[    8.523581] Interrupt Served: 	 Vector = 0x0000000F
[    8.526530] Interrupt Taken: 	 Vector = 0x0000000F
[    8.526602] Interrupt Served: 	 Vector = 0x0000000F
[    8.529791] [passthrough] Read: 	 address = 0x4000481C, size = 4 bytes, value = 0x006010d0, pc=0x080038FA 
[    8.530699] [passthrough] Read: 	 address = 0x4000481C, size = 4 bytes, value = 0x006010d0, pc=0x0800392A 
[    8.531189] [passthrough] Read: 	 address = 0x4000481C, size = 4 bytes, value = 0x006010d0, pc=0x0800395E 
[    8.531634] [passthrough] Read: 	 address = 0x40004800, size = 4 bytes, value = 0x0000800d, pc=0x080038E0 
[    8.532168] [passthrough] Read: 	 address = 0x4000481C, size = 4 bytes, value = 0x006010d0, pc=0x080038FA 
[    8.532710] [passthrough] Read: 	 address = 0x4000481C, size = 4 bytes, value = 0x006010d0, pc=0x0800392A 
[    8.533199] [passthrough] Read: 	 address = 0x4000481C, size = 4 bytes, value = 0x006010d0, pc=0x0800395E 
[    8.533686] [passthrough] Read: 	 address = 0x40004800, size = 4 bytes, value = 0x0000800d, pc=0x080038E0 
[    8.534178] [passthrough] Read: 	 address = 0x4000481C, size = 4 bytes, value = 0x006010d0, pc=0x080038FA 
[    8.534747] [passthrough] Read: 	 address = 0x4000481C, size = 4 bytes, value = 0x006010d0, pc=0x0800392A 
[    8.535704] [passthrough] Read: 	 address = 0x4000481C, size = 4 bytes, value = 0x006010d0, pc=0x0800395E 
[    8.536276] Interrupt Taken: 	 Vector = 0x0000000F
[    8.536476] Interrupt Served: 	 Vector = 0x0000000F
[    8.539329] Interrupt Taken: 	 Vector = 0x0000000F
[    8.539417] Interrupt Served: 	 Vector = 0x0000000F
[    8.542671] [passthrough] Read: 	 address = 0x40004800, size = 4 bytes, value = 0x0000800d, pc=0x080038E0 
[    8.543188] Interrupt Taken: 	 Vector = 0x0000000F
[    8.543224] Interrupt Served: 	 Vector = 0x0000000F
[    8.546485] [passthrough] Read: 	 address = 0x4000481C, size = 4 bytes, value = 0x006010d0, pc=0x080038FA 
[    8.547005] [passthrough] Read: 	 address = 0x4000481C, size = 4 bytes, value = 0x006010d0, pc=0x0800392A 
[    8.547445] [passthrough] Read: 	 address = 0x4000481C, size = 4 bytes, value = 0x006010d0, pc=0x0800395E 
[    8.547939] [passthrough] Read: 	 address = 0x40004800, size = 4 bytes, value = 0x0000800d, pc=0x080038E0 
[    8.548459] [passthrough] Read: 	 address = 0x4000481C, size = 4 bytes, value = 0x006010d0, pc=0x080038FA 
[    8.548984] [passthrough] Read: 	 address = 0x4000481C, size = 4 bytes, value = 0x006010d0, pc=0x0800392A 
[    8.549457] [passthrough] Read: 	 address = 0x4000481C, size = 4 bytes, value = 0x006010d0, pc=0x0800395E 
[    8.550058] [passthrough] Read: 	 address = 0x40004800, size = 4 bytes, value = 0x0000800d, pc=0x080038E0 
[    8.550594] [passthrough] Read: 	 address = 0x4000481C, size = 4 bytes, value = 0x006010d0, pc=0x080038FA 
[    8.551109] [passthrough] Read: 	 address = 0x4000481C, size = 4 bytes, value = 0x006010d0, pc=0x0800392A 
[    8.551734] [passthrough] Read: 	 address = 0x4000481C, size = 4 bytes, value = 0x006010d0, pc=0x0800395E 
[    8.552188] Interrupt Taken: 	 Vector = 0x0000000F
[    8.552341] Interrupt Served: 	 Vector = 0x0000000F
[    8.555267] Interrupt Taken: 	 Vector = 0x0000000F
[    8.555383] Interrupt Served: 	 Vector = 0x0000000F
[    8.558803] [passthrough] Read: 	 address = 0x40004800, size = 4 bytes, value = 0x0000800d, pc=0x080038E0 
[    8.559359] [passthrough] Read: 	 address = 0x4000481C, size = 4 bytes, value = 0x006010d0, pc=0x080038FA 
[    8.559791] [passthrough] Read: 	 address = 0x4000481C, size = 4 bytes, value = 0x006010d0, pc=0x0800392A 
[    8.560481] [passthrough] Read: 	 address = 0x4000481C, size = 4 bytes, value = 0x006010d0, pc=0x0800395E 
[    8.560908] [passthrough] Read: 	 address = 0x40004800, size = 4 bytes, value = 0x0000800d, pc=0x080038E0 
[    8.561399] [passthrough] Read: 	 address = 0x4000481C, size = 4 bytes, value = 0x006010d0, pc=0x080038FA 
[    8.561858] [passthrough] Read: 	 address = 0x4000481C, size = 4 bytes, value = 0x006010d0, pc=0x0800392A 
[    8.562337] [passthrough] Read: 	 address = 0x4000481C, size = 4 bytes, value = 0x006010d0, pc=0x0800395E 
[    8.562817] [passthrough] Read: 	 address = 0x40004800, size = 4 bytes, value = 0x0000800d, pc=0x080038E0 
[    8.563358] [passthrough] Read: 	 address = 0x4000481C, size = 4 bytes, value = 0x006010d0, pc=0x080038FA 
[    8.563834] [passthrough] Read: 	 address = 0x4000481C, size = 4 bytes, value = 0x006010d0, pc=0x0800392A 
[    8.564309] [passthrough] Read: 	 address = 0x4000481C, size = 4 bytes, value = 0x006010d0, pc=0x0800395E 
[    8.564860] [passthrough] Read: 	 address = 0x40004800, size = 4 bytes, value = 0x0000800d, pc=0x080038E0 
[    8.565360] [passthrough] Read: 	 address = 0x4000481C, size = 4 bytes, value = 0x006010d0, pc=0x080038FA 
[    8.565871] [passthrough] Read: 	 address = 0x4000481C, size = 4 bytes, value = 0x006010d0, pc=0x0800392A 
[    8.566384] [passthrough] Read: 	 address = 0x4000481C, size = 4 bytes, value = 0x006010d0, pc=0x0800395E 
[    8.566892] [passthrough] Read: 	 address = 0x40004800, size = 4 bytes, value = 0x0000800d, pc=0x080038E0 
[    8.567390] [passthrough] Read: 	 address = 0x4000481C, size = 4 bytes, value = 0x006010d0, pc=0x080038FA 
[    8.567856] [passthrough] Read: 	 address = 0x4000481C, size = 4 bytes, value = 0x006010d0, pc=0x0800392A 
[    8.568349] [passthrough] Read: 	 address = 0x4000481C, size = 4 bytes, value = 0x006010d0, pc=0x0800395E 
[    8.568861] [passthrough] Read: 	 address = 0x40004800, size = 4 bytes, value = 0x0000800d, pc=0x080038E0 
[    8.569382] [passthrough] Read: 	 address = 0x4000481C, size = 4 bytes, value = 0x006010d0, pc=0x080038FA 
[    8.569892] [passthrough] Read: 	 address = 0x4000481C, size = 4 bytes, value = 0x006010d0, pc=0x0800392A 
[    8.570398] [passthrough] Read: 	 address = 0x4000481C, size = 4 bytes, value = 0x006010d0, pc=0x0800395E 
[    8.571261] [passthrough] Read: 	 address = 0x40004800, size = 4 bytes, value = 0x0000800d, pc=0x080038E0 
[    8.571728] [passthrough] Read: 	 address = 0x4000481C, size = 4 bytes, value = 0x006010d0, pc=0x080038FA 
[    8.572218] [passthrough] Read: 	 address = 0x4000481C, size = 4 bytes, value = 0x006010d0, pc=0x0800392A 
[    8.572702] [passthrough] Read: 	 address = 0x4000481C, size = 4 bytes, value = 0x006010d0, pc=0x0800395E 
[    8.573160] [passthrough] Read: 	 address = 0x40004800, size = 4 bytes, value = 0x0000800d, pc=0x080038E0 
[    8.573654] [passthrough] Read: 	 address = 0x4000481C, size = 4 bytes, value = 0x006010d0, pc=0x080038FA 
[    8.574128] [passthrough] Read: 	 address = 0x4000481C, size = 4 bytes, value = 0x006010d0, pc=0x0800392A 
[    8.574586] [passthrough] Read: 	 address = 0x4000481C, size = 4 bytes, value = 0x006010d0, pc=0x0800395E 
[    8.575196] [passthrough] Read: 	 address = 0x40004800, size = 4 bytes, value = 0x0000800d, pc=0x080038E0 
[    8.575638] Interrupt Taken: 	 Vector = 0x0000000F
[    8.575714] Interrupt Served: 	 Vector = 0x0000000F
[    8.578818] Interrupt Taken: 	 Vector = 0x0000000F
[    8.578885] Interrupt Served: 	 Vector = 0x0000000F
[    8.582095] [passthrough] Read: 	 address = 0x4000481C, size = 4 bytes, value = 0x006010d0, pc=0x080038FA 
[    8.582611] [passthrough] Read: 	 address = 0x4000481C, size = 4 bytes, value = 0x006010d0, pc=0x0800392A 
[    8.583137] [passthrough] Read: 	 address = 0x4000481C, size = 4 bytes, value = 0x006010d0, pc=0x0800395E 
[    8.583616] [passthrough] Read: 	 address = 0x4000481C, size = 4 bytes, value = 0x006010d0, pc=0x0800395E 
[    8.584298] [passthrough] Read: 	 address = 0x40004800, size = 4 bytes, value = 0x0000800d, pc=0x080038E0 
[    8.584727] Interrupt Taken: 	 Vector = 0x0000000F
[    8.584770] Interrupt Served: 	 Vector = 0x0000000F
[    8.587872] [passthrough] Read: 	 address = 0x4000481C, size = 4 bytes, value = 0x006010d0, pc=0x080038FA 
[    8.588445] [passthrough] Read: 	 address = 0x4000481C, size = 4 bytes, value = 0x006010d0, pc=0x0800392A 
[    8.589079] [passthrough] Read: 	 address = 0x4000481C, size = 4 bytes, value = 0x006010d0, pc=0x0800395E 
[    8.589622] [passthrough] Read: 	 address = 0x40004800, size = 4 bytes, value = 0x0000800d, pc=0x080038E0 
[    8.590154] [passthrough] Read: 	 address = 0x4000481C, size = 4 bytes, value = 0x006010d0, pc=0x080038FA 
[    8.590640] [passthrough] Read: 	 address = 0x4000481C, size = 4 bytes, value = 0x006010d0, pc=0x0800392A 
[    8.591115] [passthrough] Read: 	 address = 0x4000481C, size = 4 bytes, value = 0x006010d0, pc=0x0800395E 
[    8.591528] [passthrough] Read: 	 address = 0x40004800, size = 4 bytes, value = 0x0000800d, pc=0x080038E0 
[    8.591967] [passthrough] Read: 	 address = 0x4000481C, size = 4 bytes, value = 0x006010d0, pc=0x080038FA 
[    8.592427] [passthrough] Read: 	 address = 0x4000481C, size = 4 bytes, value = 0x006010d0, pc=0x0800392A 
[    8.592895] [passthrough] Read: 	 address = 0x4000481C, size = 4 bytes, value = 0x006010d0, pc=0x0800395E 
[    8.593372] [passthrough] Read: 	 address = 0x40004800, size = 4 bytes, value = 0x0000800d, pc=0x080038E0 
[    8.593827] [passthrough] Read: 	 address = 0x4000481C, size = 4 bytes, value = 0x006010d0, pc=0x080038FA 
[    8.594280] [passthrough] Read: 	 address = 0x4000481C, size = 4 bytes, value = 0x006010d0, pc=0x0800392A 
[    8.594743] [passthrough] Read: 	 address = 0x4000481C, size = 4 bytes, value = 0x006010d0, pc=0x0800395E 
[    8.595171] [passthrough] Read: 	 address = 0x40004800, size = 4 bytes, value = 0x0000800d, pc=0x080038E0 
[    8.595568] [passthrough] Read: 	 address = 0x4000481C, size = 4 bytes, value = 0x006010d0, pc=0x080038FA 
[    8.596076] [passthrough] Read: 	 address = 0x4000481C, size = 4 bytes, value = 0x006010d0, pc=0x0800392A 
[    8.596524] [passthrough] Read: 	 address = 0x4000481C, size = 4 bytes, value = 0x006010d0, pc=0x0800395E 
[    8.596952] [passthrough] Read: 	 address = 0x40004800, size = 4 bytes, value = 0x0000800d, pc=0x080038E0 
[    8.597426] [passthrough] Read: 	 address = 0x4000481C, size = 4 bytes, value = 0x006010d0, pc=0x080038FA 
[    8.597924] [passthrough] Read: 	 address = 0x4000481C, size = 4 bytes, value = 0x006010d0, pc=0x0800392A 
[    8.598432] [passthrough] Read: 	 address = 0x4000481C, size = 4 bytes, value = 0x006010d0, pc=0x0800395E 
[    8.598972] [passthrough] Read: 	 address = 0x40004800, size = 4 bytes, value = 0x0000800d, pc=0x080038E0 
[    8.599475] [passthrough] Read: 	 address = 0x4000481C, size = 4 bytes, value = 0x006010d0, pc=0x080038FA 
[    8.600084] [passthrough] Read: 	 address = 0x4000481C, size = 4 bytes, value = 0x006010d0, pc=0x0800392A 
[    8.600598] [passthrough] Read: 	 address = 0x4000481C, size = 4 bytes, value = 0x006010d0, pc=0x0800395E 
[    8.601142] [passthrough] Read: 	 address = 0x40004800, size = 4 bytes, value = 0x0000800d, pc=0x080038E0 
[    8.601694] [passthrough] Read: 	 address = 0x4000481C, size = 4 bytes, value = 0x006010d0, pc=0x080038FA 
[    8.602235] [passthrough] Read: 	 address = 0x4000481C, size = 4 bytes, value = 0x006010d0, pc=0x0800392A 
[    8.602992] [passthrough] Read: 	 address = 0x4000481C, size = 4 bytes, value = 0x006010d0, pc=0x0800395E 
[    8.603448] Interrupt Taken: 	 Vector = 0x0000000F
[    8.603564] Interrupt Served: 	 Vector = 0x0000000F
[    8.606632] Interrupt Taken: 	 Vector = 0x0000000F
[    8.606738] Interrupt Served: 	 Vector = 0x0000000F
[    8.609975] [passthrough] Read: 	 address = 0x40004800, size = 4 bytes, value = 0x0000800d, pc=0x080038E0 
[    8.610531] [passthrough] Read: 	 address = 0x4000481C, size = 4 bytes, value = 0x006010d0, pc=0x080038FA 
[    8.611108] [passthrough] Read: 	 address = 0x4000481C, size = 4 bytes, value = 0x006010d0, pc=0x0800392A 
[    8.612058] [passthrough] Read: 	 address = 0x4000481C, size = 4 bytes, value = 0x006010d0, pc=0x0800395E 
[    8.612559] [passthrough] Read: 	 address = 0x40004800, size = 4 bytes, value = 0x0000800d, pc=0x080038E0 
[    8.613064] [passthrough] Read: 	 address = 0x4000481C, size = 4 bytes, value = 0x006010d0, pc=0x080038FA 
[    8.613549] [passthrough] Read: 	 address = 0x4000481C, size = 4 bytes, value = 0x006010d0, pc=0x0800392A 
[    8.614248] [passthrough] Read: 	 address = 0x4000481C, size = 4 bytes, value = 0x006010d0, pc=0x0800395E 
[    8.614746] Interrupt Taken: 	 Vector = 0x0000000F
[    8.614888] Interrupt Served: 	 Vector = 0x0000000F
[    8.617607] Interrupt Taken: 	 Vector = 0x0000000F
[    8.617686] Interrupt Served: 	 Vector = 0x0000000F
[    8.621053] [passthrough] Read: 	 address = 0x40004800, size = 4 bytes, value = 0x0000800d, pc=0x080038E0 
[    8.621529] Interrupt Taken: 	 Vector = 0x0000000F
[    8.621631] Interrupt Served: 	 Vector = 0x0000000F
[    8.624758] Interrupt Taken: 	 Vector = 0x0000000F
[    8.624836] Interrupt Served: 	 Vector = 0x0000000F
[    8.628299] [passthrough] Read: 	 address = 0x4000481C, size = 4 bytes, value = 0x006010d0, pc=0x080038FA 
[    8.628799] [passthrough] Read: 	 address = 0x4000481C, size = 4 bytes, value = 0x006010d0, pc=0x0800392A 
[    8.629357] [passthrough] Read: 	 address = 0x4000481C, size = 4 bytes, value = 0x006010d0, pc=0x0800395E 
[    8.629869] [passthrough] Read: 	 address = 0x40004800, size = 4 bytes, value = 0x0000800d, pc=0x080038E0 
[    8.630373] [passthrough] Read: 	 address = 0x4000481C, size = 4 bytes, value = 0x006010d0, pc=0x080038FA 
[    8.630866] [passthrough] Read: 	 address = 0x4000481C, size = 4 bytes, value = 0x006010d0, pc=0x0800392A 
[    8.631326] [passthrough] Read: 	 address = 0x4000481C, size = 4 bytes, value = 0x006010d0, pc=0x0800395E 
[    8.631777] [passthrough] Read: 	 address = 0x40004800, size = 4 bytes, value = 0x0000800d, pc=0x080038E0 
[    8.632250] [passthrough] Read: 	 address = 0x4000481C, size = 4 bytes, value = 0x006010d0, pc=0x080038FA 
[    8.632693] [passthrough] Read: 	 address = 0x4000481C, size = 4 bytes, value = 0x006010d0, pc=0x0800392A 
[    8.633177] [passthrough] Read: 	 address = 0x4000481C, size = 4 bytes, value = 0x006010d0, pc=0x0800395E 
[    8.633691] [passthrough] Read: 	 address = 0x40004800, size = 4 bytes, value = 0x0000800d, pc=0x080038E0 
[    8.634194] [passthrough] Read: 	 address = 0x4000481C, size = 4 bytes, value = 0x006010d0, pc=0x080038FA 
[    8.634717] [passthrough] Read: 	 address = 0x4000481C, size = 4 bytes, value = 0x006010d0, pc=0x0800392A 
[    8.635395] [passthrough] Read: 	 address = 0x4000481C, size = 4 bytes, value = 0x006010d0, pc=0x0800395E 
[    8.635876] Interrupt Taken: 	 Vector = 0x0000000F
[    8.635942] Interrupt Served: 	 Vector = 0x0000000F
[    8.639181] [passthrough] Read: 	 address = 0x40004800, size = 4 bytes, value = 0x0000800d, pc=0x080038E0 
[    8.639669] Interrupt Taken: 	 Vector = 0x0000000F
[    8.639747] Interrupt Served: 	 Vector = 0x0000000F
[    8.642860] Interrupt Taken: 	 Vector = 0x0000000F
[    8.642928] Interrupt Served: 	 Vector = 0x0000000F
[    8.646153] [passthrough] Read: 	 address = 0x4000481C, size = 4 bytes, value = 0x006010d0, pc=0x080038FA 
[    8.646663] [passthrough] Read: 	 address = 0x4000481C, size = 4 bytes, value = 0x006010d0, pc=0x0800392A 
[    8.647161] [passthrough] Read: 	 address = 0x4000481C, size = 4 bytes, value = 0x006010d0, pc=0x0800395E 
[    8.647647] [passthrough] Read: 	 address = 0x40004800, size = 4 bytes, value = 0x0000800d, pc=0x080038E0 
[    8.648152] [passthrough] Read: 	 address = 0x4000481C, size = 4 bytes, value = 0x006010d0, pc=0x080038FA 
[    8.648640] [passthrough] Read: 	 address = 0x4000481C, size = 4 bytes, value = 0x006010d0, pc=0x0800392A 
[    8.649154] [passthrough] Read: 	 address = 0x4000481C, size = 4 bytes, value = 0x006010d0, pc=0x0800395E 
[    8.649649] [passthrough] Read: 	 address = 0x40004800, size = 4 bytes, value = 0x0000800d, pc=0x080038E0 
[    8.650166] [passthrough] Read: 	 address = 0x4000481C, size = 4 bytes, value = 0x006010d0, pc=0x080038FA 
[    8.650660] [passthrough] Read: 	 address = 0x4000481C, size = 4 bytes, value = 0x006010d0, pc=0x0800392A 
[    8.651158] [passthrough] Read: 	 address = 0x4000481C, size = 4 bytes, value = 0x006010d0, pc=0x0800395E 
[    8.651667] [passthrough] Read: 	 address = 0x40004800, size = 4 bytes, value = 0x0000800d, pc=0x080038E0 
[    8.652573] [passthrough] Read: 	 address = 0x4000481C, size = 4 bytes, value = 0x006010d0, pc=0x080038FA 
[    8.653087] [passthrough] Read: 	 address = 0x4000481C, size = 4 bytes, value = 0x006010d0, pc=0x0800392A 
[    8.653513] [passthrough] Read: 	 address = 0x4000481C, size = 4 bytes, value = 0x006010d0, pc=0x0800395E 
[    8.653963] [passthrough] Read: 	 address = 0x40004800, size = 4 bytes, value = 0x0000800d, pc=0x080038E0 
[    8.654464] [passthrough] Read: 	 address = 0x4000481C, size = 4 bytes, value = 0x006010d0, pc=0x080038FA 
[    8.655111] [passthrough] Read: 	 address = 0x4000481C, size = 4 bytes, value = 0x006010d0, pc=0x0800392A 
[    8.655588] [passthrough] Read: 	 address = 0x4000481C, size = 4 bytes, value = 0x006010d0, pc=0x0800395E 
[    8.656051] [passthrough] Read: 	 address = 0x40004800, size = 4 bytes, value = 0x0000800d, pc=0x080038E0 
[    8.656515] [passthrough] Read: 	 address = 0x4000481C, size = 4 bytes, value = 0x006010d0, pc=0x080038FA 
[    8.657002] [passthrough] Read: 	 address = 0x4000481C, size = 4 bytes, value = 0x006010d0, pc=0x0800392A 
[    8.657512] [passthrough] Read: 	 address = 0x4000481C, size = 4 bytes, value = 0x006010d0, pc=0x0800395E 
[    8.658069] [passthrough] Read: 	 address = 0x40004800, size = 4 bytes, value = 0x0000800d, pc=0x080038E0 
[    8.658779] [passthrough] Read: 	 address = 0x4000481C, size = 4 bytes, value = 0x006010d0, pc=0x080038FA 
[    8.659298] Interrupt Taken: 	 Vector = 0x0000000F
[    8.659437] Interrupt Served: 	 Vector = 0x0000000F
[    8.662357] Interrupt Taken: 	 Vector = 0x0000000F
[    8.662456] Interrupt Served: 	 Vector = 0x0000000F
[    8.665889] [passthrough] Read: 	 address = 0x4000481C, size = 4 bytes, value = 0x006010d0, pc=0x0800392A 
[    8.666533] [passthrough] Read: 	 address = 0x4000481C, size = 4 bytes, value = 0x006010d0, pc=0x0800395E 
[    8.667068] [passthrough] Read: 	 address = 0x4000481C, size = 4 bytes, value = 0x006010d0, pc=0x0800395E 
[    8.667569] [passthrough] Read: 	 address = 0x40004800, size = 4 bytes, value = 0x0000800d, pc=0x080038E0 
[    8.667978] [passthrough] Read: 	 address = 0x4000481C, size = 4 bytes, value = 0x006010d0, pc=0x080038FA 
[    8.668451] [passthrough] Read: 	 address = 0x4000481C, size = 4 bytes, value = 0x006010d0, pc=0x0800392A 
[    8.668925] [passthrough] Read: 	 address = 0x4000481C, size = 4 bytes, value = 0x006010d0, pc=0x0800395E 
[    8.669415] [passthrough] Read: 	 address = 0x40004800, size = 4 bytes, value = 0x0000800d, pc=0x080038E0 
[    8.669892] [passthrough] Read: 	 address = 0x4000481C, size = 4 bytes, value = 0x006010d0, pc=0x080038FA 
[    8.670374] [passthrough] Read: 	 address = 0x4000481C, size = 4 bytes, value = 0x006010d0, pc=0x0800392A 
[    8.670858] [passthrough] Read: 	 address = 0x4000481C, size = 4 bytes, value = 0x006010d0, pc=0x0800395E 
[    8.671432] [passthrough] Read: 	 address = 0x40004800, size = 4 bytes, value = 0x0000800d, pc=0x080038E0 
[    8.672136] [passthrough] Read: 	 address = 0x4000481C, size = 4 bytes, value = 0x006010d0, pc=0x080038FA 
[    8.672622] Interrupt Taken: 	 Vector = 0x0000000F
[    8.672690] Interrupt Served: 	 Vector = 0x0000000F
[    8.675813] [passthrough] Read: 	 address = 0x4000481C, size = 4 bytes, value = 0x006010d0, pc=0x0800392A 
[    8.676325] Interrupt Taken: 	 Vector = 0x0000000F
[    8.676470] Interrupt Served: 	 Vector = 0x0000000F
[    8.679597] Interrupt Taken: 	 Vector = 0x0000000F
[    8.679667] Interrupt Served: 	 Vector = 0x0000000F
[    8.682661] [passthrough] Read: 	 address = 0x4000481C, size = 4 bytes, value = 0x006010d0, pc=0x0800395E 
[    8.683143] [passthrough] Read: 	 address = 0x40004800, size = 4 bytes, value = 0x0000800d, pc=0x080038E0 
[    8.683651] [passthrough] Read: 	 address = 0x4000481C, size = 4 bytes, value = 0x006010d0, pc=0x080038FA 
[    8.684138] [passthrough] Read: 	 address = 0x4000481C, size = 4 bytes, value = 0x006010d0, pc=0x0800392A 
[    8.684600] [passthrough] Read: 	 address = 0x4000481C, size = 4 bytes, value = 0x006010d0, pc=0x0800395E 
[    8.685103] [passthrough] Read: 	 address = 0x40004800, size = 4 bytes, value = 0x0000800d, pc=0x080038E0 
[    8.685614] [passthrough] Read: 	 address = 0x4000481C, size = 4 bytes, value = 0x006010d0, pc=0x080038FA 
[    8.686119] [passthrough] Read: 	 address = 0x4000481C, size = 4 bytes, value = 0x006010d0, pc=0x0800392A 
[    8.686581] [passthrough] Read: 	 address = 0x4000481C, size = 4 bytes, value = 0x006010d0, pc=0x0800395E 
[    8.687169] [passthrough] Read: 	 address = 0x40004800, size = 4 bytes, value = 0x0000800d, pc=0x080038E0 
[    8.687705] [passthrough] Read: 	 address = 0x4000481C, size = 4 bytes, value = 0x006010d0, pc=0x080038FA 
[    8.688237] [passthrough] Read: 	 address = 0x4000481C, size = 4 bytes, value = 0x006010d0, pc=0x0800392A 
[    8.688695] [passthrough] Read: 	 address = 0x4000481C, size = 4 bytes, value = 0x006010d0, pc=0x0800395E 
[    8.689204] [passthrough] Read: 	 address = 0x40004800, size = 4 bytes, value = 0x0000800d, pc=0x080038E0 
[    8.689662] [passthrough] Read: 	 address = 0x4000481C, size = 4 bytes, value = 0x006010d0, pc=0x080038FA 
[    8.690126] [passthrough] Read: 	 address = 0x4000481C, size = 4 bytes, value = 0x006010d0, pc=0x0800392A 
[    8.690661] [passthrough] Read: 	 address = 0x4000481C, size = 4 bytes, value = 0x006010d0, pc=0x0800395E 
[    8.691186] [passthrough] Read: 	 address = 0x40004800, size = 4 bytes, value = 0x0000800d, pc=0x080038E0 
[    8.691816] [passthrough] Read: 	 address = 0x4000481C, size = 4 bytes, value = 0x006010d0, pc=0x080038FA 
[    8.692316] Interrupt Taken: 	 Vector = 0x0000000F
[    8.692385] Interrupt Served: 	 Vector = 0x0000000F
[    8.695965] [passthrough] Read: 	 address = 0x4000481C, size = 4 bytes, value = 0x006010d0, pc=0x0800392A 
[    8.696509] [passthrough] Read: 	 address = 0x4000481C, size = 4 bytes, value = 0x006010d0, pc=0x0800395E 
[    8.696946] [passthrough] Read: 	 address = 0x40004800, size = 4 bytes, value = 0x0000800d, pc=0x080038E0 
[    8.697447] [passthrough] Read: 	 address = 0x4000481C, size = 4 bytes, value = 0x006010d0, pc=0x080038FA 
[    8.697893] [passthrough] Read: 	 address = 0x4000481C, size = 4 bytes, value = 0x006010d0, pc=0x0800392A 
[    8.698331] [passthrough] Read: 	 address = 0x4000481C, size = 4 bytes, value = 0x006010d0, pc=0x0800395E 
[    8.698815] [passthrough] Read: 	 address = 0x40004800, size = 4 bytes, value = 0x0000800d, pc=0x080038E0 
[    8.699296] [passthrough] Read: 	 address = 0x4000481C, size = 4 bytes, value = 0x006010d0, pc=0x080038FA 
[    8.699766] [passthrough] Read: 	 address = 0x4000481C, size = 4 bytes, value = 0x006010d0, pc=0x0800392A 
[    8.700251] [passthrough] Read: 	 address = 0x4000481C, size = 4 bytes, value = 0x006010d0, pc=0x0800395E 
[    8.700720] [passthrough] Read: 	 address = 0x40004800, size = 4 bytes, value = 0x0000800d, pc=0x080038E0 
[    8.701202] [passthrough] Read: 	 address = 0x4000481C, size = 4 bytes, value = 0x006010d0, pc=0x080038FA 
[    8.701634] [passthrough] Read: 	 address = 0x4000481C, size = 4 bytes, value = 0x006010d0, pc=0x0800392A 
[    8.702163] [passthrough] Read: 	 address = 0x4000481C, size = 4 bytes, value = 0x006010d0, pc=0x0800395E 
[    8.702659] [passthrough] Read: 	 address = 0x40004800, size = 4 bytes, value = 0x0000800d, pc=0x080038E0 
[    8.703168] [passthrough] Read: 	 address = 0x4000481C, size = 4 bytes, value = 0x006010d0, pc=0x080038FA 
[    8.703685] [passthrough] Read: 	 address = 0x4000481C, size = 4 bytes, value = 0x006010d0, pc=0x0800392A 
[    8.704203] [passthrough] Read: 	 address = 0x4000481C, size = 4 bytes, value = 0x006010d0, pc=0x0800395E 
[    8.704677] [passthrough] Read: 	 address = 0x40004800, size = 4 bytes, value = 0x0000800d, pc=0x080038E0 
[    8.705208] [passthrough] Read: 	 address = 0x4000481C, size = 4 bytes, value = 0x006010d0, pc=0x080038FA 
[    8.705701] [passthrough] Read: 	 address = 0x4000481C, size = 4 bytes, value = 0x006010d0, pc=0x0800392A 
[    8.706189] [passthrough] Read: 	 address = 0x4000481C, size = 4 bytes, value = 0x006010d0, pc=0x0800395E 
[    8.706691] [passthrough] Read: 	 address = 0x40004800, size = 4 bytes, value = 0x0000800d, pc=0x080038E0 
[    8.707209] [passthrough] Read: 	 address = 0x4000481C, size = 4 bytes, value = 0x006010d0, pc=0x080038FA 
[    8.707713] [passthrough] Read: 	 address = 0x4000481C, size = 4 bytes, value = 0x006010d0, pc=0x0800392A 
[    8.708333] [passthrough] Read: 	 address = 0x4000481C, size = 4 bytes, value = 0x006010d0, pc=0x0800395E 
[    8.708897] [passthrough] Read: 	 address = 0x40004800, size = 4 bytes, value = 0x0000800d, pc=0x080038E0 
[    8.709354] [passthrough] Read: 	 address = 0x4000481C, size = 4 bytes, value = 0x006010d0, pc=0x080038FA 
[    8.709849] [passthrough] Read: 	 address = 0x4000481C, size = 4 bytes, value = 0x006010d0, pc=0x0800392A 
[    8.710358] [passthrough] Read: 	 address = 0x4000481C, size = 4 bytes, value = 0x006010d0, pc=0x0800395E 
[    8.710832] [passthrough] Read: 	 address = 0x40004800, size = 4 bytes, value = 0x0000800d, pc=0x080038E0 
[    8.711302] [passthrough] Read: 	 address = 0x4000481C, size = 4 bytes, value = 0x006010d0, pc=0x080038FA 
[    8.711736] [passthrough] Read: 	 address = 0x4000481C, size = 4 bytes, value = 0x006010d0, pc=0x0800392A 
[    8.712414] [passthrough] Read: 	 address = 0x4000481C, size = 4 bytes, value = 0x006010d0, pc=0x0800395E 
[    8.712907] Interrupt Taken: 	 Vector = 0x0000000F
[    8.713006] Interrupt Served: 	 Vector = 0x0000000F
[    8.716068] Interrupt Taken: 	 Vector = 0x0000000F
[    8.716137] Interrupt Served: 	 Vector = 0x0000000F
[    8.719406] [passthrough] Read: 	 address = 0x40004800, size = 4 bytes, value = 0x0000800d, pc=0x080038E0 
[    8.719949] [passthrough] Read: 	 address = 0x4000481C, size = 4 bytes, value = 0x006010d0, pc=0x080038FA 
[    8.720437] [passthrough] Read: 	 address = 0x4000481C, size = 4 bytes, value = 0x006010d0, pc=0x0800392A 
[    8.720954] [passthrough] Read: 	 address = 0x4000481C, size = 4 bytes, value = 0x006010d0, pc=0x0800395E 
[    8.721378] [passthrough] Read: 	 address = 0x40004800, size = 4 bytes, value = 0x0000800d, pc=0x080038E0 
[    8.721922] [passthrough] Read: 	 address = 0x4000481C, size = 4 bytes, value = 0x006010d0, pc=0x080038FA 
[    8.722452] [passthrough] Read: 	 address = 0x4000481C, size = 4 bytes, value = 0x006010d0, pc=0x0800392A 
[    8.722955] [passthrough] Read: 	 address = 0x4000481C, size = 4 bytes, value = 0x006010d0, pc=0x0800395E 
[    8.723458] [passthrough] Read: 	 address = 0x40004800, size = 4 bytes, value = 0x0000800d, pc=0x080038E0 
[    8.723972] [passthrough] Read: 	 address = 0x4000481C, size = 4 bytes, value = 0x006010d0, pc=0x080038FA 
[    8.724478] [passthrough] Read: 	 address = 0x4000481C, size = 4 bytes, value = 0x006010d0, pc=0x0800392A 
[    8.725005] [passthrough] Read: 	 address = 0x4000481C, size = 4 bytes, value = 0x006010d0, pc=0x0800395E 
[    8.725732] [passthrough] Read: 	 address = 0x40004800, size = 4 bytes, value = 0x0000800d, pc=0x080038E0 
[    8.726244] Interrupt Taken: 	 Vector = 0x0000000F
[    8.726312] Interrupt Served: 	 Vector = 0x0000000F
[    8.729444] [passthrough] Read: 	 address = 0x4000481C, size = 4 bytes, value = 0x006010d0, pc=0x080038FA 
[    8.729999] [passthrough] Read: 	 address = 0x4000481C, size = 4 bytes, value = 0x006010d0, pc=0x0800392A 
[    8.730604] [passthrough] Read: 	 address = 0x4000481C, size = 4 bytes, value = 0x006010d0, pc=0x0800395E 
[    8.731194] [passthrough] Read: 	 address = 0x40004800, size = 4 bytes, value = 0x0000800d, pc=0x080038E0 
[    8.731743] [passthrough] Read: 	 address = 0x4000481C, size = 4 bytes, value = 0x006010d0, pc=0x080038FA 
[    8.732264] [passthrough] Read: 	 address = 0x4000481C, size = 4 bytes, value = 0x006010d0, pc=0x0800392A 
[    8.732812] [passthrough] Read: 	 address = 0x4000481C, size = 4 bytes, value = 0x006010d0, pc=0x0800395E 
[    8.733605] [passthrough] Read: 	 address = 0x40004800, size = 4 bytes, value = 0x0000800d, pc=0x080038E0 
[    8.733998] [passthrough] Read: 	 address = 0x4000481C, size = 4 bytes, value = 0x006010d0, pc=0x080038FA 
[    8.734446] [passthrough] Read: 	 address = 0x4000481C, size = 4 bytes, value = 0x006010d0, pc=0x0800392A 
[    8.734955] [passthrough] Read: 	 address = 0x4000481C, size = 4 bytes, value = 0x006010d0, pc=0x0800395E 
[    8.735405] [passthrough] Read: 	 address = 0x40004800, size = 4 bytes, value = 0x0000800d, pc=0x080038E0 
[    8.735976] [passthrough] Read: 	 address = 0x4000481C, size = 4 bytes, value = 0x006010f0, pc=0x080038FA 
[    8.736477] [passthrough] Read: 	 address = 0x4000481C, size = 4 bytes, value = 0x006010f0, pc=0x0800392A 
[    8.736955] [passthrough] Read: 	 address = 0x4000481C, size = 4 bytes, value = 0x006010f0, pc=0x0800395E 
[    8.737747] [passthrough] Read: 	 address = 0x40004824, size = 4 bytes, value = 0x00000065, pc=0x08002AF6 
[    8.738480] [passthrough] Read: 	 address = 0x4000481C, size = 4 bytes, value = 0x006010d0, pc=0x0800395E 
[    8.738923] Interrupt Taken: 	 Vector = 0x0000000F
[    8.738984] Interrupt Served: 	 Vector = 0x0000000F
[    8.742307] [passthrough] Write: 	 address = 0x40004828, size = 4 bytes, value = 0x00000065, pc=0x08002952 
[    8.743172] [passthrough] Read: 	 address = 0x4000481C, size = 4 bytes, value = 0x006010d0, pc=0x0800395E 
[    8.743684] Interrupt Taken: 	 Vector = 0x0000000F
[    8.744133] Interrupt Served: 	 Vector = 0x0000000F
[    8.747085] Interrupt Taken: 	 Vector = 0x0000000F
[    8.747177] Interrupt Served: 	 Vector = 0x0000000F
[    8.750630] [passthrough] Read: 	 address = 0x4000481C, size = 4 bytes, value = 0x006010d0, pc=0x0800395E 
[    8.751151] Interrupt Taken: 	 Vector = 0x0000000F
[    8.751229] Interrupt Served: 	 Vector = 0x0000000F
[    8.754509] [passthrough] Read: 	 address = 0x40004800, size = 4 bytes, value = 0x0000800d, pc=0x080038E0 
[    8.755292] [passthrough] Read: 	 address = 0x4000481C, size = 4 bytes, value = 0x006010d0, pc=0x080038FA 
[    8.755809] Interrupt Taken: 	 Vector = 0x0000000F
[    8.755861] Interrupt Served: 	 Vector = 0x0000000F
[    8.759265] [passthrough] Read: 	 address = 0x4000481C, size = 4 bytes, value = 0x006010d0, pc=0x0800392A 
[    8.759717] Interrupt Taken: 	 Vector = 0x0000000F
[    8.759842] Interrupt Served: 	 Vector = 0x0000000F
[    8.762921] Interrupt Taken: 	 Vector = 0x0000000F
[    8.763000] Interrupt Served: 	 Vector = 0x0000000F
[    8.766151] [passthrough] Read: 	 address = 0x4000481C, size = 4 bytes, value = 0x006010d0, pc=0x0800395E 
[    8.766657] [passthrough] Read: 	 address = 0x40004800, size = 4 bytes, value = 0x0000800d, pc=0x080038E0 
[    8.767103] [passthrough] Read: 	 address = 0x4000481C, size = 4 bytes, value = 0x006010d0, pc=0x080038FA 
[    8.767603] [passthrough] Read: 	 address = 0x4000481C, size = 4 bytes, value = 0x006010d0, pc=0x0800392A 
[    8.768154] [passthrough] Read: 	 address = 0x4000481C, size = 4 bytes, value = 0x006010d0, pc=0x0800395E 
[    8.768663] [passthrough] Read: 	 address = 0x40004800, size = 4 bytes, value = 0x0000800d, pc=0x080038E0 
[    8.769209] [passthrough] Read: 	 address = 0x4000481C, size = 4 bytes, value = 0x006010d0, pc=0x080038FA 
[    8.769705] [passthrough] Read: 	 address = 0x4000481C, size = 4 bytes, value = 0x006010d0, pc=0x0800392A 
[    8.770481] [passthrough] Read: 	 address = 0x4000481C, size = 4 bytes, value = 0x006010d0, pc=0x0800395E 
[    8.770963] Interrupt Taken: 	 Vector = 0x0000000F
[    8.771121] Interrupt Served: 	 Vector = 0x0000000F
[    8.774538] Interrupt Taken: 	 Vector = 0x0000000F
[    8.774675] Interrupt Served: 	 Vector = 0x0000000F
[    8.777905] [passthrough] Read: 	 address = 0x40004800, size = 4 bytes, value = 0x0000800d, pc=0x080038E0 
[    8.778400] Interrupt Taken: 	 Vector = 0x0000000F
[    8.778531] Interrupt Served: 	 Vector = 0x0000000F
[    8.781627] Interrupt Taken: 	 Vector = 0x0000000F
[    8.781692] Interrupt Served: 	 Vector = 0x0000000F
[    8.785079] [passthrough] Read: 	 address = 0x4000481C, size = 4 bytes, value = 0x006010d0, pc=0x080038FA 
[    8.785552] Interrupt Taken: 	 Vector = 0x0000000F
[    8.785613] Interrupt Served: 	 Vector = 0x0000000F
[    8.788671] [passthrough] Read: 	 address = 0x4000481C, size = 4 bytes, value = 0x006010d0, pc=0x0800392A 
[    8.789220] [passthrough] Read: 	 address = 0x4000481C, size = 4 bytes, value = 0x006010d0, pc=0x0800395E 
[    8.789711] [passthrough] Read: 	 address = 0x40004800, size = 4 bytes, value = 0x0000800d, pc=0x080038E0 
[    8.790249] [passthrough] Read: 	 address = 0x4000481C, size = 4 bytes, value = 0x006010d0, pc=0x080038FA 
[    8.790769] [passthrough] Read: 	 address = 0x4000481C, size = 4 bytes, value = 0x006010d0, pc=0x0800392A 
[    8.791295] [passthrough] Read: 	 address = 0x4000481C, size = 4 bytes, value = 0x006010d0, pc=0x0800395E 
[    8.791886] [passthrough] Read: 	 address = 0x40004800, size = 4 bytes, value = 0x0000800d, pc=0x080038E0 
[    8.792419] [passthrough] Read: 	 address = 0x4000481C, size = 4 bytes, value = 0x006010d0, pc=0x080038FA 
[    8.793004] [passthrough] Read: 	 address = 0x4000481C, size = 4 bytes, value = 0x006010d0, pc=0x0800392A 
[    8.793587] [passthrough] Read: 	 address = 0x4000481C, size = 4 bytes, value = 0x006010d0, pc=0x0800395E 
[    8.794224] [passthrough] Read: 	 address = 0x40004800, size = 4 bytes, value = 0x0000800d, pc=0x080038E0 
[    8.794721] Interrupt Taken: 	 Vector = 0x0000000F
[    8.794854] Interrupt Served: 	 Vector = 0x0000000F
[    8.797931] Interrupt Taken: 	 Vector = 0x0000000F
[    8.798009] Interrupt Served: 	 Vector = 0x0000000F
[    8.801158] [passthrough] Read: 	 address = 0x4000481C, size = 4 bytes, value = 0x006010d0, pc=0x080038FA 
[    8.801681] [passthrough] Read: 	 address = 0x4000481C, size = 4 bytes, value = 0x006010d0, pc=0x0800392A 
[    8.802182] [passthrough] Read: 	 address = 0x4000481C, size = 4 bytes, value = 0x006010d0, pc=0x0800395E 
[    8.802670] [passthrough] Read: 	 address = 0x4000481C, size = 4 bytes, value = 0x006010d0, pc=0x0800395E 
[    8.803179] [passthrough] Read: 	 address = 0x40004800, size = 4 bytes, value = 0x0000800d, pc=0x080038E0 
[    8.803639] [passthrough] Read: 	 address = 0x4000481C, size = 4 bytes, value = 0x006010d0, pc=0x080038FA 
[    8.804205] [passthrough] Read: 	 address = 0x4000481C, size = 4 bytes, value = 0x006010d0, pc=0x0800392A 
[    8.804688] [passthrough] Read: 	 address = 0x4000481C, size = 4 bytes, value = 0x006010d0, pc=0x0800395E 
[    8.805155] [passthrough] Read: 	 address = 0x40004800, size = 4 bytes, value = 0x0000800d, pc=0x080038E0 
[    8.805607] [passthrough] Read: 	 address = 0x4000481C, size = 4 bytes, value = 0x006010d0, pc=0x080038FA 
[    8.806068] [passthrough] Read: 	 address = 0x4000481C, size = 4 bytes, value = 0x006010d0, pc=0x0800392A 
[    8.806561] [passthrough] Read: 	 address = 0x4000481C, size = 4 bytes, value = 0x006010d0, pc=0x0800395E 
[    8.807061] [passthrough] Read: 	 address = 0x40004800, size = 4 bytes, value = 0x0000800d, pc=0x080038E0 
[    8.807540] [passthrough] Read: 	 address = 0x4000481C, size = 4 bytes, value = 0x006010d0, pc=0x080038FA 
[    8.808085] [passthrough] Read: 	 address = 0x4000481C, size = 4 bytes, value = 0x006010d0, pc=0x0800392A 
[    8.808549] [passthrough] Read: 	 address = 0x4000481C, size = 4 bytes, value = 0x006010d0, pc=0x0800395E 
[    8.809256] [passthrough] Read: 	 address = 0x40004800, size = 4 bytes, value = 0x0000800d, pc=0x080038E0 
[    8.809727] Interrupt Taken: 	 Vector = 0x0000000F
[    8.809865] Interrupt Served: 	 Vector = 0x0000000F
[    8.812871] Interrupt Taken: 	 Vector = 0x0000000F
[    8.812957] Interrupt Served: 	 Vector = 0x0000000F
[    8.816320] [passthrough] Read: 	 address = 0x4000481C, size = 4 bytes, value = 0x006010d0, pc=0x080038FA 
[    8.816860] [passthrough] Read: 	 address = 0x4000481C, size = 4 bytes, value = 0x006010d0, pc=0x0800392A 
[    8.817295] [passthrough] Read: 	 address = 0x4000481C, size = 4 bytes, value = 0x006010d0, pc=0x0800395E 
[    8.817700] [passthrough] Read: 	 address = 0x40004800, size = 4 bytes, value = 0x0000800d, pc=0x080038E0 
[    8.818199] [passthrough] Read: 	 address = 0x4000481C, size = 4 bytes, value = 0x006010d0, pc=0x080038FA 
[    8.819005] [passthrough] Read: 	 address = 0x4000481C, size = 4 bytes, value = 0x006010d0, pc=0x0800392A 
[    8.819502] [passthrough] Read: 	 address = 0x4000481C, size = 4 bytes, value = 0x006010d0, pc=0x0800395E 
[    8.819935] [passthrough] Read: 	 address = 0x40004800, size = 4 bytes, value = 0x0000800d, pc=0x080038E0 
[    8.820435] [passthrough] Read: 	 address = 0x4000481C, size = 4 bytes, value = 0x006010d0, pc=0x080038FA 
[    8.820948] [passthrough] Read: 	 address = 0x4000481C, size = 4 bytes, value = 0x006010d0, pc=0x0800392A 
[    8.821406] [passthrough] Read: 	 address = 0x4000481C, size = 4 bytes, value = 0x006010d0, pc=0x0800395E 
[    8.821962] [passthrough] Read: 	 address = 0x40004800, size = 4 bytes, value = 0x0000800d, pc=0x080038E0 
[    8.822443] [passthrough] Read: 	 address = 0x4000481C, size = 4 bytes, value = 0x006010d0, pc=0x080038FA 
[    8.822927] [passthrough] Read: 	 address = 0x4000481C, size = 4 bytes, value = 0x006010d0, pc=0x0800392A 
[    8.823402] [passthrough] Read: 	 address = 0x4000481C, size = 4 bytes, value = 0x006010d0, pc=0x0800395E 
[    8.823892] [passthrough] Read: 	 address = 0x40004800, size = 4 bytes, value = 0x0000800d, pc=0x080038E0 
[    8.824358] [passthrough] Read: 	 address = 0x4000481C, size = 4 bytes, value = 0x006010d0, pc=0x080038FA 
[    8.824934] [passthrough] Read: 	 address = 0x4000481C, size = 4 bytes, value = 0x006010d0, pc=0x0800392A 
[    8.825394] Interrupt Taken: 	 Vector = 0x0000000F
[    8.825475] Interrupt Served: 	 Vector = 0x0000000F
[    8.828445] [passthrough] Read: 	 address = 0x4000481C, size = 4 bytes, value = 0x006010d0, pc=0x0800395E 
[    8.829072] [passthrough] Read: 	 address = 0x40004800, size = 4 bytes, value = 0x0000800d, pc=0x080038E0 
[    8.829473] Interrupt Taken: 	 Vector = 0x0000000F
[    8.829509] Interrupt Served: 	 Vector = 0x0000000F
[    8.832561] [passthrough] Read: 	 address = 0x4000481C, size = 4 bytes, value = 0x006010d0, pc=0x080038FA 
[    8.833101] [passthrough] Read: 	 address = 0x4000481C, size = 4 bytes, value = 0x006010d0, pc=0x0800392A 
[    8.833582] [passthrough] Read: 	 address = 0x4000481C, size = 4 bytes, value = 0x006010d0, pc=0x0800395E 
[    8.834001] [passthrough] Read: 	 address = 0x40004800, size = 4 bytes, value = 0x0000800d, pc=0x080038E0 
[    8.834701] [passthrough] Read: 	 address = 0x4000481C, size = 4 bytes, value = 0x006010d0, pc=0x080038FA 
[    8.835158] Interrupt Taken: 	 Vector = 0x0000000F
[    8.835282] Interrupt Served: 	 Vector = 0x0000000F
[    8.838272] Interrupt Taken: 	 Vector = 0x0000000F
[    8.838350] Interrupt Served: 	 Vector = 0x0000000F
[    8.841655] [passthrough] Read: 	 address = 0x4000481C, size = 4 bytes, value = 0x006010d0, pc=0x0800392A 
[    8.842157] Interrupt Taken: 	 Vector = 0x0000000F
[    8.842226] Interrupt Served: 	 Vector = 0x0000000F
[    8.845648] [passthrough] Read: 	 address = 0x4000481C, size = 4 bytes, value = 0x006010d0, pc=0x0800395E 
[    8.846179] Interrupt Taken: 	 Vector = 0x0000000F
[    8.846411] Interrupt Served: 	 Vector = 0x0000000F
[    8.849485] Interrupt Taken: 	 Vector = 0x0000000F
[    8.849560] Interrupt Served: 	 Vector = 0x0000000F
[    8.852738] [passthrough] Read: 	 address = 0x40004800, size = 4 bytes, value = 0x0000800d, pc=0x080038E0 
[    8.853210] Interrupt Taken: 	 Vector = 0x0000000F
[    8.853364] Interrupt Served: 	 Vector = 0x0000000F
[    8.856888] Interrupt Taken: 	 Vector = 0x0000000F
[    8.857663] Interrupt Served: 	 Vector = 0x0000000F
[    8.860691] Interrupt Taken: 	 Vector = 0x0000000F
[    8.860835] Interrupt Served: 	 Vector = 0x0000000F
[    8.864242] [passthrough] Read: 	 address = 0x4000481C, size = 4 bytes, value = 0x006010f0, pc=0x080038FA 
[    8.864743] [passthrough] Read: 	 address = 0x4000481C, size = 4 bytes, value = 0x006010f0, pc=0x0800392A 
[    8.865192] [passthrough] Read: 	 address = 0x4000481C, size = 4 bytes, value = 0x006010f0, pc=0x0800395E 
[    8.865651] [passthrough] Read: 	 address = 0x40004824, size = 4 bytes, value = 0x0000006c, pc=0x08002AF6 
[    8.866233] [passthrough] Read: 	 address = 0x4000481C, size = 4 bytes, value = 0x006010d0, pc=0x0800395E 
[    8.866699] Interrupt Taken: 	 Vector = 0x0000000F
[    8.866735] Interrupt Served: 	 Vector = 0x0000000F
[    8.869925] [passthrough] Write: 	 address = 0x40004828, size = 4 bytes, value = 0x0000006c, pc=0x08002952 
[    8.870701] Interrupt Taken: 	 Vector = 0x0000000F
[    8.870753] Interrupt Served: 	 Vector = 0x0000000F
[    8.873978] [passthrough] Read: 	 address = 0x4000481C, size = 4 bytes, value = 0x006010d0, pc=0x0800395E 
[    8.874722] [passthrough] Read: 	 address = 0x4000481C, size = 4 bytes, value = 0x006010d0, pc=0x0800395E 
[    8.875247] Interrupt Taken: 	 Vector = 0x0000000F
[    8.875333] Interrupt Served: 	 Vector = 0x0000000F
[    8.878934] [passthrough] Read: 	 address = 0x40004800, size = 4 bytes, value = 0x0000800d, pc=0x080038E0 
[    8.879541] [passthrough] Read: 	 address = 0x4000481C, size = 4 bytes, value = 0x006010d0, pc=0x080038FA 
[    8.880221] [passthrough] Read: 	 address = 0x4000481C, size = 4 bytes, value = 0x006010d0, pc=0x0800392A 
[    8.880874] [passthrough] Read: 	 address = 0x4000481C, size = 4 bytes, value = 0x006010d0, pc=0x0800395E 
[    8.881395] [passthrough] Read: 	 address = 0x40004800, size = 4 bytes, value = 0x0000800d, pc=0x080038E0 
[    8.881918] [passthrough] Read: 	 address = 0x4000481C, size = 4 bytes, value = 0x006010d0, pc=0x080038FA 
[    8.882459] [passthrough] Read: 	 address = 0x4000481C, size = 4 bytes, value = 0x006010d0, pc=0x0800392A 
[    8.882946] [passthrough] Read: 	 address = 0x4000481C, size = 4 bytes, value = 0x006010d0, pc=0x0800395E 
[    8.883438] [passthrough] Read: 	 address = 0x40004800, size = 4 bytes, value = 0x0000800d, pc=0x080038E0 
[    8.883931] [passthrough] Read: 	 address = 0x4000481C, size = 4 bytes, value = 0x006010d0, pc=0x080038FA 
[    8.884457] [passthrough] Read: 	 address = 0x4000481C, size = 4 bytes, value = 0x006010d0, pc=0x0800392A 
[    8.884971] [passthrough] Read: 	 address = 0x4000481C, size = 4 bytes, value = 0x006010d0, pc=0x0800395E 
[    8.885540] [passthrough] Read: 	 address = 0x40004800, size = 4 bytes, value = 0x0000800d, pc=0x080038E0 
[    8.885990] [passthrough] Read: 	 address = 0x4000481C, size = 4 bytes, value = 0x006010d0, pc=0x080038FA 
[    8.886560] [passthrough] Read: 	 address = 0x4000481C, size = 4 bytes, value = 0x006010d0, pc=0x0800392A 
[    8.887124] [passthrough] Read: 	 address = 0x4000481C, size = 4 bytes, value = 0x006010d0, pc=0x0800395E 
[    8.887637] [passthrough] Read: 	 address = 0x40004800, size = 4 bytes, value = 0x0000800d, pc=0x080038E0 
[    8.888248] [passthrough] Read: 	 address = 0x4000481C, size = 4 bytes, value = 0x006010d0, pc=0x080038FA 
[    8.888779] [passthrough] Read: 	 address = 0x4000481C, size = 4 bytes, value = 0x006010d0, pc=0x0800392A 
[    8.889693] [passthrough] Read: 	 address = 0x4000481C, size = 4 bytes, value = 0x006010d0, pc=0x0800395E 
[    8.890215] Interrupt Taken: 	 Vector = 0x0000000F
[    8.890381] Interrupt Served: 	 Vector = 0x0000000F
[    8.893385] Interrupt Taken: 	 Vector = 0x0000000F
[    8.893480] Interrupt Served: 	 Vector = 0x0000000F
[    8.896616] [passthrough] Read: 	 address = 0x40004800, size = 4 bytes, value = 0x0000800d, pc=0x080038E0 
[    8.897348] [passthrough] Read: 	 address = 0x4000481C, size = 4 bytes, value = 0x006010d0, pc=0x080038FA 
[    8.897781] Interrupt Taken: 	 Vector = 0x0000000F
[    8.897846] Interrupt Served: 	 Vector = 0x0000000F
[    8.900888] [passthrough] Read: 	 address = 0x4000481C, size = 4 bytes, value = 0x006010d0, pc=0x0800392A 
[    8.901452] [passthrough] Read: 	 address = 0x4000481C, size = 4 bytes, value = 0x006010d0, pc=0x0800395E 
[    8.902388] [passthrough] Read: 	 address = 0x40004800, size = 4 bytes, value = 0x0000800d, pc=0x080038E0 
[    8.902851] [passthrough] Read: 	 address = 0x4000481C, size = 4 bytes, value = 0x006010d0, pc=0x080038FA 
[    8.903332] [passthrough] Read: 	 address = 0x4000481C, size = 4 bytes, value = 0x006010d0, pc=0x0800392A 
[    8.903796] [passthrough] Read: 	 address = 0x4000481C, size = 4 bytes, value = 0x006010d0, pc=0x0800395E 
[    8.904286] [passthrough] Read: 	 address = 0x40004800, size = 4 bytes, value = 0x0000800d, pc=0x080038E0 
[    8.904734] [passthrough] Read: 	 address = 0x4000481C, size = 4 bytes, value = 0x006010d0, pc=0x080038FA 
[    8.905187] [passthrough] Read: 	 address = 0x4000481C, size = 4 bytes, value = 0x006010d0, pc=0x0800392A 
[    8.905663] [passthrough] Read: 	 address = 0x4000481C, size = 4 bytes, value = 0x006010d0, pc=0x0800395E 
[    8.906150] [passthrough] Read: 	 address = 0x40004800, size = 4 bytes, value = 0x0000800d, pc=0x080038E0 
[    8.906594] [passthrough] Read: 	 address = 0x4000481C, size = 4 bytes, value = 0x006010d0, pc=0x080038FA 
[    8.907076] [passthrough] Read: 	 address = 0x4000481C, size = 4 bytes, value = 0x006010d0, pc=0x0800392A 
[    8.907533] [passthrough] Read: 	 address = 0x4000481C, size = 4 bytes, value = 0x006010d0, pc=0x0800395E 
[    8.908176] [passthrough] Read: 	 address = 0x40004800, size = 4 bytes, value = 0x0000800d, pc=0x080038E0 
[    8.908692] Interrupt Taken: 	 Vector = 0x0000000F
[    8.908765] Interrupt Served: 	 Vector = 0x0000000F
[    8.911702] [passthrough] Read: 	 address = 0x4000481C, size = 4 bytes, value = 0x006010d0, pc=0x080038FA 
[    8.912401] [passthrough] Read: 	 address = 0x4000481C, size = 4 bytes, value = 0x006010d0, pc=0x0800392A 
[    8.912887] Interrupt Taken: 	 Vector = 0x0000000F
[    8.913000] Interrupt Served: 	 Vector = 0x0000000F
[    8.916284] Interrupt Taken: 	 Vector = 0x0000000F
[    8.916361] Interrupt Served: 	 Vector = 0x0000000F
[    8.919523] [passthrough] Read: 	 address = 0x4000481C, size = 4 bytes, value = 0x006010d0, pc=0x0800395E 
[    8.920250] [passthrough] Read: 	 address = 0x40004800, size = 4 bytes, value = 0x0000800d, pc=0x080038E0 
[    8.920823] Interrupt Taken: 	 Vector = 0x0000000F
[    8.920887] Interrupt Served: 	 Vector = 0x0000000F
[    8.924228] [passthrough] Read: 	 address = 0x4000481C, size = 4 bytes, value = 0x006010d0, pc=0x080038FA 
[    8.924742] Interrupt Taken: 	 Vector = 0x0000000F
[    8.924805] Interrupt Served: 	 Vector = 0x0000000F
[    8.927929] [passthrough] Read: 	 address = 0x4000481C, size = 4 bytes, value = 0x006010d0, pc=0x0800392A 
[    8.928503] [passthrough] Read: 	 address = 0x4000481C, size = 4 bytes, value = 0x006010d0, pc=0x0800395E 
[    8.929233] [passthrough] Read: 	 address = 0x40004800, size = 4 bytes, value = 0x0000800d, pc=0x080038E0 
[    8.929654] Interrupt Taken: 	 Vector = 0x0000000F
[    8.929791] Interrupt Served: 	 Vector = 0x0000000F
[    8.932934] Interrupt Taken: 	 Vector = 0x0000000F
[    8.933009] Interrupt Served: 	 Vector = 0x0000000F
[    8.936323] [passthrough] Read: 	 address = 0x4000481C, size = 4 bytes, value = 0x006010d0, pc=0x080038FA 
[    8.936789] Interrupt Taken: 	 Vector = 0x0000000F
[    8.936861] Interrupt Served: 	 Vector = 0x0000000F
[    8.939972] [passthrough] Read: 	 address = 0x4000481C, size = 4 bytes, value = 0x006010d0, pc=0x0800392A 
[    8.940523] [passthrough] Read: 	 address = 0x4000481C, size = 4 bytes, value = 0x006010d0, pc=0x0800395E 
[    8.941186] [passthrough] Read: 	 address = 0x4000481C, size = 4 bytes, value = 0x006010d0, pc=0x0800395E 
[    8.941950] [passthrough] Read: 	 address = 0x40004800, size = 4 bytes, value = 0x0000800d, pc=0x080038E0 
[    8.943238] Interrupt Taken: 	 Vector = 0x0000000F
[    8.943454] Interrupt Served: 	 Vector = 0x0000000F
[    8.946253] Interrupt Taken: 	 Vector = 0x0000000F
[    8.946337] Interrupt Served: 	 Vector = 0x0000000F
[    8.949487] [passthrough] Read: 	 address = 0x4000481C, size = 4 bytes, value = 0x006010d0, pc=0x080038FA 
[    8.949984] [passthrough] Read: 	 address = 0x4000481C, size = 4 bytes, value = 0x006010d0, pc=0x0800392A 
[    8.950541] [passthrough] Read: 	 address = 0x4000481C, size = 4 bytes, value = 0x006010d0, pc=0x0800395E 
[    8.951235] [passthrough] Read: 	 address = 0x40004800, size = 4 bytes, value = 0x0000800d, pc=0x080038E0 
[    8.951683] Interrupt Taken: 	 Vector = 0x0000000F
[    8.951738] Interrupt Served: 	 Vector = 0x0000000F
[    8.954888] [passthrough] Read: 	 address = 0x4000481C, size = 4 bytes, value = 0x006010d0, pc=0x080038FA 
[    8.955460] [passthrough] Read: 	 address = 0x4000481C, size = 4 bytes, value = 0x006010d0, pc=0x0800392A 
[    8.956119] [passthrough] Read: 	 address = 0x4000481C, size = 4 bytes, value = 0x006010d0, pc=0x0800395E 
[    8.956567] Interrupt Taken: 	 Vector = 0x0000000F
[    8.956624] Interrupt Served: 	 Vector = 0x0000000F
[    8.959847] [passthrough] Read: 	 address = 0x40004800, size = 4 bytes, value = 0x0000800d, pc=0x080038E0 
[    8.960488] [passthrough] Read: 	 address = 0x4000481C, size = 4 bytes, value = 0x006010d0, pc=0x080038FA 
[    8.960943] Interrupt Taken: 	 Vector = 0x0000000F
[    8.961074] Interrupt Served: 	 Vector = 0x0000000F
[    8.963892] Interrupt Taken: 	 Vector = 0x0000000F
[    8.963992] Interrupt Served: 	 Vector = 0x0000000F
[    8.967269] [passthrough] Read: 	 address = 0x4000481C, size = 4 bytes, value = 0x006010d0, pc=0x0800392A 
[    8.967768] [passthrough] Read: 	 address = 0x4000481C, size = 4 bytes, value = 0x006010d0, pc=0x0800395E 
[    8.968252] [passthrough] Read: 	 address = 0x40004800, size = 4 bytes, value = 0x0000800d, pc=0x080038E0 
[    8.968772] [passthrough] Read: 	 address = 0x4000481C, size = 4 bytes, value = 0x006010d0, pc=0x080038FA 
[    8.969252] [passthrough] Read: 	 address = 0x4000481C, size = 4 bytes, value = 0x006010d0, pc=0x0800392A 
[    8.969717] [passthrough] Read: 	 address = 0x4000481C, size = 4 bytes, value = 0x006010d0, pc=0x0800395E 
[    8.970191] [passthrough] Read: 	 address = 0x40004800, size = 4 bytes, value = 0x0000800d, pc=0x080038E0 
[    8.970678] [passthrough] Read: 	 address = 0x4000481C, size = 4 bytes, value = 0x006010d0, pc=0x080038FA 
[    8.971200] [passthrough] Read: 	 address = 0x4000481C, size = 4 bytes, value = 0x006010d0, pc=0x0800392A 
[    8.971651] [passthrough] Read: 	 address = 0x4000481C, size = 4 bytes, value = 0x006010d0, pc=0x0800395E 
[    8.972360] [passthrough] Read: 	 address = 0x40004800, size = 4 bytes, value = 0x0000800d, pc=0x080038E0 
[    8.972779] Interrupt Taken: 	 Vector = 0x0000000F
[    8.972936] Interrupt Served: 	 Vector = 0x0000000F
[    8.975791] Interrupt Taken: 	 Vector = 0x0000000F
[    8.975898] Interrupt Served: 	 Vector = 0x0000000F
[    8.979180] [passthrough] Read: 	 address = 0x4000481C, size = 4 bytes, value = 0x006010d0, pc=0x080038FA 
[    8.979706] Interrupt Taken: 	 Vector = 0x0000000F
[    8.979836] Interrupt Served: 	 Vector = 0x0000000F
[    8.982834] Interrupt Taken: 	 Vector = 0x0000000F
[    8.982930] Interrupt Served: 	 Vector = 0x0000000F
[    8.986506] [passthrough] Read: 	 address = 0x4000481C, size = 4 bytes, value = 0x006010d0, pc=0x0800392A 
[    8.986956] Interrupt Taken: 	 Vector = 0x0000000F
[    8.987094] Interrupt Served: 	 Vector = 0x0000000F
[    8.990096] Interrupt Taken: 	 Vector = 0x0000000F
[    8.990172] Interrupt Served: 	 Vector = 0x0000000F
[    8.993508] [passthrough] Read: 	 address = 0x4000481C, size = 4 bytes, value = 0x006010d0, pc=0x0800395E 
[    8.993982] Interrupt Taken: 	 Vector = 0x0000000F
[    8.994078] Interrupt Served: 	 Vector = 0x0000000F
[    8.997481] [passthrough] Read: 	 address = 0x4000481C, size = 4 bytes, value = 0x006010d0, pc=0x0800395E 
[    8.997930] Interrupt Taken: 	 Vector = 0x0000000F
[    8.997990] Interrupt Served: 	 Vector = 0x0000000F
[    9.001067] [passthrough] Read: 	 address = 0x40004800, size = 4 bytes, value = 0x0000800d, pc=0x080038E0 
[    9.001567] [passthrough] Read: 	 address = 0x4000481C, size = 4 bytes, value = 0x006010d0, pc=0x080038FA 
[    9.002062] [passthrough] Read: 	 address = 0x4000481C, size = 4 bytes, value = 0x006010d0, pc=0x0800392A 
[    9.002531] [passthrough] Read: 	 address = 0x4000481C, size = 4 bytes, value = 0x006010d0, pc=0x0800395E 
[    9.003000] [passthrough] Read: 	 address = 0x40004800, size = 4 bytes, value = 0x0000800d, pc=0x080038E0 
[    9.003435] [passthrough] Read: 	 address = 0x4000481C, size = 4 bytes, value = 0x006010d0, pc=0x080038FA 
[    9.003900] [passthrough] Read: 	 address = 0x4000481C, size = 4 bytes, value = 0x006010d0, pc=0x0800392A 
[    9.004346] [passthrough] Read: 	 address = 0x4000481C, size = 4 bytes, value = 0x006010d0, pc=0x0800395E 
[    9.004842] [passthrough] Read: 	 address = 0x40004800, size = 4 bytes, value = 0x0000800d, pc=0x080038E0 
[    9.005328] [passthrough] Read: 	 address = 0x4000481C, size = 4 bytes, value = 0x006010d0, pc=0x080038FA 
[    9.005772] [passthrough] Read: 	 address = 0x4000481C, size = 4 bytes, value = 0x006010d0, pc=0x0800392A 
[    9.006253] [passthrough] Read: 	 address = 0x4000481C, size = 4 bytes, value = 0x006010d0, pc=0x0800395E 
[    9.006716] [passthrough] Read: 	 address = 0x40004800, size = 4 bytes, value = 0x0000800d, pc=0x080038E0 
[    9.007312] [passthrough] Read: 	 address = 0x4000481C, size = 4 bytes, value = 0x006010d0, pc=0x080038FA 
[    9.007870] [passthrough] Read: 	 address = 0x4000481C, size = 4 bytes, value = 0x006010d0, pc=0x0800392A 
[    9.008455] [passthrough] Read: 	 address = 0x4000481C, size = 4 bytes, value = 0x006010d0, pc=0x0800395E 
[    9.008880] [passthrough] Read: 	 address = 0x40004800, size = 4 bytes, value = 0x0000800d, pc=0x080038E0 
[    9.009335] [passthrough] Read: 	 address = 0x4000481C, size = 4 bytes, value = 0x006010d0, pc=0x080038FA 
[    9.009765] [passthrough] Read: 	 address = 0x4000481C, size = 4 bytes, value = 0x006010d0, pc=0x0800392A 
[    9.010228] [passthrough] Read: 	 address = 0x4000481C, size = 4 bytes, value = 0x006010d0, pc=0x0800395E 
[    9.010688] [passthrough] Read: 	 address = 0x40004800, size = 4 bytes, value = 0x0000800d, pc=0x080038E0 
[    9.011159] [passthrough] Read: 	 address = 0x4000481C, size = 4 bytes, value = 0x006010d0, pc=0x080038FA 
[    9.011602] [passthrough] Read: 	 address = 0x4000481C, size = 4 bytes, value = 0x006010d0, pc=0x0800392A 
[    9.012314] [passthrough] Read: 	 address = 0x4000481C, size = 4 bytes, value = 0x006010d0, pc=0x0800395E 
[    9.012777] Interrupt Taken: 	 Vector = 0x0000000F
[    9.012823] Interrupt Served: 	 Vector = 0x0000000F
[    9.016124] [passthrough] Read: 	 address = 0x40004800, size = 4 bytes, value = 0x0000800d, pc=0x080038E0 
[    9.016674] [passthrough] Read: 	 address = 0x4000481C, size = 4 bytes, value = 0x006010f0, pc=0x080038FA 
[    9.017280] [passthrough] Read: 	 address = 0x4000481C, size = 4 bytes, value = 0x006010f0, pc=0x0800392A 
[    9.017817] [passthrough] Read: 	 address = 0x4000481C, size = 4 bytes, value = 0x006010f0, pc=0x0800395E 
[    9.018294] [passthrough] Read: 	 address = 0x40004824, size = 4 bytes, value = 0x0000006c, pc=0x08002AF6 
[    9.018758] [passthrough] Read: 	 address = 0x4000481C, size = 4 bytes, value = 0x006010d0, pc=0x0800395E 
[    9.019215] [passthrough] Write: 	 address = 0x40004828, size = 4 bytes, value = 0x0000006c, pc=0x08002952 
[    9.019848] [passthrough] Read: 	 address = 0x4000481C, size = 4 bytes, value = 0x006010d0, pc=0x0800395E 
[    9.020387] [passthrough] Read: 	 address = 0x4000481C, size = 4 bytes, value = 0x006010d0, pc=0x0800395E 
[    9.020972] [passthrough] Read: 	 address = 0x40004800, size = 4 bytes, value = 0x0000800d, pc=0x080038E0 
[    9.021469] [passthrough] Read: 	 address = 0x4000481C, size = 4 bytes, value = 0x006010d0, pc=0x080038FA 
[    9.021985] [passthrough] Read: 	 address = 0x4000481C, size = 4 bytes, value = 0x006010d0, pc=0x0800392A 
[    9.022472] [passthrough] Read: 	 address = 0x4000481C, size = 4 bytes, value = 0x006010d0, pc=0x0800395E 
[    9.022947] [passthrough] Read: 	 address = 0x40004800, size = 4 bytes, value = 0x0000800d, pc=0x080038E0 
[    9.023420] [passthrough] Read: 	 address = 0x4000481C, size = 4 bytes, value = 0x006010d0, pc=0x080038FA 
[    9.024251] [passthrough] Read: 	 address = 0x4000481C, size = 4 bytes, value = 0x006010d0, pc=0x0800392A 
[    9.024754] [passthrough] Read: 	 address = 0x4000481C, size = 4 bytes, value = 0x006010d0, pc=0x0800395E 
[    9.025357] [passthrough] Read: 	 address = 0x40004800, size = 4 bytes, value = 0x0000800d, pc=0x080038E0 
[    9.025917] [passthrough] Read: 	 address = 0x4000481C, size = 4 bytes, value = 0x006010d0, pc=0x080038FA 
[    9.026494] [passthrough] Read: 	 address = 0x4000481C, size = 4 bytes, value = 0x006010d0, pc=0x0800392A 
[    9.027052] [passthrough] Read: 	 address = 0x4000481C, size = 4 bytes, value = 0x006010d0, pc=0x0800395E 
[    9.027579] [passthrough] Read: 	 address = 0x40004800, size = 4 bytes, value = 0x0000800d, pc=0x080038E0 
[    9.028217] [passthrough] Read: 	 address = 0x4000481C, size = 4 bytes, value = 0x006010d0, pc=0x080038FA 
[    9.028662] Interrupt Taken: 	 Vector = 0x0000000F
[    9.028810] Interrupt Served: 	 Vector = 0x0000000F
[    9.031811] Interrupt Taken: 	 Vector = 0x0000000F
[    9.031893] Interrupt Served: 	 Vector = 0x0000000F
[    9.034894] [passthrough] Read: 	 address = 0x4000481C, size = 4 bytes, value = 0x006010d0, pc=0x0800392A 
[    9.035432] [passthrough] Read: 	 address = 0x4000481C, size = 4 bytes, value = 0x006010d0, pc=0x0800395E 
[    9.035958] [passthrough] Read: 	 address = 0x40004800, size = 4 bytes, value = 0x0000800d, pc=0x080038E0 
[    9.036457] [passthrough] Read: 	 address = 0x4000481C, size = 4 bytes, value = 0x006010d0, pc=0x080038FA 
[    9.036974] [passthrough] Read: 	 address = 0x4000481C, size = 4 bytes, value = 0x006010d0, pc=0x0800392A 
[    9.037494] [passthrough] Read: 	 address = 0x4000481C, size = 4 bytes, value = 0x006010d0, pc=0x0800395E 
[    9.037957] [passthrough] Read: 	 address = 0x40004800, size = 4 bytes, value = 0x0000800d, pc=0x080038E0 
[    9.038429] [passthrough] Read: 	 address = 0x4000481C, size = 4 bytes, value = 0x006010d0, pc=0x080038FA 
[    9.038907] [passthrough] Read: 	 address = 0x4000481C, size = 4 bytes, value = 0x006010d0, pc=0x0800392A 
[    9.039405] [passthrough] Read: 	 address = 0x4000481C, size = 4 bytes, value = 0x006010d0, pc=0x0800395E 
[    9.039879] [passthrough] Read: 	 address = 0x40004800, size = 4 bytes, value = 0x0000800d, pc=0x080038E0 
[    9.040342] [passthrough] Read: 	 address = 0x4000481C, size = 4 bytes, value = 0x006010d0, pc=0x080038FA 
[    9.040796] [passthrough] Read: 	 address = 0x4000481C, size = 4 bytes, value = 0x006010d0, pc=0x0800392A 
[    9.041275] [passthrough] Read: 	 address = 0x4000481C, size = 4 bytes, value = 0x006010d0, pc=0x0800395E 
[    9.042202] [passthrough] Read: 	 address = 0x40004800, size = 4 bytes, value = 0x0000800d, pc=0x080038E0 
[    9.042628] Interrupt Taken: 	 Vector = 0x0000000F
[    9.042727] Interrupt Served: 	 Vector = 0x0000000F
[    9.045631] Interrupt Taken: 	 Vector = 0x0000000F
[    9.045717] Interrupt Served: 	 Vector = 0x0000000F
[    9.049178] [passthrough] Read: 	 address = 0x4000481C, size = 4 bytes, value = 0x006010d0, pc=0x080038FA 
[    9.049785] [passthrough] Read: 	 address = 0x4000481C, size = 4 bytes, value = 0x006010d0, pc=0x0800392A 
[    9.050258] [passthrough] Read: 	 address = 0x4000481C, size = 4 bytes, value = 0x006010d0, pc=0x0800395E 
[    9.050779] [passthrough] Read: 	 address = 0x40004800, size = 4 bytes, value = 0x0000800d, pc=0x080038E0 
[    9.051285] [passthrough] Read: 	 address = 0x4000481C, size = 4 bytes, value = 0x006010d0, pc=0x080038FA 
[    9.051778] [passthrough] Read: 	 address = 0x4000481C, size = 4 bytes, value = 0x006010d0, pc=0x0800392A 
[    9.052217] [passthrough] Read: 	 address = 0x4000481C, size = 4 bytes, value = 0x006010d0, pc=0x0800395E 
[    9.052645] [passthrough] Read: 	 address = 0x40004800, size = 4 bytes, value = 0x0000800d, pc=0x080038E0 
[    9.053097] [passthrough] Read: 	 address = 0x4000481C, size = 4 bytes, value = 0x006010d0, pc=0x080038FA 
[    9.053536] [passthrough] Read: 	 address = 0x4000481C, size = 4 bytes, value = 0x006010d0, pc=0x0800392A 
[    9.053985] [passthrough] Read: 	 address = 0x4000481C, size = 4 bytes, value = 0x006010d0, pc=0x0800395E 
[    9.054688] [passthrough] Read: 	 address = 0x40004800, size = 4 bytes, value = 0x0000800d, pc=0x080038E0 
[    9.055165] Interrupt Taken: 	 Vector = 0x0000000F
[    9.055310] Interrupt Served: 	 Vector = 0x0000000F
[    9.058221] Interrupt Taken: 	 Vector = 0x0000000F
[    9.058339] Interrupt Served: 	 Vector = 0x0000000F
[    9.061631] [passthrough] Read: 	 address = 0x4000481C, size = 4 bytes, value = 0x006010d0, pc=0x080038FA 
[    9.062209] [passthrough] Read: 	 address = 0x4000481C, size = 4 bytes, value = 0x006010d0, pc=0x0800392A 
[    9.062769] [passthrough] Read: 	 address = 0x4000481C, size = 4 bytes, value = 0x006010d0, pc=0x0800395E 
[    9.063276] [passthrough] Read: 	 address = 0x40004800, size = 4 bytes, value = 0x0000800d, pc=0x080038E0 
[    9.063812] [passthrough] Read: 	 address = 0x4000481C, size = 4 bytes, value = 0x006010d0, pc=0x080038FA 
[    9.064718] [passthrough] Read: 	 address = 0x4000481C, size = 4 bytes, value = 0x006010d0, pc=0x0800392A 
[    9.065229] [passthrough] Read: 	 address = 0x4000481C, size = 4 bytes, value = 0x006010d0, pc=0x0800395E 
[    9.065778] [passthrough] Read: 	 address = 0x40004800, size = 4 bytes, value = 0x0000800d, pc=0x080038E0 
[    9.066265] [passthrough] Read: 	 address = 0x4000481C, size = 4 bytes, value = 0x006010d0, pc=0x080038FA 
[    9.066772] [passthrough] Read: 	 address = 0x4000481C, size = 4 bytes, value = 0x006010d0, pc=0x0800392A 
[    9.067261] [passthrough] Read: 	 address = 0x4000481C, size = 4 bytes, value = 0x006010d0, pc=0x0800395E 
[    9.067840] [passthrough] Read: 	 address = 0x40004800, size = 4 bytes, value = 0x0000800d, pc=0x080038E0 
[    9.068309] [passthrough] Read: 	 address = 0x4000481C, size = 4 bytes, value = 0x006010d0, pc=0x080038FA 
[    9.068765] [passthrough] Read: 	 address = 0x4000481C, size = 4 bytes, value = 0x006010d0, pc=0x0800392A 
[    9.069220] [passthrough] Read: 	 address = 0x4000481C, size = 4 bytes, value = 0x006010d0, pc=0x0800395E 
[    9.069679] [passthrough] Read: 	 address = 0x40004800, size = 4 bytes, value = 0x0000800d, pc=0x080038E0 
[    9.070169] [passthrough] Read: 	 address = 0x4000481C, size = 4 bytes, value = 0x006010d0, pc=0x080038FA 
[    9.070652] [passthrough] Read: 	 address = 0x4000481C, size = 4 bytes, value = 0x006010d0, pc=0x0800392A 
[    9.071272] [passthrough] Read: 	 address = 0x4000481C, size = 4 bytes, value = 0x006010d0, pc=0x0800395E 
[    9.071979] [passthrough] Read: 	 address = 0x40004800, size = 4 bytes, value = 0x0000800d, pc=0x080038E0 
[    9.072422] Interrupt Taken: 	 Vector = 0x0000000F
[    9.072544] Interrupt Served: 	 Vector = 0x0000000F
[    9.075398] Interrupt Taken: 	 Vector = 0x0000000F
[    9.075536] Interrupt Served: 	 Vector = 0x0000000F
[    9.078858] [passthrough] Read: 	 address = 0x4000481C, size = 4 bytes, value = 0x006010d0, pc=0x080038FA 
[    9.079394] Interrupt Taken: 	 Vector = 0x0000000F
[    9.079443] Interrupt Served: 	 Vector = 0x0000000F
[    9.082484] [passthrough] Read: 	 address = 0x4000481C, size = 4 bytes, value = 0x006010d0, pc=0x0800392A 
[    9.083063] [passthrough] Read: 	 address = 0x4000481C, size = 4 bytes, value = 0x006010d0, pc=0x0800395E 
[    9.083571] [passthrough] Read: 	 address = 0x40004800, size = 4 bytes, value = 0x0000800d, pc=0x080038E0 
[    9.084119] [passthrough] Read: 	 address = 0x4000481C, size = 4 bytes, value = 0x006010d0, pc=0x080038FA 
[    9.084616] [passthrough] Read: 	 address = 0x4000481C, size = 4 bytes, value = 0x006010d0, pc=0x0800392A 
[    9.085161] [passthrough] Read: 	 address = 0x4000481C, size = 4 bytes, value = 0x006010d0, pc=0x0800395E 
[    9.085711] [passthrough] Read: 	 address = 0x40004800, size = 4 bytes, value = 0x0000800d, pc=0x080038E0 
[    9.086156] [passthrough] Read: 	 address = 0x4000481C, size = 4 bytes, value = 0x006010d0, pc=0x080038FA 
[    9.086606] [passthrough] Read: 	 address = 0x4000481C, size = 4 bytes, value = 0x006010d0, pc=0x0800392A 
[    9.087198] [passthrough] Read: 	 address = 0x4000481C, size = 4 bytes, value = 0x006010d0, pc=0x0800395E 
[    9.087902] [passthrough] Read: 	 address = 0x40004800, size = 4 bytes, value = 0x0000800d, pc=0x080038E0 
[    9.088348] Interrupt Taken: 	 Vector = 0x0000000F
[    9.088409] Interrupt Served: 	 Vector = 0x0000000F
[    9.091710] [passthrough] Read: 	 address = 0x4000481C, size = 4 bytes, value = 0x006010d0, pc=0x080038FA 
[    9.092289] Interrupt Taken: 	 Vector = 0x0000000F
[    9.092430] Interrupt Served: 	 Vector = 0x0000000F
[    9.095484] Interrupt Taken: 	 Vector = 0x0000000F
[    9.095561] Interrupt Served: 	 Vector = 0x0000000F
[    9.098618] [passthrough] Read: 	 address = 0x4000481C, size = 4 bytes, value = 0x006010d0, pc=0x0800392A 
[    9.099086] [passthrough] Read: 	 address = 0x4000481C, size = 4 bytes, value = 0x006010d0, pc=0x0800395E 
[    9.099572] [passthrough] Read: 	 address = 0x4000481C, size = 4 bytes, value = 0x006010d0, pc=0x0800395E 
[    9.100082] [passthrough] Read: 	 address = 0x40004800, size = 4 bytes, value = 0x0000800d, pc=0x080038E0 
[    9.100558] [passthrough] Read: 	 address = 0x4000481C, size = 4 bytes, value = 0x006010d0, pc=0x080038FA 
[    9.101076] [passthrough] Read: 	 address = 0x4000481C, size = 4 bytes, value = 0x006010d0, pc=0x0800392A 
[    9.101531] [passthrough] Read: 	 address = 0x4000481C, size = 4 bytes, value = 0x006010d0, pc=0x0800395E 
[    9.101976] [passthrough] Read: 	 address = 0x40004800, size = 4 bytes, value = 0x0000800d, pc=0x080038E0 
[    9.102506] [passthrough] Read: 	 address = 0x4000481C, size = 4 bytes, value = 0x006010d0, pc=0x080038FA 
[    9.103007] [passthrough] Read: 	 address = 0x4000481C, size = 4 bytes, value = 0x006010d0, pc=0x0800392A 
[    9.103498] [passthrough] Read: 	 address = 0x4000481C, size = 4 bytes, value = 0x006010d0, pc=0x0800395E 
[    9.103987] [passthrough] Read: 	 address = 0x40004800, size = 4 bytes, value = 0x0000800d, pc=0x080038E0 
[    9.104498] [passthrough] Read: 	 address = 0x4000481C, size = 4 bytes, value = 0x006010d0, pc=0x080038FA 
[    9.105423] [passthrough] Read: 	 address = 0x4000481C, size = 4 bytes, value = 0x006010d0, pc=0x0800392A 
[    9.106007] [passthrough] Read: 	 address = 0x4000481C, size = 4 bytes, value = 0x006010d0, pc=0x0800395E 
[    9.106511] [passthrough] Read: 	 address = 0x40004800, size = 4 bytes, value = 0x0000800d, pc=0x080038E0 
[    9.106973] [passthrough] Read: 	 address = 0x4000481C, size = 4 bytes, value = 0x006010d0, pc=0x080038FA 
[    9.107486] [passthrough] Read: 	 address = 0x4000481C, size = 4 bytes, value = 0x006010d0, pc=0x0800392A 
[    9.107953] [passthrough] Read: 	 address = 0x4000481C, size = 4 bytes, value = 0x006010d0, pc=0x0800395E 
[    9.108662] [passthrough] Read: 	 address = 0x40004800, size = 4 bytes, value = 0x0000800d, pc=0x080038E0 
[    9.109184] Interrupt Taken: 	 Vector = 0x0000000F
[    9.109256] Interrupt Served: 	 Vector = 0x0000000F
[    9.112474] [passthrough] Read: 	 address = 0x4000481C, size = 4 bytes, value = 0x006010d0, pc=0x080038FA 
[    9.112981] [passthrough] Read: 	 address = 0x4000481C, size = 4 bytes, value = 0x006010d0, pc=0x0800392A 
[    9.113503] [passthrough] Read: 	 address = 0x4000481C, size = 4 bytes, value = 0x006010d0, pc=0x0800395E 
[    9.114084] [passthrough] Read: 	 address = 0x40004800, size = 4 bytes, value = 0x0000800d, pc=0x080038E0 
[    9.114539] [passthrough] Read: 	 address = 0x4000481C, size = 4 bytes, value = 0x006010d0, pc=0x080038FA 
[    9.115074] [passthrough] Read: 	 address = 0x4000481C, size = 4 bytes, value = 0x006010d0, pc=0x0800392A 
[    9.115658] [passthrough] Read: 	 address = 0x4000481C, size = 4 bytes, value = 0x006010d0, pc=0x0800395E 
[    9.116164] [passthrough] Read: 	 address = 0x40004800, size = 4 bytes, value = 0x0000800d, pc=0x080038E0 
[    9.116695] [passthrough] Read: 	 address = 0x4000481C, size = 4 bytes, value = 0x006010d0, pc=0x080038FA 
[    9.117177] [passthrough] Read: 	 address = 0x4000481C, size = 4 bytes, value = 0x006010d0, pc=0x0800392A 
[    9.117639] [passthrough] Read: 	 address = 0x4000481C, size = 4 bytes, value = 0x006010d0, pc=0x0800395E 
[    9.118145] [passthrough] Read: 	 address = 0x40004800, size = 4 bytes, value = 0x0000800d, pc=0x080038E0 
[    9.118584] [passthrough] Read: 	 address = 0x4000481C, size = 4 bytes, value = 0x006010d0, pc=0x080038FA 
[    9.119044] [passthrough] Read: 	 address = 0x4000481C, size = 4 bytes, value = 0x006010d0, pc=0x0800392A 
[    9.119516] [passthrough] Read: 	 address = 0x4000481C, size = 4 bytes, value = 0x006010d0, pc=0x0800395E 
[    9.120063] [passthrough] Read: 	 address = 0x40004800, size = 4 bytes, value = 0x0000800d, pc=0x080038E0 
[    9.120602] [passthrough] Read: 	 address = 0x4000481C, size = 4 bytes, value = 0x006010d0, pc=0x080038FA 
[    9.121143] [passthrough] Read: 	 address = 0x4000481C, size = 4 bytes, value = 0x006010d0, pc=0x0800392A 
[    9.121789] [passthrough] Read: 	 address = 0x4000481C, size = 4 bytes, value = 0x006010d0, pc=0x0800395E 
[    9.122330] Interrupt Taken: 	 Vector = 0x0000000F
[    9.122392] Interrupt Served: 	 Vector = 0x0000000F
[    9.125522] [passthrough] Read: 	 address = 0x40004800, size = 4 bytes, value = 0x0000800d, pc=0x080038E0 
[    9.126074] [passthrough] Read: 	 address = 0x4000481C, size = 4 bytes, value = 0x006010d0, pc=0x080038FA 
[    9.126504] [passthrough] Read: 	 address = 0x4000481C, size = 4 bytes, value = 0x006010d0, pc=0x0800392A 
[    9.127076] [passthrough] Read: 	 address = 0x4000481C, size = 4 bytes, value = 0x006010d0, pc=0x0800395E 
[    9.127629] [passthrough] Read: 	 address = 0x40004800, size = 4 bytes, value = 0x0000800d, pc=0x080038E0 
[    9.128142] [passthrough] Read: 	 address = 0x4000481C, size = 4 bytes, value = 0x006010d0, pc=0x080038FA 
[    9.128697] [passthrough] Read: 	 address = 0x4000481C, size = 4 bytes, value = 0x006010d0, pc=0x0800392A 
[    9.129203] [passthrough] Read: 	 address = 0x4000481C, size = 4 bytes, value = 0x006010d0, pc=0x0800395E 
[    9.129666] [passthrough] Read: 	 address = 0x40004800, size = 4 bytes, value = 0x0000800d, pc=0x080038E0 
[    9.130143] [passthrough] Read: 	 address = 0x4000481C, size = 4 bytes, value = 0x006010d0, pc=0x080038FA 
[    9.130595] [passthrough] Read: 	 address = 0x4000481C, size = 4 bytes, value = 0x006010d0, pc=0x0800392A 
[    9.131104] [passthrough] Read: 	 address = 0x4000481C, size = 4 bytes, value = 0x006010d0, pc=0x0800395E 
[    9.131611] [passthrough] Read: 	 address = 0x40004800, size = 4 bytes, value = 0x0000800d, pc=0x080038E0 
[    9.132099] [passthrough] Read: 	 address = 0x4000481C, size = 4 bytes, value = 0x006010d0, pc=0x080038FA 
[    9.132571] [passthrough] Read: 	 address = 0x4000481C, size = 4 bytes, value = 0x006010d0, pc=0x0800392A 
[    9.133068] [passthrough] Read: 	 address = 0x4000481C, size = 4 bytes, value = 0x006010d0, pc=0x0800395E 
[    9.133544] [passthrough] Read: 	 address = 0x40004800, size = 4 bytes, value = 0x0000800d, pc=0x080038E0 
[    9.134005] [passthrough] Read: 	 address = 0x4000481C, size = 4 bytes, value = 0x006010d0, pc=0x080038FA 
[    9.134595] [passthrough] Read: 	 address = 0x4000481C, size = 4 bytes, value = 0x006010d0, pc=0x0800392A 
[    9.135375] [passthrough] Read: 	 address = 0x4000481C, size = 4 bytes, value = 0x006010d0, pc=0x0800395E 
[    9.135863] Interrupt Taken: 	 Vector = 0x0000000F
[    9.136002] Interrupt Served: 	 Vector = 0x0000000F
[    9.138934] Interrupt Taken: 	 Vector = 0x0000000F
[    9.139066] Interrupt Served: 	 Vector = 0x0000000F
[    9.142401] [passthrough] Read: 	 address = 0x40004800, size = 4 bytes, value = 0x0000800d, pc=0x080038E0 
[    9.142869] Interrupt Taken: 	 Vector = 0x0000000F
[    9.143000] Interrupt Served: 	 Vector = 0x0000000F
[    9.145845] Interrupt Taken: 	 Vector = 0x0000000F
[    9.145924] Interrupt Served: 	 Vector = 0x0000000F
[    9.149663] [passthrough] Read: 	 address = 0x4000481C, size = 4 bytes, value = 0x006010d0, pc=0x080038FA 
[    9.150314] [passthrough] Read: 	 address = 0x4000481C, size = 4 bytes, value = 0x006010d0, pc=0x0800392A 
[    9.150755] Interrupt Taken: 	 Vector = 0x0000000F
[    9.150813] Interrupt Served: 	 Vector = 0x0000000F
[    9.154168] [passthrough] Read: 	 address = 0x4000481C, size = 4 bytes, value = 0x006010d0, pc=0x0800395E 
[    9.154738] [passthrough] Read: 	 address = 0x40004800, size = 4 bytes, value = 0x0000800d, pc=0x080038E0 
[    9.155278] [passthrough] Read: 	 address = 0x4000481C, size = 4 bytes, value = 0x006010d0, pc=0x080038FA 
[    9.155795] [passthrough] Read: 	 address = 0x4000481C, size = 4 bytes, value = 0x006010d0, pc=0x0800392A 
[    9.156384] [passthrough] Read: 	 address = 0x4000481C, size = 4 bytes, value = 0x006010d0, pc=0x0800395E 
[    9.156969] [passthrough] Read: 	 address = 0x40004800, size = 4 bytes, value = 0x0000800d, pc=0x080038E0 
[    9.157413] Interrupt Taken: 	 Vector = 0x0000000F
[    9.157540] Interrupt Served: 	 Vector = 0x0000000F
[    9.160478] Interrupt Taken: 	 Vector = 0x0000000F
[    9.160610] Interrupt Served: 	 Vector = 0x0000000F
[    9.163797] [passthrough] Read: 	 address = 0x4000481C, size = 4 bytes, value = 0x006010d0, pc=0x080038FA 
[    9.164317] [passthrough] Read: 	 address = 0x4000481C, size = 4 bytes, value = 0x006010d0, pc=0x0800392A 
[    9.164896] [passthrough] Read: 	 address = 0x4000481C, size = 4 bytes, value = 0x006010d0, pc=0x0800395E 
[    9.165730] [passthrough] Read: 	 address = 0x40004800, size = 4 bytes, value = 0x0000800d, pc=0x080038E0 
[    9.166184] Interrupt Taken: 	 Vector = 0x0000000F
[    9.166321] Interrupt Served: 	 Vector = 0x0000000F
[    9.169211] Interrupt Taken: 	 Vector = 0x0000000F
[    9.169307] Interrupt Served: 	 Vector = 0x0000000F
[    9.172794] [passthrough] Read: 	 address = 0x4000481C, size = 4 bytes, value = 0x006010d0, pc=0x080038FA 
[    9.173286] Interrupt Taken: 	 Vector = 0x0000000F
[    9.173408] Interrupt Served: 	 Vector = 0x0000000F
[    9.176296] Interrupt Taken: 	 Vector = 0x0000000F
[    9.176407] Interrupt Served: 	 Vector = 0x0000000F
[    9.179547] [passthrough] Read: 	 address = 0x4000481C, size = 4 bytes, value = 0x006010d0, pc=0x0800392A 
[    9.180064] [passthrough] Read: 	 address = 0x4000481C, size = 4 bytes, value = 0x006010d0, pc=0x0800395E 
[    9.180570] [passthrough] Read: 	 address = 0x4000481C, size = 4 bytes, value = 0x006010d0, pc=0x0800395E 
[    9.181062] [passthrough] Read: 	 address = 0x40004800, size = 4 bytes, value = 0x0000800d, pc=0x080038E0 
[    9.181668] [passthrough] Read: 	 address = 0x4000481C, size = 4 bytes, value = 0x006010d0, pc=0x080038FA 
[    9.182104] [passthrough] Read: 	 address = 0x4000481C, size = 4 bytes, value = 0x006010d0, pc=0x0800392A 
[    9.182502] [passthrough] Read: 	 address = 0x4000481C, size = 4 bytes, value = 0x006010d0, pc=0x0800395E 
[    9.182949] [passthrough] Read: 	 address = 0x40004800, size = 4 bytes, value = 0x0000800d, pc=0x080038E0 
[    9.183398] [passthrough] Read: 	 address = 0x4000481C, size = 4 bytes, value = 0x006010d0, pc=0x080038FA 
[    9.183864] [passthrough] Read: 	 address = 0x4000481C, size = 4 bytes, value = 0x006010d0, pc=0x0800392A 
[    9.184378] [passthrough] Read: 	 address = 0x4000481C, size = 4 bytes, value = 0x006010d0, pc=0x0800395E 
[    9.184942] [passthrough] Read: 	 address = 0x40004800, size = 4 bytes, value = 0x0000800d, pc=0x080038E0 
[    9.185439] [passthrough] Read: 	 address = 0x4000481C, size = 4 bytes, value = 0x006010d0, pc=0x080038FA 
[    9.185938] [passthrough] Read: 	 address = 0x4000481C, size = 4 bytes, value = 0x006010d0, pc=0x0800392A 
[    9.186427] [passthrough] Read: 	 address = 0x4000481C, size = 4 bytes, value = 0x006010d0, pc=0x0800395E 
[    9.187566] [passthrough] Read: 	 address = 0x40004800, size = 4 bytes, value = 0x0000800d, pc=0x080038E0 
[    9.188059] Interrupt Taken: 	 Vector = 0x0000000F
[    9.188125] Interrupt Served: 	 Vector = 0x0000000F
[    9.191260] [passthrough] Read: 	 address = 0x4000481C, size = 4 bytes, value = 0x006010d0, pc=0x080038FA 
[    9.191934] [passthrough] Read: 	 address = 0x4000481C, size = 4 bytes, value = 0x006010d0, pc=0x0800392A 
[    9.192443] Interrupt Taken: 	 Vector = 0x0000000F
[    9.192513] Interrupt Served: 	 Vector = 0x0000000F
[    9.195512] [passthrough] Read: 	 address = 0x4000481C, size = 4 bytes, value = 0x006010d0, pc=0x0800395E 
[    9.196073] [passthrough] Read: 	 address = 0x40004800, size = 4 bytes, value = 0x0000800d, pc=0x080038E0 
[    9.196577] Interrupt Taken: 	 Vector = 0x0000000F
[    9.196723] Interrupt Served: 	 Vector = 0x0000000F
[    9.199585] Interrupt Taken: 	 Vector = 0x0000000F
[    9.199656] Interrupt Served: 	 Vector = 0x0000000F
[    9.202987] [passthrough] Read: 	 address = 0x4000481C, size = 4 bytes, value = 0x006010d0, pc=0x080038FA 
[    9.203685] [passthrough] Read: 	 address = 0x4000481C, size = 4 bytes, value = 0x006010d0, pc=0x0800392A 
[    9.204184] Interrupt Taken: 	 Vector = 0x0000000F
[    9.204242] Interrupt Served: 	 Vector = 0x0000000F
[    9.207402] [passthrough] Read: 	 address = 0x4000481C, size = 4 bytes, value = 0x006010d0, pc=0x0800395E 
[    9.208066] [passthrough] Read: 	 address = 0x40004800, size = 4 bytes, value = 0x0000800d, pc=0x080038E0 
[    9.208655] [passthrough] Read: 	 address = 0x4000481C, size = 4 bytes, value = 0x006010d0, pc=0x080038FA 
[    9.209162] Interrupt Taken: 	 Vector = 0x0000000F
[    9.209231] Interrupt Served: 	 Vector = 0x0000000F
[    9.212574] [passthrough] Read: 	 address = 0x4000481C, size = 4 bytes, value = 0x006010d0, pc=0x0800392A 
[    9.213147] [passthrough] Read: 	 address = 0x4000481C, size = 4 bytes, value = 0x006010d0, pc=0x0800395E 
[    9.213678] [passthrough] Read: 	 address = 0x40004800, size = 4 bytes, value = 0x0000800d, pc=0x080038E0 
[    9.214205] [passthrough] Read: 	 address = 0x4000481C, size = 4 bytes, value = 0x006010d0, pc=0x080038FA 
[    9.214737] [passthrough] Read: 	 address = 0x4000481C, size = 4 bytes, value = 0x006010d0, pc=0x0800392A 
[    9.215211] [passthrough] Read: 	 address = 0x4000481C, size = 4 bytes, value = 0x006010d0, pc=0x0800395E 
[    9.215656] [passthrough] Read: 	 address = 0x40004800, size = 4 bytes, value = 0x0000800d, pc=0x080038E0 
[    9.216152] [passthrough] Read: 	 address = 0x4000481C, size = 4 bytes, value = 0x006010d0, pc=0x080038FA 
[    9.216635] [passthrough] Read: 	 address = 0x4000481C, size = 4 bytes, value = 0x006010d0, pc=0x0800392A 
[    9.217162] [passthrough] Read: 	 address = 0x4000481C, size = 4 bytes, value = 0x006010d0, pc=0x0800395E 
[    9.217647] [passthrough] Read: 	 address = 0x40004800, size = 4 bytes, value = 0x0000800d, pc=0x080038E0 
[    9.218153] [passthrough] Read: 	 address = 0x4000481C, size = 4 bytes, value = 0x006010d0, pc=0x080038FA 
[    9.218636] [passthrough] Read: 	 address = 0x4000481C, size = 4 bytes, value = 0x006010d0, pc=0x0800392A 
[    9.219146] [passthrough] Read: 	 address = 0x4000481C, size = 4 bytes, value = 0x006010d0, pc=0x0800395E 
[    9.219855] [passthrough] Read: 	 address = 0x40004800, size = 4 bytes, value = 0x0000800d, pc=0x080038E0 
[    9.220462] Interrupt Taken: 	 Vector = 0x0000000F
[    9.220508] Interrupt Served: 	 Vector = 0x0000000F
[    9.223582] [passthrough] Read: 	 address = 0x4000481C, size = 4 bytes, value = 0x006010d0, pc=0x080038FA 
[    9.224128] [passthrough] Read: 	 address = 0x4000481C, size = 4 bytes, value = 0x006010d0, pc=0x0800392A 
[    9.224666] [passthrough] Read: 	 address = 0x4000481C, size = 4 bytes, value = 0x006010f0, pc=0x0800395E 
[    9.225229] [passthrough] Read: 	 address = 0x40004824, size = 4 bytes, value = 0x0000006f, pc=0x08002AF6 
[    9.225957] [passthrough] Read: 	 address = 0x4000481C, size = 4 bytes, value = 0x006010d0, pc=0x0800395E 
[    9.226478] Interrupt Taken: 	 Vector = 0x0000000F
[    9.226657] Interrupt Served: 	 Vector = 0x0000000F
[    9.229489] Interrupt Taken: 	 Vector = 0x0000000F
[    9.229614] Interrupt Served: 	 Vector = 0x0000000F
[    9.233188] [passthrough] Write: 	 address = 0x40004828, size = 4 bytes, value = 0x0000006f, pc=0x08002952 
[    9.234044] [passthrough] Read: 	 address = 0x4000481C, size = 4 bytes, value = 0x006010d0, pc=0x0800395E 
[    9.234472] [passthrough] Read: 	 address = 0x4000481C, size = 4 bytes, value = 0x006010d0, pc=0x0800395E 
[    9.234876] [passthrough] Read: 	 address = 0x40004800, size = 4 bytes, value = 0x0000800d, pc=0x080038E0 
[    9.235350] [passthrough] Read: 	 address = 0x4000481C, size = 4 bytes, value = 0x006010d0, pc=0x080038FA 
[    9.235818] [passthrough] Read: 	 address = 0x4000481C, size = 4 bytes, value = 0x006010d0, pc=0x0800392A 
[    9.236294] [passthrough] Read: 	 address = 0x4000481C, size = 4 bytes, value = 0x006010d0, pc=0x0800395E 
[    9.236765] [passthrough] Read: 	 address = 0x40004800, size = 4 bytes, value = 0x0000800d, pc=0x080038E0 
[    9.237225] [passthrough] Read: 	 address = 0x4000481C, size = 4 bytes, value = 0x006010d0, pc=0x080038FA 
[    9.237696] [passthrough] Read: 	 address = 0x4000481C, size = 4 bytes, value = 0x006010d0, pc=0x0800392A 
[    9.238232] [passthrough] Read: 	 address = 0x4000481C, size = 4 bytes, value = 0x006010d0, pc=0x0800395E 
[    9.238920] [passthrough] Read: 	 address = 0x40004800, size = 4 bytes, value = 0x0000800d, pc=0x080038E0 
[    9.240182] Interrupt Taken: 	 Vector = 0x0000000F
[    9.240358] Interrupt Served: 	 Vector = 0x0000000F
[    9.243517] Interrupt Taken: 	 Vector = 0x0000000F
[    9.243812] Interrupt Served: 	 Vector = 0x0000000F
[    9.246843] Interrupt Taken: 	 Vector = 0x0000000F
[    9.246949] Interrupt Served: 	 Vector = 0x0000000F
[    9.250216] [passthrough] Read: 	 address = 0x4000481C, size = 4 bytes, value = 0x006010d0, pc=0x080038FA 
[    9.250719] [passthrough] Read: 	 address = 0x4000481C, size = 4 bytes, value = 0x006010d0, pc=0x0800392A 
[    9.251210] [passthrough] Read: 	 address = 0x4000481C, size = 4 bytes, value = 0x006010d0, pc=0x0800395E 
[    9.251656] [passthrough] Read: 	 address = 0x40004800, size = 4 bytes, value = 0x0000800d, pc=0x080038E0 
[    9.252171] [passthrough] Read: 	 address = 0x4000481C, size = 4 bytes, value = 0x006010d0, pc=0x080038FA 
[    9.252710] [passthrough] Read: 	 address = 0x4000481C, size = 4 bytes, value = 0x006010d0, pc=0x0800392A 
[    9.253180] [passthrough] Read: 	 address = 0x4000481C, size = 4 bytes, value = 0x006010d0, pc=0x0800395E 
[    9.253699] [passthrough] Read: 	 address = 0x40004800, size = 4 bytes, value = 0x0000800d, pc=0x080038E0 
[    9.254224] [passthrough] Read: 	 address = 0x4000481C, size = 4 bytes, value = 0x006010d0, pc=0x080038FA 
[    9.254834] [passthrough] Read: 	 address = 0x4000481C, size = 4 bytes, value = 0x006010d0, pc=0x0800392A 
[    9.255299] Interrupt Taken: 	 Vector = 0x0000000F
[    9.255366] Interrupt Served: 	 Vector = 0x0000000F
[    9.258530] [passthrough] Read: 	 address = 0x4000481C, size = 4 bytes, value = 0x006010d0, pc=0x0800395E 
[    9.259218] [passthrough] Read: 	 address = 0x40004800, size = 4 bytes, value = 0x0000800d, pc=0x080038E0 
[    9.259656] Interrupt Taken: 	 Vector = 0x0000000F
[    9.259774] Interrupt Served: 	 Vector = 0x0000000F
[    9.262831] Interrupt Taken: 	 Vector = 0x0000000F
[    9.262929] Interrupt Served: 	 Vector = 0x0000000F
[    9.266190] [passthrough] Read: 	 address = 0x4000481C, size = 4 bytes, value = 0x006010d0, pc=0x080038FA 
[    9.266694] [passthrough] Read: 	 address = 0x4000481C, size = 4 bytes, value = 0x006010d0, pc=0x0800392A 
[    9.267190] [passthrough] Read: 	 address = 0x4000481C, size = 4 bytes, value = 0x006010d0, pc=0x0800395E 
[    9.267706] [passthrough] Read: 	 address = 0x40004800, size = 4 bytes, value = 0x0000800d, pc=0x080038E0 
[    9.268193] [passthrough] Read: 	 address = 0x4000481C, size = 4 bytes, value = 0x006010d0, pc=0x080038FA 
[    9.268744] [passthrough] Read: 	 address = 0x4000481C, size = 4 bytes, value = 0x006010d0, pc=0x0800392A 
[    9.269220] [passthrough] Read: 	 address = 0x4000481C, size = 4 bytes, value = 0x006010d0, pc=0x0800395E 
[    9.269833] [passthrough] Read: 	 address = 0x40004800, size = 4 bytes, value = 0x0000800d, pc=0x080038E0 
[    9.270299] Interrupt Taken: 	 Vector = 0x0000000F
[    9.270356] Interrupt Served: 	 Vector = 0x0000000F
[    9.273942] [passthrough] Read: 	 address = 0x4000481C, size = 4 bytes, value = 0x006010d0, pc=0x080038FA 
[    9.274585] [passthrough] Read: 	 address = 0x4000481C, size = 4 bytes, value = 0x006010d0, pc=0x0800392A 
[    9.275119] [passthrough] Read: 	 address = 0x4000481C, size = 4 bytes, value = 0x006010d0, pc=0x0800395E 
[    9.275631] [passthrough] Read: 	 address = 0x40004800, size = 4 bytes, value = 0x0000800d, pc=0x080038E0 
[    9.276356] [passthrough] Read: 	 address = 0x4000481C, size = 4 bytes, value = 0x006010d0, pc=0x080038FA 
[    9.276879] Interrupt Taken: 	 Vector = 0x0000000F
[    9.277055] Interrupt Served: 	 Vector = 0x0000000F
[    9.280168] Interrupt Taken: 	 Vector = 0x0000000F
[    9.280263] Interrupt Served: 	 Vector = 0x0000000F
[    9.283425] [passthrough] Read: 	 address = 0x4000481C, size = 4 bytes, value = 0x006010d0, pc=0x0800392A 
[    9.284175] [passthrough] Read: 	 address = 0x4000481C, size = 4 bytes, value = 0x006010d0, pc=0x0800395E 
[    9.284695] Interrupt Taken: 	 Vector = 0x0000000F
[    9.284775] Interrupt Served: 	 Vector = 0x0000000F
[    9.287882] Interrupt Taken: 	 Vector = 0x0000000F
[    9.287967] Interrupt Served: 	 Vector = 0x0000000F
[    9.291495] [passthrough] Read: 	 address = 0x4000481C, size = 4 bytes, value = 0x006010d0, pc=0x0800395E 
[    9.292062] Interrupt Taken: 	 Vector = 0x0000000F
[    9.292144] Interrupt Served: 	 Vector = 0x0000000F
[    9.295529] [passthrough] Read: 	 address = 0x40004800, size = 4 bytes, value = 0x0000800d, pc=0x080038E0 
[    9.295987] Interrupt Taken: 	 Vector = 0x0000000F
[    9.296054] Interrupt Served: 	 Vector = 0x0000000F
[    9.299345] [passthrough] Read: 	 address = 0x4000481C, size = 4 bytes, value = 0x006010d0, pc=0x080038FA 
[    9.299837] Interrupt Taken: 	 Vector = 0x0000000F
[    9.299894] Interrupt Served: 	 Vector = 0x0000000F
[    9.302951] [passthrough] Read: 	 address = 0x4000481C, size = 4 bytes, value = 0x006010d0, pc=0x0800392A 
[    9.303489] [passthrough] Read: 	 address = 0x4000481C, size = 4 bytes, value = 0x006010d0, pc=0x0800395E 
[    9.304201] [passthrough] Read: 	 address = 0x40004800, size = 4 bytes, value = 0x0000800d, pc=0x080038E0 
[    9.304745] Interrupt Taken: 	 Vector = 0x0000000F
[    9.304914] Interrupt Served: 	 Vector = 0x0000000F
[    9.307881] Interrupt Taken: 	 Vector = 0x0000000F
[    9.308008] Interrupt Served: 	 Vector = 0x0000000F
[    9.311351] [passthrough] Read: 	 address = 0x4000481C, size = 4 bytes, value = 0x006010d0, pc=0x080038FA 
[    9.312070] [passthrough] Read: 	 address = 0x4000481C, size = 4 bytes, value = 0x006010d0, pc=0x0800392A 
[    9.312623] [passthrough] Read: 	 address = 0x4000481C, size = 4 bytes, value = 0x006010d0, pc=0x0800395E 
[    9.313177] [passthrough] Read: 	 address = 0x40004800, size = 4 bytes, value = 0x0000800d, pc=0x080038E0 
[    9.313697] [passthrough] Read: 	 address = 0x4000481C, size = 4 bytes, value = 0x006010d0, pc=0x080038FA 
[    9.314201] [passthrough] Read: 	 address = 0x4000481C, size = 4 bytes, value = 0x006010d0, pc=0x0800392A 
[    9.314707] [passthrough] Read: 	 address = 0x4000481C, size = 4 bytes, value = 0x006010d0, pc=0x0800395E 
[    9.315472] [passthrough] Read: 	 address = 0x40004800, size = 4 bytes, value = 0x0000800d, pc=0x080038E0 
[    9.315995] [passthrough] Read: 	 address = 0x4000481C, size = 4 bytes, value = 0x006010d0, pc=0x080038FA 
[    9.316528] [passthrough] Read: 	 address = 0x4000481C, size = 4 bytes, value = 0x006010d0, pc=0x0800392A 
[    9.317071] [passthrough] Read: 	 address = 0x4000481C, size = 4 bytes, value = 0x006010d0, pc=0x0800395E 
[    9.317627] [passthrough] Read: 	 address = 0x40004800, size = 4 bytes, value = 0x0000800d, pc=0x080038E0 
[    9.318238] [passthrough] Read: 	 address = 0x4000481C, size = 4 bytes, value = 0x006010d0, pc=0x080038FA 
[    9.318714] Interrupt Taken: 	 Vector = 0x0000000F
[    9.318806] Interrupt Served: 	 Vector = 0x0000000F
[    9.321751] Interrupt Taken: 	 Vector = 0x0000000F
[    9.321836] Interrupt Served: 	 Vector = 0x0000000F
[    9.325158] [passthrough] Read: 	 address = 0x4000481C, size = 4 bytes, value = 0x006010d0, pc=0x0800392A 
[    9.325654] Interrupt Taken: 	 Vector = 0x0000000F
[    9.325731] Interrupt Served: 	 Vector = 0x0000000F
[    9.328927] [passthrough] Read: 	 address = 0x4000481C, size = 4 bytes, value = 0x006010d0, pc=0x0800395E 
[    9.329460] [passthrough] Read: 	 address = 0x40004800, size = 4 bytes, value = 0x0000800d, pc=0x080038E0 
[    9.329998] [passthrough] Read: 	 address = 0x4000481C, size = 4 bytes, value = 0x006010d0, pc=0x080038FA 
[    9.330504] [passthrough] Read: 	 address = 0x4000481C, size = 4 bytes, value = 0x006010d0, pc=0x0800392A 
[    9.331074] [passthrough] Read: 	 address = 0x4000481C, size = 4 bytes, value = 0x006010d0, pc=0x0800395E 
[    9.331643] [passthrough] Read: 	 address = 0x40004800, size = 4 bytes, value = 0x0000800d, pc=0x080038E0 
[    9.332132] [passthrough] Read: 	 address = 0x4000481C, size = 4 bytes, value = 0x006010d0, pc=0x080038FA 
[    9.332561] [passthrough] Read: 	 address = 0x4000481C, size = 4 bytes, value = 0x006010d0, pc=0x0800392A 
[    9.333097] [passthrough] Read: 	 address = 0x4000481C, size = 4 bytes, value = 0x006010d0, pc=0x0800395E 
[    9.333558] [passthrough] Read: 	 address = 0x40004800, size = 4 bytes, value = 0x0000800d, pc=0x080038E0 
[    9.334074] [passthrough] Read: 	 address = 0x4000481C, size = 4 bytes, value = 0x006010d0, pc=0x080038FA 
[    9.334571] [passthrough] Read: 	 address = 0x4000481C, size = 4 bytes, value = 0x006010d0, pc=0x0800392A 
[    9.335120] [passthrough] Read: 	 address = 0x4000481C, size = 4 bytes, value = 0x006010d0, pc=0x0800395E 
[    9.335623] [passthrough] Read: 	 address = 0x40004800, size = 4 bytes, value = 0x0000800d, pc=0x080038E0 
[    9.336126] [passthrough] Read: 	 address = 0x4000481C, size = 4 bytes, value = 0x006010d0, pc=0x080038FA 
[    9.336562] [passthrough] Read: 	 address = 0x4000481C, size = 4 bytes, value = 0x006010d0, pc=0x0800392A 
[    9.337324] Interrupt Taken: 	 Vector = 0x0000000F
[    9.337646] Interrupt Served: 	 Vector = 0x0000000F
[    9.340602] Interrupt Taken: 	 Vector = 0x0000000F
[    9.340699] Interrupt Served: 	 Vector = 0x0000000F
[    9.344051] [passthrough] Read: 	 address = 0x4000481C, size = 4 bytes, value = 0x006010d0, pc=0x0800395E 
[    9.344788] [passthrough] Read: 	 address = 0x40004800, size = 4 bytes, value = 0x0000800d, pc=0x080038E0 
[    9.345341] Interrupt Taken: 	 Vector = 0x0000000F
[    9.345470] Interrupt Served: 	 Vector = 0x0000000F
[    9.348344] Interrupt Taken: 	 Vector = 0x0000000F
[    9.348423] Interrupt Served: 	 Vector = 0x0000000F
[    9.351627] [passthrough] Read: 	 address = 0x4000481C, size = 4 bytes, value = 0x006010d0, pc=0x080038FA 
[    9.352608] [passthrough] Read: 	 address = 0x4000481C, size = 4 bytes, value = 0x006010d0, pc=0x0800392A 
[    9.353118] [passthrough] Read: 	 address = 0x4000481C, size = 4 bytes, value = 0x006010d0, pc=0x0800395E 
[    9.353626] [passthrough] Read: 	 address = 0x4000481C, size = 4 bytes, value = 0x006010d0, pc=0x0800395E 
[    9.354263] [passthrough] Read: 	 address = 0x40004800, size = 4 bytes, value = 0x0000800d, pc=0x080038E0 
[    9.354735] Interrupt Taken: 	 Vector = 0x0000000F
[    9.354808] Interrupt Served: 	 Vector = 0x0000000F
[    9.358227] [passthrough] Read: 	 address = 0x4000481C, size = 4 bytes, value = 0x006010d0, pc=0x080038FA 
[    9.358806] Interrupt Taken: 	 Vector = 0x0000000F
[    9.358977] Interrupt Served: 	 Vector = 0x0000000F
[    9.361711] Interrupt Taken: 	 Vector = 0x0000000F
[    9.361789] Interrupt Served: 	 Vector = 0x0000000F
[    9.365009] [passthrough] Read: 	 address = 0x4000481C, size = 4 bytes, value = 0x006010d0, pc=0x0800392A 
[    9.365583] [passthrough] Read: 	 address = 0x4000481C, size = 4 bytes, value = 0x006010d0, pc=0x0800395E 
[    9.366086] [passthrough] Read: 	 address = 0x40004800, size = 4 bytes, value = 0x0000800d, pc=0x080038E0 
[    9.366499] [passthrough] Read: 	 address = 0x4000481C, size = 4 bytes, value = 0x006010d0, pc=0x080038FA 
[    9.366902] [passthrough] Read: 	 address = 0x4000481C, size = 4 bytes, value = 0x006010d0, pc=0x0800392A 
[    9.367360] [passthrough] Read: 	 address = 0x4000481C, size = 4 bytes, value = 0x006010d0, pc=0x0800395E 
[    9.367822] [passthrough] Read: 	 address = 0x40004800, size = 4 bytes, value = 0x0000800d, pc=0x080038E0 
[    9.368306] [passthrough] Read: 	 address = 0x4000481C, size = 4 bytes, value = 0x006010d0, pc=0x080038FA 
[    9.368847] [passthrough] Read: 	 address = 0x4000481C, size = 4 bytes, value = 0x006010d0, pc=0x0800392A 
[    9.369348] [passthrough] Read: 	 address = 0x4000481C, size = 4 bytes, value = 0x006010d0, pc=0x0800395E 
[    9.369800] [passthrough] Read: 	 address = 0x40004800, size = 4 bytes, value = 0x0000800d, pc=0x080038E0 
[    9.370339] [passthrough] Read: 	 address = 0x4000481C, size = 4 bytes, value = 0x006010d0, pc=0x080038FA 
[    9.370812] [passthrough] Read: 	 address = 0x4000481C, size = 4 bytes, value = 0x006010d0, pc=0x0800392A 
[    9.371362] [passthrough] Read: 	 address = 0x4000481C, size = 4 bytes, value = 0x006010d0, pc=0x0800395E 
[    9.371947] [passthrough] Read: 	 address = 0x40004800, size = 4 bytes, value = 0x0000800d, pc=0x080038E0 
[    9.372478] [passthrough] Read: 	 address = 0x4000481C, size = 4 bytes, value = 0x006010d0, pc=0x080038FA 
[    9.372993] [passthrough] Read: 	 address = 0x4000481C, size = 4 bytes, value = 0x006010d0, pc=0x0800392A 
[    9.373541] [passthrough] Read: 	 address = 0x4000481C, size = 4 bytes, value = 0x006010d0, pc=0x0800395E 
[    9.374164] [passthrough] Read: 	 address = 0x40004800, size = 4 bytes, value = 0x0000800d, pc=0x080038E0 
[    9.374624] Interrupt Taken: 	 Vector = 0x0000000F
[    9.374695] Interrupt Served: 	 Vector = 0x0000000F
[    9.377933] [passthrough] Read: 	 address = 0x4000481C, size = 4 bytes, value = 0x006010d0, pc=0x080038FA 
[    9.378386] Interrupt Taken: 	 Vector = 0x0000000F
[    9.378507] Interrupt Served: 	 Vector = 0x0000000F
[    9.381540] Interrupt Taken: 	 Vector = 0x0000000F
[    9.381609] Interrupt Served: 	 Vector = 0x0000000F
[    9.384742] [passthrough] Read: 	 address = 0x4000481C, size = 4 bytes, value = 0x006010d0, pc=0x0800392A 
[    9.385266] [passthrough] Read: 	 address = 0x4000481C, size = 4 bytes, value = 0x006010d0, pc=0x0800395E 
[    9.385771] [passthrough] Read: 	 address = 0x40004800, size = 4 bytes, value = 0x0000800d, pc=0x080038E0 
[    9.386223] [passthrough] Read: 	 address = 0x4000481C, size = 4 bytes, value = 0x006010d0, pc=0x080038FA 
[    9.386711] [passthrough] Read: 	 address = 0x4000481C, size = 4 bytes, value = 0x006010d0, pc=0x0800392A 
[    9.387149] [passthrough] Read: 	 address = 0x4000481C, size = 4 bytes, value = 0x006010d0, pc=0x0800395E 
[    9.387730] [passthrough] Read: 	 address = 0x40004800, size = 4 bytes, value = 0x0000800d, pc=0x080038E0 
[    9.388203] Interrupt Taken: 	 Vector = 0x0000000F
[    9.388250] Interrupt Served: 	 Vector = 0x0000000F
[    9.391605] [passthrough] Read: 	 address = 0x4000481C, size = 4 bytes, value = 0x006010d0, pc=0x080038FA 
[    9.392144] Interrupt Taken: 	 Vector = 0x0000000F
[    9.392289] Interrupt Served: 	 Vector = 0x0000000F
[    9.395307] Interrupt Taken: 	 Vector = 0x0000000F
[    9.395401] Interrupt Served: 	 Vector = 0x0000000F
[    9.398770] [passthrough] Read: 	 address = 0x4000481C, size = 4 bytes, value = 0x006010d0, pc=0x0800392A 
[    9.399235] Interrupt Taken: 	 Vector = 0x0000000F
[    9.399360] Interrupt Served: 	 Vector = 0x0000000F
[    9.402364] Interrupt Taken: 	 Vector = 0x0000000F
[    9.402438] Interrupt Served: 	 Vector = 0x0000000F
[    9.405774] [passthrough] Read: 	 address = 0x4000481C, size = 4 bytes, value = 0x006010d0, pc=0x0800395E 
[    9.406287] Interrupt Taken: 	 Vector = 0x0000000F
[    9.406403] Interrupt Served: 	 Vector = 0x0000000F
[    9.409297] Interrupt Taken: 	 Vector = 0x0000000F
[    9.409403] Interrupt Served: 	 Vector = 0x0000000F
[    9.412539] [passthrough] Read: 	 address = 0x4000481C, size = 4 bytes, value = 0x006010d0, pc=0x0800395E 
[    9.413039] Interrupt Taken: 	 Vector = 0x0000000F
[    9.413095] Interrupt Served: 	 Vector = 0x0000000F
[    9.416386] [passthrough] Read: 	 address = 0x40004800, size = 4 bytes, value = 0x0000800d, pc=0x080038E0 
[    9.416968] [passthrough] Read: 	 address = 0x4000481C, size = 4 bytes, value = 0x006010d0, pc=0x080038FA 
[    9.417429] [passthrough] Read: 	 address = 0x4000481C, size = 4 bytes, value = 0x006010d0, pc=0x0800392A 
[    9.417936] [passthrough] Read: 	 address = 0x4000481C, size = 4 bytes, value = 0x006010d0, pc=0x0800395E 
[    9.418493] [passthrough] Read: 	 address = 0x40004800, size = 4 bytes, value = 0x0000800d, pc=0x080038E0 
[    9.418949] [passthrough] Read: 	 address = 0x4000481C, size = 4 bytes, value = 0x006010d0, pc=0x080038FA 
[    9.419403] [passthrough] Read: 	 address = 0x4000481C, size = 4 bytes, value = 0x006010d0, pc=0x0800392A 
[    9.419869] [passthrough] Read: 	 address = 0x4000481C, size = 4 bytes, value = 0x006010d0, pc=0x0800395E 
[    9.420316] [passthrough] Read: 	 address = 0x40004800, size = 4 bytes, value = 0x0000800d, pc=0x080038E0 
[    9.420806] [passthrough] Read: 	 address = 0x4000481C, size = 4 bytes, value = 0x006010d0, pc=0x080038FA 
[    9.421294] [passthrough] Read: 	 address = 0x4000481C, size = 4 bytes, value = 0x006010d0, pc=0x0800392A 
[    9.421776] [passthrough] Read: 	 address = 0x4000481C, size = 4 bytes, value = 0x006010d0, pc=0x0800395E 
[    9.422313] [passthrough] Read: 	 address = 0x40004800, size = 4 bytes, value = 0x0000800d, pc=0x080038E0 
[    9.422840] [passthrough] Read: 	 address = 0x4000481C, size = 4 bytes, value = 0x006010d0, pc=0x080038FA 
[    9.423311] [passthrough] Read: 	 address = 0x4000481C, size = 4 bytes, value = 0x006010d0, pc=0x0800392A 
[    9.423782] [passthrough] Read: 	 address = 0x4000481C, size = 4 bytes, value = 0x006010d0, pc=0x0800395E 
[    9.424269] [passthrough] Read: 	 address = 0x40004800, size = 4 bytes, value = 0x0000800d, pc=0x080038E0 
[    9.424745] [passthrough] Read: 	 address = 0x4000481C, size = 4 bytes, value = 0x006010d0, pc=0x080038FA 
[    9.425300] [passthrough] Read: 	 address = 0x4000481C, size = 4 bytes, value = 0x006010d0, pc=0x0800392A 
[    9.425853] [passthrough] Read: 	 address = 0x4000481C, size = 4 bytes, value = 0x006010d0, pc=0x0800395E 
[    9.426614] [passthrough] Read: 	 address = 0x40004800, size = 4 bytes, value = 0x0000800d, pc=0x080038E0 
[    9.427106] Interrupt Taken: 	 Vector = 0x0000000F
[    9.427155] Interrupt Served: 	 Vector = 0x0000000F
[    9.430436] [passthrough] Read: 	 address = 0x4000481C, size = 4 bytes, value = 0x006010d0, pc=0x080038FA 
[    9.430982] [passthrough] Read: 	 address = 0x4000481C, size = 4 bytes, value = 0x006010d0, pc=0x0800392A 
[    9.431574] [passthrough] Read: 	 address = 0x4000481C, size = 4 bytes, value = 0x006010d0, pc=0x0800395E 
[    9.432218] [passthrough] Read: 	 address = 0x40004800, size = 4 bytes, value = 0x0000800d, pc=0x080038E0 
[    9.432684] Interrupt Taken: 	 Vector = 0x0000000F
[    9.432741] Interrupt Served: 	 Vector = 0x0000000F
[    9.436513] [passthrough] Read: 	 address = 0x4000481C, size = 4 bytes, value = 0x006010d0, pc=0x080038FA 
[    9.437096] [passthrough] Read: 	 address = 0x4000481C, size = 4 bytes, value = 0x006010d0, pc=0x0800392A 
[    9.437644] [passthrough] Read: 	 address = 0x4000481C, size = 4 bytes, value = 0x006010d0, pc=0x0800395E 
[    9.438268] [passthrough] Read: 	 address = 0x40004800, size = 4 bytes, value = 0x0000800d, pc=0x080038E0 
[    9.438712] Interrupt Taken: 	 Vector = 0x0000000F
[    9.438841] Interrupt Served: 	 Vector = 0x0000000F
[    9.441719] Interrupt Taken: 	 Vector = 0x0000000F
[    9.441837] Interrupt Served: 	 Vector = 0x0000000F
[    9.444998] [passthrough] Read: 	 address = 0x4000481C, size = 4 bytes, value = 0x006010d0, pc=0x080038FA 
[    9.445536] [passthrough] Read: 	 address = 0x4000481C, size = 4 bytes, value = 0x006010d0, pc=0x0800392A 
[    9.446065] [passthrough] Read: 	 address = 0x4000481C, size = 4 bytes, value = 0x006010d0, pc=0x0800395E 
[    9.446589] [passthrough] Read: 	 address = 0x40004800, size = 4 bytes, value = 0x0000800d, pc=0x080038E0 
[    9.447067] [passthrough] Read: 	 address = 0x4000481C, size = 4 bytes, value = 0x006010d0, pc=0x080038FA 
[    9.447601] [passthrough] Read: 	 address = 0x4000481C, size = 4 bytes, value = 0x006010d0, pc=0x0800392A 
[    9.448103] [passthrough] Read: 	 address = 0x4000481C, size = 4 bytes, value = 0x006010d0, pc=0x0800395E 
[    9.448577] [passthrough] Read: 	 address = 0x40004800, size = 4 bytes, value = 0x0000800d, pc=0x080038E0 
[    9.449094] [passthrough] Read: 	 address = 0x4000481C, size = 4 bytes, value = 0x006010d0, pc=0x080038FA 
[    9.449570] [passthrough] Read: 	 address = 0x4000481C, size = 4 bytes, value = 0x006010d0, pc=0x0800392A 
[    9.450111] [passthrough] Read: 	 address = 0x4000481C, size = 4 bytes, value = 0x006010d0, pc=0x0800395E 
[    9.450555] [passthrough] Read: 	 address = 0x40004800, size = 4 bytes, value = 0x0000800d, pc=0x080038E0 
[    9.451088] [passthrough] Read: 	 address = 0x4000481C, size = 4 bytes, value = 0x006010d0, pc=0x080038FA 
[    9.451558] [passthrough] Read: 	 address = 0x4000481C, size = 4 bytes, value = 0x006010d0, pc=0x0800392A 
[    9.452056] [passthrough] Read: 	 address = 0x4000481C, size = 4 bytes, value = 0x006010d0, pc=0x0800395E 
[    9.452582] [passthrough] Read: 	 address = 0x40004800, size = 4 bytes, value = 0x0000800d, pc=0x080038E0 
[    9.453083] [passthrough] Read: 	 address = 0x4000481C, size = 4 bytes, value = 0x006010d0, pc=0x080038FA 
[    9.453562] [passthrough] Read: 	 address = 0x4000481C, size = 4 bytes, value = 0x006010d0, pc=0x0800392A 
[    9.454082] [passthrough] Read: 	 address = 0x4000481C, size = 4 bytes, value = 0x006010d0, pc=0x0800395E 
[    9.454591] [passthrough] Read: 	 address = 0x40004800, size = 4 bytes, value = 0x0000800d, pc=0x080038E0 
[    9.455173] [passthrough] Read: 	 address = 0x4000481C, size = 4 bytes, value = 0x006010d0, pc=0x080038FA 
[    9.455733] [passthrough] Read: 	 address = 0x4000481C, size = 4 bytes, value = 0x006010d0, pc=0x0800392A 
[    9.456239] [passthrough] Read: 	 address = 0x4000481C, size = 4 bytes, value = 0x006010d0, pc=0x0800395E 
[    9.456766] [passthrough] Read: 	 address = 0x40004800, size = 4 bytes, value = 0x0000800d, pc=0x080038E0 
[    9.457270] [passthrough] Read: 	 address = 0x4000481C, size = 4 bytes, value = 0x006010d0, pc=0x080038FA 
[    9.457780] [passthrough] Read: 	 address = 0x4000481C, size = 4 bytes, value = 0x006010d0, pc=0x0800392A 
[    9.458347] [passthrough] Read: 	 address = 0x4000481C, size = 4 bytes, value = 0x006010d0, pc=0x0800395E 
[    9.458854] [passthrough] Read: 	 address = 0x40004800, size = 4 bytes, value = 0x0000800d, pc=0x080038E0 
[    9.459316] [passthrough] Read: 	 address = 0x4000481C, size = 4 bytes, value = 0x006010d0, pc=0x080038FA 
[    9.459781] [passthrough] Read: 	 address = 0x4000481C, size = 4 bytes, value = 0x006010d0, pc=0x0800392A 
[    9.460466] [passthrough] Read: 	 address = 0x4000481C, size = 4 bytes, value = 0x006010d0, pc=0x0800395E 
[    9.460905] Interrupt Taken: 	 Vector = 0x0000000F
[    9.461060] Interrupt Served: 	 Vector = 0x0000000F
[    9.463933] Interrupt Taken: 	 Vector = 0x0000000F
[    9.464004] Interrupt Served: 	 Vector = 0x0000000F
[    9.467261] [passthrough] Read: 	 address = 0x40004800, size = 4 bytes, value = 0x0000800d, pc=0x080038E0 
[    9.467723] [passthrough] Read: 	 address = 0x4000481C, size = 4 bytes, value = 0x006010d0, pc=0x080038FA 
[    9.468170] [passthrough] Read: 	 address = 0x4000481C, size = 4 bytes, value = 0x006010d0, pc=0x0800392A 
[    9.468690] [passthrough] Read: 	 address = 0x4000481C, size = 4 bytes, value = 0x006010d0, pc=0x0800395E 
[    9.469187] [passthrough] Read: 	 address = 0x40004800, size = 4 bytes, value = 0x0000800d, pc=0x080038E0 
[    9.469710] [passthrough] Read: 	 address = 0x4000481C, size = 4 bytes, value = 0x006010d0, pc=0x080038FA 
[    9.470154] [passthrough] Read: 	 address = 0x4000481C, size = 4 bytes, value = 0x006010d0, pc=0x0800392A 
[    9.470676] [passthrough] Read: 	 address = 0x4000481C, size = 4 bytes, value = 0x006010d0, pc=0x0800395E 
[    9.471208] [passthrough] Read: 	 address = 0x40004800, size = 4 bytes, value = 0x0000800d, pc=0x080038E0 
[    9.471754] [passthrough] Read: 	 address = 0x4000481C, size = 4 bytes, value = 0x006010d0, pc=0x080038FA 
[    9.472237] [passthrough] Read: 	 address = 0x4000481C, size = 4 bytes, value = 0x006010d0, pc=0x0800392A 
[    9.472797] [passthrough] Read: 	 address = 0x4000481C, size = 4 bytes, value = 0x006010d0, pc=0x0800395E 
[    9.473382] [passthrough] Read: 	 address = 0x40004800, size = 4 bytes, value = 0x0000800d, pc=0x080038E0 
[    9.474287] [passthrough] Read: 	 address = 0x4000481C, size = 4 bytes, value = 0x006010d0, pc=0x080038FA 
[    9.474813] [passthrough] Read: 	 address = 0x4000481C, size = 4 bytes, value = 0x006010d0, pc=0x0800392A 
[    9.475347] [passthrough] Read: 	 address = 0x4000481C, size = 4 bytes, value = 0x006010d0, pc=0x0800395E 
[    9.476109] [passthrough] Read: 	 address = 0x40004800, size = 4 bytes, value = 0x0000800d, pc=0x080038E0 
[    9.476620] Interrupt Taken: 	 Vector = 0x0000000F
[    9.476673] Interrupt Served: 	 Vector = 0x0000000F
[    9.479975] [passthrough] Read: 	 address = 0x4000481C, size = 4 bytes, value = 0x006010d0, pc=0x080038FA 
[    9.480493] [passthrough] Read: 	 address = 0x4000481C, size = 4 bytes, value = 0x006010d0, pc=0x0800392A 
[    9.481011] [passthrough] Read: 	 address = 0x4000481C, size = 4 bytes, value = 0x006010d0, pc=0x0800395E 
[    9.481551] [passthrough] Read: 	 address = 0x40004800, size = 4 bytes, value = 0x0000800d, pc=0x080038E0 
[    9.482066] [passthrough] Read: 	 address = 0x4000481C, size = 4 bytes, value = 0x006010d0, pc=0x080038FA 
[    9.482596] [passthrough] Read: 	 address = 0x4000481C, size = 4 bytes, value = 0x006010d0, pc=0x0800392A 
[    9.483045] [passthrough] Read: 	 address = 0x4000481C, size = 4 bytes, value = 0x006010d0, pc=0x0800395E 
[    9.483466] [passthrough] Read: 	 address = 0x40004800, size = 4 bytes, value = 0x0000800d, pc=0x080038E0 
[    9.483893] [passthrough] Read: 	 address = 0x4000481C, size = 4 bytes, value = 0x006010d0, pc=0x080038FA 
[    9.484360] [passthrough] Read: 	 address = 0x4000481C, size = 4 bytes, value = 0x006010d0, pc=0x0800392A 
[    9.484841] [passthrough] Read: 	 address = 0x4000481C, size = 4 bytes, value = 0x006010d0, pc=0x0800395E 
[    9.485391] [passthrough] Read: 	 address = 0x40004800, size = 4 bytes, value = 0x0000800d, pc=0x080038E0 
[    9.485819] Interrupt Taken: 	 Vector = 0x0000000F
[    9.485905] Interrupt Served: 	 Vector = 0x0000000F
[    9.488669] Interrupt Taken: 	 Vector = 0x0000000F
[    9.488745] Interrupt Served: 	 Vector = 0x0000000F
[    9.491823] [passthrough] Read: 	 address = 0x4000481C, size = 4 bytes, value = 0x006010d0, pc=0x080038FA 
[    9.492347] [passthrough] Read: 	 address = 0x4000481C, size = 4 bytes, value = 0x006010d0, pc=0x0800392A 
[    9.492778] [passthrough] Read: 	 address = 0x4000481C, size = 4 bytes, value = 0x006010d0, pc=0x0800395E 
[    9.493224] [passthrough] Read: 	 address = 0x40004800, size = 4 bytes, value = 0x0000800d, pc=0x080038E0 
[    9.493644] [passthrough] Read: 	 address = 0x4000481C, size = 4 bytes, value = 0x006010d0, pc=0x080038FA 
[    9.494084] [passthrough] Read: 	 address = 0x4000481C, size = 4 bytes, value = 0x006010d0, pc=0x0800392A 
[    9.494549] [passthrough] Read: 	 address = 0x4000481C, size = 4 bytes, value = 0x006010d0, pc=0x0800395E 
[    9.494964] [passthrough] Read: 	 address = 0x40004800, size = 4 bytes, value = 0x0000800d, pc=0x080038E0 
[    9.495447] [passthrough] Read: 	 address = 0x4000481C, size = 4 bytes, value = 0x006010d0, pc=0x080038FA 
[    9.496040] [passthrough] Read: 	 address = 0x4000481C, size = 4 bytes, value = 0x006010d0, pc=0x0800392A 
[    9.496595] [passthrough] Read: 	 address = 0x4000481C, size = 4 bytes, value = 0x006010d0, pc=0x0800395E 
[    9.497164] [passthrough] Read: 	 address = 0x40004800, size = 4 bytes, value = 0x0000800d, pc=0x080038E0 
[    9.497719] [passthrough] Read: 	 address = 0x4000481C, size = 4 bytes, value = 0x006010d0, pc=0x080038FA 
[    9.498227] [passthrough] Read: 	 address = 0x4000481C, size = 4 bytes, value = 0x006010d0, pc=0x0800392A 
[    9.498690] [passthrough] Read: 	 address = 0x4000481C, size = 4 bytes, value = 0x006010d0, pc=0x0800395E 
[    9.499144] [passthrough] Read: 	 address = 0x40004800, size = 4 bytes, value = 0x0000800d, pc=0x080038E0 
[    9.499601] [passthrough] Read: 	 address = 0x4000481C, size = 4 bytes, value = 0x006010d0, pc=0x080038FA 
[    9.500055] [passthrough] Read: 	 address = 0x4000481C, size = 4 bytes, value = 0x006010d0, pc=0x0800392A 
[    9.500536] [passthrough] Read: 	 address = 0x4000481C, size = 4 bytes, value = 0x006010d0, pc=0x0800395E 
[    9.501004] [passthrough] Read: 	 address = 0x40004800, size = 4 bytes, value = 0x0000800d, pc=0x080038E0 
[    9.501506] [passthrough] Read: 	 address = 0x4000481C, size = 4 bytes, value = 0x006010d0, pc=0x080038FA 
[    9.501968] [passthrough] Read: 	 address = 0x4000481C, size = 4 bytes, value = 0x006010d0, pc=0x0800392A 
[    9.502458] [passthrough] Read: 	 address = 0x4000481C, size = 4 bytes, value = 0x006010d0, pc=0x0800395E 
[    9.502926] [passthrough] Read: 	 address = 0x40004800, size = 4 bytes, value = 0x0000800d, pc=0x080038E0 
[    9.503355] [passthrough] Read: 	 address = 0x4000481C, size = 4 bytes, value = 0x006010d0, pc=0x080038FA 
[    9.503824] [passthrough] Read: 	 address = 0x4000481C, size = 4 bytes, value = 0x006010d0, pc=0x0800392A 
[    9.504307] [passthrough] Read: 	 address = 0x4000481C, size = 4 bytes, value = 0x006010d0, pc=0x0800395E 
[    9.504808] [passthrough] Read: 	 address = 0x40004800, size = 4 bytes, value = 0x0000800d, pc=0x080038E0 
[    9.505351] [passthrough] Read: 	 address = 0x4000481C, size = 4 bytes, value = 0x006010d0, pc=0x080038FA 
[    9.505891] [passthrough] Read: 	 address = 0x4000481C, size = 4 bytes, value = 0x006010d0, pc=0x0800392A 
[    9.506395] [passthrough] Read: 	 address = 0x4000481C, size = 4 bytes, value = 0x006010d0, pc=0x0800395E 
[    9.506899] [passthrough] Read: 	 address = 0x40004800, size = 4 bytes, value = 0x0000800d, pc=0x080038E0 
[    9.507395] [passthrough] Read: 	 address = 0x4000481C, size = 4 bytes, value = 0x006010d0, pc=0x080038FA 
[    9.507942] [passthrough] Read: 	 address = 0x4000481C, size = 4 bytes, value = 0x006010d0, pc=0x0800392A 
[    9.508473] [passthrough] Read: 	 address = 0x4000481C, size = 4 bytes, value = 0x006010d0, pc=0x0800395E 
[    9.509009] [passthrough] Read: 	 address = 0x40004800, size = 4 bytes, value = 0x0000800d, pc=0x080038E0 
[    9.509493] [passthrough] Read: 	 address = 0x4000481C, size = 4 bytes, value = 0x006010d0, pc=0x080038FA 
[    9.509954] [passthrough] Read: 	 address = 0x4000481C, size = 4 bytes, value = 0x006010d0, pc=0x0800392A 
[    9.510504] [passthrough] Read: 	 address = 0x4000481C, size = 4 bytes, value = 0x006010d0, pc=0x0800395E 
[    9.511294] [passthrough] Read: 	 address = 0x40004800, size = 4 bytes, value = 0x0000800d, pc=0x080038E0 
[    9.511780] Interrupt Taken: 	 Vector = 0x0000000F
[    9.511908] Interrupt Served: 	 Vector = 0x0000000F
[    9.515036] Interrupt Taken: 	 Vector = 0x0000000F
[    9.515132] Interrupt Served: 	 Vector = 0x0000000F
[    9.518801] [passthrough] Read: 	 address = 0x4000481C, size = 4 bytes, value = 0x006010d0, pc=0x080038FA 
[    9.519400] [passthrough] Read: 	 address = 0x4000481C, size = 4 bytes, value = 0x006010d0, pc=0x0800392A 
[    9.519909] [passthrough] Read: 	 address = 0x4000481C, size = 4 bytes, value = 0x006010d0, pc=0x0800395E 
[    9.520519] [passthrough] Read: 	 address = 0x4000481C, size = 4 bytes, value = 0x006010d0, pc=0x0800395E 
[    9.521045] Interrupt Taken: 	 Vector = 0x0000000F
[    9.521129] Interrupt Served: 	 Vector = 0x0000000F
[    9.524432] [passthrough] Read: 	 address = 0x40004800, size = 4 bytes, value = 0x0000800d, pc=0x080038E0 
[    9.525061] [passthrough] Read: 	 address = 0x4000481C, size = 4 bytes, value = 0x006010d0, pc=0x080038FA 
[    9.525600] [passthrough] Read: 	 address = 0x4000481C, size = 4 bytes, value = 0x006010d0, pc=0x0800392A 
[    9.526156] [passthrough] Read: 	 address = 0x4000481C, size = 4 bytes, value = 0x006010d0, pc=0x0800395E 
[    9.526674] [passthrough] Read: 	 address = 0x40004800, size = 4 bytes, value = 0x0000800d, pc=0x080038E0 
[    9.527229] [passthrough] Read: 	 address = 0x4000481C, size = 4 bytes, value = 0x006010d0, pc=0x080038FA 
[    9.527666] [passthrough] Read: 	 address = 0x4000481C, size = 4 bytes, value = 0x006010d0, pc=0x0800392A 
[    9.528115] [passthrough] Read: 	 address = 0x4000481C, size = 4 bytes, value = 0x006010d0, pc=0x0800395E 
[    9.528587] [passthrough] Read: 	 address = 0x40004800, size = 4 bytes, value = 0x0000800d, pc=0x080038E0 
[    9.529257] [passthrough] Read: 	 address = 0x4000481C, size = 4 bytes, value = 0x006010d0, pc=0x080038FA 
[    9.529787] [passthrough] Read: 	 address = 0x4000481C, size = 4 bytes, value = 0x006010d0, pc=0x0800392A 
[    9.530278] [passthrough] Read: 	 address = 0x4000481C, size = 4 bytes, value = 0x006010d0, pc=0x0800395E 
[    9.530717] [passthrough] Read: 	 address = 0x40004800, size = 4 bytes, value = 0x0000800d, pc=0x080038E0 
[    9.531193] [passthrough] Read: 	 address = 0x4000481C, size = 4 bytes, value = 0x006010d0, pc=0x080038FA 
[    9.531654] [passthrough] Read: 	 address = 0x4000481C, size = 4 bytes, value = 0x006010d0, pc=0x0800392A 
[    9.532123] [passthrough] Read: 	 address = 0x4000481C, size = 4 bytes, value = 0x006010d0, pc=0x0800395E 
[    9.532645] [passthrough] Read: 	 address = 0x40004800, size = 4 bytes, value = 0x0000800d, pc=0x080038E0 
[    9.533082] [passthrough] Read: 	 address = 0x4000481C, size = 4 bytes, value = 0x006010d0, pc=0x080038FA 
[    9.533510] [passthrough] Read: 	 address = 0x4000481C, size = 4 bytes, value = 0x006010d0, pc=0x0800392A 
[    9.533932] [passthrough] Read: 	 address = 0x4000481C, size = 4 bytes, value = 0x006010d0, pc=0x0800395E 
[    9.534415] [passthrough] Read: 	 address = 0x40004800, size = 4 bytes, value = 0x0000800d, pc=0x080038E0 
[    9.534898] [passthrough] Read: 	 address = 0x4000481C, size = 4 bytes, value = 0x006010d0, pc=0x080038FA 
[    9.535383] [passthrough] Read: 	 address = 0x4000481C, size = 4 bytes, value = 0x006010d0, pc=0x0800392A 
[    9.535851] [passthrough] Read: 	 address = 0x4000481C, size = 4 bytes, value = 0x006010d0, pc=0x0800395E 
[    9.536341] [passthrough] Read: 	 address = 0x40004800, size = 4 bytes, value = 0x0000800d, pc=0x080038E0 
[    9.536840] [passthrough] Read: 	 address = 0x4000481C, size = 4 bytes, value = 0x006010d0, pc=0x080038FA 
[    9.537348] [passthrough] Read: 	 address = 0x4000481C, size = 4 bytes, value = 0x006010d0, pc=0x0800392A 
[    9.537824] [passthrough] Read: 	 address = 0x4000481C, size = 4 bytes, value = 0x006010d0, pc=0x0800395E 
[    9.538579] [passthrough] Read: 	 address = 0x40004800, size = 4 bytes, value = 0x0000800d, pc=0x080038E0 
[    9.539036] Interrupt Taken: 	 Vector = 0x0000000F
[    9.539187] Interrupt Served: 	 Vector = 0x0000000F
[    9.542060] Interrupt Taken: 	 Vector = 0x0000000F
[    9.542322] Interrupt Served: 	 Vector = 0x0000000F
[    9.545356] Interrupt Taken: 	 Vector = 0x0000000F
[    9.545453] Interrupt Served: 	 Vector = 0x0000000F
[    9.548821] [passthrough] Read: 	 address = 0x4000481C, size = 4 bytes, value = 0x006010d0, pc=0x080038FA 
[    9.549450] [passthrough] Read: 	 address = 0x4000481C, size = 4 bytes, value = 0x006010d0, pc=0x0800392A 
[    9.550053] [passthrough] Read: 	 address = 0x4000481C, size = 4 bytes, value = 0x006010d0, pc=0x0800395E 
[    9.550735] Interrupt Taken: 	 Vector = 0x0000000F
[    9.550796] Interrupt Served: 	 Vector = 0x0000000F
[    9.554229] [passthrough] Read: 	 address = 0x40004800, size = 4 bytes, value = 0x0000800d, pc=0x080038E0 
[    9.554870] Interrupt Taken: 	 Vector = 0x0000000F
[    9.554935] Interrupt Served: 	 Vector = 0x0000000F
[    9.558266] [passthrough] Read: 	 address = 0x4000481C, size = 4 bytes, value = 0x006010d0, pc=0x080038FA 
[    9.558804] Interrupt Taken: 	 Vector = 0x0000000F
[    9.558927] Interrupt Served: 	 Vector = 0x0000000F
[    9.561766] Interrupt Taken: 	 Vector = 0x0000000F
[    9.561858] Interrupt Served: 	 Vector = 0x0000000F
[    9.565215] [passthrough] Read: 	 address = 0x4000481C, size = 4 bytes, value = 0x006010d0, pc=0x0800392A 
[    9.565781] [passthrough] Read: 	 address = 0x4000481C, size = 4 bytes, value = 0x006010d0, pc=0x0800395E 
[    9.566243] Interrupt Taken: 	 Vector = 0x0000000F
[    9.566331] Interrupt Served: 	 Vector = 0x0000000F
[    9.569324] Interrupt Taken: 	 Vector = 0x0000000F
[    9.569391] Interrupt Served: 	 Vector = 0x0000000F
[    9.572679] [passthrough] Read: 	 address = 0x40004800, size = 4 bytes, value = 0x0000800d, pc=0x080038E0 
[    9.573191] Interrupt Taken: 	 Vector = 0x0000000F
[    9.573236] Interrupt Served: 	 Vector = 0x0000000F
[    9.576411] [passthrough] Read: 	 address = 0x4000481C, size = 4 bytes, value = 0x006010d0, pc=0x080038FA 
[    9.576867] Interrupt Taken: 	 Vector = 0x0000000F
[    9.576977] Interrupt Served: 	 Vector = 0x0000000F
[    9.579918] Interrupt Taken: 	 Vector = 0x0000000F
[    9.579990] Interrupt Served: 	 Vector = 0x0000000F
[    9.583236] [passthrough] Read: 	 address = 0x4000481C, size = 4 bytes, value = 0x006010d0, pc=0x0800392A 
[    9.583694] [passthrough] Read: 	 address = 0x4000481C, size = 4 bytes, value = 0x006010d0, pc=0x0800395E 
[    9.584181] [passthrough] Read: 	 address = 0x4000481C, size = 4 bytes, value = 0x006010d0, pc=0x0800395E 
[    9.584615] [passthrough] Read: 	 address = 0x40004800, size = 4 bytes, value = 0x0000800d, pc=0x080038E0 
[    9.585101] [passthrough] Read: 	 address = 0x4000481C, size = 4 bytes, value = 0x006010d0, pc=0x080038FA 
[    9.585579] [passthrough] Read: 	 address = 0x4000481C, size = 4 bytes, value = 0x006010d0, pc=0x0800392A 
[    9.586066] [passthrough] Read: 	 address = 0x4000481C, size = 4 bytes, value = 0x006010d0, pc=0x0800395E 
[    9.586538] [passthrough] Read: 	 address = 0x40004800, size = 4 bytes, value = 0x0000800d, pc=0x080038E0 
[    9.587043] [passthrough] Read: 	 address = 0x4000481C, size = 4 bytes, value = 0x006010d0, pc=0x080038FA 
[    9.587462] [passthrough] Read: 	 address = 0x4000481C, size = 4 bytes, value = 0x006010d0, pc=0x0800392A 
[    9.587935] [passthrough] Read: 	 address = 0x4000481C, size = 4 bytes, value = 0x006010d0, pc=0x0800395E 
[    9.588443] [passthrough] Read: 	 address = 0x40004800, size = 4 bytes, value = 0x0000800d, pc=0x080038E0 
[    9.588924] [passthrough] Read: 	 address = 0x4000481C, size = 4 bytes, value = 0x006010d0, pc=0x080038FA 
[    9.589480] [passthrough] Read: 	 address = 0x4000481C, size = 4 bytes, value = 0x006010d0, pc=0x0800392A 
[    9.589948] [passthrough] Read: 	 address = 0x4000481C, size = 4 bytes, value = 0x006010d0, pc=0x0800395E 
[    9.590404] [passthrough] Read: 	 address = 0x40004800, size = 4 bytes, value = 0x0000800d, pc=0x080038E0 
[    9.590835] [passthrough] Read: 	 address = 0x4000481C, size = 4 bytes, value = 0x006010d0, pc=0x080038FA 
[    9.591264] [passthrough] Read: 	 address = 0x4000481C, size = 4 bytes, value = 0x006010d0, pc=0x0800392A 
[    9.591793] [passthrough] Read: 	 address = 0x4000481C, size = 4 bytes, value = 0x006010d0, pc=0x0800395E 
[    9.592592] [passthrough] Read: 	 address = 0x40004800, size = 4 bytes, value = 0x0000800d, pc=0x080038E0 
[    9.593594] Interrupt Taken: 	 Vector = 0x0000000F
[    9.593753] Interrupt Served: 	 Vector = 0x0000000F
[    9.596773] Interrupt Taken: 	 Vector = 0x0000000F
[    9.596853] Interrupt Served: 	 Vector = 0x0000000F
[    9.600348] [passthrough] Read: 	 address = 0x4000481C, size = 4 bytes, value = 0x006010d0, pc=0x080038FA 
[    9.601072] Interrupt Taken: 	 Vector = 0x0000000F
[    9.601135] Interrupt Served: 	 Vector = 0x0000000F
[    9.604415] [passthrough] Read: 	 address = 0x4000481C, size = 4 bytes, value = 0x006010d0, pc=0x0800392A 
[    9.605099] [passthrough] Read: 	 address = 0x4000481C, size = 4 bytes, value = 0x006010d0, pc=0x0800395E 
[    9.605644] Interrupt Taken: 	 Vector = 0x0000000F
[    9.605704] Interrupt Served: 	 Vector = 0x0000000F
[    9.608762] [passthrough] Read: 	 address = 0x40004800, size = 4 bytes, value = 0x0000800d, pc=0x080038E0 
[    9.609255] [passthrough] Read: 	 address = 0x4000481C, size = 4 bytes, value = 0x006010d0, pc=0x080038FA 
[    9.609759] [passthrough] Read: 	 address = 0x4000481C, size = 4 bytes, value = 0x006010d0, pc=0x0800392A 
[    9.610363] [passthrough] Read: 	 address = 0x4000481C, size = 4 bytes, value = 0x006010d0, pc=0x0800395E 
[    9.610810] Interrupt Taken: 	 Vector = 0x0000000F
[    9.610905] Interrupt Served: 	 Vector = 0x0000000F
[    9.613855] Interrupt Taken: 	 Vector = 0x0000000F
[    9.613938] Interrupt Served: 	 Vector = 0x0000000F
[    9.617441] [passthrough] Read: 	 address = 0x40004800, size = 4 bytes, value = 0x0000800d, pc=0x080038E0 
[    9.617906] Interrupt Taken: 	 Vector = 0x0000000F
[    9.618066] Interrupt Served: 	 Vector = 0x0000000F
[    9.621110] Interrupt Taken: 	 Vector = 0x0000000F
[    9.621197] Interrupt Served: 	 Vector = 0x0000000F
[    9.624309] [passthrough] Read: 	 address = 0x4000481C, size = 4 bytes, value = 0x006010d0, pc=0x080038FA 
[    9.624886] [passthrough] Read: 	 address = 0x4000481C, size = 4 bytes, value = 0x006010d0, pc=0x0800392A 
[    9.625447] [passthrough] Read: 	 address = 0x4000481C, size = 4 bytes, value = 0x006010d0, pc=0x0800395E 
[    9.626215] [passthrough] Read: 	 address = 0x40004800, size = 4 bytes, value = 0x0000800d, pc=0x080038E0 
[    9.626655] Interrupt Taken: 	 Vector = 0x0000000F
[    9.626799] Interrupt Served: 	 Vector = 0x0000000F
[    9.629951] Interrupt Taken: 	 Vector = 0x0000000F
[    9.630079] Interrupt Served: 	 Vector = 0x0000000F
[    9.633383] [passthrough] Read: 	 address = 0x4000481C, size = 4 bytes, value = 0x006010d0, pc=0x080038FA 
[    9.633895] [passthrough] Read: 	 address = 0x4000481C, size = 4 bytes, value = 0x006010d0, pc=0x0800392A 
[    9.634363] [passthrough] Read: 	 address = 0x4000481C, size = 4 bytes, value = 0x006010d0, pc=0x0800395E 
[    9.634819] [passthrough] Read: 	 address = 0x40004800, size = 4 bytes, value = 0x0000800d, pc=0x080038E0 
[    9.635288] [passthrough] Read: 	 address = 0x4000481C, size = 4 bytes, value = 0x006010d0, pc=0x080038FA 
[    9.635806] [passthrough] Read: 	 address = 0x4000481C, size = 4 bytes, value = 0x006010d0, pc=0x0800392A 
[    9.636339] [passthrough] Read: 	 address = 0x4000481C, size = 4 bytes, value = 0x006010d0, pc=0x0800395E 
[    9.636804] [passthrough] Read: 	 address = 0x40004800, size = 4 bytes, value = 0x0000800d, pc=0x080038E0 
[    9.637338] [passthrough] Read: 	 address = 0x4000481C, size = 4 bytes, value = 0x006010d0, pc=0x080038FA 
[    9.637837] [passthrough] Read: 	 address = 0x4000481C, size = 4 bytes, value = 0x006010d0, pc=0x0800392A 
[    9.638325] [passthrough] Read: 	 address = 0x4000481C, size = 4 bytes, value = 0x006010d0, pc=0x0800395E 
[    9.638888] [passthrough] Read: 	 address = 0x40004800, size = 4 bytes, value = 0x0000800d, pc=0x080038E0 
[    9.639342] [passthrough] Read: 	 address = 0x4000481C, size = 4 bytes, value = 0x006010d0, pc=0x080038FA 
[    9.639854] [passthrough] Read: 	 address = 0x4000481C, size = 4 bytes, value = 0x006010d0, pc=0x0800392A 
[    9.640374] [passthrough] Read: 	 address = 0x4000481C, size = 4 bytes, value = 0x006010d0, pc=0x0800395E 
[    9.640924] [passthrough] Read: 	 address = 0x40004800, size = 4 bytes, value = 0x0000800d, pc=0x080038E0 
[    9.641822] [passthrough] Read: 	 address = 0x4000481C, size = 4 bytes, value = 0x006010d0, pc=0x080038FA 
[    9.642509] [passthrough] Read: 	 address = 0x4000481C, size = 4 bytes, value = 0x006010d0, pc=0x0800392A 
[    9.643046] Interrupt Taken: 	 Vector = 0x0000000F
[    9.643103] Interrupt Served: 	 Vector = 0x0000000F
[    9.646181] [passthrough] Read: 	 address = 0x4000481C, size = 4 bytes, value = 0x006010d0, pc=0x0800395E 
[    9.646856] [passthrough] Read: 	 address = 0x4000481C, size = 4 bytes, value = 0x006010d0, pc=0x0800395E 
[    9.647327] Interrupt Taken: 	 Vector = 0x0000000F
[    9.647442] Interrupt Served: 	 Vector = 0x0000000F
[    9.650635] Interrupt Taken: 	 Vector = 0x0000000F
[    9.650702] Interrupt Served: 	 Vector = 0x0000000F
[    9.653940] [passthrough] Read: 	 address = 0x40004800, size = 4 bytes, value = 0x0000800d, pc=0x080038E0 
[    9.654400] [passthrough] Read: 	 address = 0x4000481C, size = 4 bytes, value = 0x006010d0, pc=0x080038FA 
[    9.654964] [passthrough] Read: 	 address = 0x4000481C, size = 4 bytes, value = 0x006010d0, pc=0x0800392A 
[    9.655511] [passthrough] Read: 	 address = 0x4000481C, size = 4 bytes, value = 0x006010d0, pc=0x0800395E 
[    9.656089] [passthrough] Read: 	 address = 0x40004800, size = 4 bytes, value = 0x0000800d, pc=0x080038E0 
[    9.656577] [passthrough] Read: 	 address = 0x4000481C, size = 4 bytes, value = 0x006010d0, pc=0x080038FA 
[    9.657146] [passthrough] Read: 	 address = 0x4000481C, size = 4 bytes, value = 0x006010d0, pc=0x0800392A 
[    9.657730] [passthrough] Read: 	 address = 0x4000481C, size = 4 bytes, value = 0x006010d0, pc=0x0800395E 
[    9.658272] [passthrough] Read: 	 address = 0x40004800, size = 4 bytes, value = 0x0000800d, pc=0x080038E0 
[    9.658781] [passthrough] Read: 	 address = 0x4000481C, size = 4 bytes, value = 0x006010d0, pc=0x080038FA 
[    9.659316] [passthrough] Read: 	 address = 0x4000481C, size = 4 bytes, value = 0x006010d0, pc=0x0800392A 
[    9.659824] [passthrough] Read: 	 address = 0x4000481C, size = 4 bytes, value = 0x006010d0, pc=0x0800395E 
[    9.660336] [passthrough] Read: 	 address = 0x40004800, size = 4 bytes, value = 0x0000800d, pc=0x080038E0 
[    9.661084] [passthrough] Read: 	 address = 0x4000481C, size = 4 bytes, value = 0x006010d0, pc=0x080038FA 
[    9.661541] Interrupt Taken: 	 Vector = 0x0000000F
[    9.661593] Interrupt Served: 	 Vector = 0x0000000F
[    9.664752] [passthrough] Read: 	 address = 0x4000481C, size = 4 bytes, value = 0x006010d0, pc=0x0800392A 
[    9.665270] [passthrough] Read: 	 address = 0x4000481C, size = 4 bytes, value = 0x006010d0, pc=0x0800395E 
[    9.665805] [passthrough] Read: 	 address = 0x40004800, size = 4 bytes, value = 0x0000800d, pc=0x080038E0 
[    9.666531] [passthrough] Read: 	 address = 0x4000481C, size = 4 bytes, value = 0x006010d0, pc=0x080038FA 
[    9.667089] [passthrough] Read: 	 address = 0x4000481C, size = 4 bytes, value = 0x006010d0, pc=0x0800392A 
[    9.667605] [passthrough] Read: 	 address = 0x4000481C, size = 4 bytes, value = 0x006010d0, pc=0x0800395E 
[    9.668086] [passthrough] Read: 	 address = 0x40004800, size = 4 bytes, value = 0x0000800d, pc=0x080038E0 
[    9.668605] [passthrough] Read: 	 address = 0x4000481C, size = 4 bytes, value = 0x006010d0, pc=0x080038FA 
[    9.669142] [passthrough] Read: 	 address = 0x4000481C, size = 4 bytes, value = 0x006010d0, pc=0x0800392A 
[    9.669645] [passthrough] Read: 	 address = 0x4000481C, size = 4 bytes, value = 0x006010d0, pc=0x0800395E 
[    9.670158] [passthrough] Read: 	 address = 0x40004800, size = 4 bytes, value = 0x0000800d, pc=0x080038E0 
[    9.670619] [passthrough] Read: 	 address = 0x4000481C, size = 4 bytes, value = 0x006010d0, pc=0x080038FA 
[    9.671038] [passthrough] Read: 	 address = 0x4000481C, size = 4 bytes, value = 0x006010d0, pc=0x0800392A 
[    9.671439] [passthrough] Read: 	 address = 0x4000481C, size = 4 bytes, value = 0x006010d0, pc=0x0800395E 
[    9.671949] [passthrough] Read: 	 address = 0x40004800, size = 4 bytes, value = 0x0000800d, pc=0x080038E0 
[    9.672432] [passthrough] Read: 	 address = 0x4000481C, size = 4 bytes, value = 0x006010d0, pc=0x080038FA 
[    9.672855] [passthrough] Read: 	 address = 0x4000481C, size = 4 bytes, value = 0x006010d0, pc=0x0800392A 
[    9.673345] [passthrough] Read: 	 address = 0x4000481C, size = 4 bytes, value = 0x006010d0, pc=0x0800395E 
[    9.673768] [passthrough] Read: 	 address = 0x40004800, size = 4 bytes, value = 0x0000800d, pc=0x080038E0 
[    9.674282] [passthrough] Read: 	 address = 0x4000481C, size = 4 bytes, value = 0x006010d0, pc=0x080038FA 
[    9.674743] [passthrough] Read: 	 address = 0x4000481C, size = 4 bytes, value = 0x006010d0, pc=0x0800392A 
[    9.675223] [passthrough] Read: 	 address = 0x4000481C, size = 4 bytes, value = 0x006010d0, pc=0x0800395E 
[    9.675654] [passthrough] Read: 	 address = 0x40004800, size = 4 bytes, value = 0x0000800d, pc=0x080038E0 
[    9.676069] [passthrough] Read: 	 address = 0x4000481C, size = 4 bytes, value = 0x006010d0, pc=0x080038FA 
[    9.676513] [passthrough] Read: 	 address = 0x4000481C, size = 4 bytes, value = 0x006010d0, pc=0x0800392A 
[    9.676966] [passthrough] Read: 	 address = 0x4000481C, size = 4 bytes, value = 0x006010d0, pc=0x0800395E 
[    9.677441] [passthrough] Read: 	 address = 0x40004800, size = 4 bytes, value = 0x0000800d, pc=0x080038E0 
[    9.677928] [passthrough] Read: 	 address = 0x4000481C, size = 4 bytes, value = 0x006010d0, pc=0x080038FA 
[    9.678819] [passthrough] Read: 	 address = 0x4000481C, size = 4 bytes, value = 0x006010d0, pc=0x0800392A 
[    9.679317] Interrupt Taken: 	 Vector = 0x0000000F
[    9.679362] Interrupt Served: 	 Vector = 0x0000000F
[    9.682467] [passthrough] Read: 	 address = 0x4000481C, size = 4 bytes, value = 0x006010d0, pc=0x0800395E 
[    9.683336] [passthrough] Read: 	 address = 0x40004800, size = 4 bytes, value = 0x0000800d, pc=0x080038E0 
[    9.683806] [passthrough] Read: 	 address = 0x4000481C, size = 4 bytes, value = 0x006010d0, pc=0x080038FA 
[    9.684273] [passthrough] Read: 	 address = 0x4000481C, size = 4 bytes, value = 0x006010d0, pc=0x0800392A 
[    9.684735] [passthrough] Read: 	 address = 0x4000481C, size = 4 bytes, value = 0x006010d0, pc=0x0800395E 
[    9.685176] [passthrough] Read: 	 address = 0x40004800, size = 4 bytes, value = 0x0000800d, pc=0x080038E0 
[    9.685577] [passthrough] Read: 	 address = 0x4000481C, size = 4 bytes, value = 0x006010d0, pc=0x080038FA 
[    9.685984] [passthrough] Read: 	 address = 0x4000481C, size = 4 bytes, value = 0x006010d0, pc=0x0800392A 
[    9.686443] [passthrough] Read: 	 address = 0x4000481C, size = 4 bytes, value = 0x006010d0, pc=0x0800395E 
[    9.686914] [passthrough] Read: 	 address = 0x40004800, size = 4 bytes, value = 0x0000800d, pc=0x080038E0 
[    9.687439] [passthrough] Read: 	 address = 0x4000481C, size = 4 bytes, value = 0x006010d0, pc=0x080038FA 
[    9.687898] [passthrough] Read: 	 address = 0x4000481C, size = 4 bytes, value = 0x006010d0, pc=0x0800392A 
[    9.688368] [passthrough] Read: 	 address = 0x4000481C, size = 4 bytes, value = 0x006010d0, pc=0x0800395E 
[    9.688856] [passthrough] Read: 	 address = 0x40004800, size = 4 bytes, value = 0x0000800d, pc=0x080038E0 
[    9.689386] [passthrough] Read: 	 address = 0x4000481C, size = 4 bytes, value = 0x006010d0, pc=0x080038FA 
[    9.689871] [passthrough] Read: 	 address = 0x4000481C, size = 4 bytes, value = 0x006010d0, pc=0x0800392A 
[    9.690371] [passthrough] Read: 	 address = 0x4000481C, size = 4 bytes, value = 0x006010d0, pc=0x0800395E 
[    9.690871] [passthrough] Read: 	 address = 0x40004800, size = 4 bytes, value = 0x0000800d, pc=0x080038E0 
[    9.691313] [passthrough] Read: 	 address = 0x4000481C, size = 4 bytes, value = 0x006010d0, pc=0x080038FA 
[    9.691813] [passthrough] Read: 	 address = 0x4000481C, size = 4 bytes, value = 0x006010d0, pc=0x0800392A 
[    9.692334] [passthrough] Read: 	 address = 0x4000481C, size = 4 bytes, value = 0x006010d0, pc=0x0800395E 
[    9.692775] [passthrough] Read: 	 address = 0x40004800, size = 4 bytes, value = 0x0000800d, pc=0x080038E0 
[    9.693210] [passthrough] Read: 	 address = 0x4000481C, size = 4 bytes, value = 0x006010d0, pc=0x080038FA 
[    9.693669] [passthrough] Read: 	 address = 0x4000481C, size = 4 bytes, value = 0x006010d0, pc=0x0800392A 
[    9.694165] [passthrough] Read: 	 address = 0x4000481C, size = 4 bytes, value = 0x006010d0, pc=0x0800395E 
[    9.694638] [passthrough] Read: 	 address = 0x40004800, size = 4 bytes, value = 0x0000800d, pc=0x080038E0 
[    9.695189] [passthrough] Read: 	 address = 0x4000481C, size = 4 bytes, value = 0x006010d0, pc=0x080038FA 
[    9.695708] [passthrough] Read: 	 address = 0x4000481C, size = 4 bytes, value = 0x006010d0, pc=0x0800392A 
[    9.696171] [passthrough] Read: 	 address = 0x4000481C, size = 4 bytes, value = 0x006010d0, pc=0x0800395E 
[    9.696618] [passthrough] Read: 	 address = 0x40004800, size = 4 bytes, value = 0x0000800d, pc=0x080038E0 
[    9.697085] [passthrough] Read: 	 address = 0x4000481C, size = 4 bytes, value = 0x006010d0, pc=0x080038FA 
[    9.697517] [passthrough] Read: 	 address = 0x4000481C, size = 4 bytes, value = 0x006010d0, pc=0x0800392A 
[    9.697997] [passthrough] Read: 	 address = 0x4000481C, size = 4 bytes, value = 0x006010d0, pc=0x0800395E 
[    9.698508] [passthrough] Read: 	 address = 0x40004800, size = 4 bytes, value = 0x0000800d, pc=0x080038E0 
[    9.699058] [passthrough] Read: 	 address = 0x4000481C, size = 4 bytes, value = 0x006010d0, pc=0x080038FA 
[    9.699857] [passthrough] Read: 	 address = 0x4000481C, size = 4 bytes, value = 0x006010d0, pc=0x0800392A 
[    9.700386] Interrupt Taken: 	 Vector = 0x0000000F
[    9.700457] Interrupt Served: 	 Vector = 0x0000000F
[    9.703560] [passthrough] Read: 	 address = 0x4000481C, size = 4 bytes, value = 0x006010d0, pc=0x0800395E 
[    9.704128] [passthrough] Read: 	 address = 0x40004800, size = 4 bytes, value = 0x0000800d, pc=0x080038E0 
[    9.704595] [passthrough] Read: 	 address = 0x4000481C, size = 4 bytes, value = 0x006010d0, pc=0x080038FA 
[    9.705106] [passthrough] Read: 	 address = 0x4000481C, size = 4 bytes, value = 0x006010d0, pc=0x0800392A 
[    9.705686] [passthrough] Read: 	 address = 0x4000481C, size = 4 bytes, value = 0x006010d0, pc=0x0800395E 
[    9.706132] [passthrough] Read: 	 address = 0x40004800, size = 4 bytes, value = 0x0000800d, pc=0x080038E0 
[    9.706537] [passthrough] Read: 	 address = 0x4000481C, size = 4 bytes, value = 0x006010d0, pc=0x080038FA 
[    9.706934] [passthrough] Read: 	 address = 0x4000481C, size = 4 bytes, value = 0x006010d0, pc=0x0800392A 
[    9.707361] [passthrough] Read: 	 address = 0x4000481C, size = 4 bytes, value = 0x006010d0, pc=0x0800395E 
[    9.707761] [passthrough] Read: 	 address = 0x40004800, size = 4 bytes, value = 0x0000800d, pc=0x080038E0 
[    9.708218] [passthrough] Read: 	 address = 0x4000481C, size = 4 bytes, value = 0x006010d0, pc=0x080038FA 
[    9.708641] [passthrough] Read: 	 address = 0x4000481C, size = 4 bytes, value = 0x006010d0, pc=0x0800392A 
[    9.709122] [passthrough] Read: 	 address = 0x4000481C, size = 4 bytes, value = 0x006010d0, pc=0x0800395E 
[    9.709656] [passthrough] Read: 	 address = 0x40004800, size = 4 bytes, value = 0x0000800d, pc=0x080038E0 
[    9.710190] [passthrough] Read: 	 address = 0x4000481C, size = 4 bytes, value = 0x006010d0, pc=0x080038FA 
[    9.710700] [passthrough] Read: 	 address = 0x4000481C, size = 4 bytes, value = 0x006010d0, pc=0x0800392A 
[    9.711212] [passthrough] Read: 	 address = 0x4000481C, size = 4 bytes, value = 0x006010d0, pc=0x0800395E 
[    9.711813] [passthrough] Read: 	 address = 0x40004800, size = 4 bytes, value = 0x0000800d, pc=0x080038E0 
[    9.712271] Interrupt Taken: 	 Vector = 0x0000000F
[    9.712327] Interrupt Served: 	 Vector = 0x0000000F
[    9.715501] [passthrough] Read: 	 address = 0x4000481C, size = 4 bytes, value = 0x006010d0, pc=0x080038FA 
[    9.715966] Interrupt Taken: 	 Vector = 0x0000000F
[    9.716149] Interrupt Served: 	 Vector = 0x0000000F
[    9.719329] Interrupt Taken: 	 Vector = 0x0000000F
[    9.719401] Interrupt Served: 	 Vector = 0x0000000F
[    9.722482] [passthrough] Read: 	 address = 0x4000481C, size = 4 bytes, value = 0x006010d0, pc=0x0800392A 
[    9.722990] [passthrough] Read: 	 address = 0x4000481C, size = 4 bytes, value = 0x006010d0, pc=0x0800395E 
[    9.723825] [passthrough] Read: 	 address = 0x40004800, size = 4 bytes, value = 0x0000800d, pc=0x080038E0 
[    9.724339] [passthrough] Read: 	 address = 0x4000481C, size = 4 bytes, value = 0x006010d0, pc=0x080038FA 
[    9.724906] [passthrough] Read: 	 address = 0x4000481C, size = 4 bytes, value = 0x006010d0, pc=0x0800392A 
[    9.725388] [passthrough] Read: 	 address = 0x4000481C, size = 4 bytes, value = 0x006010d0, pc=0x0800395E 
[    9.725823] [passthrough] Read: 	 address = 0x40004800, size = 4 bytes, value = 0x0000800d, pc=0x080038E0 
[    9.726320] [passthrough] Read: 	 address = 0x4000481C, size = 4 bytes, value = 0x006010d0, pc=0x080038FA 
[    9.726828] [passthrough] Read: 	 address = 0x4000481C, size = 4 bytes, value = 0x006010d0, pc=0x0800392A 
[    9.727385] [passthrough] Read: 	 address = 0x4000481C, size = 4 bytes, value = 0x006010d0, pc=0x0800395E 
[    9.728158] [passthrough] Read: 	 address = 0x40004800, size = 4 bytes, value = 0x0000800d, pc=0x080038E0 
[    9.728647] Interrupt Taken: 	 Vector = 0x0000000F
[    9.728711] Interrupt Served: 	 Vector = 0x0000000F
[    9.731988] [passthrough] Read: 	 address = 0x4000481C, size = 4 bytes, value = 0x006010d0, pc=0x080038FA 
[    9.732556] [passthrough] Read: 	 address = 0x4000481C, size = 4 bytes, value = 0x006010d0, pc=0x0800392A 
[    9.733109] [passthrough] Read: 	 address = 0x4000481C, size = 4 bytes, value = 0x006010d0, pc=0x0800395E 
[    9.733589] [passthrough] Read: 	 address = 0x40004800, size = 4 bytes, value = 0x0000800d, pc=0x080038E0 
[    9.734093] [passthrough] Read: 	 address = 0x4000481C, size = 4 bytes, value = 0x006010d0, pc=0x080038FA 
[    9.734603] [passthrough] Read: 	 address = 0x4000481C, size = 4 bytes, value = 0x006010d0, pc=0x0800392A 
[    9.735118] [passthrough] Read: 	 address = 0x4000481C, size = 4 bytes, value = 0x006010d0, pc=0x0800395E 
[    9.735660] [passthrough] Read: 	 address = 0x40004800, size = 4 bytes, value = 0x0000800d, pc=0x080038E0 
[    9.736146] [passthrough] Read: 	 address = 0x4000481C, size = 4 bytes, value = 0x006010d0, pc=0x080038FA 
[    9.736672] [passthrough] Read: 	 address = 0x4000481C, size = 4 bytes, value = 0x006010d0, pc=0x0800392A 
[    9.737247] [passthrough] Read: 	 address = 0x4000481C, size = 4 bytes, value = 0x006010d0, pc=0x0800395E 
[    9.737901] [passthrough] Read: 	 address = 0x40004800, size = 4 bytes, value = 0x0000800d, pc=0x080038E0 
[    9.738393] Interrupt Taken: 	 Vector = 0x0000000F
[    9.738442] Interrupt Served: 	 Vector = 0x0000000F
[    9.741571] [passthrough] Read: 	 address = 0x4000481C, size = 4 bytes, value = 0x006010d0, pc=0x080038FA 
[    9.742110] [passthrough] Read: 	 address = 0x4000481C, size = 4 bytes, value = 0x006010d0, pc=0x0800392A 
[    9.742696] [passthrough] Read: 	 address = 0x4000481C, size = 4 bytes, value = 0x006010d0, pc=0x0800395E 
[    9.743167] [passthrough] Read: 	 address = 0x40004800, size = 4 bytes, value = 0x0000800d, pc=0x080038E0 
[    9.743655] [passthrough] Read: 	 address = 0x4000481C, size = 4 bytes, value = 0x006010d0, pc=0x080038FA 
[    9.744127] [passthrough] Read: 	 address = 0x4000481C, size = 4 bytes, value = 0x006010d0, pc=0x0800392A 
[    9.744621] [passthrough] Read: 	 address = 0x4000481C, size = 4 bytes, value = 0x006010d0, pc=0x0800395E 
[    9.745118] [passthrough] Read: 	 address = 0x40004800, size = 4 bytes, value = 0x0000800d, pc=0x080038E0 
[    9.745615] [passthrough] Read: 	 address = 0x4000481C, size = 4 bytes, value = 0x006010d0, pc=0x080038FA 
[    9.746125] [passthrough] Read: 	 address = 0x4000481C, size = 4 bytes, value = 0x006010d0, pc=0x0800392A 
[    9.746581] [passthrough] Read: 	 address = 0x4000481C, size = 4 bytes, value = 0x006010d0, pc=0x0800395E 
[    9.747080] [passthrough] Read: 	 address = 0x40004800, size = 4 bytes, value = 0x0000800d, pc=0x080038E0 
[    9.747553] [passthrough] Read: 	 address = 0x4000481C, size = 4 bytes, value = 0x006010d0, pc=0x080038FA 
[    9.748099] [passthrough] Read: 	 address = 0x4000481C, size = 4 bytes, value = 0x006010d0, pc=0x0800392A 
[    9.748618] [passthrough] Read: 	 address = 0x4000481C, size = 4 bytes, value = 0x006010d0, pc=0x0800395E 
[    9.749191] [passthrough] Read: 	 address = 0x40004800, size = 4 bytes, value = 0x0000800d, pc=0x080038E0 
[    9.749711] [passthrough] Read: 	 address = 0x4000481C, size = 4 bytes, value = 0x006010d0, pc=0x080038FA 
[    9.750221] [passthrough] Read: 	 address = 0x4000481C, size = 4 bytes, value = 0x006010d0, pc=0x0800392A 
[    9.750655] [passthrough] Read: 	 address = 0x4000481C, size = 4 bytes, value = 0x006010d0, pc=0x0800395E 
[    9.751131] [passthrough] Read: 	 address = 0x40004800, size = 4 bytes, value = 0x0000800d, pc=0x080038E0 
[    9.751630] [passthrough] Read: 	 address = 0x4000481C, size = 4 bytes, value = 0x006010d0, pc=0x080038FA 
[    9.752177] [passthrough] Read: 	 address = 0x4000481C, size = 4 bytes, value = 0x006010d0, pc=0x0800392A 
[    9.752627] [passthrough] Read: 	 address = 0x4000481C, size = 4 bytes, value = 0x006010d0, pc=0x0800395E 
[    9.753415] [passthrough] Read: 	 address = 0x40004800, size = 4 bytes, value = 0x0000800d, pc=0x080038E0 
[    9.753925] Interrupt Taken: 	 Vector = 0x0000000F
[    9.753988] Interrupt Served: 	 Vector = 0x0000000F
[    9.757178] [passthrough] Read: 	 address = 0x4000481C, size = 4 bytes, value = 0x006010d0, pc=0x080038FA 
[    9.757682] [passthrough] Read: 	 address = 0x4000481C, size = 4 bytes, value = 0x006010d0, pc=0x0800392A 
[    9.758198] [passthrough] Read: 	 address = 0x4000481C, size = 4 bytes, value = 0x006010d0, pc=0x0800395E 
[    9.758756] [passthrough] Read: 	 address = 0x4000481C, size = 4 bytes, value = 0x006010d0, pc=0x0800395E 
[    9.759214] [passthrough] Read: 	 address = 0x40004800, size = 4 bytes, value = 0x0000800d, pc=0x080038E0 
[    9.759697] [passthrough] Read: 	 address = 0x4000481C, size = 4 bytes, value = 0x006010d0, pc=0x080038FA 
[    9.760162] [passthrough] Read: 	 address = 0x4000481C, size = 4 bytes, value = 0x006010d0, pc=0x0800392A 
[    9.760596] [passthrough] Read: 	 address = 0x4000481C, size = 4 bytes, value = 0x006010d0, pc=0x0800395E 
[    9.761080] [passthrough] Read: 	 address = 0x40004800, size = 4 bytes, value = 0x0000800d, pc=0x080038E0 
[    9.761549] [passthrough] Read: 	 address = 0x4000481C, size = 4 bytes, value = 0x006010d0, pc=0x080038FA 
[    9.762095] [passthrough] Read: 	 address = 0x4000481C, size = 4 bytes, value = 0x006010d0, pc=0x0800392A 
[    9.762608] [passthrough] Read: 	 address = 0x4000481C, size = 4 bytes, value = 0x006010d0, pc=0x0800395E 
[    9.763217] [passthrough] Read: 	 address = 0x40004800, size = 4 bytes, value = 0x0000800d, pc=0x080038E0 
[    9.763659] Interrupt Taken: 	 Vector = 0x0000000F
[    9.763735] Interrupt Served: 	 Vector = 0x0000000F
[    9.767334] [passthrough] Read: 	 address = 0x4000481C, size = 4 bytes, value = 0x006010d0, pc=0x080038FA 
[    9.767800] Interrupt Taken: 	 Vector = 0x0000000F
[    9.767861] Interrupt Served: 	 Vector = 0x0000000F
[    9.770938] [passthrough] Read: 	 address = 0x4000481C, size = 4 bytes, value = 0x006010d0, pc=0x0800392A 
[    9.771495] [passthrough] Read: 	 address = 0x4000481C, size = 4 bytes, value = 0x006010d0, pc=0x0800395E 
[    9.772051] [passthrough] Read: 	 address = 0x40004800, size = 4 bytes, value = 0x0000800d, pc=0x080038E0 
[    9.772546] [passthrough] Read: 	 address = 0x4000481C, size = 4 bytes, value = 0x006010d0, pc=0x080038FA 
[    9.773063] [passthrough] Read: 	 address = 0x4000481C, size = 4 bytes, value = 0x006010d0, pc=0x0800392A 
[    9.773643] [passthrough] Read: 	 address = 0x4000481C, size = 4 bytes, value = 0x006010d0, pc=0x0800395E 
[    9.774177] [passthrough] Read: 	 address = 0x40004800, size = 4 bytes, value = 0x0000800d, pc=0x080038E0 
[    9.774678] [passthrough] Read: 	 address = 0x4000481C, size = 4 bytes, value = 0x006010d0, pc=0x080038FA 
[    9.775198] [passthrough] Read: 	 address = 0x4000481C, size = 4 bytes, value = 0x006010d0, pc=0x0800392A 
[    9.775710] [passthrough] Read: 	 address = 0x4000481C, size = 4 bytes, value = 0x006010d0, pc=0x0800395E 
[    9.776176] [passthrough] Read: 	 address = 0x40004800, size = 4 bytes, value = 0x0000800d, pc=0x080038E0 
[    9.776702] [passthrough] Read: 	 address = 0x4000481C, size = 4 bytes, value = 0x006010d0, pc=0x080038FA 
[    9.777203] [passthrough] Read: 	 address = 0x4000481C, size = 4 bytes, value = 0x006010d0, pc=0x0800392A 
[    9.777808] [passthrough] Read: 	 address = 0x4000481C, size = 4 bytes, value = 0x006010d0, pc=0x0800395E 
[    9.778331] Interrupt Taken: 	 Vector = 0x0000000F
[    9.778411] Interrupt Served: 	 Vector = 0x0000000F
[    9.781323] Interrupt Taken: 	 Vector = 0x0000000F
[    9.781393] Interrupt Served: 	 Vector = 0x0000000F
[    9.784417] [passthrough] Read: 	 address = 0x40004800, size = 4 bytes, value = 0x0000800d, pc=0x080038E0 
[    9.784943] [passthrough] Read: 	 address = 0x4000481C, size = 4 bytes, value = 0x006010d0, pc=0x080038FA 
[    9.785478] [passthrough] Read: 	 address = 0x4000481C, size = 4 bytes, value = 0x006010d0, pc=0x0800392A 
[    9.786227] [passthrough] Read: 	 address = 0x4000481C, size = 4 bytes, value = 0x006010d0, pc=0x0800395E 
[    9.786726] Interrupt Taken: 	 Vector = 0x0000000F
[    9.786794] Interrupt Served: 	 Vector = 0x0000000F
[    9.790122] [passthrough] Read: 	 address = 0x40004800, size = 4 bytes, value = 0x0000800d, pc=0x080038E0 
[    9.790631] Interrupt Taken: 	 Vector = 0x0000000F
[    9.790694] Interrupt Served: 	 Vector = 0x0000000F
[    9.794130] [passthrough] Read: 	 address = 0x4000481C, size = 4 bytes, value = 0x006010d0, pc=0x080038FA 
[    9.794684] [passthrough] Read: 	 address = 0x4000481C, size = 4 bytes, value = 0x006010d0, pc=0x0800392A 
[    9.795212] [passthrough] Read: 	 address = 0x4000481C, size = 4 bytes, value = 0x006010d0, pc=0x0800395E 
[    9.795814] [passthrough] Read: 	 address = 0x40004800, size = 4 bytes, value = 0x0000800d, pc=0x080038E0 
[    9.796404] [passthrough] Read: 	 address = 0x4000481C, size = 4 bytes, value = 0x006010d0, pc=0x080038FA 
[    9.796893] [passthrough] Read: 	 address = 0x4000481C, size = 4 bytes, value = 0x006010d0, pc=0x0800392A 
[    9.797312] [passthrough] Read: 	 address = 0x4000481C, size = 4 bytes, value = 0x006010d0, pc=0x0800395E 
[    9.797799] [passthrough] Read: 	 address = 0x40004800, size = 4 bytes, value = 0x0000800d, pc=0x080038E0 
[    9.798284] [passthrough] Read: 	 address = 0x4000481C, size = 4 bytes, value = 0x006010d0, pc=0x080038FA 
[    9.798845] [passthrough] Read: 	 address = 0x4000481C, size = 4 bytes, value = 0x006010d0, pc=0x0800392A 
[    9.799315] Interrupt Taken: 	 Vector = 0x0000000F
[    9.799435] Interrupt Served: 	 Vector = 0x0000000F
[    9.802285] Interrupt Taken: 	 Vector = 0x0000000F
[    9.802406] Interrupt Served: 	 Vector = 0x0000000F
[    9.805658] [passthrough] Read: 	 address = 0x4000481C, size = 4 bytes, value = 0x006010d0, pc=0x0800395E 
[    9.806530] [passthrough] Read: 	 address = 0x40004800, size = 4 bytes, value = 0x0000800d, pc=0x080038E0 
[    9.807227] [passthrough] Read: 	 address = 0x4000481C, size = 4 bytes, value = 0x006010d0, pc=0x080038FA 
[    9.807748] Interrupt Taken: 	 Vector = 0x0000000F
[    9.807842] Interrupt Served: 	 Vector = 0x0000000F
[    9.811085] Interrupt Taken: 	 Vector = 0x0000000F
[    9.811153] Interrupt Served: 	 Vector = 0x0000000F
[    9.814283] [passthrough] Read: 	 address = 0x4000481C, size = 4 bytes, value = 0x006010d0, pc=0x0800392A 
[    9.814792] [passthrough] Read: 	 address = 0x4000481C, size = 4 bytes, value = 0x006010d0, pc=0x0800395E 
[    9.815355] [passthrough] Read: 	 address = 0x40004800, size = 4 bytes, value = 0x0000800d, pc=0x080038E0 
[    9.815912] [passthrough] Read: 	 address = 0x4000481C, size = 4 bytes, value = 0x006010d0, pc=0x080038FA 
[    9.816408] [passthrough] Read: 	 address = 0x4000481C, size = 4 bytes, value = 0x006010d0, pc=0x0800392A 
[    9.816889] [passthrough] Read: 	 address = 0x4000481C, size = 4 bytes, value = 0x006010d0, pc=0x0800395E 
[    9.817421] [passthrough] Read: 	 address = 0x40004800, size = 4 bytes, value = 0x0000800d, pc=0x080038E0 
[    9.817912] [passthrough] Read: 	 address = 0x4000481C, size = 4 bytes, value = 0x006010d0, pc=0x080038FA 
[    9.818409] [passthrough] Read: 	 address = 0x4000481C, size = 4 bytes, value = 0x006010d0, pc=0x0800392A 
[    9.818907] [passthrough] Read: 	 address = 0x4000481C, size = 4 bytes, value = 0x006010d0, pc=0x0800395E 
[    9.819601] [passthrough] Read: 	 address = 0x40004800, size = 4 bytes, value = 0x0000800d, pc=0x080038E0 
[    9.820122] Interrupt Taken: 	 Vector = 0x0000000F
[    9.820186] Interrupt Served: 	 Vector = 0x0000000F
[    9.823163] [passthrough] Read: 	 address = 0x4000481C, size = 4 bytes, value = 0x006010d0, pc=0x080038FA 
[    9.823674] [passthrough] Read: 	 address = 0x4000481C, size = 4 bytes, value = 0x006010d0, pc=0x0800392A 
[    9.824147] [passthrough] Read: 	 address = 0x4000481C, size = 4 bytes, value = 0x006010d0, pc=0x0800395E 
[    9.824689] [passthrough] Read: 	 address = 0x4000481C, size = 4 bytes, value = 0x006010d0, pc=0x0800395E 
[    9.825180] [passthrough] Read: 	 address = 0x40004800, size = 4 bytes, value = 0x0000800d, pc=0x080038E0 
[    9.825728] [passthrough] Read: 	 address = 0x4000481C, size = 4 bytes, value = 0x006010d0, pc=0x080038FA 
[    9.826189] [passthrough] Read: 	 address = 0x4000481C, size = 4 bytes, value = 0x006010d0, pc=0x0800392A 
[    9.826720] [passthrough] Read: 	 address = 0x4000481C, size = 4 bytes, value = 0x006010d0, pc=0x0800395E 
[    9.827201] [passthrough] Read: 	 address = 0x40004800, size = 4 bytes, value = 0x0000800d, pc=0x080038E0 
[    9.827951] [passthrough] Read: 	 address = 0x4000481C, size = 4 bytes, value = 0x006010d0, pc=0x080038FA 
[    9.828435] Interrupt Taken: 	 Vector = 0x0000000F
[    9.828580] Interrupt Served: 	 Vector = 0x0000000F
[    9.831549] Interrupt Taken: 	 Vector = 0x0000000F
[    9.831648] Interrupt Served: 	 Vector = 0x0000000F
[    9.834877] [passthrough] Read: 	 address = 0x4000481C, size = 4 bytes, value = 0x006010d0, pc=0x0800392A 
[    9.835437] [passthrough] Read: 	 address = 0x4000481C, size = 4 bytes, value = 0x006010d0, pc=0x0800395E 
[    9.835995] [passthrough] Read: 	 address = 0x40004800, size = 4 bytes, value = 0x0000800d, pc=0x080038E0 
[    9.836543] [passthrough] Read: 	 address = 0x4000481C, size = 4 bytes, value = 0x006010d0, pc=0x080038FA 
[    9.837298] [passthrough] Read: 	 address = 0x4000481C, size = 4 bytes, value = 0x006010d0, pc=0x0800392A 
[    9.837797] Interrupt Taken: 	 Vector = 0x0000000F
[    9.837864] Interrupt Served: 	 Vector = 0x0000000F
[    9.841001] [passthrough] Read: 	 address = 0x4000481C, size = 4 bytes, value = 0x006010d0, pc=0x0800395E 
[    9.841495] [passthrough] Read: 	 address = 0x40004800, size = 4 bytes, value = 0x0000800d, pc=0x080038E0 
[    9.841942] [passthrough] Read: 	 address = 0x4000481C, size = 4 bytes, value = 0x006010d0, pc=0x080038FA 
[    9.842457] [passthrough] Read: 	 address = 0x4000481C, size = 4 bytes, value = 0x006010d0, pc=0x0800392A 
[    9.842941] [passthrough] Read: 	 address = 0x4000481C, size = 4 bytes, value = 0x006010d0, pc=0x0800395E 
[    9.843426] [passthrough] Read: 	 address = 0x40004800, size = 4 bytes, value = 0x0000800d, pc=0x080038E0 
[    9.843913] [passthrough] Read: 	 address = 0x4000481C, size = 4 bytes, value = 0x006010d0, pc=0x080038FA 
[    9.844378] [passthrough] Read: 	 address = 0x4000481C, size = 4 bytes, value = 0x006010d0, pc=0x0800392A 
[    9.844839] [passthrough] Read: 	 address = 0x4000481C, size = 4 bytes, value = 0x006010d0, pc=0x0800395E 
[    9.845318] [passthrough] Read: 	 address = 0x40004800, size = 4 bytes, value = 0x0000800d, pc=0x080038E0 
[    9.845820] [passthrough] Read: 	 address = 0x4000481C, size = 4 bytes, value = 0x006010d0, pc=0x080038FA 
[    9.846330] [passthrough] Read: 	 address = 0x4000481C, size = 4 bytes, value = 0x006010d0, pc=0x0800392A 
[    9.846868] [passthrough] Read: 	 address = 0x4000481C, size = 4 bytes, value = 0x006010d0, pc=0x0800395E 
[    9.847844] [passthrough] Read: 	 address = 0x40004800, size = 4 bytes, value = 0x0000800d, pc=0x080038E0 
[    9.848328] [passthrough] Read: 	 address = 0x4000481C, size = 4 bytes, value = 0x006010d0, pc=0x080038FA 
[    9.848836] [passthrough] Read: 	 address = 0x4000481C, size = 4 bytes, value = 0x006010d0, pc=0x0800392A 
[    9.849320] [passthrough] Read: 	 address = 0x4000481C, size = 4 bytes, value = 0x006010d0, pc=0x0800395E 
[    9.850050] [passthrough] Read: 	 address = 0x40004800, size = 4 bytes, value = 0x0000800d, pc=0x080038E0 
[    9.850520] Interrupt Taken: 	 Vector = 0x0000000F
[    9.850668] Interrupt Served: 	 Vector = 0x0000000F
[    9.853529] Interrupt Taken: 	 Vector = 0x0000000F
[    9.853640] Interrupt Served: 	 Vector = 0x0000000F
[    9.857000] [passthrough] Read: 	 address = 0x4000481C, size = 4 bytes, value = 0x006010d0, pc=0x080038FA 
[    9.857465] Interrupt Taken: 	 Vector = 0x0000000F
[    9.857587] Interrupt Served: 	 Vector = 0x0000000F
[    9.860465] Interrupt Taken: 	 Vector = 0x0000000F
[    9.860533] Interrupt Served: 	 Vector = 0x0000000F
[    9.863716] [passthrough] Read: 	 address = 0x4000481C, size = 4 bytes, value = 0x006010d0, pc=0x0800392A 
[    9.864173] [passthrough] Read: 	 address = 0x4000481C, size = 4 bytes, value = 0x006010d0, pc=0x0800395E 
[    9.864647] [passthrough] Read: 	 address = 0x40004800, size = 4 bytes, value = 0x0000800d, pc=0x080038E0 
[    9.865177] [passthrough] Read: 	 address = 0x4000481C, size = 4 bytes, value = 0x006010d0, pc=0x080038FA 
[    9.865670] [passthrough] Read: 	 address = 0x4000481C, size = 4 bytes, value = 0x006010d0, pc=0x0800392A 
[    9.866170] [passthrough] Read: 	 address = 0x4000481C, size = 4 bytes, value = 0x006010d0, pc=0x0800395E 
[    9.866780] [passthrough] Read: 	 address = 0x40004800, size = 4 bytes, value = 0x0000800d, pc=0x080038E0 
[    9.867259] Interrupt Taken: 	 Vector = 0x0000000F
[    9.867363] Interrupt Served: 	 Vector = 0x0000000F
[    9.870182] Interrupt Taken: 	 Vector = 0x0000000F
[    9.870303] Interrupt Served: 	 Vector = 0x0000000F
[    9.873579] [passthrough] Read: 	 address = 0x4000481C, size = 4 bytes, value = 0x006010d0, pc=0x080038FA 
[    9.874086] Interrupt Taken: 	 Vector = 0x0000000F
[    9.874151] Interrupt Served: 	 Vector = 0x0000000F
[    9.877253] [passthrough] Read: 	 address = 0x4000481C, size = 4 bytes, value = 0x006010d0, pc=0x0800392A 
[    9.877763] [passthrough] Read: 	 address = 0x4000481C, size = 4 bytes, value = 0x006010d0, pc=0x0800395E 
[    9.878389] [passthrough] Read: 	 address = 0x40004800, size = 4 bytes, value = 0x0000800d, pc=0x080038E0 
[    9.878834] [passthrough] Read: 	 address = 0x4000481C, size = 4 bytes, value = 0x006010d0, pc=0x080038FA 
[    9.879324] [passthrough] Read: 	 address = 0x4000481C, size = 4 bytes, value = 0x006010d0, pc=0x0800392A 
[    9.879837] [passthrough] Read: 	 address = 0x4000481C, size = 4 bytes, value = 0x006010d0, pc=0x0800395E 
[    9.880327] [passthrough] Read: 	 address = 0x40004800, size = 4 bytes, value = 0x0000800d, pc=0x080038E0 
[    9.880802] [passthrough] Read: 	 address = 0x4000481C, size = 4 bytes, value = 0x006010d0, pc=0x080038FA 
[    9.881307] [passthrough] Read: 	 address = 0x4000481C, size = 4 bytes, value = 0x006010d0, pc=0x0800392A 
[    9.881861] [passthrough] Read: 	 address = 0x4000481C, size = 4 bytes, value = 0x006010d0, pc=0x0800395E 
[    9.882398] [passthrough] Read: 	 address = 0x40004800, size = 4 bytes, value = 0x0000800d, pc=0x080038E0 
[    9.882977] [passthrough] Read: 	 address = 0x4000481C, size = 4 bytes, value = 0x006010d0, pc=0x080038FA 
[    9.883516] [passthrough] Read: 	 address = 0x4000481C, size = 4 bytes, value = 0x006010d0, pc=0x0800392A 
[    9.884052] [passthrough] Read: 	 address = 0x4000481C, size = 4 bytes, value = 0x006010d0, pc=0x0800395E 
[    9.884706] [passthrough] Read: 	 address = 0x40004800, size = 4 bytes, value = 0x0000800d, pc=0x080038E0 
[    9.885174] Interrupt Taken: 	 Vector = 0x0000000F
[    9.885304] Interrupt Served: 	 Vector = 0x0000000F
[    9.888255] Interrupt Taken: 	 Vector = 0x0000000F
[    9.888374] Interrupt Served: 	 Vector = 0x0000000F
[    9.891940] [passthrough] Read: 	 address = 0x4000481C, size = 4 bytes, value = 0x006010d0, pc=0x080038FA 
[    9.892577] [passthrough] Read: 	 address = 0x4000481C, size = 4 bytes, value = 0x006010d0, pc=0x0800392A 
[    9.893185] [passthrough] Read: 	 address = 0x4000481C, size = 4 bytes, value = 0x006010d0, pc=0x0800395E 
[    9.893779] [passthrough] Read: 	 address = 0x4000481C, size = 4 bytes, value = 0x006010d0, pc=0x0800395E 
[    9.894322] [passthrough] Read: 	 address = 0x40004800, size = 4 bytes, value = 0x0000800d, pc=0x080038E0 
[    9.894882] [passthrough] Read: 	 address = 0x4000481C, size = 4 bytes, value = 0x006010d0, pc=0x080038FA 
[    9.895430] [passthrough] Read: 	 address = 0x4000481C, size = 4 bytes, value = 0x006010d0, pc=0x0800392A 
[    9.896005] [passthrough] Read: 	 address = 0x4000481C, size = 4 bytes, value = 0x006010d0, pc=0x0800395E 
[    9.896549] [passthrough] Read: 	 address = 0x40004800, size = 4 bytes, value = 0x0000800d, pc=0x080038E0 
[    9.897071] [passthrough] Read: 	 address = 0x4000481C, size = 4 bytes, value = 0x006010d0, pc=0x080038FA 
[    9.897598] [passthrough] Read: 	 address = 0x4000481C, size = 4 bytes, value = 0x006010d0, pc=0x0800392A 
[    9.898137] [passthrough] Read: 	 address = 0x4000481C, size = 4 bytes, value = 0x006010d0, pc=0x0800395E 
[    9.898704] [passthrough] Read: 	 address = 0x40004800, size = 4 bytes, value = 0x0000800d, pc=0x080038E0 
[    9.899295] [passthrough] Read: 	 address = 0x4000481C, size = 4 bytes, value = 0x006010d0, pc=0x080038FA 
[    9.899816] [passthrough] Read: 	 address = 0x4000481C, size = 4 bytes, value = 0x006010d0, pc=0x0800392A 
[    9.900317] [passthrough] Read: 	 address = 0x4000481C, size = 4 bytes, value = 0x006010d0, pc=0x0800395E 
[    9.900795] [passthrough] Read: 	 address = 0x40004800, size = 4 bytes, value = 0x0000800d, pc=0x080038E0 
[    9.901313] [passthrough] Read: 	 address = 0x4000481C, size = 4 bytes, value = 0x006010d0, pc=0x080038FA 
[    9.901864] [passthrough] Read: 	 address = 0x4000481C, size = 4 bytes, value = 0x006010d0, pc=0x0800392A 
[    9.902522] [passthrough] Read: 	 address = 0x4000481C, size = 4 bytes, value = 0x006010d0, pc=0x0800395E 
[    9.903007] Interrupt Taken: 	 Vector = 0x0000000F
[    9.903093] Interrupt Served: 	 Vector = 0x0000000F
[    9.906307] [passthrough] Read: 	 address = 0x40004800, size = 4 bytes, value = 0x0000800d, pc=0x080038E0 
[    9.906828] Interrupt Taken: 	 Vector = 0x0000000F
[    9.906939] Interrupt Served: 	 Vector = 0x0000000F
[    9.909770] Interrupt Taken: 	 Vector = 0x0000000F
[    9.909843] Interrupt Served: 	 Vector = 0x0000000F
[    9.912968] [passthrough] Read: 	 address = 0x4000481C, size = 4 bytes, value = 0x006010d0, pc=0x080038FA 
[    9.913477] [passthrough] Read: 	 address = 0x4000481C, size = 4 bytes, value = 0x006010d0, pc=0x0800392A 
[    9.914186] [passthrough] Read: 	 address = 0x4000481C, size = 4 bytes, value = 0x006010d0, pc=0x0800395E 
[    9.914695] Interrupt Taken: 	 Vector = 0x0000000F
[    9.914741] Interrupt Served: 	 Vector = 0x0000000F
[    9.917984] [passthrough] Read: 	 address = 0x40004800, size = 4 bytes, value = 0x0000800d, pc=0x080038E0 
[    9.918535] [passthrough] Read: 	 address = 0x4000481C, size = 4 bytes, value = 0x006010d0, pc=0x080038FA 
[    9.919133] [passthrough] Read: 	 address = 0x4000481C, size = 4 bytes, value = 0x006010d0, pc=0x0800392A 
[    9.919656] [passthrough] Read: 	 address = 0x4000481C, size = 4 bytes, value = 0x006010d0, pc=0x0800395E 
[    9.920333] [passthrough] Read: 	 address = 0x40004800, size = 4 bytes, value = 0x0000800d, pc=0x080038E0 
[    9.920809] Interrupt Taken: 	 Vector = 0x0000000F
[    9.920873] Interrupt Served: 	 Vector = 0x0000000F
[    9.924184] [passthrough] Read: 	 address = 0x4000481C, size = 4 bytes, value = 0x006010d0, pc=0x080038FA 
[    9.924697] Interrupt Taken: 	 Vector = 0x0000000F
[    9.924735] Interrupt Served: 	 Vector = 0x0000000F
[    9.928067] [passthrough] Read: 	 address = 0x4000481C, size = 4 bytes, value = 0x006010d0, pc=0x0800392A 
[    9.928614] [passthrough] Read: 	 address = 0x4000481C, size = 4 bytes, value = 0x006010d0, pc=0x0800395E 
[    9.929132] [passthrough] Read: 	 address = 0x40004800, size = 4 bytes, value = 0x0000800d, pc=0x080038E0 
[    9.930062] [passthrough] Read: 	 address = 0x4000481C, size = 4 bytes, value = 0x006010d0, pc=0x080038FA 
[    9.930573] [passthrough] Read: 	 address = 0x4000481C, size = 4 bytes, value = 0x006010d0, pc=0x0800392A 
[    9.931108] [passthrough] Read: 	 address = 0x4000481C, size = 4 bytes, value = 0x006010d0, pc=0x0800395E 
[    9.931566] [passthrough] Read: 	 address = 0x40004800, size = 4 bytes, value = 0x0000800d, pc=0x080038E0 
[    9.932057] [passthrough] Read: 	 address = 0x4000481C, size = 4 bytes, value = 0x006010d0, pc=0x080038FA 
[    9.932511] [passthrough] Read: 	 address = 0x4000481C, size = 4 bytes, value = 0x006010d0, pc=0x0800392A 
[    9.932953] [passthrough] Read: 	 address = 0x4000481C, size = 4 bytes, value = 0x006010d0, pc=0x0800395E 
[    9.933447] [passthrough] Read: 	 address = 0x40004800, size = 4 bytes, value = 0x0000800d, pc=0x080038E0 
[    9.933909] [passthrough] Read: 	 address = 0x4000481C, size = 4 bytes, value = 0x006010d0, pc=0x080038FA 
[    9.934348] [passthrough] Read: 	 address = 0x4000481C, size = 4 bytes, value = 0x006010d0, pc=0x0800392A 
[    9.934874] [passthrough] Read: 	 address = 0x4000481C, size = 4 bytes, value = 0x006010d0, pc=0x0800395E 
[    9.935358] [passthrough] Read: 	 address = 0x40004800, size = 4 bytes, value = 0x0000800d, pc=0x080038E0 
[    9.935855] [passthrough] Read: 	 address = 0x4000481C, size = 4 bytes, value = 0x006010d0, pc=0x080038FA 
[    9.936362] [passthrough] Read: 	 address = 0x4000481C, size = 4 bytes, value = 0x006010d0, pc=0x0800392A 
[    9.936813] [passthrough] Read: 	 address = 0x4000481C, size = 4 bytes, value = 0x006010d0, pc=0x0800395E 
[    9.937263] [passthrough] Read: 	 address = 0x40004800, size = 4 bytes, value = 0x0000800d, pc=0x080038E0 
[    9.937665] [passthrough] Read: 	 address = 0x4000481C, size = 4 bytes, value = 0x006010d0, pc=0x080038FA 
[    9.938081] [passthrough] Read: 	 address = 0x4000481C, size = 4 bytes, value = 0x006010d0, pc=0x0800392A 
[    9.938506] [passthrough] Read: 	 address = 0x4000481C, size = 4 bytes, value = 0x006010d0, pc=0x0800395E 
[    9.938918] [passthrough] Read: 	 address = 0x40004800, size = 4 bytes, value = 0x0000800d, pc=0x080038E0 
[    9.939342] [passthrough] Read: 	 address = 0x4000481C, size = 4 bytes, value = 0x006010d0, pc=0x080038FA 
[    9.939789] [passthrough] Read: 	 address = 0x4000481C, size = 4 bytes, value = 0x006010d0, pc=0x0800392A 
[    9.940270] [passthrough] Read: 	 address = 0x4000481C, size = 4 bytes, value = 0x006010d0, pc=0x0800395E 
[    9.940761] [passthrough] Read: 	 address = 0x40004800, size = 4 bytes, value = 0x0000800d, pc=0x080038E0 
[    9.941201] [passthrough] Read: 	 address = 0x4000481C, size = 4 bytes, value = 0x006010d0, pc=0x080038FA 
[    9.941666] [passthrough] Read: 	 address = 0x4000481C, size = 4 bytes, value = 0x006010d0, pc=0x0800392A 
[    9.942119] [passthrough] Read: 	 address = 0x4000481C, size = 4 bytes, value = 0x006010d0, pc=0x0800395E 
[    9.942550] [passthrough] Read: 	 address = 0x40004800, size = 4 bytes, value = 0x0000800d, pc=0x080038E0 
[    9.943001] [passthrough] Read: 	 address = 0x4000481C, size = 4 bytes, value = 0x006010d0, pc=0x080038FA 
[    9.943456] [passthrough] Read: 	 address = 0x4000481C, size = 4 bytes, value = 0x006010d0, pc=0x0800392A 
[    9.943967] [passthrough] Read: 	 address = 0x4000481C, size = 4 bytes, value = 0x006010d0, pc=0x0800395E 
[    9.944442] [passthrough] Read: 	 address = 0x40004800, size = 4 bytes, value = 0x0000800d, pc=0x080038E0 
[    9.944982] [passthrough] Read: 	 address = 0x4000481C, size = 4 bytes, value = 0x006010d0, pc=0x080038FA 
[    9.945486] [passthrough] Read: 	 address = 0x4000481C, size = 4 bytes, value = 0x006010d0, pc=0x0800392A 
[    9.945957] [passthrough] Read: 	 address = 0x4000481C, size = 4 bytes, value = 0x006010d0, pc=0x0800395E 
[    9.946438] [passthrough] Read: 	 address = 0x40004800, size = 4 bytes, value = 0x0000800d, pc=0x080038E0 
[    9.946917] [passthrough] Read: 	 address = 0x4000481C, size = 4 bytes, value = 0x006010d0, pc=0x080038FA 
[    9.947373] [passthrough] Read: 	 address = 0x4000481C, size = 4 bytes, value = 0x006010d0, pc=0x0800392A 
[    9.947855] [passthrough] Read: 	 address = 0x4000481C, size = 4 bytes, value = 0x006010d0, pc=0x0800395E 
[    9.948338] [passthrough] Read: 	 address = 0x40004800, size = 4 bytes, value = 0x0000800d, pc=0x080038E0 
[    9.948810] [passthrough] Read: 	 address = 0x4000481C, size = 4 bytes, value = 0x006010d0, pc=0x080038FA 
[    9.949313] [passthrough] Read: 	 address = 0x4000481C, size = 4 bytes, value = 0x006010d0, pc=0x0800392A 
[    9.949787] [passthrough] Read: 	 address = 0x4000481C, size = 4 bytes, value = 0x006010d0, pc=0x0800395E 
[    9.950241] [passthrough] Read: 	 address = 0x40004800, size = 4 bytes, value = 0x0000800d, pc=0x080038E0 
[    9.950767] [passthrough] Read: 	 address = 0x4000481C, size = 4 bytes, value = 0x006010d0, pc=0x080038FA 
[    9.951237] [passthrough] Read: 	 address = 0x4000481C, size = 4 bytes, value = 0x006010d0, pc=0x0800392A 
[    9.951738] [passthrough] Read: 	 address = 0x4000481C, size = 4 bytes, value = 0x006010d0, pc=0x0800395E 
[    9.952468] [passthrough] Read: 	 address = 0x40004800, size = 4 bytes, value = 0x0000800d, pc=0x080038E0 
[    9.952947] Interrupt Taken: 	 Vector = 0x0000000F
[    9.953105] Interrupt Served: 	 Vector = 0x0000000F
[    9.956039] Interrupt Taken: 	 Vector = 0x0000000F
[    9.956149] Interrupt Served: 	 Vector = 0x0000000F
[    9.959622] [passthrough] Read: 	 address = 0x4000481C, size = 4 bytes, value = 0x006010d0, pc=0x080038FA 
[    9.960124] [passthrough] Read: 	 address = 0x4000481C, size = 4 bytes, value = 0x006010d0, pc=0x0800392A 
[    9.960616] [passthrough] Read: 	 address = 0x4000481C, size = 4 bytes, value = 0x006010d0, pc=0x0800395E 
[    9.961092] [passthrough] Read: 	 address = 0x40004800, size = 4 bytes, value = 0x0000800d, pc=0x080038E0 
[    9.961562] [passthrough] Read: 	 address = 0x4000481C, size = 4 bytes, value = 0x006010d0, pc=0x080038FA 
[    9.962040] [passthrough] Read: 	 address = 0x4000481C, size = 4 bytes, value = 0x006010d0, pc=0x0800392A 
[    9.962527] [passthrough] Read: 	 address = 0x4000481C, size = 4 bytes, value = 0x006010d0, pc=0x0800395E 
[    9.963011] [passthrough] Read: 	 address = 0x40004800, size = 4 bytes, value = 0x0000800d, pc=0x080038E0 
[    9.963516] [passthrough] Read: 	 address = 0x4000481C, size = 4 bytes, value = 0x006010d0, pc=0x080038FA 
[    9.963947] [passthrough] Read: 	 address = 0x4000481C, size = 4 bytes, value = 0x006010d0, pc=0x0800392A 
[    9.964446] [passthrough] Read: 	 address = 0x4000481C, size = 4 bytes, value = 0x006010d0, pc=0x0800395E 
[    9.965229] [passthrough] Read: 	 address = 0x40004800, size = 4 bytes, value = 0x0000800d, pc=0x080038E0 
[    9.965730] Interrupt Taken: 	 Vector = 0x0000000F
[    9.965884] Interrupt Served: 	 Vector = 0x0000000F
[    9.968760] Interrupt Taken: 	 Vector = 0x0000000F
[    9.968860] Interrupt Served: 	 Vector = 0x0000000F
[    9.972071] [passthrough] Read: 	 address = 0x4000481C, size = 4 bytes, value = 0x006010d0, pc=0x080038FA 
[    9.972927] [passthrough] Read: 	 address = 0x4000481C, size = 4 bytes, value = 0x006010d0, pc=0x0800392A 
[    9.973438] [passthrough] Read: 	 address = 0x4000481C, size = 4 bytes, value = 0x006010d0, pc=0x0800395E 
[    9.973958] [passthrough] Read: 	 address = 0x40004800, size = 4 bytes, value = 0x0000800d, pc=0x080038E0 
[    9.974444] [passthrough] Read: 	 address = 0x4000481C, size = 4 bytes, value = 0x006010d0, pc=0x080038FA 
[    9.974914] [passthrough] Read: 	 address = 0x4000481C, size = 4 bytes, value = 0x006010d0, pc=0x0800392A 
[    9.975395] [passthrough] Read: 	 address = 0x4000481C, size = 4 bytes, value = 0x006010d0, pc=0x0800395E 
[    9.975877] [passthrough] Read: 	 address = 0x40004800, size = 4 bytes, value = 0x0000800d, pc=0x080038E0 
[    9.976393] [passthrough] Read: 	 address = 0x4000481C, size = 4 bytes, value = 0x006010d0, pc=0x080038FA 
[    9.976883] [passthrough] Read: 	 address = 0x4000481C, size = 4 bytes, value = 0x006010d0, pc=0x0800392A 
[    9.977419] [passthrough] Read: 	 address = 0x4000481C, size = 4 bytes, value = 0x006010d0, pc=0x0800395E 
[    9.977915] [passthrough] Read: 	 address = 0x40004800, size = 4 bytes, value = 0x0000800d, pc=0x080038E0 
[    9.978428] [passthrough] Read: 	 address = 0x4000481C, size = 4 bytes, value = 0x006010d0, pc=0x080038FA 
[    9.979147] [passthrough] Read: 	 address = 0x4000481C, size = 4 bytes, value = 0x006010d0, pc=0x0800392A 
[    9.979630] Interrupt Taken: 	 Vector = 0x0000000F
[    9.979686] Interrupt Served: 	 Vector = 0x0000000F
[    9.982840] [passthrough] Read: 	 address = 0x4000481C, size = 4 bytes, value = 0x006010d0, pc=0x0800395E 
[    9.983564] [passthrough] Read: 	 address = 0x4000481C, size = 4 bytes, value = 0x006010d0, pc=0x0800395E 
[    9.984087] Interrupt Taken: 	 Vector = 0x0000000F
[    9.984151] Interrupt Served: 	 Vector = 0x0000000F
[    9.987552] [passthrough] Read: 	 address = 0x40004800, size = 4 bytes, value = 0x0000800d, pc=0x080038E0 
[    9.988111] Interrupt Taken: 	 Vector = 0x0000000F
[    9.988188] Interrupt Served: 	 Vector = 0x0000000F
[    9.991339] [passthrough] Read: 	 address = 0x4000481C, size = 4 bytes, value = 0x006010d0, pc=0x080038FA 
[    9.991769] [passthrough] Read: 	 address = 0x4000481C, size = 4 bytes, value = 0x006010d0, pc=0x0800392A 
[    9.992205] [passthrough] Read: 	 address = 0x4000481C, size = 4 bytes, value = 0x006010d0, pc=0x0800395E 
[    9.992651] [passthrough] Read: 	 address = 0x40004800, size = 4 bytes, value = 0x0000800d, pc=0x080038E0 
[    9.993093] [passthrough] Read: 	 address = 0x4000481C, size = 4 bytes, value = 0x006010d0, pc=0x080038FA 
[    9.993612] [passthrough] Read: 	 address = 0x4000481C, size = 4 bytes, value = 0x006010d0, pc=0x0800392A 
[    9.994046] [passthrough] Read: 	 address = 0x4000481C, size = 4 bytes, value = 0x006010d0, pc=0x0800395E 
[    9.994502] [passthrough] Read: 	 address = 0x40004800, size = 4 bytes, value = 0x0000800d, pc=0x080038E0 
[    9.994906] [passthrough] Read: 	 address = 0x4000481C, size = 4 bytes, value = 0x006010d0, pc=0x080038FA 
[    9.995322] [passthrough] Read: 	 address = 0x4000481C, size = 4 bytes, value = 0x006010d0, pc=0x0800392A 
[    9.995806] [passthrough] Read: 	 address = 0x4000481C, size = 4 bytes, value = 0x006010d0, pc=0x0800395E 
[    9.996965] [passthrough] Read: 	 address = 0x40004800, size = 4 bytes, value = 0x0000800d, pc=0x080038E0 
[    9.997397] Interrupt Taken: 	 Vector = 0x0000000F
[    9.997439] Interrupt Served: 	 Vector = 0x0000000F
[   10.000413] [passthrough] Read: 	 address = 0x4000481C, size = 4 bytes, value = 0x006010d0, pc=0x080038FA 
[   10.000950] [passthrough] Read: 	 address = 0x4000481C, size = 4 bytes, value = 0x006010d0, pc=0x0800392A 
[   10.001581] [passthrough] Read: 	 address = 0x4000481C, size = 4 bytes, value = 0x006010d0, pc=0x0800395E 
[   10.002077] Interrupt Taken: 	 Vector = 0x0000000F
[   10.002142] Interrupt Served: 	 Vector = 0x0000000F
[   10.005334] [passthrough] Read: 	 address = 0x40004800, size = 4 bytes, value = 0x0000800d, pc=0x080038E0 
[   10.005848] [passthrough] Read: 	 address = 0x4000481C, size = 4 bytes, value = 0x006010d0, pc=0x080038FA 
[   10.006465] [passthrough] Read: 	 address = 0x4000481C, size = 4 bytes, value = 0x006010d0, pc=0x0800392A 
[   10.006929] [passthrough] Read: 	 address = 0x4000481C, size = 4 bytes, value = 0x006010d0, pc=0x0800395E 
[   10.007588] [passthrough] Read: 	 address = 0x40004800, size = 4 bytes, value = 0x0000800d, pc=0x080038E0 
[   10.008081] Interrupt Taken: 	 Vector = 0x0000000F
[   10.008200] Interrupt Served: 	 Vector = 0x0000000F
[   10.011312] Interrupt Taken: 	 Vector = 0x0000000F
[   10.011403] Interrupt Served: 	 Vector = 0x0000000F
[   10.014609] [passthrough] Read: 	 address = 0x4000481C, size = 4 bytes, value = 0x006010d0, pc=0x080038FA 
[   10.015478] [passthrough] Read: 	 address = 0x4000481C, size = 4 bytes, value = 0x006010d0, pc=0x0800392A 
[   10.015966] [passthrough] Read: 	 address = 0x4000481C, size = 4 bytes, value = 0x006010d0, pc=0x0800395E 
[   10.016445] [passthrough] Read: 	 address = 0x40004800, size = 4 bytes, value = 0x0000800d, pc=0x080038E0 
[   10.016932] [passthrough] Read: 	 address = 0x4000481C, size = 4 bytes, value = 0x006010d0, pc=0x080038FA 
[   10.017398] [passthrough] Read: 	 address = 0x4000481C, size = 4 bytes, value = 0x006010d0, pc=0x0800392A 
[   10.017919] [passthrough] Read: 	 address = 0x4000481C, size = 4 bytes, value = 0x006010d0, pc=0x0800395E 
[   10.018412] [passthrough] Read: 	 address = 0x40004800, size = 4 bytes, value = 0x0000800d, pc=0x080038E0 
[   10.018912] [passthrough] Read: 	 address = 0x4000481C, size = 4 bytes, value = 0x006010d0, pc=0x080038FA 
[   10.019406] [passthrough] Read: 	 address = 0x4000481C, size = 4 bytes, value = 0x006010d0, pc=0x0800392A 
[   10.019954] [passthrough] Read: 	 address = 0x4000481C, size = 4 bytes, value = 0x006010d0, pc=0x0800395E 
[   10.020483] [passthrough] Read: 	 address = 0x40004800, size = 4 bytes, value = 0x0000800d, pc=0x080038E0 
[   10.020982] [passthrough] Read: 	 address = 0x4000481C, size = 4 bytes, value = 0x006010d0, pc=0x080038FA 
[   10.021485] [passthrough] Read: 	 address = 0x4000481C, size = 4 bytes, value = 0x006010d0, pc=0x0800392A 
[   10.022130] [passthrough] Read: 	 address = 0x4000481C, size = 4 bytes, value = 0x006010d0, pc=0x0800395E 
[   10.022554] Interrupt Taken: 	 Vector = 0x0000000F
[   10.022603] Interrupt Served: 	 Vector = 0x0000000F
[   10.025715] [passthrough] Read: 	 address = 0x40004800, size = 4 bytes, value = 0x0000800d, pc=0x080038E0 
[   10.026222] [passthrough] Read: 	 address = 0x4000481C, size = 4 bytes, value = 0x006010d0, pc=0x080038FA 
[   10.026717] [passthrough] Read: 	 address = 0x4000481C, size = 4 bytes, value = 0x006010d0, pc=0x0800392A 
[   10.027163] [passthrough] Read: 	 address = 0x4000481C, size = 4 bytes, value = 0x006010d0, pc=0x0800395E 
[   10.027578] [passthrough] Read: 	 address = 0x40004800, size = 4 bytes, value = 0x0000800d, pc=0x080038E0 
[   10.028057] [passthrough] Read: 	 address = 0x4000481C, size = 4 bytes, value = 0x006010d0, pc=0x080038FA 
[   10.028588] [passthrough] Read: 	 address = 0x4000481C, size = 4 bytes, value = 0x006010d0, pc=0x0800392A 
[   10.029161] [passthrough] Read: 	 address = 0x4000481C, size = 4 bytes, value = 0x006010d0, pc=0x0800395E 
[   10.029618] Interrupt Taken: 	 Vector = 0x0000000F
[   10.029739] Interrupt Served: 	 Vector = 0x0000000F
[   10.032629] Interrupt Taken: 	 Vector = 0x0000000F
[   10.032730] Interrupt Served: 	 Vector = 0x0000000F
[   10.035901] [passthrough] Read: 	 address = 0x40004800, size = 4 bytes, value = 0x0000800d, pc=0x080038E0 
[   10.036422] Interrupt Taken: 	 Vector = 0x0000000F
[   10.036492] Interrupt Served: 	 Vector = 0x0000000F
[   10.039613] [passthrough] Read: 	 address = 0x4000481C, size = 4 bytes, value = 0x006010d0, pc=0x080038FA 
[   10.040133] Interrupt Taken: 	 Vector = 0x0000000F
[   10.040226] Interrupt Served: 	 Vector = 0x0000000F
[   10.043258] Interrupt Taken: 	 Vector = 0x0000000F
[   10.043322] Interrupt Served: 	 Vector = 0x0000000F
[   10.046528] [passthrough] Read: 	 address = 0x4000481C, size = 4 bytes, value = 0x006010d0, pc=0x0800392A 
[   10.047144] [passthrough] Read: 	 address = 0x4000481C, size = 4 bytes, value = 0x006010d0, pc=0x0800395E 
[   10.047596] Interrupt Taken: 	 Vector = 0x0000000F
[   10.047670] Interrupt Served: 	 Vector = 0x0000000F
[   10.050551] Interrupt Taken: 	 Vector = 0x0000000F
[   10.050647] Interrupt Served: 	 Vector = 0x0000000F
[   10.053901] [passthrough] Read: 	 address = 0x4000481C, size = 4 bytes, value = 0x006010d0, pc=0x0800395E 
[   10.054506] Interrupt Taken: 	 Vector = 0x0000000F
[   10.054559] Interrupt Served: 	 Vector = 0x0000000F
[   10.057978] [passthrough] Read: 	 address = 0x40004800, size = 4 bytes, value = 0x0000800d, pc=0x080038E0 
[   10.058820] [passthrough] Read: 	 address = 0x4000481C, size = 4 bytes, value = 0x006010d0, pc=0x080038FA 
[   10.059460] [passthrough] Read: 	 address = 0x4000481C, size = 4 bytes, value = 0x006010d0, pc=0x0800392A 
[   10.059937] [passthrough] Read: 	 address = 0x4000481C, size = 4 bytes, value = 0x006010d0, pc=0x0800395E 
[   10.060488] [passthrough] Read: 	 address = 0x40004800, size = 4 bytes, value = 0x0000800d, pc=0x080038E0 
[   10.061033] [passthrough] Read: 	 address = 0x4000481C, size = 4 bytes, value = 0x006010d0, pc=0x080038FA 
[   10.061547] [passthrough] Read: 	 address = 0x4000481C, size = 4 bytes, value = 0x006010d0, pc=0x0800392A 
[   10.062068] [passthrough] Read: 	 address = 0x4000481C, size = 4 bytes, value = 0x006010d0, pc=0x0800395E 
[   10.062610] [passthrough] Read: 	 address = 0x40004800, size = 4 bytes, value = 0x0000800d, pc=0x080038E0 
[   10.063123] [passthrough] Read: 	 address = 0x4000481C, size = 4 bytes, value = 0x006010d0, pc=0x080038FA 
[   10.063689] [passthrough] Read: 	 address = 0x4000481C, size = 4 bytes, value = 0x006010d0, pc=0x0800392A 
[   10.064194] [passthrough] Read: 	 address = 0x4000481C, size = 4 bytes, value = 0x006010d0, pc=0x0800395E 
[   10.064712] [passthrough] Read: 	 address = 0x40004800, size = 4 bytes, value = 0x0000800d, pc=0x080038E0 
[   10.065228] [passthrough] Read: 	 address = 0x4000481C, size = 4 bytes, value = 0x006010d0, pc=0x080038FA 
[   10.065680] [passthrough] Read: 	 address = 0x4000481C, size = 4 bytes, value = 0x006010d0, pc=0x0800392A 
[   10.066158] [passthrough] Read: 	 address = 0x4000481C, size = 4 bytes, value = 0x006010d0, pc=0x0800395E 
[   10.066615] [passthrough] Read: 	 address = 0x40004800, size = 4 bytes, value = 0x0000800d, pc=0x080038E0 
[   10.067072] [passthrough] Read: 	 address = 0x4000481C, size = 4 bytes, value = 0x006010d0, pc=0x080038FA 
[   10.067519] [passthrough] Read: 	 address = 0x4000481C, size = 4 bytes, value = 0x006010d0, pc=0x0800392A 
[   10.067968] [passthrough] Read: 	 address = 0x4000481C, size = 4 bytes, value = 0x006010d0, pc=0x0800395E 
[   10.068468] [passthrough] Read: 	 address = 0x40004800, size = 4 bytes, value = 0x0000800d, pc=0x080038E0 
[   10.068969] [passthrough] Read: 	 address = 0x4000481C, size = 4 bytes, value = 0x006010d0, pc=0x080038FA 
[   10.069547] [passthrough] Read: 	 address = 0x4000481C, size = 4 bytes, value = 0x006010d0, pc=0x0800392A 
[   10.070251] [passthrough] Read: 	 address = 0x4000481C, size = 4 bytes, value = 0x006010d0, pc=0x0800395E 
[   10.070713] Interrupt Taken: 	 Vector = 0x0000000F
[   10.070774] Interrupt Served: 	 Vector = 0x0000000F
[   10.074057] [passthrough] Read: 	 address = 0x40004800, size = 4 bytes, value = 0x0000800d, pc=0x080038E0 
[   10.074531] Interrupt Taken: 	 Vector = 0x0000000F
[   10.074613] Interrupt Served: 	 Vector = 0x0000000F
[   10.077717] Interrupt Taken: 	 Vector = 0x0000000F
[   10.077784] Interrupt Served: 	 Vector = 0x0000000F
[   10.081118] [passthrough] Read: 	 address = 0x4000481C, size = 4 bytes, value = 0x006010d0, pc=0x080038FA 
[   10.081602] Interrupt Taken: 	 Vector = 0x0000000F
[   10.081775] Interrupt Served: 	 Vector = 0x0000000F
[   10.084740] Interrupt Taken: 	 Vector = 0x0000000F
[   10.084846] Interrupt Served: 	 Vector = 0x0000000F
[   10.088191] [passthrough] Read: 	 address = 0x4000481C, size = 4 bytes, value = 0x006010d0, pc=0x0800392A 
[   10.088744] [passthrough] Read: 	 address = 0x4000481C, size = 4 bytes, value = 0x006010d0, pc=0x0800395E 
[   10.089236] [passthrough] Read: 	 address = 0x40004800, size = 4 bytes, value = 0x0000800d, pc=0x080038E0 
[   10.089724] [passthrough] Read: 	 address = 0x4000481C, size = 4 bytes, value = 0x006010d0, pc=0x080038FA 
[   10.090214] [passthrough] Read: 	 address = 0x4000481C, size = 4 bytes, value = 0x006010d0, pc=0x0800392A 
[   10.090667] [passthrough] Read: 	 address = 0x4000481C, size = 4 bytes, value = 0x006010d0, pc=0x0800395E 
[   10.091150] [passthrough] Read: 	 address = 0x40004800, size = 4 bytes, value = 0x0000800d, pc=0x080038E0 
[   10.091633] [passthrough] Read: 	 address = 0x4000481C, size = 4 bytes, value = 0x006010d0, pc=0x080038FA 
[   10.092084] [passthrough] Read: 	 address = 0x4000481C, size = 4 bytes, value = 0x006010d0, pc=0x0800392A 
[   10.092561] [passthrough] Read: 	 address = 0x4000481C, size = 4 bytes, value = 0x006010d0, pc=0x0800395E 
[   10.093063] [passthrough] Read: 	 address = 0x40004800, size = 4 bytes, value = 0x0000800d, pc=0x080038E0 
[   10.093535] [passthrough] Read: 	 address = 0x4000481C, size = 4 bytes, value = 0x006010d0, pc=0x080038FA 
[   10.094153] [passthrough] Read: 	 address = 0x4000481C, size = 4 bytes, value = 0x006010d0, pc=0x0800392A 
[   10.094650] Interrupt Taken: 	 Vector = 0x0000000F
[   10.094700] Interrupt Served: 	 Vector = 0x0000000F
[   10.097831] [passthrough] Read: 	 address = 0x4000481C, size = 4 bytes, value = 0x006010d0, pc=0x0800395E 
[   10.098332] [passthrough] Read: 	 address = 0x40004800, size = 4 bytes, value = 0x0000800d, pc=0x080038E0 
[   10.099239] [passthrough] Read: 	 address = 0x4000481C, size = 4 bytes, value = 0x006010d0, pc=0x080038FA 
[   10.099824] [passthrough] Read: 	 address = 0x4000481C, size = 4 bytes, value = 0x006010d0, pc=0x0800392A 
[   10.100297] Interrupt Taken: 	 Vector = 0x0000000F
[   10.100423] Interrupt Served: 	 Vector = 0x0000000F
[   10.103293] Interrupt Taken: 	 Vector = 0x0000000F
[   10.103400] Interrupt Served: 	 Vector = 0x0000000F
[   10.106598] [passthrough] Read: 	 address = 0x4000481C, size = 4 bytes, value = 0x006010d0, pc=0x0800395E 
[   10.107066] Interrupt Taken: 	 Vector = 0x0000000F
[   10.107117] Interrupt Served: 	 Vector = 0x0000000F
[   10.110496] [passthrough] Read: 	 address = 0x40004800, size = 4 bytes, value = 0x0000800d, pc=0x080038E0 
[   10.111087] [passthrough] Read: 	 address = 0x4000481C, size = 4 bytes, value = 0x006010d0, pc=0x080038FA 
[   10.111606] [passthrough] Read: 	 address = 0x4000481C, size = 4 bytes, value = 0x006010d0, pc=0x0800392A 
[   10.112102] [passthrough] Read: 	 address = 0x4000481C, size = 4 bytes, value = 0x006010d0, pc=0x0800395E 
[   10.112516] [passthrough] Read: 	 address = 0x40004800, size = 4 bytes, value = 0x0000800d, pc=0x080038E0 
[   10.113000] [passthrough] Read: 	 address = 0x4000481C, size = 4 bytes, value = 0x006010d0, pc=0x080038FA 
[   10.113443] [passthrough] Read: 	 address = 0x4000481C, size = 4 bytes, value = 0x006010d0, pc=0x0800392A 
[   10.113865] [passthrough] Read: 	 address = 0x4000481C, size = 4 bytes, value = 0x006010d0, pc=0x0800395E 
[   10.114335] [passthrough] Read: 	 address = 0x40004800, size = 4 bytes, value = 0x0000800d, pc=0x080038E0 
[   10.114789] [passthrough] Read: 	 address = 0x4000481C, size = 4 bytes, value = 0x006010d0, pc=0x080038FA 
[   10.115247] [passthrough] Read: 	 address = 0x4000481C, size = 4 bytes, value = 0x006010d0, pc=0x0800392A 
[   10.115926] [passthrough] Read: 	 address = 0x4000481C, size = 4 bytes, value = 0x006010d0, pc=0x0800395E 
[   10.116448] Interrupt Taken: 	 Vector = 0x0000000F
[   10.116578] Interrupt Served: 	 Vector = 0x0000000F
[   10.119466] Interrupt Taken: 	 Vector = 0x0000000F
[   10.119581] Interrupt Served: 	 Vector = 0x0000000F
[   10.122861] [passthrough] Read: 	 address = 0x4000481C, size = 4 bytes, value = 0x006010d0, pc=0x0800395E 
[   10.123339] Interrupt Taken: 	 Vector = 0x0000000F
[   10.123439] Interrupt Served: 	 Vector = 0x0000000F
[   10.126461] Interrupt Taken: 	 Vector = 0x0000000F
[   10.126555] Interrupt Served: 	 Vector = 0x0000000F
[   10.129646] [passthrough] Read: 	 address = 0x40004800, size = 4 bytes, value = 0x0000800d, pc=0x080038E0 
[   10.130136] [passthrough] Read: 	 address = 0x4000481C, size = 4 bytes, value = 0x006010d0, pc=0x080038FA 
[   10.130631] [passthrough] Read: 	 address = 0x4000481C, size = 4 bytes, value = 0x006010d0, pc=0x0800392A 
[   10.131159] [passthrough] Read: 	 address = 0x4000481C, size = 4 bytes, value = 0x006010d0, pc=0x0800395E 
[   10.131631] [passthrough] Read: 	 address = 0x40004800, size = 4 bytes, value = 0x0000800d, pc=0x080038E0 
[   10.132382] [passthrough] Read: 	 address = 0x4000481C, size = 4 bytes, value = 0x006010d0, pc=0x080038FA 
[   10.132862] Interrupt Taken: 	 Vector = 0x0000000F
[   10.133002] Interrupt Served: 	 Vector = 0x0000000F
[   10.135821] Interrupt Taken: 	 Vector = 0x0000000F
[   10.135947] Interrupt Served: 	 Vector = 0x0000000F
[   10.139109] [passthrough] Read: 	 address = 0x4000481C, size = 4 bytes, value = 0x006010d0, pc=0x0800392A 
[   10.139689] Interrupt Taken: 	 Vector = 0x0000000F
[   10.139729] Interrupt Served: 	 Vector = 0x0000000F
[   10.143114] [passthrough] Read: 	 address = 0x4000481C, size = 4 bytes, value = 0x006010d0, pc=0x0800395E 
[   10.143681] [passthrough] Read: 	 address = 0x40004800, size = 4 bytes, value = 0x0000800d, pc=0x080038E0 
[   10.144288] [passthrough] Read: 	 address = 0x4000481C, size = 4 bytes, value = 0x006010d0, pc=0x080038FA 
[   10.144894] [passthrough] Read: 	 address = 0x4000481C, size = 4 bytes, value = 0x006010d0, pc=0x0800392A 
[   10.145469] [passthrough] Read: 	 address = 0x4000481C, size = 4 bytes, value = 0x006010d0, pc=0x0800395E 
[   10.146039] [passthrough] Read: 	 address = 0x40004800, size = 4 bytes, value = 0x0000800d, pc=0x080038E0 
[   10.146580] [passthrough] Read: 	 address = 0x4000481C, size = 4 bytes, value = 0x006010d0, pc=0x080038FA 
[   10.147115] [passthrough] Read: 	 address = 0x4000481C, size = 4 bytes, value = 0x006010d0, pc=0x0800392A 
[   10.147610] [passthrough] Read: 	 address = 0x4000481C, size = 4 bytes, value = 0x006010d0, pc=0x0800395E 
[   10.148093] [passthrough] Read: 	 address = 0x40004800, size = 4 bytes, value = 0x0000800d, pc=0x080038E0 
[   10.148545] [passthrough] Read: 	 address = 0x4000481C, size = 4 bytes, value = 0x006010d0, pc=0x080038FA 
[   10.149143] [passthrough] Read: 	 address = 0x4000481C, size = 4 bytes, value = 0x006010d0, pc=0x0800392A 
[   10.149666] [passthrough] Read: 	 address = 0x4000481C, size = 4 bytes, value = 0x006010d0, pc=0x0800395E 
[   10.150211] [passthrough] Read: 	 address = 0x40004800, size = 4 bytes, value = 0x0000800d, pc=0x080038E0 
[   10.150715] [passthrough] Read: 	 address = 0x4000481C, size = 4 bytes, value = 0x006010d0, pc=0x080038FA 
[   10.151198] [passthrough] Read: 	 address = 0x4000481C, size = 4 bytes, value = 0x006010d0, pc=0x0800392A 
[   10.151957] [passthrough] Read: 	 address = 0x4000481C, size = 4 bytes, value = 0x006010d0, pc=0x0800395E 
[   10.152456] Interrupt Taken: 	 Vector = 0x0000000F
[   10.152621] Interrupt Served: 	 Vector = 0x0000000F
[   10.155645] Interrupt Taken: 	 Vector = 0x0000000F
[   10.155758] Interrupt Served: 	 Vector = 0x0000000F
[   10.159225] [passthrough] Read: 	 address = 0x40004800, size = 4 bytes, value = 0x0000800d, pc=0x080038E0 
[   10.159721] Interrupt Taken: 	 Vector = 0x0000000F
[   10.159827] Interrupt Served: 	 Vector = 0x0000000F
[   10.162850] Interrupt Taken: 	 Vector = 0x0000000F
[   10.162988] Interrupt Served: 	 Vector = 0x0000000F
[   10.166431] Interrupt Taken: 	 Vector = 0x0000000F
[   10.166573] Interrupt Served: 	 Vector = 0x0000000F
[   10.169680] [passthrough] Read: 	 address = 0x4000481C, size = 4 bytes, value = 0x006010d0, pc=0x080038FA 
[   10.170300] [passthrough] Read: 	 address = 0x4000481C, size = 4 bytes, value = 0x006010d0, pc=0x0800392A 
[   10.170812] [passthrough] Read: 	 address = 0x4000481C, size = 4 bytes, value = 0x006010d0, pc=0x0800395E 
[   10.171337] [passthrough] Read: 	 address = 0x40004800, size = 4 bytes, value = 0x0000800d, pc=0x080038E0 
[   10.171868] [passthrough] Read: 	 address = 0x4000481C, size = 4 bytes, value = 0x006010d0, pc=0x080038FA 
[   10.172396] [passthrough] Read: 	 address = 0x4000481C, size = 4 bytes, value = 0x006010d0, pc=0x0800392A 
[   10.172906] [passthrough] Read: 	 address = 0x4000481C, size = 4 bytes, value = 0x006010d0, pc=0x0800395E 
[   10.173413] [passthrough] Read: 	 address = 0x40004800, size = 4 bytes, value = 0x0000800d, pc=0x080038E0 
[   10.173903] [passthrough] Read: 	 address = 0x4000481C, size = 4 bytes, value = 0x006010d0, pc=0x080038FA 
[   10.174401] [passthrough] Read: 	 address = 0x4000481C, size = 4 bytes, value = 0x006010d0, pc=0x0800392A 
[   10.174880] [passthrough] Read: 	 address = 0x4000481C, size = 4 bytes, value = 0x006010d0, pc=0x0800395E 
[   10.175389] [passthrough] Read: 	 address = 0x40004800, size = 4 bytes, value = 0x0000800d, pc=0x080038E0 
[   10.175912] [passthrough] Read: 	 address = 0x4000481C, size = 4 bytes, value = 0x006010d0, pc=0x080038FA 
[   10.176500] [passthrough] Read: 	 address = 0x4000481C, size = 4 bytes, value = 0x006010d0, pc=0x0800392A 
[   10.176960] [passthrough] Read: 	 address = 0x4000481C, size = 4 bytes, value = 0x006010d0, pc=0x0800395E 
[   10.177494] [passthrough] Read: 	 address = 0x40004800, size = 4 bytes, value = 0x0000800d, pc=0x080038E0 
[   10.178006] [passthrough] Read: 	 address = 0x4000481C, size = 4 bytes, value = 0x006010d0, pc=0x080038FA 
[   10.178514] [passthrough] Read: 	 address = 0x4000481C, size = 4 bytes, value = 0x006010d0, pc=0x0800392A 
[   10.179054] [passthrough] Read: 	 address = 0x4000481C, size = 4 bytes, value = 0x006010d0, pc=0x0800395E 
[   10.179546] [passthrough] Read: 	 address = 0x40004800, size = 4 bytes, value = 0x0000800d, pc=0x080038E0 
[   10.180552] [passthrough] Read: 	 address = 0x4000481C, size = 4 bytes, value = 0x006010d0, pc=0x080038FA 
[   10.181082] [passthrough] Read: 	 address = 0x4000481C, size = 4 bytes, value = 0x006010d0, pc=0x0800392A 
[   10.181587] [passthrough] Read: 	 address = 0x4000481C, size = 4 bytes, value = 0x006010d0, pc=0x0800395E 
[   10.182185] [passthrough] Read: 	 address = 0x40004800, size = 4 bytes, value = 0x0000800d, pc=0x080038E0 
[   10.182697] [passthrough] Read: 	 address = 0x4000481C, size = 4 bytes, value = 0x006010d0, pc=0x080038FA 
[   10.183181] [passthrough] Read: 	 address = 0x4000481C, size = 4 bytes, value = 0x006010d0, pc=0x0800392A 
[   10.183615] [passthrough] Read: 	 address = 0x4000481C, size = 4 bytes, value = 0x006010d0, pc=0x0800395E 
[   10.184078] [passthrough] Read: 	 address = 0x40004800, size = 4 bytes, value = 0x0000800d, pc=0x080038E0 
[   10.184525] [passthrough] Read: 	 address = 0x4000481C, size = 4 bytes, value = 0x006010d0, pc=0x080038FA 
[   10.185118] [passthrough] Read: 	 address = 0x4000481C, size = 4 bytes, value = 0x006010d0, pc=0x0800392A 
[   10.185560] Interrupt Taken: 	 Vector = 0x0000000F
[   10.185604] Interrupt Served: 	 Vector = 0x0000000F
[   10.188868] [passthrough] Read: 	 address = 0x4000481C, size = 4 bytes, value = 0x006010d0, pc=0x0800395E 
[   10.189415] Interrupt Taken: 	 Vector = 0x0000000F
[   10.189515] Interrupt Served: 	 Vector = 0x0000000F
[   10.192492] Interrupt Taken: 	 Vector = 0x0000000F
[   10.192560] Interrupt Served: 	 Vector = 0x0000000F
[   10.195889] [passthrough] Read: 	 address = 0x4000481C, size = 4 bytes, value = 0x006010d0, pc=0x0800395E 
[   10.196437] Interrupt Taken: 	 Vector = 0x0000000F
[   10.196492] Interrupt Served: 	 Vector = 0x0000000F
[   10.199869] [passthrough] Read: 	 address = 0x40004800, size = 4 bytes, value = 0x0000800d, pc=0x080038E0 
[   10.200401] [passthrough] Read: 	 address = 0x4000481C, size = 4 bytes, value = 0x006010d0, pc=0x080038FA 
[   10.200971] [passthrough] Read: 	 address = 0x4000481C, size = 4 bytes, value = 0x006010d0, pc=0x0800392A 
[   10.201483] [passthrough] Read: 	 address = 0x4000481C, size = 4 bytes, value = 0x006010d0, pc=0x0800395E 
[   10.202165] [passthrough] Read: 	 address = 0x40004800, size = 4 bytes, value = 0x0000800d, pc=0x080038E0 
[   10.202627] Interrupt Taken: 	 Vector = 0x0000000F
[   10.202674] Interrupt Served: 	 Vector = 0x0000000F
[   10.205914] [passthrough] Read: 	 address = 0x4000481C, size = 4 bytes, value = 0x006010d0, pc=0x080038FA 
[   10.206365] Interrupt Taken: 	 Vector = 0x0000000F
[   10.206498] Interrupt Served: 	 Vector = 0x0000000F
[   10.209627] Interrupt Taken: 	 Vector = 0x0000000F
[   10.209695] Interrupt Served: 	 Vector = 0x0000000F
[   10.212637] [passthrough] Read: 	 address = 0x4000481C, size = 4 bytes, value = 0x006010d0, pc=0x0800392A 
[   10.213168] [passthrough] Read: 	 address = 0x4000481C, size = 4 bytes, value = 0x006010d0, pc=0x0800395E 
[   10.213796] [passthrough] Read: 	 address = 0x40004800, size = 4 bytes, value = 0x0000800d, pc=0x080038E0 
[   10.214279] Interrupt Taken: 	 Vector = 0x0000000F
[   10.214424] Interrupt Served: 	 Vector = 0x0000000F
[   10.217387] Interrupt Taken: 	 Vector = 0x0000000F
[   10.217471] Interrupt Served: 	 Vector = 0x0000000F
[   10.220558] [passthrough] Read: 	 address = 0x4000481C, size = 4 bytes, value = 0x006010d0, pc=0x080038FA 
[   10.221457] [passthrough] Read: 	 address = 0x4000481C, size = 4 bytes, value = 0x006010d0, pc=0x0800392A 
[   10.221933] Interrupt Taken: 	 Vector = 0x0000000F
[   10.222082] Interrupt Served: 	 Vector = 0x0000000F
[   10.224881] Interrupt Taken: 	 Vector = 0x0000000F
[   10.224952] Interrupt Served: 	 Vector = 0x0000000F
[   10.228243] [passthrough] Read: 	 address = 0x4000481C, size = 4 bytes, value = 0x006010d0, pc=0x0800395E 
[   10.228871] [passthrough] Read: 	 address = 0x40004800, size = 4 bytes, value = 0x0000800d, pc=0x080038E0 
[   10.229469] [passthrough] Read: 	 address = 0x4000481C, size = 4 bytes, value = 0x006010d0, pc=0x080038FA 
[   10.230057] [passthrough] Read: 	 address = 0x4000481C, size = 4 bytes, value = 0x006010d0, pc=0x0800392A 
[   10.230618] [passthrough] Read: 	 address = 0x4000481C, size = 4 bytes, value = 0x006010d0, pc=0x0800395E 
[   10.231115] [passthrough] Read: 	 address = 0x40004800, size = 4 bytes, value = 0x0000800d, pc=0x080038E0 
[   10.231598] [passthrough] Read: 	 address = 0x4000481C, size = 4 bytes, value = 0x006010d0, pc=0x080038FA 
[   10.232087] [passthrough] Read: 	 address = 0x4000481C, size = 4 bytes, value = 0x006010d0, pc=0x0800392A 
[   10.232555] [passthrough] Read: 	 address = 0x4000481C, size = 4 bytes, value = 0x006010d0, pc=0x0800395E 
[   10.233137] [passthrough] Read: 	 address = 0x40004800, size = 4 bytes, value = 0x0000800d, pc=0x080038E0 
[   10.233691] Interrupt Taken: 	 Vector = 0x0000000F
[   10.233756] Interrupt Served: 	 Vector = 0x0000000F
[   10.236927] [passthrough] Read: 	 address = 0x4000481C, size = 4 bytes, value = 0x006010d0, pc=0x080038FA 
[   10.237456] Interrupt Taken: 	 Vector = 0x0000000F
[   10.237587] Interrupt Served: 	 Vector = 0x0000000F
[   10.240683] Interrupt Taken: 	 Vector = 0x0000000F
[   10.240750] Interrupt Served: 	 Vector = 0x0000000F
[   10.244230] [passthrough] Read: 	 address = 0x4000481C, size = 4 bytes, value = 0x006010d0, pc=0x0800392A 
[   10.244700] Interrupt Taken: 	 Vector = 0x0000000F
[   10.244760] Interrupt Served: 	 Vector = 0x0000000F
[   10.247920] [passthrough] Read: 	 address = 0x4000481C, size = 4 bytes, value = 0x006010d0, pc=0x0800395E 
[   10.248518] [passthrough] Read: 	 address = 0x4000481C, size = 4 bytes, value = 0x006010d0, pc=0x0800395E 
[   10.249229] [passthrough] Read: 	 address = 0x40004800, size = 4 bytes, value = 0x0000800d, pc=0x080038E0 
[   10.249699] Interrupt Taken: 	 Vector = 0x0000000F
[   10.249882] Interrupt Served: 	 Vector = 0x0000000F
[   10.252665] Interrupt Taken: 	 Vector = 0x0000000F
[   10.252776] Interrupt Served: 	 Vector = 0x0000000F
[   10.255981] [passthrough] Read: 	 address = 0x4000481C, size = 4 bytes, value = 0x006010d0, pc=0x080038FA 
[   10.256496] [passthrough] Read: 	 address = 0x4000481C, size = 4 bytes, value = 0x006010d0, pc=0x0800392A 
[   10.256996] [passthrough] Read: 	 address = 0x4000481C, size = 4 bytes, value = 0x006010d0, pc=0x0800395E 
[   10.257523] [passthrough] Read: 	 address = 0x40004800, size = 4 bytes, value = 0x0000800d, pc=0x080038E0 
[   10.258048] [passthrough] Read: 	 address = 0x4000481C, size = 4 bytes, value = 0x006010d0, pc=0x080038FA 
[   10.258536] [passthrough] Read: 	 address = 0x4000481C, size = 4 bytes, value = 0x006010d0, pc=0x0800392A 
[   10.259039] [passthrough] Read: 	 address = 0x4000481C, size = 4 bytes, value = 0x006010d0, pc=0x0800395E 
[   10.259618] [passthrough] Read: 	 address = 0x40004800, size = 4 bytes, value = 0x0000800d, pc=0x080038E0 
[   10.260100] [passthrough] Read: 	 address = 0x4000481C, size = 4 bytes, value = 0x006010d0, pc=0x080038FA 
[   10.260569] [passthrough] Read: 	 address = 0x4000481C, size = 4 bytes, value = 0x006010d0, pc=0x0800392A 
[   10.261142] [passthrough] Read: 	 address = 0x4000481C, size = 4 bytes, value = 0x006010d0, pc=0x0800395E 
[   10.262337] [passthrough] Read: 	 address = 0x40004800, size = 4 bytes, value = 0x0000800d, pc=0x080038E0 
[   10.262793] Interrupt Taken: 	 Vector = 0x0000000F
[   10.262934] Interrupt Served: 	 Vector = 0x0000000F
[   10.265996] Interrupt Taken: 	 Vector = 0x0000000F
[   10.266122] Interrupt Served: 	 Vector = 0x0000000F
[   10.269547] [passthrough] Read: 	 address = 0x4000481C, size = 4 bytes, value = 0x006010d0, pc=0x080038FA 
[   10.270151] Interrupt Taken: 	 Vector = 0x0000000F
[   10.270308] Interrupt Served: 	 Vector = 0x0000000F
[   10.273196] Interrupt Taken: 	 Vector = 0x0000000F
[   10.273291] Interrupt Served: 	 Vector = 0x0000000F
[   10.276401] [passthrough] Read: 	 address = 0x4000481C, size = 4 bytes, value = 0x006010d0, pc=0x0800392A 
[   10.276896] [passthrough] Read: 	 address = 0x4000481C, size = 4 bytes, value = 0x006010d0, pc=0x0800395E 
[   10.277425] [passthrough] Read: 	 address = 0x40004800, size = 4 bytes, value = 0x0000800d, pc=0x080038E0 
[   10.277880] [passthrough] Read: 	 address = 0x4000481C, size = 4 bytes, value = 0x006010d0, pc=0x080038FA 
[   10.278414] [passthrough] Read: 	 address = 0x4000481C, size = 4 bytes, value = 0x006010d0, pc=0x0800392A 
[   10.278943] [passthrough] Read: 	 address = 0x4000481C, size = 4 bytes, value = 0x006010d0, pc=0x0800395E 
[   10.279515] [passthrough] Read: 	 address = 0x40004800, size = 4 bytes, value = 0x0000800d, pc=0x080038E0 
[   10.280093] [passthrough] Read: 	 address = 0x4000481C, size = 4 bytes, value = 0x006010d0, pc=0x080038FA 
[   10.280589] [passthrough] Read: 	 address = 0x4000481C, size = 4 bytes, value = 0x006010d0, pc=0x0800392A 
[   10.281096] [passthrough] Read: 	 address = 0x4000481C, size = 4 bytes, value = 0x006010d0, pc=0x0800395E 
[   10.281597] [passthrough] Read: 	 address = 0x40004800, size = 4 bytes, value = 0x0000800d, pc=0x080038E0 
[   10.282072] [passthrough] Read: 	 address = 0x4000481C, size = 4 bytes, value = 0x006010d0, pc=0x080038FA 
[   10.282619] [passthrough] Read: 	 address = 0x4000481C, size = 4 bytes, value = 0x006010d0, pc=0x0800392A 
[   10.283400] [passthrough] Read: 	 address = 0x4000481C, size = 4 bytes, value = 0x006010d0, pc=0x0800395E 
[   10.283915] Interrupt Taken: 	 Vector = 0x0000000F
[   10.283982] Interrupt Served: 	 Vector = 0x0000000F
[   10.287525] [passthrough] Read: 	 address = 0x40004800, size = 4 bytes, value = 0x0000800d, pc=0x080038E0 
[   10.288038] Interrupt Taken: 	 Vector = 0x0000000F
[   10.288247] Interrupt Served: 	 Vector = 0x0000000F
[   10.291261] Interrupt Taken: 	 Vector = 0x0000000F
[   10.291336] Interrupt Served: 	 Vector = 0x0000000F
[   10.294575] [passthrough] Read: 	 address = 0x4000481C, size = 4 bytes, value = 0x006010d0, pc=0x080038FA 
[   10.295133] [passthrough] Read: 	 address = 0x4000481C, size = 4 bytes, value = 0x006010d0, pc=0x0800392A 
[   10.295624] [passthrough] Read: 	 address = 0x4000481C, size = 4 bytes, value = 0x006010d0, pc=0x0800395E 
[   10.296071] [passthrough] Read: 	 address = 0x40004800, size = 4 bytes, value = 0x0000800d, pc=0x080038E0 
[   10.296554] [passthrough] Read: 	 address = 0x4000481C, size = 4 bytes, value = 0x006010d0, pc=0x080038FA 
[   10.296961] [passthrough] Read: 	 address = 0x4000481C, size = 4 bytes, value = 0x006010d0, pc=0x0800392A 
[   10.297623] [passthrough] Read: 	 address = 0x4000481C, size = 4 bytes, value = 0x006010d0, pc=0x0800395E 
[   10.298175] [passthrough] Read: 	 address = 0x40004800, size = 4 bytes, value = 0x0000800d, pc=0x080038E0 
[   10.298880] [passthrough] Read: 	 address = 0x4000481C, size = 4 bytes, value = 0x006010d0, pc=0x080038FA 
[   10.299381] Interrupt Taken: 	 Vector = 0x0000000F
[   10.299456] Interrupt Served: 	 Vector = 0x0000000F
[   10.302629] [passthrough] Read: 	 address = 0x4000481C, size = 4 bytes, value = 0x006010d0, pc=0x0800392A 
[   10.303315] Interrupt Taken: 	 Vector = 0x0000000F
[   10.303393] Interrupt Served: 	 Vector = 0x0000000F
[   10.306620] [passthrough] Read: 	 address = 0x4000481C, size = 4 bytes, value = 0x006010d0, pc=0x0800395E 
[   10.307153] [passthrough] Read: 	 address = 0x4000481C, size = 4 bytes, value = 0x006010d0, pc=0x0800395E 
[   10.307995] [passthrough] Read: 	 address = 0x40004800, size = 4 bytes, value = 0x0000800d, pc=0x080038E0 
[   10.308588] Interrupt Taken: 	 Vector = 0x0000000F
[   10.308825] Interrupt Served: 	 Vector = 0x0000000F
[   10.311984] Interrupt Taken: 	 Vector = 0x0000000F
[   10.312067] Interrupt Served: 	 Vector = 0x0000000F
[   10.315147] [passthrough] Read: 	 address = 0x4000481C, size = 4 bytes, value = 0x006010d0, pc=0x080038FA 
[   10.315746] [passthrough] Read: 	 address = 0x4000481C, size = 4 bytes, value = 0x006010d0, pc=0x0800392A 
[   10.316274] [passthrough] Read: 	 address = 0x4000481C, size = 4 bytes, value = 0x006010d0, pc=0x0800395E 
[   10.316771] [passthrough] Read: 	 address = 0x40004800, size = 4 bytes, value = 0x0000800d, pc=0x080038E0 
[   10.317389] [passthrough] Read: 	 address = 0x4000481C, size = 4 bytes, value = 0x006010d0, pc=0x080038FA 
[   10.317836] Interrupt Taken: 	 Vector = 0x0000000F
[   10.317945] Interrupt Served: 	 Vector = 0x0000000F
[   10.320891] Interrupt Taken: 	 Vector = 0x0000000F
[   10.321046] Interrupt Served: 	 Vector = 0x0000000F
[   10.324146] [passthrough] Read: 	 address = 0x4000481C, size = 4 bytes, value = 0x006010d0, pc=0x0800392A 
[   10.324659] [passthrough] Read: 	 address = 0x4000481C, size = 4 bytes, value = 0x006010d0, pc=0x0800395E 
[   10.325135] [passthrough] Read: 	 address = 0x40004800, size = 4 bytes, value = 0x0000800d, pc=0x080038E0 
[   10.325560] [passthrough] Read: 	 address = 0x4000481C, size = 4 bytes, value = 0x006010d0, pc=0x080038FA 
[   10.326003] [passthrough] Read: 	 address = 0x4000481C, size = 4 bytes, value = 0x006010d0, pc=0x0800392A 
[   10.326550] [passthrough] Read: 	 address = 0x4000481C, size = 4 bytes, value = 0x006010d0, pc=0x0800395E 
[   10.327083] [passthrough] Read: 	 address = 0x40004800, size = 4 bytes, value = 0x0000800d, pc=0x080038E0 
[   10.327602] [passthrough] Read: 	 address = 0x4000481C, size = 4 bytes, value = 0x006010d0, pc=0x080038FA 
[   10.328061] [passthrough] Read: 	 address = 0x4000481C, size = 4 bytes, value = 0x006010d0, pc=0x0800392A 
[   10.328513] [passthrough] Read: 	 address = 0x4000481C, size = 4 bytes, value = 0x006010d0, pc=0x0800395E 
[   10.329049] [passthrough] Read: 	 address = 0x40004800, size = 4 bytes, value = 0x0000800d, pc=0x080038E0 
[   10.329553] [passthrough] Read: 	 address = 0x4000481C, size = 4 bytes, value = 0x006010d0, pc=0x080038FA 
[   10.330075] [passthrough] Read: 	 address = 0x4000481C, size = 4 bytes, value = 0x006010d0, pc=0x0800392A 
[   10.330621] [passthrough] Read: 	 address = 0x4000481C, size = 4 bytes, value = 0x006010d0, pc=0x0800395E 
[   10.331177] [passthrough] Read: 	 address = 0x40004800, size = 4 bytes, value = 0x0000800d, pc=0x080038E0 
[   10.331673] [passthrough] Read: 	 address = 0x4000481C, size = 4 bytes, value = 0x006010d0, pc=0x080038FA 
[   10.332186] [passthrough] Read: 	 address = 0x4000481C, size = 4 bytes, value = 0x006010d0, pc=0x0800392A 
[   10.332706] [passthrough] Read: 	 address = 0x4000481C, size = 4 bytes, value = 0x006010d0, pc=0x0800395E 
[   10.333234] [passthrough] Read: 	 address = 0x40004800, size = 4 bytes, value = 0x0000800d, pc=0x080038E0 
[   10.333686] [passthrough] Read: 	 address = 0x4000481C, size = 4 bytes, value = 0x006010d0, pc=0x080038FA 
[   10.334155] [passthrough] Read: 	 address = 0x4000481C, size = 4 bytes, value = 0x006010d0, pc=0x0800392A 
[   10.334629] [passthrough] Read: 	 address = 0x4000481C, size = 4 bytes, value = 0x006010d0, pc=0x0800395E 
[   10.335157] [passthrough] Read: 	 address = 0x40004800, size = 4 bytes, value = 0x0000800d, pc=0x080038E0 
[   10.335657] [passthrough] Read: 	 address = 0x4000481C, size = 4 bytes, value = 0x006010d0, pc=0x080038FA 
[   10.336217] [passthrough] Read: 	 address = 0x4000481C, size = 4 bytes, value = 0x006010d0, pc=0x0800392A 
[   10.336969] [passthrough] Read: 	 address = 0x4000481C, size = 4 bytes, value = 0x006010d0, pc=0x0800395E 
[   10.337487] Interrupt Taken: 	 Vector = 0x0000000F
[   10.337628] Interrupt Served: 	 Vector = 0x0000000F
[   10.340544] Interrupt Taken: 	 Vector = 0x0000000F
[   10.340627] Interrupt Served: 	 Vector = 0x0000000F
[   10.344102] [passthrough] Read: 	 address = 0x40004800, size = 4 bytes, value = 0x0000800d, pc=0x080038E0 
[   10.344851] [passthrough] Read: 	 address = 0x4000481C, size = 4 bytes, value = 0x006010d0, pc=0x080038FA 
[   10.345361] [passthrough] Read: 	 address = 0x4000481C, size = 4 bytes, value = 0x006010d0, pc=0x0800392A 
[   10.345897] [passthrough] Read: 	 address = 0x4000481C, size = 4 bytes, value = 0x006010d0, pc=0x0800395E 
[   10.346403] [passthrough] Read: 	 address = 0x40004800, size = 4 bytes, value = 0x0000800d, pc=0x080038E0 
[   10.346903] [passthrough] Read: 	 address = 0x4000481C, size = 4 bytes, value = 0x006010d0, pc=0x080038FA 
[   10.347422] [passthrough] Read: 	 address = 0x4000481C, size = 4 bytes, value = 0x006010d0, pc=0x0800392A 
[   10.347913] [passthrough] Read: 	 address = 0x4000481C, size = 4 bytes, value = 0x006010d0, pc=0x0800395E 
[   10.348443] [passthrough] Read: 	 address = 0x40004800, size = 4 bytes, value = 0x0000800d, pc=0x080038E0 
[   10.348955] [passthrough] Read: 	 address = 0x4000481C, size = 4 bytes, value = 0x006010d0, pc=0x080038FA 
[   10.349471] [passthrough] Read: 	 address = 0x4000481C, size = 4 bytes, value = 0x006010d0, pc=0x0800392A 
[   10.349956] [passthrough] Read: 	 address = 0x4000481C, size = 4 bytes, value = 0x006010d0, pc=0x0800395E 
[   10.350719] [passthrough] Read: 	 address = 0x40004800, size = 4 bytes, value = 0x0000800d, pc=0x080038E0 
[   10.351241] [passthrough] Read: 	 address = 0x4000481C, size = 4 bytes, value = 0x006010d0, pc=0x080038FA 
[   10.351708] [passthrough] Read: 	 address = 0x4000481C, size = 4 bytes, value = 0x006010d0, pc=0x0800392A 
[   10.352195] [passthrough] Read: 	 address = 0x4000481C, size = 4 bytes, value = 0x006010d0, pc=0x0800395E 
[   10.352880] [passthrough] Read: 	 address = 0x40004800, size = 4 bytes, value = 0x0000800d, pc=0x080038E0 
[   10.353365] Interrupt Taken: 	 Vector = 0x0000000F
[   10.353430] Interrupt Served: 	 Vector = 0x0000000F
[   10.356742] [passthrough] Read: 	 address = 0x4000481C, size = 4 bytes, value = 0x006010d0, pc=0x080038FA 
[   10.357228] [passthrough] Read: 	 address = 0x4000481C, size = 4 bytes, value = 0x006010d0, pc=0x0800392A 
[   10.357702] [passthrough] Read: 	 address = 0x4000481C, size = 4 bytes, value = 0x006010d0, pc=0x0800395E 
[   10.358184] [passthrough] Read: 	 address = 0x40004800, size = 4 bytes, value = 0x0000800d, pc=0x080038E0 
[   10.358590] [passthrough] Read: 	 address = 0x4000481C, size = 4 bytes, value = 0x006010d0, pc=0x080038FA 
[   10.359191] [passthrough] Read: 	 address = 0x4000481C, size = 4 bytes, value = 0x006010d0, pc=0x0800392A 
[   10.359775] Interrupt Taken: 	 Vector = 0x0000000F
[   10.359817] Interrupt Served: 	 Vector = 0x0000000F
[   10.363108] [passthrough] Read: 	 address = 0x4000481C, size = 4 bytes, value = 0x006010d0, pc=0x0800395E 
[   10.363589] Interrupt Taken: 	 Vector = 0x0000000F
[   10.363699] Interrupt Served: 	 Vector = 0x0000000F
[   10.366705] Interrupt Taken: 	 Vector = 0x0000000F
[   10.366781] Interrupt Served: 	 Vector = 0x0000000F
[   10.370009] [passthrough] Read: 	 address = 0x40004800, size = 4 bytes, value = 0x0000800d, pc=0x080038E0 
[   10.370603] [passthrough] Read: 	 address = 0x4000481C, size = 4 bytes, value = 0x006010d0, pc=0x080038FA 
[   10.371147] [passthrough] Read: 	 address = 0x4000481C, size = 4 bytes, value = 0x006010d0, pc=0x0800392A 
[   10.371725] [passthrough] Read: 	 address = 0x4000481C, size = 4 bytes, value = 0x006010d0, pc=0x0800395E 
[   10.372228] [passthrough] Read: 	 address = 0x40004800, size = 4 bytes, value = 0x0000800d, pc=0x080038E0 
[   10.372697] [passthrough] Read: 	 address = 0x4000481C, size = 4 bytes, value = 0x006010d0, pc=0x080038FA 
[   10.373280] [passthrough] Read: 	 address = 0x4000481C, size = 4 bytes, value = 0x006010d0, pc=0x0800392A 
[   10.373870] [passthrough] Read: 	 address = 0x4000481C, size = 4 bytes, value = 0x006010d0, pc=0x0800395E 
[   10.374474] [passthrough] Read: 	 address = 0x40004800, size = 4 bytes, value = 0x0000800d, pc=0x080038E0 
[   10.375052] [passthrough] Read: 	 address = 0x4000481C, size = 4 bytes, value = 0x006010d0, pc=0x080038FA 
[   10.375562] [passthrough] Read: 	 address = 0x4000481C, size = 4 bytes, value = 0x006010d0, pc=0x0800392A 
[   10.376085] [passthrough] Read: 	 address = 0x4000481C, size = 4 bytes, value = 0x006010d0, pc=0x0800395E 
[   10.376779] [passthrough] Read: 	 address = 0x40004800, size = 4 bytes, value = 0x0000800d, pc=0x080038E0 
[   10.377263] Interrupt Taken: 	 Vector = 0x0000000F
[   10.377309] Interrupt Served: 	 Vector = 0x0000000F
[   10.380626] [passthrough] Read: 	 address = 0x4000481C, size = 4 bytes, value = 0x006010d0, pc=0x080038FA 
[   10.381193] [passthrough] Read: 	 address = 0x4000481C, size = 4 bytes, value = 0x006010d0, pc=0x0800392A 
[   10.381801] [passthrough] Read: 	 address = 0x4000481C, size = 4 bytes, value = 0x006010d0, pc=0x0800395E 
[   10.382468] [passthrough] Read: 	 address = 0x4000481C, size = 4 bytes, value = 0x006010d0, pc=0x0800395E 
[   10.382902] Interrupt Taken: 	 Vector = 0x0000000F
[   10.383114] Interrupt Served: 	 Vector = 0x0000000F
[   10.385904] Interrupt Taken: 	 Vector = 0x0000000F
[   10.386053] Interrupt Served: 	 Vector = 0x0000000F
[   10.389492] [passthrough] Read: 	 address = 0x40004800, size = 4 bytes, value = 0x0000800d, pc=0x080038E0 
[   10.389922] Interrupt Taken: 	 Vector = 0x0000000F
[   10.390054] Interrupt Served: 	 Vector = 0x0000000F
[   10.392883] Interrupt Taken: 	 Vector = 0x0000000F
[   10.392944] Interrupt Served: 	 Vector = 0x0000000F
[   10.396171] [passthrough] Read: 	 address = 0x4000481C, size = 4 bytes, value = 0x006010d0, pc=0x080038FA 
[   10.396592] Interrupt Taken: 	 Vector = 0x0000000F
[   10.396697] Interrupt Served: 	 Vector = 0x0000000F
[   10.399539] Interrupt Taken: 	 Vector = 0x0000000F
[   10.399653] Interrupt Served: 	 Vector = 0x0000000F
[   10.403087] [passthrough] Read: 	 address = 0x4000481C, size = 4 bytes, value = 0x006010d0, pc=0x0800392A 
[   10.403610] Interrupt Taken: 	 Vector = 0x0000000F
[   10.403746] Interrupt Served: 	 Vector = 0x0000000F
[   10.406763] Interrupt Taken: 	 Vector = 0x0000000F
[   10.406849] Interrupt Served: 	 Vector = 0x0000000F
[   10.410228] [passthrough] Read: 	 address = 0x4000481C, size = 4 bytes, value = 0x006010d0, pc=0x0800395E 
[   10.410690] Interrupt Taken: 	 Vector = 0x0000000F
[   10.410730] Interrupt Served: 	 Vector = 0x0000000F
[   10.413868] [passthrough] Read: 	 address = 0x40004800, size = 4 bytes, value = 0x0000800d, pc=0x080038E0 
[   10.414297] [passthrough] Read: 	 address = 0x4000481C, size = 4 bytes, value = 0x006010d0, pc=0x080038FA 
[   10.414788] [passthrough] Read: 	 address = 0x4000481C, size = 4 bytes, value = 0x006010d0, pc=0x0800392A 
[   10.415282] [passthrough] Read: 	 address = 0x4000481C, size = 4 bytes, value = 0x006010d0, pc=0x0800395E 
[   10.415824] [passthrough] Read: 	 address = 0x40004800, size = 4 bytes, value = 0x0000800d, pc=0x080038E0 
[   10.416353] [passthrough] Read: 	 address = 0x4000481C, size = 4 bytes, value = 0x006010d0, pc=0x080038FA 
[   10.416857] [passthrough] Read: 	 address = 0x4000481C, size = 4 bytes, value = 0x006010d0, pc=0x0800392A 
[   10.417457] [passthrough] Read: 	 address = 0x4000481C, size = 4 bytes, value = 0x006010d0, pc=0x0800395E 
[   10.417901] Interrupt Taken: 	 Vector = 0x0000000F
[   10.418010] Interrupt Served: 	 Vector = 0x0000000F
[   10.420994] Interrupt Taken: 	 Vector = 0x0000000F
[   10.421125] Interrupt Served: 	 Vector = 0x0000000F
[   10.424405] [passthrough] Read: 	 address = 0x4000481C, size = 4 bytes, value = 0x006010d0, pc=0x0800395E 
[   10.424863] [passthrough] Read: 	 address = 0x40004800, size = 4 bytes, value = 0x0000800d, pc=0x080038E0 
[   10.425378] [passthrough] Read: 	 address = 0x4000481C, size = 4 bytes, value = 0x006010d0, pc=0x080038FA 
[   10.425900] [passthrough] Read: 	 address = 0x4000481C, size = 4 bytes, value = 0x006010d0, pc=0x0800392A 
[   10.426506] [passthrough] Read: 	 address = 0x4000481C, size = 4 bytes, value = 0x006010d0, pc=0x0800395E 
[   10.427451] [passthrough] Read: 	 address = 0x40004800, size = 4 bytes, value = 0x0000800d, pc=0x080038E0 
[   10.427976] [passthrough] Read: 	 address = 0x4000481C, size = 4 bytes, value = 0x006010d0, pc=0x080038FA 
[   10.428450] [passthrough] Read: 	 address = 0x4000481C, size = 4 bytes, value = 0x006010d0, pc=0x0800392A 
[   10.428966] [passthrough] Read: 	 address = 0x4000481C, size = 4 bytes, value = 0x006010d0, pc=0x0800395E 
[   10.429448] [passthrough] Read: 	 address = 0x40004800, size = 4 bytes, value = 0x0000800d, pc=0x080038E0 
[   10.429932] [passthrough] Read: 	 address = 0x4000481C, size = 4 bytes, value = 0x006010d0, pc=0x080038FA 
[   10.430451] [passthrough] Read: 	 address = 0x4000481C, size = 4 bytes, value = 0x006010d0, pc=0x0800392A 
[   10.431132] [passthrough] Read: 	 address = 0x4000481C, size = 4 bytes, value = 0x006010d0, pc=0x0800395E 
[   10.431697] Interrupt Taken: 	 Vector = 0x0000000F
[   10.431861] Interrupt Served: 	 Vector = 0x0000000F
[   10.434744] Interrupt Taken: 	 Vector = 0x0000000F
[   10.434852] Interrupt Served: 	 Vector = 0x0000000F
[   10.438100] [passthrough] Read: 	 address = 0x40004800, size = 4 bytes, value = 0x0000800d, pc=0x080038E0 
[   10.438555] Interrupt Taken: 	 Vector = 0x0000000F
[   10.438673] Interrupt Served: 	 Vector = 0x0000000F
[   10.441403] Interrupt Taken: 	 Vector = 0x0000000F
[   10.441477] Interrupt Served: 	 Vector = 0x0000000F
[   10.444730] [passthrough] Read: 	 address = 0x4000481C, size = 4 bytes, value = 0x006010d0, pc=0x080038FA 
[   10.445229] [passthrough] Read: 	 address = 0x4000481C, size = 4 bytes, value = 0x006010d0, pc=0x0800392A 
[   10.445709] [passthrough] Read: 	 address = 0x4000481C, size = 4 bytes, value = 0x006010d0, pc=0x0800395E 
[   10.446363] [passthrough] Read: 	 address = 0x40004800, size = 4 bytes, value = 0x0000800d, pc=0x080038E0 
[   10.446789] Interrupt Taken: 	 Vector = 0x0000000F
[   10.446845] Interrupt Served: 	 Vector = 0x0000000F
[   10.450007] [passthrough] Read: 	 address = 0x4000481C, size = 4 bytes, value = 0x006010d0, pc=0x080038FA 
[   10.450564] [passthrough] Read: 	 address = 0x4000481C, size = 4 bytes, value = 0x006010d0, pc=0x0800392A 
[   10.451261] [passthrough] Read: 	 address = 0x4000481C, size = 4 bytes, value = 0x006010d0, pc=0x0800395E 
[   10.451705] Interrupt Taken: 	 Vector = 0x0000000F
[   10.451751] Interrupt Served: 	 Vector = 0x0000000F
[   10.454914] [passthrough] Read: 	 address = 0x40004800, size = 4 bytes, value = 0x0000800d, pc=0x080038E0 
[   10.455369] Interrupt Taken: 	 Vector = 0x0000000F
[   10.455473] Interrupt Served: 	 Vector = 0x0000000F
[   10.458458] Interrupt Taken: 	 Vector = 0x0000000F
[   10.458530] Interrupt Served: 	 Vector = 0x0000000F
[   10.461917] [passthrough] Read: 	 address = 0x4000481C, size = 4 bytes, value = 0x006010d0, pc=0x080038FA 
[   10.462408] [passthrough] Read: 	 address = 0x4000481C, size = 4 bytes, value = 0x006010d0, pc=0x0800392A 
[   10.462889] [passthrough] Read: 	 address = 0x4000481C, size = 4 bytes, value = 0x006010d0, pc=0x0800395E 
[   10.463367] [passthrough] Read: 	 address = 0x40004800, size = 4 bytes, value = 0x0000800d, pc=0x080038E0 
[   10.463792] [passthrough] Read: 	 address = 0x4000481C, size = 4 bytes, value = 0x006010d0, pc=0x080038FA 
[   10.464224] [passthrough] Read: 	 address = 0x4000481C, size = 4 bytes, value = 0x006010d0, pc=0x0800392A 
[   10.464665] [passthrough] Read: 	 address = 0x4000481C, size = 4 bytes, value = 0x006010d0, pc=0x0800395E 
[   10.465178] [passthrough] Read: 	 address = 0x40004800, size = 4 bytes, value = 0x0000800d, pc=0x080038E0 
[   10.465797] [passthrough] Read: 	 address = 0x4000481C, size = 4 bytes, value = 0x006010d0, pc=0x080038FA 
[   10.466335] [passthrough] Read: 	 address = 0x4000481C, size = 4 bytes, value = 0x006010d0, pc=0x0800392A 
[   10.466914] [passthrough] Read: 	 address = 0x4000481C, size = 4 bytes, value = 0x006010d0, pc=0x0800395E 
[   10.467461] [passthrough] Read: 	 address = 0x40004800, size = 4 bytes, value = 0x0000800d, pc=0x080038E0 
[   10.468375] [passthrough] Read: 	 address = 0x4000481C, size = 4 bytes, value = 0x006010d0, pc=0x080038FA 
[   10.468867] [passthrough] Read: 	 address = 0x4000481C, size = 4 bytes, value = 0x006010d0, pc=0x0800392A 
[   10.469360] [passthrough] Read: 	 address = 0x4000481C, size = 4 bytes, value = 0x006010d0, pc=0x0800395E 
[   10.469882] [passthrough] Read: 	 address = 0x40004800, size = 4 bytes, value = 0x0000800d, pc=0x080038E0 
[   10.470388] [passthrough] Read: 	 address = 0x4000481C, size = 4 bytes, value = 0x006010d0, pc=0x080038FA 
[   10.470891] [passthrough] Read: 	 address = 0x4000481C, size = 4 bytes, value = 0x006010d0, pc=0x0800392A 
[   10.471424] [passthrough] Read: 	 address = 0x4000481C, size = 4 bytes, value = 0x006010d0, pc=0x0800395E 
[   10.472177] [passthrough] Read: 	 address = 0x40004800, size = 4 bytes, value = 0x0000800d, pc=0x080038E0 
[   10.472651] Interrupt Taken: 	 Vector = 0x0000000F
[   10.472711] Interrupt Served: 	 Vector = 0x0000000F
[   10.476214] [passthrough] Read: 	 address = 0x4000481C, size = 4 bytes, value = 0x006010d0, pc=0x080038FA 
[   10.476725] Interrupt Taken: 	 Vector = 0x0000000F
[   10.476791] Interrupt Served: 	 Vector = 0x0000000F
[   10.480202] [passthrough] Read: 	 address = 0x4000481C, size = 4 bytes, value = 0x006010d0, pc=0x0800392A 
[   10.480718] [passthrough] Read: 	 address = 0x4000481C, size = 4 bytes, value = 0x006010d0, pc=0x0800395E 
[   10.481193] [passthrough] Read: 	 address = 0x40004800, size = 4 bytes, value = 0x0000800d, pc=0x080038E0 
[   10.481699] [passthrough] Read: 	 address = 0x4000481C, size = 4 bytes, value = 0x006010d0, pc=0x080038FA 
[   10.482216] [passthrough] Read: 	 address = 0x4000481C, size = 4 bytes, value = 0x006010d0, pc=0x0800392A 
[   10.482781] [passthrough] Read: 	 address = 0x4000481C, size = 4 bytes, value = 0x006010d0, pc=0x0800395E 
[   10.483243] [passthrough] Read: 	 address = 0x40004800, size = 4 bytes, value = 0x0000800d, pc=0x080038E0 
[   10.483726] [passthrough] Read: 	 address = 0x4000481C, size = 4 bytes, value = 0x006010d0, pc=0x080038FA 
[   10.484253] [passthrough] Read: 	 address = 0x4000481C, size = 4 bytes, value = 0x006010d0, pc=0x0800392A 
[   10.484811] [passthrough] Read: 	 address = 0x4000481C, size = 4 bytes, value = 0x006010d0, pc=0x0800395E 
[   10.485539] [passthrough] Read: 	 address = 0x40004800, size = 4 bytes, value = 0x0000800d, pc=0x080038E0 
[   10.486083] Interrupt Taken: 	 Vector = 0x0000000F
[   10.486149] Interrupt Served: 	 Vector = 0x0000000F
[   10.489406] [passthrough] Read: 	 address = 0x4000481C, size = 4 bytes, value = 0x006010d0, pc=0x080038FA 
[   10.489888] Interrupt Taken: 	 Vector = 0x0000000F
[   10.490048] Interrupt Served: 	 Vector = 0x0000000F
[   10.492997] Interrupt Taken: 	 Vector = 0x0000000F
[   10.493082] Interrupt Served: 	 Vector = 0x0000000F
[   10.496242] [passthrough] Read: 	 address = 0x4000481C, size = 4 bytes, value = 0x006010d0, pc=0x0800392A 
[   10.496695] [passthrough] Read: 	 address = 0x4000481C, size = 4 bytes, value = 0x006010d0, pc=0x0800395E 
[   10.497197] [passthrough] Read: 	 address = 0x4000481C, size = 4 bytes, value = 0x006010d0, pc=0x0800395E 
[   10.497674] [passthrough] Read: 	 address = 0x40004800, size = 4 bytes, value = 0x0000800d, pc=0x080038E0 
[   10.498185] [passthrough] Read: 	 address = 0x4000481C, size = 4 bytes, value = 0x006010d0, pc=0x080038FA 
[   10.498701] [passthrough] Read: 	 address = 0x4000481C, size = 4 bytes, value = 0x006010d0, pc=0x0800392A 
[   10.499268] [passthrough] Read: 	 address = 0x4000481C, size = 4 bytes, value = 0x006010d0, pc=0x0800395E 
[   10.499806] [passthrough] Read: 	 address = 0x40004800, size = 4 bytes, value = 0x0000800d, pc=0x080038E0 
[   10.500408] [passthrough] Read: 	 address = 0x4000481C, size = 4 bytes, value = 0x006010d0, pc=0x080038FA 
[   10.501001] [passthrough] Read: 	 address = 0x4000481C, size = 4 bytes, value = 0x006010d0, pc=0x0800392A 
[   10.501495] [passthrough] Read: 	 address = 0x4000481C, size = 4 bytes, value = 0x006010d0, pc=0x0800395E 
[   10.501958] [passthrough] Read: 	 address = 0x40004800, size = 4 bytes, value = 0x0000800d, pc=0x080038E0 
[   10.502423] [passthrough] Read: 	 address = 0x4000481C, size = 4 bytes, value = 0x006010d0, pc=0x080038FA 
[   10.502900] [passthrough] Read: 	 address = 0x4000481C, size = 4 bytes, value = 0x006010d0, pc=0x0800392A 
[   10.503365] [passthrough] Read: 	 address = 0x4000481C, size = 4 bytes, value = 0x006010d0, pc=0x0800395E 
[   10.504057] [passthrough] Read: 	 address = 0x40004800, size = 4 bytes, value = 0x0000800d, pc=0x080038E0 
[   10.504532] Interrupt Taken: 	 Vector = 0x0000000F
[   10.504583] Interrupt Served: 	 Vector = 0x0000000F
[   10.507676] [passthrough] Read: 	 address = 0x4000481C, size = 4 bytes, value = 0x006010d0, pc=0x080038FA 
[   10.508224] [passthrough] Read: 	 address = 0x4000481C, size = 4 bytes, value = 0x006010d0, pc=0x0800392A 
[   10.509011] [passthrough] Read: 	 address = 0x4000481C, size = 4 bytes, value = 0x006010d0, pc=0x0800395E 
[   10.509548] [passthrough] Read: 	 address = 0x40004800, size = 4 bytes, value = 0x0000800d, pc=0x080038E0 
[   10.510065] [passthrough] Read: 	 address = 0x4000481C, size = 4 bytes, value = 0x006010d0, pc=0x080038FA 
[   10.510626] [passthrough] Read: 	 address = 0x4000481C, size = 4 bytes, value = 0x006010d0, pc=0x0800392A 
[   10.511168] [passthrough] Read: 	 address = 0x4000481C, size = 4 bytes, value = 0x006010d0, pc=0x0800395E 
[   10.511738] [passthrough] Read: 	 address = 0x40004800, size = 4 bytes, value = 0x0000800d, pc=0x080038E0 
[   10.512238] [passthrough] Read: 	 address = 0x4000481C, size = 4 bytes, value = 0x006010d0, pc=0x080038FA 
[   10.512815] [passthrough] Read: 	 address = 0x4000481C, size = 4 bytes, value = 0x006010d0, pc=0x0800392A 
[   10.513345] [passthrough] Read: 	 address = 0x4000481C, size = 4 bytes, value = 0x006010d0, pc=0x0800395E 
[   10.513853] [passthrough] Read: 	 address = 0x40004800, size = 4 bytes, value = 0x0000800d, pc=0x080038E0 
[   10.514383] [passthrough] Read: 	 address = 0x4000481C, size = 4 bytes, value = 0x006010d0, pc=0x080038FA 
[   10.514922] [passthrough] Read: 	 address = 0x4000481C, size = 4 bytes, value = 0x006010d0, pc=0x0800392A 
[   10.515515] [passthrough] Read: 	 address = 0x4000481C, size = 4 bytes, value = 0x006010d0, pc=0x0800395E 
[   10.516049] [passthrough] Read: 	 address = 0x40004800, size = 4 bytes, value = 0x0000800d, pc=0x080038E0 
[   10.516515] [passthrough] Read: 	 address = 0x4000481C, size = 4 bytes, value = 0x006010d0, pc=0x080038FA 
[   10.516969] [passthrough] Read: 	 address = 0x4000481C, size = 4 bytes, value = 0x006010d0, pc=0x0800392A 
[   10.517419] [passthrough] Read: 	 address = 0x4000481C, size = 4 bytes, value = 0x006010d0, pc=0x0800395E 
[   10.517881] [passthrough] Read: 	 address = 0x40004800, size = 4 bytes, value = 0x0000800d, pc=0x080038E0 
[   10.518335] [passthrough] Read: 	 address = 0x4000481C, size = 4 bytes, value = 0x006010d0, pc=0x080038FA 
[   10.518822] [passthrough] Read: 	 address = 0x4000481C, size = 4 bytes, value = 0x006010d0, pc=0x0800392A 
[   10.519318] [passthrough] Read: 	 address = 0x4000481C, size = 4 bytes, value = 0x006010d0, pc=0x0800395E 
[   10.519813] [passthrough] Read: 	 address = 0x40004800, size = 4 bytes, value = 0x0000800d, pc=0x080038E0 
[   10.520292] [passthrough] Read: 	 address = 0x4000481C, size = 4 bytes, value = 0x006010d0, pc=0x080038FA 
[   10.520816] [passthrough] Read: 	 address = 0x4000481C, size = 4 bytes, value = 0x006010d0, pc=0x0800392A 
[   10.521344] [passthrough] Read: 	 address = 0x4000481C, size = 4 bytes, value = 0x006010d0, pc=0x0800395E 
[   10.522066] [passthrough] Read: 	 address = 0x40004800, size = 4 bytes, value = 0x0000800d, pc=0x080038E0 
[   10.522521] Interrupt Taken: 	 Vector = 0x0000000F
[   10.522655] Interrupt Served: 	 Vector = 0x0000000F
[   10.525803] Interrupt Taken: 	 Vector = 0x0000000F
[   10.525887] Interrupt Served: 	 Vector = 0x0000000F
[   10.529198] [passthrough] Read: 	 address = 0x4000481C, size = 4 bytes, value = 0x006010d0, pc=0x080038FA 
[   10.529699] [passthrough] Read: 	 address = 0x4000481C, size = 4 bytes, value = 0x006010d0, pc=0x0800392A 
[   10.530205] [passthrough] Read: 	 address = 0x4000481C, size = 4 bytes, value = 0x006010d0, pc=0x0800395E 
[   10.530707] [passthrough] Read: 	 address = 0x40004800, size = 4 bytes, value = 0x0000800d, pc=0x080038E0 
[   10.531244] [passthrough] Read: 	 address = 0x4000481C, size = 4 bytes, value = 0x006010d0, pc=0x080038FA 
[   10.531868] [passthrough] Read: 	 address = 0x4000481C, size = 4 bytes, value = 0x006010d0, pc=0x0800392A 
[   10.532497] [passthrough] Read: 	 address = 0x4000481C, size = 4 bytes, value = 0x006010d0, pc=0x0800395E 
[   10.533158] [passthrough] Read: 	 address = 0x40004800, size = 4 bytes, value = 0x0000800d, pc=0x080038E0 
[   10.533626] Interrupt Taken: 	 Vector = 0x0000000F
[   10.533687] Interrupt Served: 	 Vector = 0x0000000F
[   10.536934] [passthrough] Read: 	 address = 0x4000481C, size = 4 bytes, value = 0x006010d0, pc=0x080038FA 
[   10.537449] Interrupt Taken: 	 Vector = 0x0000000F
[   10.537583] Interrupt Served: 	 Vector = 0x0000000F
[   10.540361] Interrupt Taken: 	 Vector = 0x0000000F
[   10.540446] Interrupt Served: 	 Vector = 0x0000000F
[   10.543836] [passthrough] Read: 	 address = 0x4000481C, size = 4 bytes, value = 0x006010d0, pc=0x0800392A 
[   10.544423] [passthrough] Read: 	 address = 0x4000481C, size = 4 bytes, value = 0x006010d0, pc=0x0800395E 
[   10.544910] [passthrough] Read: 	 address = 0x40004800, size = 4 bytes, value = 0x0000800d, pc=0x080038E0 
[   10.545481] [passthrough] Read: 	 address = 0x4000481C, size = 4 bytes, value = 0x006010d0, pc=0x080038FA 
[   10.545959] Interrupt Taken: 	 Vector = 0x0000000F
[   10.546068] Interrupt Served: 	 Vector = 0x0000000F
[   10.549006] Interrupt Taken: 	 Vector = 0x0000000F
[   10.549142] Interrupt Served: 	 Vector = 0x0000000F
[   10.552714] [passthrough] Read: 	 address = 0x4000481C, size = 4 bytes, value = 0x006010d0, pc=0x0800392A 
[   10.553367] [passthrough] Read: 	 address = 0x4000481C, size = 4 bytes, value = 0x006010d0, pc=0x0800395E 
[   10.554228] [passthrough] Read: 	 address = 0x40004800, size = 4 bytes, value = 0x0000800d, pc=0x080038E0 
[   10.554703] Interrupt Taken: 	 Vector = 0x0000000F
[   10.554771] Interrupt Served: 	 Vector = 0x0000000F
[   10.558286] [passthrough] Read: 	 address = 0x4000481C, size = 4 bytes, value = 0x006010d0, pc=0x080038FA 
[   10.558787] Interrupt Taken: 	 Vector = 0x0000000F
[   10.558910] Interrupt Served: 	 Vector = 0x0000000F
[   10.561867] Interrupt Taken: 	 Vector = 0x0000000F
[   10.561937] Interrupt Served: 	 Vector = 0x0000000F
[   10.565147] [passthrough] Read: 	 address = 0x4000481C, size = 4 bytes, value = 0x006010d0, pc=0x0800392A 
[   10.565680] [passthrough] Read: 	 address = 0x4000481C, size = 4 bytes, value = 0x006010d0, pc=0x0800395E 
[   10.566276] [passthrough] Read: 	 address = 0x4000481C, size = 4 bytes, value = 0x006010d0, pc=0x0800395E 
[   10.566706] Interrupt Taken: 	 Vector = 0x0000000F
[   10.566759] Interrupt Served: 	 Vector = 0x0000000F
[   10.569962] [passthrough] Read: 	 address = 0x40004800, size = 4 bytes, value = 0x0000800d, pc=0x080038E0 
[   10.570568] [passthrough] Read: 	 address = 0x4000481C, size = 4 bytes, value = 0x006010d0, pc=0x080038FA 
[   10.571181] [passthrough] Read: 	 address = 0x4000481C, size = 4 bytes, value = 0x006010d0, pc=0x0800392A 
[   10.571855] [passthrough] Read: 	 address = 0x4000481C, size = 4 bytes, value = 0x006010d0, pc=0x0800395E 
[   10.572286] Interrupt Taken: 	 Vector = 0x0000000F
[   10.572334] Interrupt Served: 	 Vector = 0x0000000F
[   10.575557] [passthrough] Read: 	 address = 0x40004800, size = 4 bytes, value = 0x0000800d, pc=0x080038E0 
[   10.576044] [passthrough] Read: 	 address = 0x4000481C, size = 4 bytes, value = 0x006010d0, pc=0x080038FA 
[   10.576525] [passthrough] Read: 	 address = 0x4000481C, size = 4 bytes, value = 0x006010d0, pc=0x0800392A 
[   10.576993] [passthrough] Read: 	 address = 0x4000481C, size = 4 bytes, value = 0x006010d0, pc=0x0800395E 
[   10.577472] [passthrough] Read: 	 address = 0x40004800, size = 4 bytes, value = 0x0000800d, pc=0x080038E0 
[   10.577920] [passthrough] Read: 	 address = 0x4000481C, size = 4 bytes, value = 0x006010d0, pc=0x080038FA 
[   10.578447] [passthrough] Read: 	 address = 0x4000481C, size = 4 bytes, value = 0x006010d0, pc=0x0800392A 
[   10.578955] [passthrough] Read: 	 address = 0x4000481C, size = 4 bytes, value = 0x006010d0, pc=0x0800395E 
[   10.579451] [passthrough] Read: 	 address = 0x40004800, size = 4 bytes, value = 0x0000800d, pc=0x080038E0 
[   10.579950] [passthrough] Read: 	 address = 0x4000481C, size = 4 bytes, value = 0x006010d0, pc=0x080038FA 
[   10.580454] [passthrough] Read: 	 address = 0x4000481C, size = 4 bytes, value = 0x006010d0, pc=0x0800392A 
[   10.580944] [passthrough] Read: 	 address = 0x4000481C, size = 4 bytes, value = 0x006010d0, pc=0x0800395E 
[   10.581425] [passthrough] Read: 	 address = 0x40004800, size = 4 bytes, value = 0x0000800d, pc=0x080038E0 
[   10.581984] [passthrough] Read: 	 address = 0x4000481C, size = 4 bytes, value = 0x006010d0, pc=0x080038FA 
[   10.582426] [passthrough] Read: 	 address = 0x4000481C, size = 4 bytes, value = 0x006010d0, pc=0x0800392A 
[   10.582955] [passthrough] Read: 	 address = 0x4000481C, size = 4 bytes, value = 0x006010d0, pc=0x0800395E 
[   10.583478] [passthrough] Read: 	 address = 0x40004800, size = 4 bytes, value = 0x0000800d, pc=0x080038E0 
[   10.584058] [passthrough] Read: 	 address = 0x4000481C, size = 4 bytes, value = 0x006010d0, pc=0x080038FA 
[   10.584558] [passthrough] Read: 	 address = 0x4000481C, size = 4 bytes, value = 0x006010d0, pc=0x0800392A 
[   10.585004] [passthrough] Read: 	 address = 0x4000481C, size = 4 bytes, value = 0x006010d0, pc=0x0800395E 
[   10.585821] [passthrough] Read: 	 address = 0x40004800, size = 4 bytes, value = 0x0000800d, pc=0x080038E0 
[   10.586319] Interrupt Taken: 	 Vector = 0x0000000F
[   10.586465] Interrupt Served: 	 Vector = 0x0000000F
[   10.589585] Interrupt Taken: 	 Vector = 0x0000000F
[   10.589686] Interrupt Served: 	 Vector = 0x0000000F
[   10.593234] [passthrough] Read: 	 address = 0x4000481C, size = 4 bytes, value = 0x006010d0, pc=0x080038FA 
[   10.593703] [passthrough] Read: 	 address = 0x4000481C, size = 4 bytes, value = 0x006010d0, pc=0x0800392A 
[   10.594138] [passthrough] Read: 	 address = 0x4000481C, size = 4 bytes, value = 0x006010d0, pc=0x0800395E 
[   10.594546] [passthrough] Read: 	 address = 0x40004800, size = 4 bytes, value = 0x0000800d, pc=0x080038E0 
[   10.594982] [passthrough] Read: 	 address = 0x4000481C, size = 4 bytes, value = 0x006010d0, pc=0x080038FA 
[   10.595417] [passthrough] Read: 	 address = 0x4000481C, size = 4 bytes, value = 0x006010d0, pc=0x0800392A 
[   10.595909] [passthrough] Read: 	 address = 0x4000481C, size = 4 bytes, value = 0x006010d0, pc=0x0800395E 
[   10.596544] [passthrough] Read: 	 address = 0x40004800, size = 4 bytes, value = 0x0000800d, pc=0x080038E0 
[   10.596952] Interrupt Taken: 	 Vector = 0x0000000F
[   10.597042] Interrupt Served: 	 Vector = 0x0000000F
[   10.599923] Interrupt Taken: 	 Vector = 0x0000000F
[   10.600049] Interrupt Served: 	 Vector = 0x0000000F
[   10.603370] [passthrough] Read: 	 address = 0x4000481C, size = 4 bytes, value = 0x006010d0, pc=0x080038FA 
[   10.603873] Interrupt Taken: 	 Vector = 0x0000000F
[   10.604053] Interrupt Served: 	 Vector = 0x0000000F
[   10.606889] Interrupt Taken: 	 Vector = 0x0000000F
[   10.606958] Interrupt Served: 	 Vector = 0x0000000F
[   10.610237] [passthrough] Read: 	 address = 0x4000481C, size = 4 bytes, value = 0x006010d0, pc=0x0800392A 
[   10.610809] Interrupt Taken: 	 Vector = 0x0000000F
[   10.610851] Interrupt Served: 	 Vector = 0x0000000F
[   10.614180] [passthrough] Read: 	 address = 0x4000481C, size = 4 bytes, value = 0x006010d0, pc=0x0800395E 
[   10.614672] [passthrough] Read: 	 address = 0x40004800, size = 4 bytes, value = 0x0000800d, pc=0x080038E0 
[   10.615207] [passthrough] Read: 	 address = 0x4000481C, size = 4 bytes, value = 0x006010d0, pc=0x080038FA 
[   10.615724] [passthrough] Read: 	 address = 0x4000481C, size = 4 bytes, value = 0x006010d0, pc=0x0800392A 
[   10.616252] [passthrough] Read: 	 address = 0x4000481C, size = 4 bytes, value = 0x006010d0, pc=0x0800395E 
[   10.616923] [passthrough] Read: 	 address = 0x40004800, size = 4 bytes, value = 0x0000800d, pc=0x080038E0 
[   10.617378] Interrupt Taken: 	 Vector = 0x0000000F
[   10.617495] Interrupt Served: 	 Vector = 0x0000000F
[   10.620370] Interrupt Taken: 	 Vector = 0x0000000F
[   10.620467] Interrupt Served: 	 Vector = 0x0000000F
[   10.623642] [passthrough] Read: 	 address = 0x4000481C, size = 4 bytes, value = 0x006010d0, pc=0x080038FA 
[   10.624167] [passthrough] Read: 	 address = 0x4000481C, size = 4 bytes, value = 0x006010d0, pc=0x0800392A 
[   10.624653] [passthrough] Read: 	 address = 0x4000481C, size = 4 bytes, value = 0x006010d0, pc=0x0800395E 
[   10.625145] [passthrough] Read: 	 address = 0x4000481C, size = 4 bytes, value = 0x006010d0, pc=0x0800395E 
[   10.625595] [passthrough] Read: 	 address = 0x40004800, size = 4 bytes, value = 0x0000800d, pc=0x080038E0 
[   10.625996] [passthrough] Read: 	 address = 0x4000481C, size = 4 bytes, value = 0x006010d0, pc=0x080038FA 
[   10.626442] [passthrough] Read: 	 address = 0x4000481C, size = 4 bytes, value = 0x006010d0, pc=0x0800392A 
[   10.626913] [passthrough] Read: 	 address = 0x4000481C, size = 4 bytes, value = 0x006010d0, pc=0x0800395E 
[   10.627409] [passthrough] Read: 	 address = 0x40004800, size = 4 bytes, value = 0x0000800d, pc=0x080038E0 
[   10.627886] [passthrough] Read: 	 address = 0x4000481C, size = 4 bytes, value = 0x006010d0, pc=0x080038FA 
[   10.628364] [passthrough] Read: 	 address = 0x4000481C, size = 4 bytes, value = 0x006010d0, pc=0x0800392A 
[   10.628839] [passthrough] Read: 	 address = 0x4000481C, size = 4 bytes, value = 0x006010d0, pc=0x0800395E 
[   10.629395] [passthrough] Read: 	 address = 0x40004800, size = 4 bytes, value = 0x0000800d, pc=0x080038E0 
[   10.629904] [passthrough] Read: 	 address = 0x4000481C, size = 4 bytes, value = 0x006010d0, pc=0x080038FA 
[   10.630394] [passthrough] Read: 	 address = 0x4000481C, size = 4 bytes, value = 0x006010d0, pc=0x0800392A 
[   10.631316] [passthrough] Read: 	 address = 0x4000481C, size = 4 bytes, value = 0x006010d0, pc=0x0800395E 
[   10.631871] [passthrough] Read: 	 address = 0x40004800, size = 4 bytes, value = 0x0000800d, pc=0x080038E0 
[   10.632402] [passthrough] Read: 	 address = 0x4000481C, size = 4 bytes, value = 0x006010d0, pc=0x080038FA 
[   10.632903] [passthrough] Read: 	 address = 0x4000481C, size = 4 bytes, value = 0x006010d0, pc=0x0800392A 
[   10.633398] [passthrough] Read: 	 address = 0x4000481C, size = 4 bytes, value = 0x006010d0, pc=0x0800395E 
[   10.633861] [passthrough] Read: 	 address = 0x40004800, size = 4 bytes, value = 0x0000800d, pc=0x080038E0 
[   10.634562] [passthrough] Read: 	 address = 0x4000481C, size = 4 bytes, value = 0x006010d0, pc=0x080038FA 
[   10.635104] Interrupt Taken: 	 Vector = 0x0000000F
[   10.635169] Interrupt Served: 	 Vector = 0x0000000F
[   10.638376] [passthrough] Read: 	 address = 0x4000481C, size = 4 bytes, value = 0x006010d0, pc=0x0800392A 
[   10.638856] [passthrough] Read: 	 address = 0x4000481C, size = 4 bytes, value = 0x006010d0, pc=0x0800395E 
[   10.639475] [passthrough] Read: 	 address = 0x40004800, size = 4 bytes, value = 0x0000800d, pc=0x080038E0 
[   10.639865] Interrupt Taken: 	 Vector = 0x0000000F
[   10.639942] Interrupt Served: 	 Vector = 0x0000000F
[   10.642863] Interrupt Taken: 	 Vector = 0x0000000F
[   10.642944] Interrupt Served: 	 Vector = 0x0000000F
[   10.646127] [passthrough] Read: 	 address = 0x4000481C, size = 4 bytes, value = 0x006010d0, pc=0x080038FA 
[   10.646639] [passthrough] Read: 	 address = 0x4000481C, size = 4 bytes, value = 0x006010d0, pc=0x0800392A 
[   10.647143] [passthrough] Read: 	 address = 0x4000481C, size = 4 bytes, value = 0x006010d0, pc=0x0800395E 
[   10.647696] [passthrough] Read: 	 address = 0x40004800, size = 4 bytes, value = 0x0000800d, pc=0x080038E0 
[   10.648189] [passthrough] Read: 	 address = 0x4000481C, size = 4 bytes, value = 0x006010d0, pc=0x080038FA 
[   10.648627] [passthrough] Read: 	 address = 0x4000481C, size = 4 bytes, value = 0x006010d0, pc=0x0800392A 
[   10.649266] [passthrough] Read: 	 address = 0x4000481C, size = 4 bytes, value = 0x006010d0, pc=0x0800395E 
[   10.649742] Interrupt Taken: 	 Vector = 0x0000000F
[   10.649802] Interrupt Served: 	 Vector = 0x0000000F
[   10.653293] [passthrough] Read: 	 address = 0x40004800, size = 4 bytes, value = 0x0000800d, pc=0x080038E0 
[   10.653802] Interrupt Taken: 	 Vector = 0x0000000F
[   10.653928] Interrupt Served: 	 Vector = 0x0000000F
[   10.656928] Interrupt Taken: 	 Vector = 0x0000000F
[   10.657127] Interrupt Served: 	 Vector = 0x0000000F
[   10.659829] Interrupt Taken: 	 Vector = 0x0000000F
[   10.659895] Interrupt Served: 	 Vector = 0x0000000F
[   10.663110] [passthrough] Read: 	 address = 0x4000481C, size = 4 bytes, value = 0x006010d0, pc=0x080038FA 
[   10.663542] Interrupt Taken: 	 Vector = 0x0000000F
[   10.663659] Interrupt Served: 	 Vector = 0x0000000F
[   10.666575] Interrupt Taken: 	 Vector = 0x0000000F
[   10.666652] Interrupt Served: 	 Vector = 0x0000000F
[   10.670154] [passthrough] Read: 	 address = 0x4000481C, size = 4 bytes, value = 0x006010d0, pc=0x0800392A 
[   10.670722] Interrupt Taken: 	 Vector = 0x0000000F
[   10.670790] Interrupt Served: 	 Vector = 0x0000000F
[   10.674455] [passthrough] Read: 	 address = 0x4000481C, size = 4 bytes, value = 0x006010d0, pc=0x0800395E 
[   10.674995] [passthrough] Read: 	 address = 0x40004800, size = 4 bytes, value = 0x0000800d, pc=0x080038E0 
[   10.675518] [passthrough] Read: 	 address = 0x4000481C, size = 4 bytes, value = 0x006010d0, pc=0x080038FA 
[   10.676076] [passthrough] Read: 	 address = 0x4000481C, size = 4 bytes, value = 0x006010d0, pc=0x0800392A 
[   10.676647] [passthrough] Read: 	 address = 0x4000481C, size = 4 bytes, value = 0x006010d0, pc=0x0800395E 
[   10.677171] [passthrough] Read: 	 address = 0x40004800, size = 4 bytes, value = 0x0000800d, pc=0x080038E0 
[   10.677718] [passthrough] Read: 	 address = 0x4000481C, size = 4 bytes, value = 0x006010d0, pc=0x080038FA 
[   10.678165] [passthrough] Read: 	 address = 0x4000481C, size = 4 bytes, value = 0x006010d0, pc=0x0800392A 
[   10.678597] [passthrough] Read: 	 address = 0x4000481C, size = 4 bytes, value = 0x006010d0, pc=0x0800395E 
[   10.679001] [passthrough] Read: 	 address = 0x40004800, size = 4 bytes, value = 0x0000800d, pc=0x080038E0 
[   10.679465] [passthrough] Read: 	 address = 0x4000481C, size = 4 bytes, value = 0x006010d0, pc=0x080038FA 
[   10.679935] [passthrough] Read: 	 address = 0x4000481C, size = 4 bytes, value = 0x006010d0, pc=0x0800392A 
[   10.680412] [passthrough] Read: 	 address = 0x4000481C, size = 4 bytes, value = 0x006010d0, pc=0x0800395E 
[   10.681064] [passthrough] Read: 	 address = 0x40004800, size = 4 bytes, value = 0x0000800d, pc=0x080038E0 
[   10.681484] Interrupt Taken: 	 Vector = 0x0000000F
[   10.681526] Interrupt Served: 	 Vector = 0x0000000F
[   10.684009] Interrupt Taken: 	 Vector = 0x0000000F
[   10.684136] Interrupt Served: 	 Vector = 0x0000000F
[   10.686823] Interrupt Taken: 	 Vector = 0x0000000F
[   10.686861] Interrupt Served: 	 Vector = 0x0000000F
[   10.689573] [passthrough] Read: 	 address = 0x4000481C, size = 4 bytes, value = 0x006010d0, pc=0x080038FA 
[   10.689918] [passthrough] Read: 	 address = 0x4000481C, size = 4 bytes, value = 0x006010d0, pc=0x0800392A 
[   10.690313] [passthrough] Read: 	 address = 0x4000481C, size = 4 bytes, value = 0x006010d0, pc=0x0800395E 
[   10.690672] [passthrough] Read: 	 address = 0x4000481C, size = 4 bytes, value = 0x006010d0, pc=0x0800395E 
[   10.691023] [passthrough] Read: 	 address = 0x40004800, size = 4 bytes, value = 0x0000800d, pc=0x080038E0 
[   10.691368] [passthrough] Read: 	 address = 0x4000481C, size = 4 bytes, value = 0x006010d0, pc=0x080038FA 
[   10.691674] [passthrough] Read: 	 address = 0x4000481C, size = 4 bytes, value = 0x006010d0, pc=0x0800392A 
[   10.692102] [passthrough] Read: 	 address = 0x4000481C, size = 4 bytes, value = 0x006010d0, pc=0x0800395E 
[   10.692447] [passthrough] Read: 	 address = 0x40004800, size = 4 bytes, value = 0x0000800d, pc=0x080038E0 
[   10.692786] [passthrough] Read: 	 address = 0x4000481C, size = 4 bytes, value = 0x006010d0, pc=0x080038FA 
[   10.693125] [passthrough] Read: 	 address = 0x4000481C, size = 4 bytes, value = 0x006010d0, pc=0x0800392A 
[   10.693488] [passthrough] Read: 	 address = 0x4000481C, size = 4 bytes, value = 0x006010d0, pc=0x0800395E 
[   10.693807] [passthrough] Read: 	 address = 0x40004800, size = 4 bytes, value = 0x0000800d, pc=0x080038E0 
[   10.694141] [passthrough] Read: 	 address = 0x4000481C, size = 4 bytes, value = 0x006010d0, pc=0x080038FA 
[   10.694460] [passthrough] Read: 	 address = 0x4000481C, size = 4 bytes, value = 0x006010d0, pc=0x0800392A 
[   10.694825] [passthrough] Read: 	 address = 0x4000481C, size = 4 bytes, value = 0x006010d0, pc=0x0800395E 
[   10.695183] [passthrough] Read: 	 address = 0x40004800, size = 4 bytes, value = 0x0000800d, pc=0x080038E0 
[   10.695532] [passthrough] Read: 	 address = 0x4000481C, size = 4 bytes, value = 0x006010d0, pc=0x080038FA 
[   10.695861] [passthrough] Read: 	 address = 0x4000481C, size = 4 bytes, value = 0x006010d0, pc=0x0800392A 
[   10.696195] [passthrough] Read: 	 address = 0x4000481C, size = 4 bytes, value = 0x006010d0, pc=0x0800395E 
[   10.696504] [passthrough] Read: 	 address = 0x40004800, size = 4 bytes, value = 0x0000800d, pc=0x080038E0 
[   10.696813] [passthrough] Read: 	 address = 0x4000481C, size = 4 bytes, value = 0x006010d0, pc=0x080038FA 
[   10.697164] [passthrough] Read: 	 address = 0x4000481C, size = 4 bytes, value = 0x006010d0, pc=0x0800392A 
[   10.697488] [passthrough] Read: 	 address = 0x4000481C, size = 4 bytes, value = 0x006010d0, pc=0x0800395E 
[   10.697792] [passthrough] Read: 	 address = 0x40004800, size = 4 bytes, value = 0x0000800d, pc=0x080038E0 
[   10.698164] [passthrough] Read: 	 address = 0x4000481C, size = 4 bytes, value = 0x006010d0, pc=0x080038FA 
[   10.698483] [passthrough] Read: 	 address = 0x4000481C, size = 4 bytes, value = 0x006010d0, pc=0x0800392A 
[   10.698826] [passthrough] Read: 	 address = 0x4000481C, size = 4 bytes, value = 0x006010d0, pc=0x0800395E 
[   10.699211] [passthrough] Read: 	 address = 0x40004800, size = 4 bytes, value = 0x0000800d, pc=0x080038E0 
[   10.699574] [passthrough] Read: 	 address = 0x4000481C, size = 4 bytes, value = 0x006010d0, pc=0x080038FA 
[   10.699915] [passthrough] Read: 	 address = 0x4000481C, size = 4 bytes, value = 0x006010d0, pc=0x0800392A 
[   10.700275] [passthrough] Read: 	 address = 0x4000481C, size = 4 bytes, value = 0x006010d0, pc=0x0800395E 
[   10.700665] [passthrough] Read: 	 address = 0x40004800, size = 4 bytes, value = 0x0000800d, pc=0x080038E0 
[   10.701039] [passthrough] Read: 	 address = 0x4000481C, size = 4 bytes, value = 0x006010d0, pc=0x080038FA 
[   10.701410] [passthrough] Read: 	 address = 0x4000481C, size = 4 bytes, value = 0x006010d0, pc=0x0800392A 
[   10.701759] [passthrough] Read: 	 address = 0x4000481C, size = 4 bytes, value = 0x006010d0, pc=0x0800395E 
[   10.702114] [passthrough] Read: 	 address = 0x40004800, size = 4 bytes, value = 0x0000800d, pc=0x080038E0 
[   10.702447] [passthrough] Read: 	 address = 0x4000481C, size = 4 bytes, value = 0x006010d0, pc=0x080038FA 
[   10.702765] [passthrough] Read: 	 address = 0x4000481C, size = 4 bytes, value = 0x006010d0, pc=0x0800392A 
[   10.703113] [passthrough] Read: 	 address = 0x4000481C, size = 4 bytes, value = 0x006010d0, pc=0x0800395E 
[   10.703425] [passthrough] Read: 	 address = 0x40004800, size = 4 bytes, value = 0x0000800d, pc=0x080038E0 
[   10.703735] [passthrough] Read: 	 address = 0x4000481C, size = 4 bytes, value = 0x006010d0, pc=0x080038FA 
[   10.704073] [passthrough] Read: 	 address = 0x4000481C, size = 4 bytes, value = 0x006010d0, pc=0x0800392A 
[   10.704407] [passthrough] Read: 	 address = 0x4000481C, size = 4 bytes, value = 0x006010d0, pc=0x0800395E 
[   10.704750] [passthrough] Read: 	 address = 0x40004800, size = 4 bytes, value = 0x0000800d, pc=0x080038E0 
[   10.705109] [passthrough] Read: 	 address = 0x4000481C, size = 4 bytes, value = 0x006010d0, pc=0x080038FA 
[   10.705424] [passthrough] Read: 	 address = 0x4000481C, size = 4 bytes, value = 0x006010d0, pc=0x0800392A 
[   10.705741] [passthrough] Read: 	 address = 0x4000481C, size = 4 bytes, value = 0x006010d0, pc=0x0800395E 
[   10.706102] [passthrough] Read: 	 address = 0x40004800, size = 4 bytes, value = 0x0000800d, pc=0x080038E0 
[   10.706445] [passthrough] Read: 	 address = 0x4000481C, size = 4 bytes, value = 0x006010d0, pc=0x080038FA 
[   10.706780] [passthrough] Read: 	 address = 0x4000481C, size = 4 bytes, value = 0x006010d0, pc=0x0800392A 
[   10.707285] [passthrough] Read: 	 address = 0x4000481C, size = 4 bytes, value = 0x006010d0, pc=0x0800395E 
[   10.707616] [passthrough] Read: 	 address = 0x40004800, size = 4 bytes, value = 0x0000800d, pc=0x080038E0 
[   10.707945] [passthrough] Read: 	 address = 0x4000481C, size = 4 bytes, value = 0x006010d0, pc=0x080038FA 
[   10.708283] [passthrough] Read: 	 address = 0x4000481C, size = 4 bytes, value = 0x006010d0, pc=0x0800392A 
[   10.708612] [passthrough] Read: 	 address = 0x4000481C, size = 4 bytes, value = 0x006010d0, pc=0x0800395E 
[   10.708942] [passthrough] Read: 	 address = 0x40004800, size = 4 bytes, value = 0x0000800d, pc=0x080038E0 
[   10.709281] [passthrough] Read: 	 address = 0x4000481C, size = 4 bytes, value = 0x006010d0, pc=0x080038FA 
[   10.709614] [passthrough] Read: 	 address = 0x4000481C, size = 4 bytes, value = 0x006010d0, pc=0x0800392A 
[   10.709942] [passthrough] Read: 	 address = 0x4000481C, size = 4 bytes, value = 0x006010d0, pc=0x0800395E 
[   10.710282] [passthrough] Read: 	 address = 0x40004800, size = 4 bytes, value = 0x0000800d, pc=0x080038E0 
[   10.710587] [passthrough] Read: 	 address = 0x4000481C, size = 4 bytes, value = 0x006010d0, pc=0x080038FA 
[   10.710943] [passthrough] Read: 	 address = 0x4000481C, size = 4 bytes, value = 0x006010d0, pc=0x0800392A 
[   10.711300] [passthrough] Read: 	 address = 0x4000481C, size = 4 bytes, value = 0x006010d0, pc=0x0800395E 
[   10.711955] [passthrough] Read: 	 address = 0x40004800, size = 4 bytes, value = 0x0000800d, pc=0x080038E0 
[   10.712295] [passthrough] Read: 	 address = 0x4000481C, size = 4 bytes, value = 0x006010d0, pc=0x080038FA 
[   10.712647] [passthrough] Read: 	 address = 0x4000481C, size = 4 bytes, value = 0x006010d0, pc=0x0800392A 
[   10.712996] [passthrough] Read: 	 address = 0x4000481C, size = 4 bytes, value = 0x006010d0, pc=0x0800395E 
[   10.713345] [passthrough] Read: 	 address = 0x40004800, size = 4 bytes, value = 0x0000800d, pc=0x080038E0 
[   10.713698] [passthrough] Read: 	 address = 0x4000481C, size = 4 bytes, value = 0x006010d0, pc=0x080038FA 
[   10.714060] [passthrough] Read: 	 address = 0x4000481C, size = 4 bytes, value = 0x006010d0, pc=0x0800392A 
[   10.714413] [passthrough] Read: 	 address = 0x4000481C, size = 4 bytes, value = 0x006010d0, pc=0x0800395E 
[   10.714760] [passthrough] Read: 	 address = 0x40004800, size = 4 bytes, value = 0x0000800d, pc=0x080038E0 
[   10.715128] [passthrough] Read: 	 address = 0x4000481C, size = 4 bytes, value = 0x006010d0, pc=0x080038FA 
[   10.715439] [passthrough] Read: 	 address = 0x4000481C, size = 4 bytes, value = 0x006010d0, pc=0x0800392A 
[   10.715755] [passthrough] Read: 	 address = 0x4000481C, size = 4 bytes, value = 0x006010d0, pc=0x0800395E 
[   10.716098] [passthrough] Read: 	 address = 0x40004800, size = 4 bytes, value = 0x0000800d, pc=0x080038E0 
[   10.716416] [passthrough] Read: 	 address = 0x4000481C, size = 4 bytes, value = 0x006010d0, pc=0x080038FA 
[   10.716733] [passthrough] Read: 	 address = 0x4000481C, size = 4 bytes, value = 0x006010d0, pc=0x0800392A 
[   10.717100] [passthrough] Read: 	 address = 0x4000481C, size = 4 bytes, value = 0x006010d0, pc=0x0800395E 
[   10.717458] [passthrough] Read: 	 address = 0x40004800, size = 4 bytes, value = 0x0000800d, pc=0x080038E0 
[   10.717807] [passthrough] Read: 	 address = 0x4000481C, size = 4 bytes, value = 0x006010d0, pc=0x080038FA 
[   10.718136] [passthrough] Read: 	 address = 0x4000481C, size = 4 bytes, value = 0x006010d0, pc=0x0800392A 
[   10.718456] [passthrough] Read: 	 address = 0x4000481C, size = 4 bytes, value = 0x006010d0, pc=0x0800395E 
[   10.718781] [passthrough] Read: 	 address = 0x40004800, size = 4 bytes, value = 0x0000800d, pc=0x080038E0 
[   10.719122] [passthrough] Read: 	 address = 0x4000481C, size = 4 bytes, value = 0x006010d0, pc=0x080038FA 
[   10.719422] [passthrough] Read: 	 address = 0x4000481C, size = 4 bytes, value = 0x006010d0, pc=0x0800392A 
[   10.719734] [passthrough] Read: 	 address = 0x4000481C, size = 4 bytes, value = 0x006010d0, pc=0x0800395E 
[   10.720082] [passthrough] Read: 	 address = 0x40004800, size = 4 bytes, value = 0x0000800d, pc=0x080038E0 
[   10.720441] [passthrough] Read: 	 address = 0x4000481C, size = 4 bytes, value = 0x006010d0, pc=0x080038FA 
[   10.720780] [passthrough] Read: 	 address = 0x4000481C, size = 4 bytes, value = 0x006010d0, pc=0x0800392A 
[   10.721324] [passthrough] Read: 	 address = 0x4000481C, size = 4 bytes, value = 0x006010d0, pc=0x0800395E 
[   10.721686] [passthrough] Read: 	 address = 0x40004800, size = 4 bytes, value = 0x0000800d, pc=0x080038E0 
[   10.722097] [passthrough] Read: 	 address = 0x4000481C, size = 4 bytes, value = 0x006010d0, pc=0x080038FA 
[   10.722431] Interrupt Taken: 	 Vector = 0x0000000F
[   10.722477] Interrupt Served: 	 Vector = 0x0000000F
[   10.724982] Interrupt Taken: 	 Vector = 0x0000000F
[   10.725051] Interrupt Served: 	 Vector = 0x0000000F
[   10.727814] Interrupt Taken: 	 Vector = 0x0000000F
[   10.727842] Interrupt Served: 	 Vector = 0x0000000F
[   10.730586] Interrupt Taken: 	 Vector = 0x0000000F
[   10.730605] Interrupt Served: 	 Vector = 0x0000000F
[   10.733305] [passthrough] Read: 	 address = 0x4000481C, size = 4 bytes, value = 0x006010d0, pc=0x0800392A 
[   10.733637] Interrupt Taken: 	 Vector = 0x0000000F
[   10.733660] Interrupt Served: 	 Vector = 0x0000000F
[   10.736197] Interrupt Taken: 	 Vector = 0x0000000F
[   10.736281] Interrupt Served: 	 Vector = 0x0000000F
[   10.738876] Interrupt Taken: 	 Vector = 0x0000000F
[   10.738943] Interrupt Served: 	 Vector = 0x0000000F
[   10.741348] Interrupt Taken: 	 Vector = 0x0000000F
[   10.741372] Interrupt Served: 	 Vector = 0x0000000F
[   10.744039] [passthrough] Read: 	 address = 0x4000481C, size = 4 bytes, value = 0x006010d0, pc=0x0800395E 
[   10.744386] Interrupt Taken: 	 Vector = 0x0000000F
[   10.744410] Interrupt Served: 	 Vector = 0x0000000F
[   10.746929] Interrupt Taken: 	 Vector = 0x0000000F
[   10.746945] Interrupt Served: 	 Vector = 0x0000000F
[   10.749625] [passthrough] Read: 	 address = 0x40004800, size = 4 bytes, value = 0x0000800d, pc=0x080038E0 
[   10.749935] Interrupt Taken: 	 Vector = 0x0000000F
[   10.749944] Interrupt Served: 	 Vector = 0x0000000F
[   10.752558] [passthrough] Read: 	 address = 0x4000481C, size = 4 bytes, value = 0x006010d0, pc=0x080038FA 
[   10.753208] Interrupt Taken: 	 Vector = 0x0000000F
[   10.753220] Interrupt Served: 	 Vector = 0x0000000F
[   10.755793] [passthrough] Read: 	 address = 0x4000481C, size = 4 bytes, value = 0x006010d0, pc=0x0800392A 
[   10.756153] [passthrough] Read: 	 address = 0x4000481C, size = 4 bytes, value = 0x006010d0, pc=0x0800395E 
[   10.756467] [passthrough] Read: 	 address = 0x4000481C, size = 4 bytes, value = 0x006010d0, pc=0x0800395E 
[   10.756818] [passthrough] Read: 	 address = 0x40004800, size = 4 bytes, value = 0x0000800d, pc=0x080038E0 
[   10.757176] [passthrough] Read: 	 address = 0x4000481C, size = 4 bytes, value = 0x006010d0, pc=0x080038FA 
[   10.757510] [passthrough] Read: 	 address = 0x4000481C, size = 4 bytes, value = 0x006010d0, pc=0x0800392A 
[   10.757840] [passthrough] Read: 	 address = 0x4000481C, size = 4 bytes, value = 0x006010d0, pc=0x0800395E 
[   10.758201] [passthrough] Read: 	 address = 0x40004800, size = 4 bytes, value = 0x0000800d, pc=0x080038E0 
[   10.758539] [passthrough] Read: 	 address = 0x4000481C, size = 4 bytes, value = 0x006010d0, pc=0x080038FA 
[   10.758883] [passthrough] Read: 	 address = 0x4000481C, size = 4 bytes, value = 0x006010d0, pc=0x0800392A 
[   10.759224] [passthrough] Read: 	 address = 0x4000481C, size = 4 bytes, value = 0x006010d0, pc=0x0800395E 
[   10.759541] [passthrough] Read: 	 address = 0x40004800, size = 4 bytes, value = 0x0000800d, pc=0x080038E0 
[   10.759884] [passthrough] Read: 	 address = 0x4000481C, size = 4 bytes, value = 0x006010d0, pc=0x080038FA 
[   10.760215] [passthrough] Read: 	 address = 0x4000481C, size = 4 bytes, value = 0x006010d0, pc=0x0800392A 
[   10.760590] [passthrough] Read: 	 address = 0x4000481C, size = 4 bytes, value = 0x006010d0, pc=0x0800395E 
[   10.760968] [passthrough] Read: 	 address = 0x40004800, size = 4 bytes, value = 0x0000800d, pc=0x080038E0 
[   10.761336] [passthrough] Read: 	 address = 0x4000481C, size = 4 bytes, value = 0x006010d0, pc=0x080038FA 
[   10.761701] [passthrough] Read: 	 address = 0x4000481C, size = 4 bytes, value = 0x006010d0, pc=0x0800392A 
[   10.762055] [passthrough] Read: 	 address = 0x4000481C, size = 4 bytes, value = 0x006010d0, pc=0x0800395E 
[   10.762383] [passthrough] Read: 	 address = 0x40004800, size = 4 bytes, value = 0x0000800d, pc=0x080038E0 
[   10.762712] [passthrough] Read: 	 address = 0x4000481C, size = 4 bytes, value = 0x006010d0, pc=0x080038FA 
[   10.763092] [passthrough] Read: 	 address = 0x4000481C, size = 4 bytes, value = 0x006010d0, pc=0x0800392A 
[   10.763441] [passthrough] Read: 	 address = 0x4000481C, size = 4 bytes, value = 0x006010d0, pc=0x0800395E 
[   10.763784] [passthrough] Read: 	 address = 0x40004800, size = 4 bytes, value = 0x0000800d, pc=0x080038E0 
[   10.764123] [passthrough] Read: 	 address = 0x4000481C, size = 4 bytes, value = 0x006010d0, pc=0x080038FA 
[   10.764416] [passthrough] Read: 	 address = 0x4000481C, size = 4 bytes, value = 0x006010d0, pc=0x0800392A 
[   10.764733] [passthrough] Read: 	 address = 0x4000481C, size = 4 bytes, value = 0x006010d0, pc=0x0800395E 
[   10.765096] [passthrough] Read: 	 address = 0x40004800, size = 4 bytes, value = 0x0000800d, pc=0x080038E0 
[   10.765453] [passthrough] Read: 	 address = 0x4000481C, size = 4 bytes, value = 0x006010d0, pc=0x080038FA 
[   10.765784] [passthrough] Read: 	 address = 0x4000481C, size = 4 bytes, value = 0x006010d0, pc=0x0800392A 
[   10.766114] [passthrough] Read: 	 address = 0x4000481C, size = 4 bytes, value = 0x006010d0, pc=0x0800395E 
[   10.766456] [passthrough] Read: 	 address = 0x40004800, size = 4 bytes, value = 0x0000800d, pc=0x080038E0 
[   10.766809] [passthrough] Read: 	 address = 0x4000481C, size = 4 bytes, value = 0x006010d0, pc=0x080038FA 
[   10.767128] [passthrough] Read: 	 address = 0x4000481C, size = 4 bytes, value = 0x006010d0, pc=0x0800392A 
[   10.767454] [passthrough] Read: 	 address = 0x4000481C, size = 4 bytes, value = 0x006010d0, pc=0x0800395E 
[   10.767772] [passthrough] Read: 	 address = 0x40004800, size = 4 bytes, value = 0x0000800d, pc=0x080038E0 
[   10.768105] [passthrough] Read: 	 address = 0x4000481C, size = 4 bytes, value = 0x006010d0, pc=0x080038FA 
[   10.768428] [passthrough] Read: 	 address = 0x4000481C, size = 4 bytes, value = 0x006010d0, pc=0x0800392A 
[   10.768759] [passthrough] Read: 	 address = 0x4000481C, size = 4 bytes, value = 0x006010d0, pc=0x0800395E 
[   10.769267] [passthrough] Read: 	 address = 0x40004800, size = 4 bytes, value = 0x0000800d, pc=0x080038E0 
[   10.769627] Interrupt Taken: 	 Vector = 0x0000000F
[   10.769659] Interrupt Served: 	 Vector = 0x0000000F
[   10.772750] Interrupt Taken: 	 Vector = 0x0000000F
[   10.772780] Interrupt Served: 	 Vector = 0x0000000F
[   10.775719] [passthrough] Read: 	 address = 0x4000481C, size = 4 bytes, value = 0x006010d0, pc=0x080038FA 
[   10.776075] [passthrough] Read: 	 address = 0x4000481C, size = 4 bytes, value = 0x006010d0, pc=0x0800392A 
[   10.776420] [passthrough] Read: 	 address = 0x4000481C, size = 4 bytes, value = 0x006010d0, pc=0x0800395E 
[   10.776764] [passthrough] Read: 	 address = 0x40004800, size = 4 bytes, value = 0x0000800d, pc=0x080038E0 
[   10.777088] [passthrough] Read: 	 address = 0x4000481C, size = 4 bytes, value = 0x006010d0, pc=0x080038FA 
[   10.777424] [passthrough] Read: 	 address = 0x4000481C, size = 4 bytes, value = 0x006010d0, pc=0x0800392A 
[   10.777791] [passthrough] Read: 	 address = 0x4000481C, size = 4 bytes, value = 0x006010d0, pc=0x0800395E 
[   10.778173] [passthrough] Read: 	 address = 0x40004800, size = 4 bytes, value = 0x0000800d, pc=0x080038E0 
[   10.778519] [passthrough] Read: 	 address = 0x4000481C, size = 4 bytes, value = 0x006010d0, pc=0x080038FA 
[   10.778881] [passthrough] Read: 	 address = 0x4000481C, size = 4 bytes, value = 0x006010d0, pc=0x0800392A 
[   10.779365] [passthrough] Read: 	 address = 0x4000481C, size = 4 bytes, value = 0x006010d0, pc=0x0800395E 
[   10.779750] [passthrough] Read: 	 address = 0x40004800, size = 4 bytes, value = 0x0000800d, pc=0x080038E0 
[   10.780127] [passthrough] Read: 	 address = 0x4000481C, size = 4 bytes, value = 0x006010d0, pc=0x080038FA 
[   10.780462] [passthrough] Read: 	 address = 0x4000481C, size = 4 bytes, value = 0x006010d0, pc=0x0800392A 
[   10.780879] [passthrough] Read: 	 address = 0x4000481C, size = 4 bytes, value = 0x006010d0, pc=0x0800395E 
[   10.781345] [passthrough] Read: 	 address = 0x40004800, size = 4 bytes, value = 0x0000800d, pc=0x080038E0 
[   10.781686] Interrupt Taken: 	 Vector = 0x0000000F
[   10.781703] Interrupt Served: 	 Vector = 0x0000000F
[   10.784322] [passthrough] Read: 	 address = 0x4000481C, size = 4 bytes, value = 0x006010d0, pc=0x080038FA 
[   10.784700] [passthrough] Read: 	 address = 0x4000481C, size = 4 bytes, value = 0x006010d0, pc=0x0800392A 
[   10.785035] Interrupt Taken: 	 Vector = 0x0000000F
[   10.785064] Interrupt Served: 	 Vector = 0x0000000F
[   10.787463] Interrupt Taken: 	 Vector = 0x0000000F
[   10.787506] Interrupt Served: 	 Vector = 0x0000000F
[   10.790222] [passthrough] Read: 	 address = 0x4000481C, size = 4 bytes, value = 0x006010d0, pc=0x0800395E 
[   10.790611] [passthrough] Read: 	 address = 0x40004800, size = 4 bytes, value = 0x0000800d, pc=0x080038E0 
[   10.791003] [passthrough] Read: 	 address = 0x4000481C, size = 4 bytes, value = 0x006010d0, pc=0x080038FA 
[   10.791376] Interrupt Taken: 	 Vector = 0x0000000F
[   10.791420] Interrupt Served: 	 Vector = 0x0000000F
[   10.794035] Interrupt Taken: 	 Vector = 0x0000000F
[   10.794070] Interrupt Served: 	 Vector = 0x0000000F
[   10.797213] [passthrough] Read: 	 address = 0x4000481C, size = 4 bytes, value = 0x006010d0, pc=0x0800392A 
[   10.797607] [passthrough] Read: 	 address = 0x4000481C, size = 4 bytes, value = 0x006010d0, pc=0x0800395E 
[   10.797966] [passthrough] Read: 	 address = 0x40004800, size = 4 bytes, value = 0x0000800d, pc=0x080038E0 
[   10.798299] Interrupt Taken: 	 Vector = 0x0000000F
[   10.798310] Interrupt Served: 	 Vector = 0x0000000F
[   10.801056] [passthrough] Read: 	 address = 0x4000481C, size = 4 bytes, value = 0x006010d0, pc=0x080038FA 
[   10.801400] [passthrough] Read: 	 address = 0x4000481C, size = 4 bytes, value = 0x006010d0, pc=0x0800392A 
[   10.801781] [passthrough] Read: 	 address = 0x4000481C, size = 4 bytes, value = 0x006010d0, pc=0x0800395E 
[   10.802195] [passthrough] Read: 	 address = 0x40004800, size = 4 bytes, value = 0x0000800d, pc=0x080038E0 
[   10.802564] Interrupt Taken: 	 Vector = 0x0000000F
[   10.802589] Interrupt Served: 	 Vector = 0x0000000F
[   10.805302] [passthrough] Read: 	 address = 0x4000481C, size = 4 bytes, value = 0x006010d0, pc=0x080038FA 
[   10.805640] Interrupt Taken: 	 Vector = 0x0000000F
[   10.805680] Interrupt Served: 	 Vector = 0x0000000F
[   10.808325] Interrupt Taken: 	 Vector = 0x0000000F
[   10.808351] Interrupt Served: 	 Vector = 0x0000000F
[   10.811458] [passthrough] Read: 	 address = 0x4000481C, size = 4 bytes, value = 0x006010d0, pc=0x0800392A 
[   10.811854] Interrupt Taken: 	 Vector = 0x0000000F
[   10.811879] Interrupt Served: 	 Vector = 0x0000000F
[   10.814869] [passthrough] Read: 	 address = 0x4000481C, size = 4 bytes, value = 0x006010d0, pc=0x0800395E 
[   10.815320] [passthrough] Read: 	 address = 0x4000481C, size = 4 bytes, value = 0x006010d0, pc=0x0800395E 
[   10.815742] [passthrough] Read: 	 address = 0x40004800, size = 4 bytes, value = 0x0000800d, pc=0x080038E0 
[   10.816097] Interrupt Taken: 	 Vector = 0x0000000F
[   10.816110] Interrupt Served: 	 Vector = 0x0000000F
[   10.818809] [passthrough] Read: 	 address = 0x4000481C, size = 4 bytes, value = 0x006010d0, pc=0x080038FA 
[   10.819174] Interrupt Taken: 	 Vector = 0x0000000F
[   10.819235] Interrupt Served: 	 Vector = 0x0000000F
[   10.821752] Interrupt Taken: 	 Vector = 0x0000000F
[   10.821808] Interrupt Served: 	 Vector = 0x0000000F
[   10.824620] [passthrough] Read: 	 address = 0x4000481C, size = 4 bytes, value = 0x006010d0, pc=0x0800392A 
[   10.825045] Interrupt Taken: 	 Vector = 0x0000000F
[   10.825065] Interrupt Served: 	 Vector = 0x0000000F
[   10.827799] [passthrough] Read: 	 address = 0x4000481C, size = 4 bytes, value = 0x006010d0, pc=0x0800395E 
[   10.828259] [passthrough] Read: 	 address = 0x40004800, size = 4 bytes, value = 0x0000800d, pc=0x080038E0 
[   10.828653] [passthrough] Read: 	 address = 0x4000481C, size = 4 bytes, value = 0x006010d0, pc=0x080038FA 
[   10.829030] [passthrough] Read: 	 address = 0x4000481C, size = 4 bytes, value = 0x006010d0, pc=0x0800392A 
[   10.829466] [passthrough] Read: 	 address = 0x4000481C, size = 4 bytes, value = 0x006010d0, pc=0x0800395E 
[   10.829864] [passthrough] Read: 	 address = 0x40004800, size = 4 bytes, value = 0x0000800d, pc=0x080038E0 
[   10.830270] [passthrough] Read: 	 address = 0x4000481C, size = 4 bytes, value = 0x006010d0, pc=0x080038FA 
[   10.830691] [passthrough] Read: 	 address = 0x4000481C, size = 4 bytes, value = 0x006010d0, pc=0x0800392A 
[   10.831079] [passthrough] Read: 	 address = 0x4000481C, size = 4 bytes, value = 0x006010d0, pc=0x0800395E 
[   10.831460] [passthrough] Read: 	 address = 0x40004800, size = 4 bytes, value = 0x0000800d, pc=0x080038E0 
[   10.831821] [passthrough] Read: 	 address = 0x4000481C, size = 4 bytes, value = 0x006010d0, pc=0x080038FA 
[   10.832156] [passthrough] Read: 	 address = 0x4000481C, size = 4 bytes, value = 0x006010d0, pc=0x0800392A 
[   10.832536] [passthrough] Read: 	 address = 0x4000481C, size = 4 bytes, value = 0x006010d0, pc=0x0800395E 
[   10.832903] [passthrough] Read: 	 address = 0x40004800, size = 4 bytes, value = 0x0000800d, pc=0x080038E0 
[   10.833313] [passthrough] Read: 	 address = 0x4000481C, size = 4 bytes, value = 0x006010d0, pc=0x080038FA 
[   10.833701] [passthrough] Read: 	 address = 0x4000481C, size = 4 bytes, value = 0x006010d0, pc=0x0800392A 
[   10.834082] [passthrough] Read: 	 address = 0x4000481C, size = 4 bytes, value = 0x006010d0, pc=0x0800395E 
[   10.834635] [passthrough] Read: 	 address = 0x40004800, size = 4 bytes, value = 0x0000800d, pc=0x080038E0 
[   10.835251] Interrupt Taken: 	 Vector = 0x0000000F
[   10.835351] Interrupt Served: 	 Vector = 0x0000000F
[   10.838067] Interrupt Taken: 	 Vector = 0x0000000F
[   10.838139] Interrupt Served: 	 Vector = 0x0000000F
[   10.841045] [passthrough] Read: 	 address = 0x4000481C, size = 4 bytes, value = 0x006010d0, pc=0x080038FA 
[   10.841518] [passthrough] Read: 	 address = 0x4000481C, size = 4 bytes, value = 0x006010d0, pc=0x0800392A 
[   10.841948] Interrupt Taken: 	 Vector = 0x0000000F
[   10.842008] Interrupt Served: 	 Vector = 0x0000000F
[   10.844914] Interrupt Taken: 	 Vector = 0x0000000F
[   10.844967] Interrupt Served: 	 Vector = 0x0000000F
[   10.847889] [passthrough] Read: 	 address = 0x4000481C, size = 4 bytes, value = 0x006010d0, pc=0x0800395E 
[   10.848377] [passthrough] Read: 	 address = 0x40004800, size = 4 bytes, value = 0x0000800d, pc=0x080038E0 
[   10.848830] [passthrough] Read: 	 address = 0x4000481C, size = 4 bytes, value = 0x006010d0, pc=0x080038FA 
[   10.849300] [passthrough] Read: 	 address = 0x4000481C, size = 4 bytes, value = 0x006010d0, pc=0x0800392A 
[   10.849734] [passthrough] Read: 	 address = 0x4000481C, size = 4 bytes, value = 0x006010d0, pc=0x0800395E 
[   10.850138] [passthrough] Read: 	 address = 0x40004800, size = 4 bytes, value = 0x0000800d, pc=0x080038E0 
[   10.850571] [passthrough] Read: 	 address = 0x4000481C, size = 4 bytes, value = 0x006010d0, pc=0x080038FA 
[   10.851143] [passthrough] Read: 	 address = 0x4000481C, size = 4 bytes, value = 0x006010d0, pc=0x0800392A 
[   10.851539] Interrupt Taken: 	 Vector = 0x0000000F
[   10.851618] Interrupt Served: 	 Vector = 0x0000000F
[   10.854415] Interrupt Taken: 	 Vector = 0x0000000F
[   10.854538] Interrupt Served: 	 Vector = 0x0000000F
[   10.857714] [passthrough] Read: 	 address = 0x4000481C, size = 4 bytes, value = 0x006010d0, pc=0x0800395E 
[   10.858260] [passthrough] Read: 	 address = 0x40004800, size = 4 bytes, value = 0x0000800d, pc=0x080038E0 
[   10.858710] [passthrough] Read: 	 address = 0x4000481C, size = 4 bytes, value = 0x006010d0, pc=0x080038FA 
[   10.859175] [passthrough] Read: 	 address = 0x4000481C, size = 4 bytes, value = 0x006010d0, pc=0x0800392A 
[   10.859626] [passthrough] Read: 	 address = 0x4000481C, size = 4 bytes, value = 0x006010d0, pc=0x0800395E 
[   10.860132] [passthrough] Read: 	 address = 0x40004800, size = 4 bytes, value = 0x0000800d, pc=0x080038E0 
[   10.860566] [passthrough] Read: 	 address = 0x4000481C, size = 4 bytes, value = 0x006010d0, pc=0x080038FA 
[   10.861043] [passthrough] Read: 	 address = 0x4000481C, size = 4 bytes, value = 0x006010d0, pc=0x0800392A 
[   10.861727] [passthrough] Read: 	 address = 0x4000481C, size = 4 bytes, value = 0x006010d0, pc=0x0800395E 
[   10.862176] Interrupt Taken: 	 Vector = 0x0000000F
[   10.862273] Interrupt Served: 	 Vector = 0x0000000F
[   10.864985] Interrupt Taken: 	 Vector = 0x0000000F
[   10.865086] Interrupt Served: 	 Vector = 0x0000000F
[   10.868605] [passthrough] Read: 	 address = 0x4000481C, size = 4 bytes, value = 0x006010d0, pc=0x0800395E 
[   10.869116] Interrupt Taken: 	 Vector = 0x0000000F
[   10.869196] Interrupt Served: 	 Vector = 0x0000000F
[   10.872568] [passthrough] Read: 	 address = 0x40004800, size = 4 bytes, value = 0x0000800d, pc=0x080038E0 
[   10.873173] Interrupt Taken: 	 Vector = 0x0000000F
[   10.873407] Interrupt Served: 	 Vector = 0x0000000F
[   10.876274] Interrupt Taken: 	 Vector = 0x0000000F
[   10.876362] Interrupt Served: 	 Vector = 0x0000000F
[   10.879890] [passthrough] Read: 	 address = 0x4000481C, size = 4 bytes, value = 0x006010d0, pc=0x080038FA 
[   10.880401] [passthrough] Read: 	 address = 0x4000481C, size = 4 bytes, value = 0x006010d0, pc=0x0800392A 
[   10.880889] [passthrough] Read: 	 address = 0x4000481C, size = 4 bytes, value = 0x006010d0, pc=0x0800395E 
[   10.881347] [passthrough] Read: 	 address = 0x40004800, size = 4 bytes, value = 0x0000800d, pc=0x080038E0 
[   10.881812] [passthrough] Read: 	 address = 0x4000481C, size = 4 bytes, value = 0x006010d0, pc=0x080038FA 
[   10.882261] [passthrough] Read: 	 address = 0x4000481C, size = 4 bytes, value = 0x006010d0, pc=0x0800392A 
[   10.882768] [passthrough] Read: 	 address = 0x4000481C, size = 4 bytes, value = 0x006010d0, pc=0x0800395E 
[   10.883222] [passthrough] Read: 	 address = 0x40004800, size = 4 bytes, value = 0x0000800d, pc=0x080038E0 
[   10.883667] [passthrough] Read: 	 address = 0x4000481C, size = 4 bytes, value = 0x006010d0, pc=0x080038FA 
[   10.884205] [passthrough] Read: 	 address = 0x4000481C, size = 4 bytes, value = 0x006010d0, pc=0x0800392A 
[   10.884847] [passthrough] Read: 	 address = 0x4000481C, size = 4 bytes, value = 0x006010d0, pc=0x0800395E 
[   10.885422] [passthrough] Read: 	 address = 0x40004800, size = 4 bytes, value = 0x0000800d, pc=0x080038E0 
[   10.885941] Interrupt Taken: 	 Vector = 0x0000000F
[   10.886006] Interrupt Served: 	 Vector = 0x0000000F
[   10.889237] [passthrough] Read: 	 address = 0x4000481C, size = 4 bytes, value = 0x006010d0, pc=0x080038FA 
[   10.890000] [passthrough] Read: 	 address = 0x4000481C, size = 4 bytes, value = 0x006010d0, pc=0x0800392A 
[   10.890585] Interrupt Taken: 	 Vector = 0x0000000F
[   10.890666] Interrupt Served: 	 Vector = 0x0000000F
[   10.893690] [passthrough] Read: 	 address = 0x4000481C, size = 4 bytes, value = 0x006010d0, pc=0x0800395E 
[   10.894531] [passthrough] Read: 	 address = 0x40004800, size = 4 bytes, value = 0x0000800d, pc=0x080038E0 
[   10.895048] Interrupt Taken: 	 Vector = 0x0000000F
[   10.895111] Interrupt Served: 	 Vector = 0x0000000F
[   10.898205] [passthrough] Read: 	 address = 0x4000481C, size = 4 bytes, value = 0x006010d0, pc=0x080038FA 
[   10.898685] [passthrough] Read: 	 address = 0x4000481C, size = 4 bytes, value = 0x006010d0, pc=0x0800392A 
[   10.899125] [passthrough] Read: 	 address = 0x4000481C, size = 4 bytes, value = 0x006010d0, pc=0x0800395E 
[   10.899653] [passthrough] Read: 	 address = 0x40004800, size = 4 bytes, value = 0x0000800d, pc=0x080038E0 
[   10.900078] Interrupt Taken: 	 Vector = 0x0000000F
[   10.900118] Interrupt Served: 	 Vector = 0x0000000F
[   10.903288] [passthrough] Read: 	 address = 0x4000481C, size = 4 bytes, value = 0x006010d0, pc=0x080038FA 
[   10.904252] [passthrough] Read: 	 address = 0x4000481C, size = 4 bytes, value = 0x006010d0, pc=0x0800392A 
[   10.904975] [passthrough] Read: 	 address = 0x4000481C, size = 4 bytes, value = 0x006010d0, pc=0x0800395E 
[   10.905599] Interrupt Taken: 	 Vector = 0x0000000F
[   10.905765] Interrupt Served: 	 Vector = 0x0000000F
[   10.908622] Interrupt Taken: 	 Vector = 0x0000000F
[   10.908727] Interrupt Served: 	 Vector = 0x0000000F
[   10.912145] [passthrough] Read: 	 address = 0x40004800, size = 4 bytes, value = 0x0000800d, pc=0x080038E0 
[   10.912635] Interrupt Taken: 	 Vector = 0x0000000F
[   10.912809] Interrupt Served: 	 Vector = 0x0000000F
[   10.915885] Interrupt Taken: 	 Vector = 0x0000000F
[   10.915981] Interrupt Served: 	 Vector = 0x0000000F
[   10.919431] [passthrough] Read: 	 address = 0x4000481C, size = 4 bytes, value = 0x006010d0, pc=0x080038FA 
[   10.920216] [passthrough] Read: 	 address = 0x4000481C, size = 4 bytes, value = 0x006010d0, pc=0x0800392A 
[   10.920730] [passthrough] Read: 	 address = 0x4000481C, size = 4 bytes, value = 0x006010d0, pc=0x0800395E 
[   10.921418] [passthrough] Read: 	 address = 0x4000481C, size = 4 bytes, value = 0x006010d0, pc=0x0800395E 
[   10.921896] Interrupt Taken: 	 Vector = 0x0000000F
[   10.921954] Interrupt Served: 	 Vector = 0x0000000F
[   10.925244] [passthrough] Read: 	 address = 0x40004800, size = 4 bytes, value = 0x0000800d, pc=0x080038E0 
[   10.925757] Interrupt Taken: 	 Vector = 0x0000000F
[   10.925842] Interrupt Served: 	 Vector = 0x0000000F
[   10.928856] [passthrough] Read: 	 address = 0x4000481C, size = 4 bytes, value = 0x006010d0, pc=0x080038FA 
[   10.929477] [passthrough] Read: 	 address = 0x4000481C, size = 4 bytes, value = 0x006010d0, pc=0x0800392A 
[   10.930146] [passthrough] Read: 	 address = 0x4000481C, size = 4 bytes, value = 0x006010d0, pc=0x0800395E 
[   10.930627] Interrupt Taken: 	 Vector = 0x0000000F
[   10.930686] Interrupt Served: 	 Vector = 0x0000000F
[   10.933864] [passthrough] Read: 	 address = 0x40004800, size = 4 bytes, value = 0x0000800d, pc=0x080038E0 
[   10.934455] [passthrough] Read: 	 address = 0x4000481C, size = 4 bytes, value = 0x006010d0, pc=0x080038FA 
[   10.935140] [passthrough] Read: 	 address = 0x4000481C, size = 4 bytes, value = 0x006010d0, pc=0x0800392A 
[   10.935615] Interrupt Taken: 	 Vector = 0x0000000F
[   10.935677] Interrupt Served: 	 Vector = 0x0000000F
[   10.939213] [passthrough] Read: 	 address = 0x4000481C, size = 4 bytes, value = 0x006010d0, pc=0x0800395E 
[   10.939740] Interrupt Taken: 	 Vector = 0x0000000F
[   10.939802] Interrupt Served: 	 Vector = 0x0000000F
[   10.942894] [passthrough] Read: 	 address = 0x40004800, size = 4 bytes, value = 0x0000800d, pc=0x080038E0 
[   10.943425] [passthrough] Read: 	 address = 0x4000481C, size = 4 bytes, value = 0x006010d0, pc=0x080038FA 
[   10.944063] [passthrough] Read: 	 address = 0x4000481C, size = 4 bytes, value = 0x006010d0, pc=0x0800392A 
[   10.944636] [passthrough] Read: 	 address = 0x4000481C, size = 4 bytes, value = 0x006010d0, pc=0x0800395E 
[   10.945287] [passthrough] Read: 	 address = 0x40004800, size = 4 bytes, value = 0x0000800d, pc=0x080038E0 
[   10.945734] Interrupt Taken: 	 Vector = 0x0000000F
[   10.945853] Interrupt Served: 	 Vector = 0x0000000F
[   10.948743] Interrupt Taken: 	 Vector = 0x0000000F
[   10.948833] Interrupt Served: 	 Vector = 0x0000000F
[   10.952148] [passthrough] Read: 	 address = 0x4000481C, size = 4 bytes, value = 0x006010d0, pc=0x080038FA 
[   10.952631] Interrupt Taken: 	 Vector = 0x0000000F
[   10.952773] Interrupt Served: 	 Vector = 0x0000000F
[   10.955525] Interrupt Taken: 	 Vector = 0x0000000F
[   10.955621] Interrupt Served: 	 Vector = 0x0000000F
[   10.959155] [passthrough] Read: 	 address = 0x4000481C, size = 4 bytes, value = 0x006010d0, pc=0x0800392A 
[   10.959770] [passthrough] Read: 	 address = 0x4000481C, size = 4 bytes, value = 0x006010d0, pc=0x0800395E 
[   10.960520] Interrupt Taken: 	 Vector = 0x0000000F
[   10.960638] Interrupt Served: 	 Vector = 0x0000000F
[   10.963634] Interrupt Taken: 	 Vector = 0x0000000F
[   10.963716] Interrupt Served: 	 Vector = 0x0000000F
[   10.966892] [passthrough] Read: 	 address = 0x4000481C, size = 4 bytes, value = 0x006010d0, pc=0x0800395E 
[   10.967411] [passthrough] Read: 	 address = 0x40004800, size = 4 bytes, value = 0x0000800d, pc=0x080038E0 
[   10.967920] [passthrough] Read: 	 address = 0x4000481C, size = 4 bytes, value = 0x006010d0, pc=0x080038FA 
[   10.968462] [passthrough] Read: 	 address = 0x4000481C, size = 4 bytes, value = 0x006010d0, pc=0x0800392A 
[   10.968980] [passthrough] Read: 	 address = 0x4000481C, size = 4 bytes, value = 0x006010d0, pc=0x0800395E 
[   10.969828] [passthrough] Read: 	 address = 0x40004800, size = 4 bytes, value = 0x0000800d, pc=0x080038E0 
[   10.970330] Interrupt Taken: 	 Vector = 0x0000000F
[   10.970494] Interrupt Served: 	 Vector = 0x0000000F
[   10.973319] Interrupt Taken: 	 Vector = 0x0000000F
[   10.973447] Interrupt Served: 	 Vector = 0x0000000F
[   10.976627] [passthrough] Read: 	 address = 0x4000481C, size = 4 bytes, value = 0x006010d0, pc=0x080038FA 
[   10.977171] [passthrough] Read: 	 address = 0x4000481C, size = 4 bytes, value = 0x006010d0, pc=0x0800392A 
[   10.977641] [passthrough] Read: 	 address = 0x4000481C, size = 4 bytes, value = 0x006010d0, pc=0x0800395E 
[   10.978225] [passthrough] Read: 	 address = 0x40004800, size = 4 bytes, value = 0x0000800d, pc=0x080038E0 
[   10.978638] Interrupt Taken: 	 Vector = 0x0000000F
[   10.978746] Interrupt Served: 	 Vector = 0x0000000F
[   10.981725] Interrupt Taken: 	 Vector = 0x0000000F
[   10.981793] Interrupt Served: 	 Vector = 0x0000000F
[   10.984945] [passthrough] Read: 	 address = 0x4000481C, size = 4 bytes, value = 0x006010d0, pc=0x080038FA 
[   10.985527] [passthrough] Read: 	 address = 0x4000481C, size = 4 bytes, value = 0x006010d0, pc=0x0800392A 
[   10.986012] [passthrough] Read: 	 address = 0x4000481C, size = 4 bytes, value = 0x006010d0, pc=0x0800395E 
[   10.986699] [passthrough] Read: 	 address = 0x40004800, size = 4 bytes, value = 0x0000800d, pc=0x080038E0 
[   10.987263] Interrupt Taken: 	 Vector = 0x0000000F
[   10.987423] Interrupt Served: 	 Vector = 0x0000000F
[   10.990552] Interrupt Taken: 	 Vector = 0x0000000F
[   10.990722] Interrupt Served: 	 Vector = 0x0000000F
[   10.993834] [passthrough] Read: 	 address = 0x4000481C, size = 4 bytes, value = 0x006010d0, pc=0x080038FA 
[   10.994510] Interrupt Taken: 	 Vector = 0x0000000F
[   10.994665] Interrupt Served: 	 Vector = 0x0000000F
[   10.997449] Interrupt Taken: 	 Vector = 0x0000000F
[   10.997519] Interrupt Served: 	 Vector = 0x0000000F
[   11.000666] Interrupt Taken: 	 Vector = 0x0000000F
[   11.000780] Interrupt Served: 	 Vector = 0x0000000F
[   11.004173] [passthrough] Read: 	 address = 0x4000481C, size = 4 bytes, value = 0x006010d0, pc=0x0800392A 
[   11.004893] [passthrough] Read: 	 address = 0x4000481C, size = 4 bytes, value = 0x006010d0, pc=0x0800395E 
[   11.005377] Interrupt Taken: 	 Vector = 0x0000000F
[   11.005543] Interrupt Served: 	 Vector = 0x0000000F
[   11.008525] Interrupt Taken: 	 Vector = 0x0000000F
[   11.008625] Interrupt Served: 	 Vector = 0x0000000F
[   11.012184] [passthrough] Read: 	 address = 0x4000481C, size = 4 bytes, value = 0x006010d0, pc=0x0800395E 
[   11.012687] Interrupt Taken: 	 Vector = 0x0000000F
[   11.012818] Interrupt Served: 	 Vector = 0x0000000F
[   11.015710] Interrupt Taken: 	 Vector = 0x0000000F
[   11.015793] Interrupt Served: 	 Vector = 0x0000000F
[   11.019245] [passthrough] Read: 	 address = 0x40004800, size = 4 bytes, value = 0x0000800d, pc=0x080038E0 
[   11.019757] [passthrough] Read: 	 address = 0x4000481C, size = 4 bytes, value = 0x006010d0, pc=0x080038FA 
[   11.020235] [passthrough] Read: 	 address = 0x4000481C, size = 4 bytes, value = 0x006010d0, pc=0x0800392A 
[   11.020695] [passthrough] Read: 	 address = 0x4000481C, size = 4 bytes, value = 0x006010d0, pc=0x0800395E 
[   11.021132] [passthrough] Read: 	 address = 0x40004800, size = 4 bytes, value = 0x0000800d, pc=0x080038E0 
[   11.021615] [passthrough] Read: 	 address = 0x4000481C, size = 4 bytes, value = 0x006010d0, pc=0x080038FA 
[   11.022299] [passthrough] Read: 	 address = 0x4000481C, size = 4 bytes, value = 0x006010d0, pc=0x0800392A 
[   11.022789] Interrupt Taken: 	 Vector = 0x0000000F
[   11.022933] Interrupt Served: 	 Vector = 0x0000000F
[   11.025630] Interrupt Taken: 	 Vector = 0x0000000F
[   11.025741] Interrupt Served: 	 Vector = 0x0000000F
[   11.029138] [passthrough] Read: 	 address = 0x4000481C, size = 4 bytes, value = 0x006010d0, pc=0x0800395E 
[   11.029661] [passthrough] Read: 	 address = 0x40004800, size = 4 bytes, value = 0x0000800d, pc=0x080038E0 
[   11.030149] [passthrough] Read: 	 address = 0x4000481C, size = 4 bytes, value = 0x006010d0, pc=0x080038FA 
[   11.030614] [passthrough] Read: 	 address = 0x4000481C, size = 4 bytes, value = 0x006010d0, pc=0x0800392A 
[   11.031110] [passthrough] Read: 	 address = 0x4000481C, size = 4 bytes, value = 0x006010d0, pc=0x0800395E 
[   11.031886] [passthrough] Read: 	 address = 0x40004800, size = 4 bytes, value = 0x0000800d, pc=0x080038E0 
[   11.032402] Interrupt Taken: 	 Vector = 0x0000000F
[   11.032452] Interrupt Served: 	 Vector = 0x0000000F
[   11.036239] [passthrough] Read: 	 address = 0x4000481C, size = 4 bytes, value = 0x006010d0, pc=0x080038FA 
[   11.036715] Interrupt Taken: 	 Vector = 0x0000000F
[   11.036801] Interrupt Served: 	 Vector = 0x0000000F
[   11.039804] Interrupt Taken: 	 Vector = 0x0000000F
[   11.039912] Interrupt Served: 	 Vector = 0x0000000F
[   11.043417] [passthrough] Read: 	 address = 0x4000481C, size = 4 bytes, value = 0x006010d0, pc=0x0800392A 
[   11.043959] Interrupt Taken: 	 Vector = 0x0000000F
[   11.044095] Interrupt Served: 	 Vector = 0x0000000F
[   11.047343] [passthrough] Read: 	 address = 0x4000481C, size = 4 bytes, value = 0x006010d0, pc=0x0800395E 
[   11.047890] [passthrough] Read: 	 address = 0x40004800, size = 4 bytes, value = 0x0000800d, pc=0x080038E0 
[   11.048342] [passthrough] Read: 	 address = 0x4000481C, size = 4 bytes, value = 0x006010d0, pc=0x080038FA 
[   11.048779] [passthrough] Read: 	 address = 0x4000481C, size = 4 bytes, value = 0x006010d0, pc=0x0800392A 
[   11.049227] [passthrough] Read: 	 address = 0x4000481C, size = 4 bytes, value = 0x006010d0, pc=0x0800395E 
[   11.049766] [passthrough] Read: 	 address = 0x40004800, size = 4 bytes, value = 0x0000800d, pc=0x080038E0 
[   11.050195] [passthrough] Read: 	 address = 0x4000481C, size = 4 bytes, value = 0x006010d0, pc=0x080038FA 
[   11.050733] [passthrough] Read: 	 address = 0x4000481C, size = 4 bytes, value = 0x006010d0, pc=0x0800392A 
[   11.051278] [passthrough] Read: 	 address = 0x4000481C, size = 4 bytes, value = 0x006010d0, pc=0x0800395E 
[   11.052178] [passthrough] Read: 	 address = 0x40004800, size = 4 bytes, value = 0x0000800d, pc=0x080038E0 
[   11.052673] Interrupt Taken: 	 Vector = 0x0000000F
[   11.052738] Interrupt Served: 	 Vector = 0x0000000F
[   11.056286] [passthrough] Read: 	 address = 0x4000481C, size = 4 bytes, value = 0x006010d0, pc=0x080038FA 
[   11.056806] [passthrough] Read: 	 address = 0x4000481C, size = 4 bytes, value = 0x006010d0, pc=0x0800392A 
[   11.057409] [passthrough] Read: 	 address = 0x4000481C, size = 4 bytes, value = 0x006010d0, pc=0x0800395E 
[   11.058118] [passthrough] Read: 	 address = 0x40004800, size = 4 bytes, value = 0x0000800d, pc=0x080038E0 
[   11.058601] Interrupt Taken: 	 Vector = 0x0000000F
[   11.058661] Interrupt Served: 	 Vector = 0x0000000F
[   11.061932] [passthrough] Read: 	 address = 0x4000481C, size = 4 bytes, value = 0x006010d0, pc=0x080038FA 
[   11.062547] [passthrough] Read: 	 address = 0x4000481C, size = 4 bytes, value = 0x006010d0, pc=0x0800392A 
[   11.063050] [passthrough] Read: 	 address = 0x4000481C, size = 4 bytes, value = 0x006010d0, pc=0x0800395E 
[   11.063627] [passthrough] Read: 	 address = 0x40004800, size = 4 bytes, value = 0x0000800d, pc=0x080038E0 
[   11.064129] [passthrough] Read: 	 address = 0x4000481C, size = 4 bytes, value = 0x006010d0, pc=0x080038FA 
[   11.064643] [passthrough] Read: 	 address = 0x4000481C, size = 4 bytes, value = 0x006010d0, pc=0x0800392A 
[   11.065111] [passthrough] Read: 	 address = 0x4000481C, size = 4 bytes, value = 0x006010d0, pc=0x0800395E 
[   11.065609] [passthrough] Read: 	 address = 0x40004800, size = 4 bytes, value = 0x0000800d, pc=0x080038E0 
[   11.066174] [passthrough] Read: 	 address = 0x4000481C, size = 4 bytes, value = 0x006010d0, pc=0x080038FA 
[   11.066623] Interrupt Taken: 	 Vector = 0x0000000F
[   11.066680] Interrupt Served: 	 Vector = 0x0000000F
[   11.069751] [passthrough] Read: 	 address = 0x4000481C, size = 4 bytes, value = 0x006010d0, pc=0x0800392A 
[   11.070227] [passthrough] Read: 	 address = 0x4000481C, size = 4 bytes, value = 0x006010d0, pc=0x0800395E 
[   11.070834] [passthrough] Read: 	 address = 0x4000481C, size = 4 bytes, value = 0x006010d0, pc=0x0800395E 
[   11.071303] Interrupt Taken: 	 Vector = 0x0000000F
[   11.071372] Interrupt Served: 	 Vector = 0x0000000F
[   11.074820] [passthrough] Read: 	 address = 0x40004800, size = 4 bytes, value = 0x0000800d, pc=0x080038E0 
[   11.075312] Interrupt Taken: 	 Vector = 0x0000000F
[   11.075382] Interrupt Served: 	 Vector = 0x0000000F
[   11.078557] [passthrough] Read: 	 address = 0x4000481C, size = 4 bytes, value = 0x006010d0, pc=0x080038FA 
[   11.079057] Interrupt Taken: 	 Vector = 0x0000000F
[   11.079110] Interrupt Served: 	 Vector = 0x0000000F
[   11.082216] [passthrough] Read: 	 address = 0x4000481C, size = 4 bytes, value = 0x006010d0, pc=0x0800392A 
[   11.082692] [passthrough] Read: 	 address = 0x4000481C, size = 4 bytes, value = 0x006010d0, pc=0x0800395E 
[   11.083129] [passthrough] Read: 	 address = 0x40004800, size = 4 bytes, value = 0x0000800d, pc=0x080038E0 
[   11.083572] [passthrough] Read: 	 address = 0x4000481C, size = 4 bytes, value = 0x006010d0, pc=0x080038FA 
[   11.084425] [passthrough] Read: 	 address = 0x4000481C, size = 4 bytes, value = 0x006010d0, pc=0x0800392A 
[   11.084988] [passthrough] Read: 	 address = 0x4000481C, size = 4 bytes, value = 0x006010d0, pc=0x0800395E 
[   11.085541] [passthrough] Read: 	 address = 0x40004800, size = 4 bytes, value = 0x0000800d, pc=0x080038E0 
[   11.086097] [passthrough] Read: 	 address = 0x4000481C, size = 4 bytes, value = 0x006010d0, pc=0x080038FA 
[   11.086619] [passthrough] Read: 	 address = 0x4000481C, size = 4 bytes, value = 0x006010d0, pc=0x0800392A 
[   11.087162] [passthrough] Read: 	 address = 0x4000481C, size = 4 bytes, value = 0x006010d0, pc=0x0800395E 
[   11.087822] [passthrough] Read: 	 address = 0x40004800, size = 4 bytes, value = 0x0000800d, pc=0x080038E0 
[   11.088307] Interrupt Taken: 	 Vector = 0x0000000F
[   11.088461] Interrupt Served: 	 Vector = 0x0000000F
[   11.091516] Interrupt Taken: 	 Vector = 0x0000000F
[   11.091618] Interrupt Served: 	 Vector = 0x0000000F
[   11.094784] [passthrough] Read: 	 address = 0x4000481C, size = 4 bytes, value = 0x006010d0, pc=0x080038FA 
[   11.095586] [passthrough] Read: 	 address = 0x4000481C, size = 4 bytes, value = 0x006010d0, pc=0x0800392A 
[   11.096148] [passthrough] Read: 	 address = 0x4000481C, size = 4 bytes, value = 0x006010d0, pc=0x0800395E 
[   11.096693] [passthrough] Read: 	 address = 0x40004800, size = 4 bytes, value = 0x0000800d, pc=0x080038E0 
[   11.097194] [passthrough] Read: 	 address = 0x4000481C, size = 4 bytes, value = 0x006010d0, pc=0x080038FA 
[   11.097859] [passthrough] Read: 	 address = 0x4000481C, size = 4 bytes, value = 0x006010d0, pc=0x0800392A 
[   11.098377] Interrupt Taken: 	 Vector = 0x0000000F
[   11.098420] Interrupt Served: 	 Vector = 0x0000000F
[   11.101592] [passthrough] Read: 	 address = 0x4000481C, size = 4 bytes, value = 0x006010d0, pc=0x0800395E 
[   11.102114] [passthrough] Read: 	 address = 0x40004800, size = 4 bytes, value = 0x0000800d, pc=0x080038E0 
[   11.102776] [passthrough] Read: 	 address = 0x4000481C, size = 4 bytes, value = 0x006010d0, pc=0x080038FA 
[   11.103257] Interrupt Taken: 	 Vector = 0x0000000F
[   11.103364] Interrupt Served: 	 Vector = 0x0000000F
[   11.106305] Interrupt Taken: 	 Vector = 0x0000000F
[   11.106417] Interrupt Served: 	 Vector = 0x0000000F
[   11.109675] [passthrough] Read: 	 address = 0x4000481C, size = 4 bytes, value = 0x006010d0, pc=0x0800392A 
[   11.110163] Interrupt Taken: 	 Vector = 0x0000000F
[   11.110281] Interrupt Served: 	 Vector = 0x0000000F
[   11.113425] Interrupt Taken: 	 Vector = 0x0000000F
[   11.113509] Interrupt Served: 	 Vector = 0x0000000F
[   11.116634] [passthrough] Read: 	 address = 0x4000481C, size = 4 bytes, value = 0x006010d0, pc=0x0800395E 
[   11.117305] [passthrough] Read: 	 address = 0x40004800, size = 4 bytes, value = 0x0000800d, pc=0x080038E0 
[   11.117838] Interrupt Taken: 	 Vector = 0x0000000F
[   11.117974] Interrupt Served: 	 Vector = 0x0000000F
[   11.120739] Interrupt Taken: 	 Vector = 0x0000000F
[   11.120827] Interrupt Served: 	 Vector = 0x0000000F
[   11.123960] [passthrough] Read: 	 address = 0x4000481C, size = 4 bytes, value = 0x006010d0, pc=0x080038FA 
[   11.124468] [passthrough] Read: 	 address = 0x4000481C, size = 4 bytes, value = 0x006010d0, pc=0x0800392A 
[   11.124979] [passthrough] Read: 	 address = 0x4000481C, size = 4 bytes, value = 0x006010d0, pc=0x0800395E 
[   11.125799] [passthrough] Read: 	 address = 0x4000481C, size = 4 bytes, value = 0x006010d0, pc=0x0800395E 
[   11.126286] [passthrough] Read: 	 address = 0x40004800, size = 4 bytes, value = 0x0000800d, pc=0x080038E0 
[   11.126748] [passthrough] Read: 	 address = 0x4000481C, size = 4 bytes, value = 0x006010d0, pc=0x080038FA 
[   11.127211] [passthrough] Read: 	 address = 0x4000481C, size = 4 bytes, value = 0x006010d0, pc=0x0800392A 
[   11.127646] [passthrough] Read: 	 address = 0x4000481C, size = 4 bytes, value = 0x006010d0, pc=0x0800395E 
[   11.128141] [passthrough] Read: 	 address = 0x40004800, size = 4 bytes, value = 0x0000800d, pc=0x080038E0 
[   11.128555] [passthrough] Read: 	 address = 0x4000481C, size = 4 bytes, value = 0x006010d0, pc=0x080038FA 
[   11.128980] [passthrough] Read: 	 address = 0x4000481C, size = 4 bytes, value = 0x006010d0, pc=0x0800392A 
[   11.129907] [passthrough] Read: 	 address = 0x4000481C, size = 4 bytes, value = 0x006010d0, pc=0x0800395E 
[   11.130366] Interrupt Taken: 	 Vector = 0x0000000F
[   11.130564] Interrupt Served: 	 Vector = 0x0000000F
[   11.133459] Interrupt Taken: 	 Vector = 0x0000000F
[   11.133541] Interrupt Served: 	 Vector = 0x0000000F
[   11.136744] [passthrough] Read: 	 address = 0x40004800, size = 4 bytes, value = 0x0000800d, pc=0x080038E0 
[   11.137243] [passthrough] Read: 	 address = 0x4000481C, size = 4 bytes, value = 0x006010d0, pc=0x080038FA 
[   11.137716] [passthrough] Read: 	 address = 0x4000481C, size = 4 bytes, value = 0x006010d0, pc=0x0800392A 
[   11.138250] [passthrough] Read: 	 address = 0x4000481C, size = 4 bytes, value = 0x006010d0, pc=0x0800395E 
[   11.138850] [passthrough] Read: 	 address = 0x40004800, size = 4 bytes, value = 0x0000800d, pc=0x080038E0 
[   11.139364] [passthrough] Read: 	 address = 0x4000481C, size = 4 bytes, value = 0x006010d0, pc=0x080038FA 
[   11.139902] [passthrough] Read: 	 address = 0x4000481C, size = 4 bytes, value = 0x006010d0, pc=0x0800392A 
[   11.140633] [passthrough] Read: 	 address = 0x4000481C, size = 4 bytes, value = 0x006010d0, pc=0x0800395E 
[   11.141127] Interrupt Taken: 	 Vector = 0x0000000F
[   11.141197] Interrupt Served: 	 Vector = 0x0000000F
[   11.144515] [passthrough] Read: 	 address = 0x40004800, size = 4 bytes, value = 0x0000800d, pc=0x080038E0 
[   11.145009] Interrupt Taken: 	 Vector = 0x0000000F
[   11.145129] Interrupt Served: 	 Vector = 0x0000000F
[   11.148370] [passthrough] Read: 	 address = 0x4000481C, size = 4 bytes, value = 0x006010d0, pc=0x080038FA 
[   11.148848] Interrupt Taken: 	 Vector = 0x0000000F
[   11.148948] Interrupt Served: 	 Vector = 0x0000000F
[   11.151949] Interrupt Taken: 	 Vector = 0x0000000F
[   11.152093] Interrupt Served: 	 Vector = 0x0000000F
[   11.155320] [passthrough] Read: 	 address = 0x4000481C, size = 4 bytes, value = 0x006010d0, pc=0x0800392A 
[   11.155865] Interrupt Taken: 	 Vector = 0x0000000F
[   11.156009] Interrupt Served: 	 Vector = 0x0000000F
[   11.158958] Interrupt Taken: 	 Vector = 0x0000000F
[   11.159106] Interrupt Served: 	 Vector = 0x0000000F
[   11.162415] [passthrough] Read: 	 address = 0x4000481C, size = 4 bytes, value = 0x006010d0, pc=0x0800395E 
[   11.163080] [passthrough] Read: 	 address = 0x40004800, size = 4 bytes, value = 0x0000800d, pc=0x080038E0 
[   11.163498] Interrupt Taken: 	 Vector = 0x0000000F
[   11.163626] Interrupt Served: 	 Vector = 0x0000000F
[   11.166450] Interrupt Taken: 	 Vector = 0x0000000F
[   11.166533] Interrupt Served: 	 Vector = 0x0000000F
[   11.170247] [passthrough] Read: 	 address = 0x4000481C, size = 4 bytes, value = 0x006010d0, pc=0x080038FA 
[   11.170743] Interrupt Taken: 	 Vector = 0x0000000F
[   11.170866] Interrupt Served: 	 Vector = 0x0000000F
[   11.173743] Interrupt Taken: 	 Vector = 0x0000000F
[   11.173879] Interrupt Served: 	 Vector = 0x0000000F
[   11.177160] [passthrough] Read: 	 address = 0x4000481C, size = 4 bytes, value = 0x006010d0, pc=0x0800392A 
[   11.177678] Interrupt Taken: 	 Vector = 0x0000000F
[   11.177778] Interrupt Served: 	 Vector = 0x0000000F
[   11.180809] Interrupt Taken: 	 Vector = 0x0000000F
[   11.180894] Interrupt Served: 	 Vector = 0x0000000F
[   11.183995] [passthrough] Read: 	 address = 0x4000481C, size = 4 bytes, value = 0x006010d0, pc=0x0800395E 
[   11.184678] [passthrough] Read: 	 address = 0x4000481C, size = 4 bytes, value = 0x006010d0, pc=0x0800395E 
[   11.185135] Interrupt Taken: 	 Vector = 0x0000000F
[   11.185193] Interrupt Served: 	 Vector = 0x0000000F
[   11.188193] [passthrough] Read: 	 address = 0x40004800, size = 4 bytes, value = 0x0000800d, pc=0x080038E0 
[   11.188739] [passthrough] Read: 	 address = 0x4000481C, size = 4 bytes, value = 0x006010d0, pc=0x080038FA 
[   11.189330] [passthrough] Read: 	 address = 0x4000481C, size = 4 bytes, value = 0x006010d0, pc=0x0800392A 
[   11.189865] [passthrough] Read: 	 address = 0x4000481C, size = 4 bytes, value = 0x006010d0, pc=0x0800395E 
[   11.190448] [passthrough] Read: 	 address = 0x40004800, size = 4 bytes, value = 0x0000800d, pc=0x080038E0 
[   11.191117] [passthrough] Read: 	 address = 0x4000481C, size = 4 bytes, value = 0x006010d0, pc=0x080038FA 
[   11.191612] Interrupt Taken: 	 Vector = 0x0000000F
[   11.191761] Interrupt Served: 	 Vector = 0x0000000F
[   11.194959] Interrupt Taken: 	 Vector = 0x0000000F
[   11.195071] Interrupt Served: 	 Vector = 0x0000000F
[   11.198100] [passthrough] Read: 	 address = 0x4000481C, size = 4 bytes, value = 0x006010d0, pc=0x0800392A 
[   11.198618] [passthrough] Read: 	 address = 0x4000481C, size = 4 bytes, value = 0x006010d0, pc=0x0800395E 
[   11.199128] [passthrough] Read: 	 address = 0x40004800, size = 4 bytes, value = 0x0000800d, pc=0x080038E0 
[   11.199613] [passthrough] Read: 	 address = 0x4000481C, size = 4 bytes, value = 0x006010d0, pc=0x080038FA 
[   11.200272] [passthrough] Read: 	 address = 0x4000481C, size = 4 bytes, value = 0x006010d0, pc=0x0800392A 
[   11.200741] Interrupt Taken: 	 Vector = 0x0000000F
[   11.200788] Interrupt Served: 	 Vector = 0x0000000F
[   11.203842] [passthrough] Read: 	 address = 0x4000481C, size = 4 bytes, value = 0x006010d0, pc=0x0800395E 
[   11.204387] [passthrough] Read: 	 address = 0x40004800, size = 4 bytes, value = 0x0000800d, pc=0x080038E0 
[   11.204990] [passthrough] Read: 	 address = 0x4000481C, size = 4 bytes, value = 0x006010d0, pc=0x080038FA 
[   11.205567] [passthrough] Read: 	 address = 0x4000481C, size = 4 bytes, value = 0x006010d0, pc=0x0800392A 
[   11.206175] [passthrough] Read: 	 address = 0x4000481C, size = 4 bytes, value = 0x006010d0, pc=0x0800395E 
[   11.206717] [passthrough] Read: 	 address = 0x40004800, size = 4 bytes, value = 0x0000800d, pc=0x080038E0 
[   11.207315] [passthrough] Read: 	 address = 0x4000481C, size = 4 bytes, value = 0x006010d0, pc=0x080038FA 
[   11.208204] [passthrough] Read: 	 address = 0x4000481C, size = 4 bytes, value = 0x006010d0, pc=0x0800392A 
[   11.208760] [passthrough] Read: 	 address = 0x4000481C, size = 4 bytes, value = 0x006010d0, pc=0x0800395E 
[   11.209230] [passthrough] Read: 	 address = 0x40004800, size = 4 bytes, value = 0x0000800d, pc=0x080038E0 
[   11.209802] [passthrough] Read: 	 address = 0x4000481C, size = 4 bytes, value = 0x006010d0, pc=0x080038FA 
[   11.210548] [passthrough] Read: 	 address = 0x4000481C, size = 4 bytes, value = 0x006010d0, pc=0x0800392A 
[   11.211340] [passthrough] Read: 	 address = 0x4000481C, size = 4 bytes, value = 0x006010d0, pc=0x0800395E 
[   11.211814] Interrupt Taken: 	 Vector = 0x0000000F
[   11.211924] Interrupt Served: 	 Vector = 0x0000000F
[   11.214749] Interrupt Taken: 	 Vector = 0x0000000F
[   11.214849] Interrupt Served: 	 Vector = 0x0000000F
[   11.218259] [passthrough] Read: 	 address = 0x40004800, size = 4 bytes, value = 0x0000800d, pc=0x080038E0 
[   11.218764] Interrupt Taken: 	 Vector = 0x0000000F
[   11.218999] Interrupt Served: 	 Vector = 0x0000000F
[   11.221918] Interrupt Taken: 	 Vector = 0x0000000F
[   11.222624] Interrupt Served: 	 Vector = 0x0000000F
[   11.226012] Interrupt Taken: 	 Vector = 0x0000000F
[   11.226156] Interrupt Served: 	 Vector = 0x0000000F
[   11.229588] [passthrough] Read: 	 address = 0x4000481C, size = 4 bytes, value = 0x006010d0, pc=0x080038FA 
[   11.230076] Interrupt Taken: 	 Vector = 0x0000000F
[   11.230146] Interrupt Served: 	 Vector = 0x0000000F
[   11.233210] [passthrough] Read: 	 address = 0x4000481C, size = 4 bytes, value = 0x006010d0, pc=0x0800392A 
[   11.233730] [passthrough] Read: 	 address = 0x4000481C, size = 4 bytes, value = 0x006010d0, pc=0x0800395E 
[   11.234220] [passthrough] Read: 	 address = 0x40004800, size = 4 bytes, value = 0x0000800d, pc=0x080038E0 
[   11.234703] [passthrough] Read: 	 address = 0x4000481C, size = 4 bytes, value = 0x006010d0, pc=0x080038FA 
[   11.235349] [passthrough] Read: 	 address = 0x4000481C, size = 4 bytes, value = 0x006010d0, pc=0x0800392A 
[   11.235933] [passthrough] Read: 	 address = 0x4000481C, size = 4 bytes, value = 0x006010d0, pc=0x0800395E 
[   11.236709] [passthrough] Read: 	 address = 0x40004800, size = 4 bytes, value = 0x0000800d, pc=0x080038E0 
[   11.237204] Interrupt Taken: 	 Vector = 0x0000000F
[   11.237336] Interrupt Served: 	 Vector = 0x0000000F
[   11.240458] Interrupt Taken: 	 Vector = 0x0000000F
[   11.240592] Interrupt Served: 	 Vector = 0x0000000F
[   11.243996] [passthrough] Read: 	 address = 0x4000481C, size = 4 bytes, value = 0x006010d0, pc=0x080038FA 
[   11.244560] Interrupt Taken: 	 Vector = 0x0000000F
[   11.244629] Interrupt Served: 	 Vector = 0x0000000F
[   11.247886] [passthrough] Read: 	 address = 0x4000481C, size = 4 bytes, value = 0x006010d0, pc=0x0800392A 
[   11.248564] Interrupt Taken: 	 Vector = 0x0000000F
[   11.248628] Interrupt Served: 	 Vector = 0x0000000F
[   11.251713] [passthrough] Read: 	 address = 0x4000481C, size = 4 bytes, value = 0x006010d0, pc=0x0800395E 
[   11.252270] [passthrough] Read: 	 address = 0x4000481C, size = 4 bytes, value = 0x006010d0, pc=0x0800395E 
[   11.252786] [passthrough] Read: 	 address = 0x40004800, size = 4 bytes, value = 0x0000800d, pc=0x080038E0 
[   11.253268] [passthrough] Read: 	 address = 0x4000481C, size = 4 bytes, value = 0x006010d0, pc=0x080038FA 
[   11.253795] [passthrough] Read: 	 address = 0x4000481C, size = 4 bytes, value = 0x006010d0, pc=0x0800392A 
[   11.254343] [passthrough] Read: 	 address = 0x4000481C, size = 4 bytes, value = 0x006010d0, pc=0x0800395E 
[   11.254853] [passthrough] Read: 	 address = 0x40004800, size = 4 bytes, value = 0x0000800d, pc=0x080038E0 
[   11.255425] [passthrough] Read: 	 address = 0x4000481C, size = 4 bytes, value = 0x006010d0, pc=0x080038FA 
[   11.255949] [passthrough] Read: 	 address = 0x4000481C, size = 4 bytes, value = 0x006010d0, pc=0x0800392A 
[   11.256516] [passthrough] Read: 	 address = 0x4000481C, size = 4 bytes, value = 0x006010d0, pc=0x0800395E 
[   11.257200] [passthrough] Read: 	 address = 0x40004800, size = 4 bytes, value = 0x0000800d, pc=0x080038E0 
[   11.257766] Interrupt Taken: 	 Vector = 0x0000000F
[   11.257935] Interrupt Served: 	 Vector = 0x0000000F
[   11.260912] Interrupt Taken: 	 Vector = 0x0000000F
[   11.261005] Interrupt Served: 	 Vector = 0x0000000F
[   11.264362] [passthrough] Read: 	 address = 0x4000481C, size = 4 bytes, value = 0x006010d0, pc=0x080038FA 
[   11.264846] Interrupt Taken: 	 Vector = 0x0000000F
[   11.264913] Interrupt Served: 	 Vector = 0x0000000F
[   11.268167] [passthrough] Read: 	 address = 0x4000481C, size = 4 bytes, value = 0x006010d0, pc=0x0800392A 
[   11.268816] Interrupt Taken: 	 Vector = 0x0000000F
[   11.268876] Interrupt Served: 	 Vector = 0x0000000F
[   11.272462] [passthrough] Read: 	 address = 0x4000481C, size = 4 bytes, value = 0x006010d0, pc=0x0800395E 
[   11.272997] Interrupt Taken: 	 Vector = 0x0000000F
[   11.273085] Interrupt Served: 	 Vector = 0x0000000F
[   11.276395] [passthrough] Read: 	 address = 0x40004800, size = 4 bytes, value = 0x0000800d, pc=0x080038E0 
[   11.276932] [passthrough] Read: 	 address = 0x4000481C, size = 4 bytes, value = 0x006010d0, pc=0x080038FA 
[   11.277440] [passthrough] Read: 	 address = 0x4000481C, size = 4 bytes, value = 0x006010d0, pc=0x0800392A 
[   11.277930] [passthrough] Read: 	 address = 0x4000481C, size = 4 bytes, value = 0x006010d0, pc=0x0800395E 
[   11.278761] Interrupt Taken: 	 Vector = 0x0000000F
[   11.278861] Interrupt Served: 	 Vector = 0x0000000F
[   11.282043] [passthrough] Read: 	 address = 0x40004800, size = 4 bytes, value = 0x0000800d, pc=0x080038E0 
[   11.282579] Interrupt Taken: 	 Vector = 0x0000000F
[   11.282630] Interrupt Served: 	 Vector = 0x0000000F
[   11.285810] [passthrough] Read: 	 address = 0x4000481C, size = 4 bytes, value = 0x006010d0, pc=0x080038FA 
[   11.286345] [passthrough] Read: 	 address = 0x4000481C, size = 4 bytes, value = 0x006010d0, pc=0x0800392A 
[   11.286884] [passthrough] Read: 	 address = 0x4000481C, size = 4 bytes, value = 0x006010d0, pc=0x0800395E 
[   11.287610] [passthrough] Read: 	 address = 0x40004800, size = 4 bytes, value = 0x0000800d, pc=0x080038E0 
[   11.288185] Interrupt Taken: 	 Vector = 0x0000000F
[   11.288267] Interrupt Served: 	 Vector = 0x0000000F
[   11.291976] [passthrough] Read: 	 address = 0x4000481C, size = 4 bytes, value = 0x006010d0, pc=0x080038FA 
[   11.292489] Interrupt Taken: 	 Vector = 0x0000000F
[   11.292550] Interrupt Served: 	 Vector = 0x0000000F
[   11.295663] [passthrough] Read: 	 address = 0x4000481C, size = 4 bytes, value = 0x006010d0, pc=0x0800392A 
[   11.296141] [passthrough] Read: 	 address = 0x4000481C, size = 4 bytes, value = 0x006010d0, pc=0x0800395E 
[   11.296934] [passthrough] Read: 	 address = 0x40004800, size = 4 bytes, value = 0x0000800d, pc=0x080038E0 
[   11.297417] Interrupt Taken: 	 Vector = 0x0000000F
[   11.297459] Interrupt Served: 	 Vector = 0x0000000F
[   11.300658] [passthrough] Read: 	 address = 0x4000481C, size = 4 bytes, value = 0x006010d0, pc=0x080038FA 
[   11.301361] [passthrough] Read: 	 address = 0x4000481C, size = 4 bytes, value = 0x006010d0, pc=0x0800392A 
[   11.301844] Interrupt Taken: 	 Vector = 0x0000000F
[   11.302007] Interrupt Served: 	 Vector = 0x0000000F
[   11.304888] Interrupt Taken: 	 Vector = 0x0000000F
[   11.304999] Interrupt Served: 	 Vector = 0x0000000F
[   11.309249] [passthrough] Read: 	 address = 0x4000481C, size = 4 bytes, value = 0x006010d0, pc=0x0800395E 
[   11.309905] [passthrough] Read: 	 address = 0x4000481C, size = 4 bytes, value = 0x006010d0, pc=0x0800395E 
[   11.310410] Interrupt Taken: 	 Vector = 0x0000000F
[   11.310467] Interrupt Served: 	 Vector = 0x0000000F
[   11.313577] [passthrough] Read: 	 address = 0x40004800, size = 4 bytes, value = 0x0000800d, pc=0x080038E0 
[   11.314073] Interrupt Taken: 	 Vector = 0x0000000F
[   11.314140] Interrupt Served: 	 Vector = 0x0000000F
[   11.317224] [passthrough] Read: 	 address = 0x4000481C, size = 4 bytes, value = 0x006010d0, pc=0x080038FA 
[   11.317762] [passthrough] Read: 	 address = 0x4000481C, size = 4 bytes, value = 0x006010d0, pc=0x0800392A 
[   11.318287] [passthrough] Read: 	 address = 0x4000481C, size = 4 bytes, value = 0x006010d0, pc=0x0800395E 
[   11.318778] [passthrough] Read: 	 address = 0x40004800, size = 4 bytes, value = 0x0000800d, pc=0x080038E0 
[   11.319369] [passthrough] Read: 	 address = 0x4000481C, size = 4 bytes, value = 0x006010d0, pc=0x080038FA 
[   11.319823] Interrupt Taken: 	 Vector = 0x0000000F
[   11.319938] Interrupt Served: 	 Vector = 0x0000000F
[   11.322805] Interrupt Taken: 	 Vector = 0x0000000F
[   11.322916] Interrupt Served: 	 Vector = 0x0000000F
[   11.326210] [passthrough] Read: 	 address = 0x4000481C, size = 4 bytes, value = 0x006010d0, pc=0x0800392A 
[   11.326739] Interrupt Taken: 	 Vector = 0x0000000F
[   11.326866] Interrupt Served: 	 Vector = 0x0000000F
[   11.329807] Interrupt Taken: 	 Vector = 0x0000000F
[   11.329894] Interrupt Served: 	 Vector = 0x0000000F
[   11.333874] [passthrough] Read: 	 address = 0x4000481C, size = 4 bytes, value = 0x006010d0, pc=0x0800395E 
[   11.334337] Interrupt Taken: 	 Vector = 0x0000000F
[   11.334451] Interrupt Served: 	 Vector = 0x0000000F
[   11.337272] Interrupt Taken: 	 Vector = 0x0000000F
[   11.337436] Interrupt Served: 	 Vector = 0x0000000F
[   11.340770] [passthrough] Read: 	 address = 0x40004800, size = 4 bytes, value = 0x0000800d, pc=0x080038E0 
[   11.341244] Interrupt Taken: 	 Vector = 0x0000000F
[   11.341393] Interrupt Served: 	 Vector = 0x0000000F
[   11.344244] Interrupt Taken: 	 Vector = 0x0000000F
[   11.344334] Interrupt Served: 	 Vector = 0x0000000F
[   11.347466] [passthrough] Read: 	 address = 0x4000481C, size = 4 bytes, value = 0x006010d0, pc=0x080038FA 
[   11.348011] [passthrough] Read: 	 address = 0x4000481C, size = 4 bytes, value = 0x006010d0, pc=0x0800392A 
[   11.348515] [passthrough] Read: 	 address = 0x4000481C, size = 4 bytes, value = 0x006010d0, pc=0x0800395E 
[   11.349113] [passthrough] Read: 	 address = 0x40004800, size = 4 bytes, value = 0x0000800d, pc=0x080038E0 
[   11.349598] [passthrough] Read: 	 address = 0x4000481C, size = 4 bytes, value = 0x006010d0, pc=0x080038FA 
[   11.350065] [passthrough] Read: 	 address = 0x4000481C, size = 4 bytes, value = 0x006010d0, pc=0x0800392A 
[   11.350534] [passthrough] Read: 	 address = 0x4000481C, size = 4 bytes, value = 0x006010d0, pc=0x0800395E 
[   11.351057] [passthrough] Read: 	 address = 0x40004800, size = 4 bytes, value = 0x0000800d, pc=0x080038E0 
[   11.351547] [passthrough] Read: 	 address = 0x4000481C, size = 4 bytes, value = 0x006010d0, pc=0x080038FA 
[   11.352096] [passthrough] Read: 	 address = 0x4000481C, size = 4 bytes, value = 0x006010d0, pc=0x0800392A 
[   11.352839] [passthrough] Read: 	 address = 0x4000481C, size = 4 bytes, value = 0x006010d0, pc=0x0800395E 
[   11.353448] Interrupt Taken: 	 Vector = 0x0000000F
[   11.353516] Interrupt Served: 	 Vector = 0x0000000F
[   11.356718] [passthrough] Read: 	 address = 0x4000481C, size = 4 bytes, value = 0x006010d0, pc=0x0800395E 
[   11.357249] Interrupt Taken: 	 Vector = 0x0000000F
[   11.357302] Interrupt Served: 	 Vector = 0x0000000F
[   11.360540] [passthrough] Read: 	 address = 0x40004800, size = 4 bytes, value = 0x0000800d, pc=0x080038E0 
[   11.361047] [passthrough] Read: 	 address = 0x4000481C, size = 4 bytes, value = 0x006010d0, pc=0x080038FA 
[   11.361467] [passthrough] Read: 	 address = 0x4000481C, size = 4 bytes, value = 0x006010d0, pc=0x0800392A 
[   11.361945] [passthrough] Read: 	 address = 0x4000481C, size = 4 bytes, value = 0x006010d0, pc=0x0800395E 
[   11.362619] [passthrough] Read: 	 address = 0x40004800, size = 4 bytes, value = 0x0000800d, pc=0x080038E0 
[   11.363120] [passthrough] Read: 	 address = 0x4000481C, size = 4 bytes, value = 0x006010d0, pc=0x080038FA 
[   11.363581] [passthrough] Read: 	 address = 0x4000481C, size = 4 bytes, value = 0x006010d0, pc=0x0800392A 
[   11.364178] [passthrough] Read: 	 address = 0x4000481C, size = 4 bytes, value = 0x006010d0, pc=0x0800395E 
[   11.364631] Interrupt Taken: 	 Vector = 0x0000000F
[   11.364691] Interrupt Served: 	 Vector = 0x0000000F
[   11.367929] [passthrough] Read: 	 address = 0x40004800, size = 4 bytes, value = 0x0000800d, pc=0x080038E0 
[   11.368485] [passthrough] Read: 	 address = 0x4000481C, size = 4 bytes, value = 0x006010d0, pc=0x080038FA 
[   11.369054] [passthrough] Read: 	 address = 0x4000481C, size = 4 bytes, value = 0x006010d0, pc=0x0800392A 
[   11.369664] [passthrough] Read: 	 address = 0x4000481C, size = 4 bytes, value = 0x006010d0, pc=0x0800395E 
[   11.370147] Interrupt Taken: 	 Vector = 0x0000000F
[   11.370274] Interrupt Served: 	 Vector = 0x0000000F
[   11.373195] Interrupt Taken: 	 Vector = 0x0000000F
[   11.373337] Interrupt Served: 	 Vector = 0x0000000F
[   11.377112] [passthrough] Read: 	 address = 0x40004800, size = 4 bytes, value = 0x0000800d, pc=0x080038E0 
[   11.377628] Interrupt Taken: 	 Vector = 0x0000000F
[   11.377748] Interrupt Served: 	 Vector = 0x0000000F
[   11.380810] Interrupt Taken: 	 Vector = 0x0000000F
[   11.380889] Interrupt Served: 	 Vector = 0x0000000F
[   11.384093] [passthrough] Read: 	 address = 0x4000481C, size = 4 bytes, value = 0x006010d0, pc=0x080038FA 
[   11.384755] [passthrough] Read: 	 address = 0x4000481C, size = 4 bytes, value = 0x006010d0, pc=0x0800392A 
[   11.385319] [passthrough] Read: 	 address = 0x4000481C, size = 4 bytes, value = 0x006010d0, pc=0x0800395E 
[   11.385993] [passthrough] Read: 	 address = 0x40004800, size = 4 bytes, value = 0x0000800d, pc=0x080038E0 
[   11.386483] Interrupt Taken: 	 Vector = 0x0000000F
[   11.386598] Interrupt Served: 	 Vector = 0x0000000F
[   11.389552] Interrupt Taken: 	 Vector = 0x0000000F
[   11.389667] Interrupt Served: 	 Vector = 0x0000000F
[   11.393053] [passthrough] Read: 	 address = 0x4000481C, size = 4 bytes, value = 0x006010d0, pc=0x080038FA 
[   11.393576] [passthrough] Read: 	 address = 0x4000481C, size = 4 bytes, value = 0x006010d0, pc=0x0800392A 
[   11.394113] [passthrough] Read: 	 address = 0x4000481C, size = 4 bytes, value = 0x006010d0, pc=0x0800395E 
[   11.394550] [passthrough] Read: 	 address = 0x40004800, size = 4 bytes, value = 0x0000800d, pc=0x080038E0 
[   11.395001] [passthrough] Read: 	 address = 0x4000481C, size = 4 bytes, value = 0x006010d0, pc=0x080038FA 
[   11.395713] [passthrough] Read: 	 address = 0x4000481C, size = 4 bytes, value = 0x006010d0, pc=0x0800392A 
[   11.396239] [passthrough] Read: 	 address = 0x4000481C, size = 4 bytes, value = 0x006010d0, pc=0x0800395E 
[   11.396688] [passthrough] Read: 	 address = 0x40004800, size = 4 bytes, value = 0x0000800d, pc=0x080038E0 
[   11.397153] [passthrough] Read: 	 address = 0x4000481C, size = 4 bytes, value = 0x006010d0, pc=0x080038FA 
[   11.397645] [passthrough] Read: 	 address = 0x4000481C, size = 4 bytes, value = 0x006010d0, pc=0x0800392A 
[   11.398208] [passthrough] Read: 	 address = 0x4000481C, size = 4 bytes, value = 0x006010d0, pc=0x0800395E 
[   11.398697] [passthrough] Read: 	 address = 0x40004800, size = 4 bytes, value = 0x0000800d, pc=0x080038E0 
[   11.399281] [passthrough] Read: 	 address = 0x4000481C, size = 4 bytes, value = 0x006010d0, pc=0x080038FA 
[   11.400055] [passthrough] Read: 	 address = 0x4000481C, size = 4 bytes, value = 0x006010d0, pc=0x0800392A 
[   11.400514] Interrupt Taken: 	 Vector = 0x0000000F
[   11.400635] Interrupt Served: 	 Vector = 0x0000000F
[   11.403489] Interrupt Taken: 	 Vector = 0x0000000F
[   11.403597] Interrupt Served: 	 Vector = 0x0000000F
[   11.406769] [passthrough] Read: 	 address = 0x4000481C, size = 4 bytes, value = 0x006010d0, pc=0x0800395E 
[   11.407649] [passthrough] Read: 	 address = 0x40004800, size = 4 bytes, value = 0x0000800d, pc=0x080038E0 
[   11.408120] Interrupt Taken: 	 Vector = 0x0000000F
[   11.408181] Interrupt Served: 	 Vector = 0x0000000F
[   11.411376] [passthrough] Read: 	 address = 0x4000481C, size = 4 bytes, value = 0x006010d0, pc=0x080038FA 
[   11.411928] [passthrough] Read: 	 address = 0x4000481C, size = 4 bytes, value = 0x006010d0, pc=0x0800392A 
[   11.412621] [passthrough] Read: 	 address = 0x4000481C, size = 4 bytes, value = 0x006010d0, pc=0x0800395E 
[   11.413277] [passthrough] Read: 	 address = 0x4000481C, size = 4 bytes, value = 0x006010d0, pc=0x0800395E 
[   11.413733] Interrupt Taken: 	 Vector = 0x0000000F
[   11.413781] Interrupt Served: 	 Vector = 0x0000000F
[   11.417407] [passthrough] Read: 	 address = 0x40004800, size = 4 bytes, value = 0x0000800d, pc=0x080038E0 
[   11.417993] [passthrough] Read: 	 address = 0x4000481C, size = 4 bytes, value = 0x006010d0, pc=0x080038FA 
[   11.418568] [passthrough] Read: 	 address = 0x4000481C, size = 4 bytes, value = 0x006010d0, pc=0x0800392A 
[   11.419410] [passthrough] Read: 	 address = 0x4000481C, size = 4 bytes, value = 0x006010d0, pc=0x0800395E 
[   11.419896] [passthrough] Read: 	 address = 0x40004800, size = 4 bytes, value = 0x0000800d, pc=0x080038E0 
[   11.420585] [passthrough] Read: 	 address = 0x4000481C, size = 4 bytes, value = 0x006010d0, pc=0x080038FA 
[   11.421056] Interrupt Taken: 	 Vector = 0x0000000F
[   11.421190] Interrupt Served: 	 Vector = 0x0000000F
[   11.424076] Interrupt Taken: 	 Vector = 0x0000000F
[   11.424185] Interrupt Served: 	 Vector = 0x0000000F
[   11.427095] [passthrough] Read: 	 address = 0x4000481C, size = 4 bytes, value = 0x006010d0, pc=0x0800392A 
[   11.427576] [passthrough] Read: 	 address = 0x4000481C, size = 4 bytes, value = 0x006010d0, pc=0x0800395E 
[   11.428062] [passthrough] Read: 	 address = 0x40004800, size = 4 bytes, value = 0x0000800d, pc=0x080038E0 
[   11.428704] [passthrough] Read: 	 address = 0x4000481C, size = 4 bytes, value = 0x006010d0, pc=0x080038FA 
[   11.429314] [passthrough] Read: 	 address = 0x4000481C, size = 4 bytes, value = 0x006010d0, pc=0x0800392A 
[   11.429786] Interrupt Taken: 	 Vector = 0x0000000F
[   11.429826] Interrupt Served: 	 Vector = 0x0000000F
[   11.432982] [passthrough] Read: 	 address = 0x4000481C, size = 4 bytes, value = 0x006010d0, pc=0x0800395E 
[   11.433617] [passthrough] Read: 	 address = 0x40004800, size = 4 bytes, value = 0x0000800d, pc=0x080038E0 
[   11.434129] [passthrough] Read: 	 address = 0x4000481C, size = 4 bytes, value = 0x006010d0, pc=0x080038FA 
[   11.434681] [passthrough] Read: 	 address = 0x4000481C, size = 4 bytes, value = 0x006010d0, pc=0x0800392A 
[   11.435205] [passthrough] Read: 	 address = 0x4000481C, size = 4 bytes, value = 0x006010d0, pc=0x0800395E 
[   11.435849] [passthrough] Read: 	 address = 0x40004800, size = 4 bytes, value = 0x0000800d, pc=0x080038E0 
[   11.436369] Interrupt Taken: 	 Vector = 0x0000000F
[   11.436432] Interrupt Served: 	 Vector = 0x0000000F
[   11.440580] [passthrough] Read: 	 address = 0x4000481C, size = 4 bytes, value = 0x006010d0, pc=0x080038FA 
[   11.441095] Interrupt Taken: 	 Vector = 0x0000000F
[   11.441254] Interrupt Served: 	 Vector = 0x0000000F
[   11.444153] Interrupt Taken: 	 Vector = 0x0000000F
[   11.444236] Interrupt Served: 	 Vector = 0x0000000F
[   11.447527] [passthrough] Read: 	 address = 0x4000481C, size = 4 bytes, value = 0x006010d0, pc=0x0800392A 
[   11.448242] [passthrough] Read: 	 address = 0x4000481C, size = 4 bytes, value = 0x006010d0, pc=0x0800395E 
[   11.448695] Interrupt Taken: 	 Vector = 0x0000000F
[   11.448783] Interrupt Served: 	 Vector = 0x0000000F
[   11.451576] Interrupt Taken: 	 Vector = 0x0000000F
[   11.451674] Interrupt Served: 	 Vector = 0x0000000F
[   11.454820] [passthrough] Read: 	 address = 0x40004800, size = 4 bytes, value = 0x0000800d, pc=0x080038E0 
[   11.455827] [passthrough] Read: 	 address = 0x4000481C, size = 4 bytes, value = 0x006010d0, pc=0x080038FA 
[   11.456349] Interrupt Taken: 	 Vector = 0x0000000F
[   11.456727] Interrupt Served: 	 Vector = 0x0000000F
[   11.459908] Interrupt Taken: 	 Vector = 0x0000000F
[   11.460004] Interrupt Served: 	 Vector = 0x0000000F
[   11.463567] [passthrough] Read: 	 address = 0x4000481C, size = 4 bytes, value = 0x006010d0, pc=0x0800392A 
[   11.464201] [passthrough] Read: 	 address = 0x4000481C, size = 4 bytes, value = 0x006010d0, pc=0x0800395E 
[   11.464678] Interrupt Taken: 	 Vector = 0x0000000F
[   11.464797] Interrupt Served: 	 Vector = 0x0000000F
[   11.467905] Interrupt Taken: 	 Vector = 0x0000000F
[   11.468048] Interrupt Served: 	 Vector = 0x0000000F
[   11.471432] [passthrough] Read: 	 address = 0x4000481C, size = 4 bytes, value = 0x006010d0, pc=0x0800395E 
[   11.471944] Interrupt Taken: 	 Vector = 0x0000000F
[   11.471999] Interrupt Served: 	 Vector = 0x0000000F
[   11.475410] [passthrough] Read: 	 address = 0x40004800, size = 4 bytes, value = 0x0000800d, pc=0x080038E0 
[   11.475908] Interrupt Taken: 	 Vector = 0x0000000F
[   11.476066] Interrupt Served: 	 Vector = 0x0000000F
[   11.478868] Interrupt Taken: 	 Vector = 0x0000000F
[   11.478952] Interrupt Served: 	 Vector = 0x0000000F
[   11.482204] [passthrough] Read: 	 address = 0x4000481C, size = 4 bytes, value = 0x006010d0, pc=0x080038FA 
[   11.482684] Interrupt Taken: 	 Vector = 0x0000000F
[   11.482753] Interrupt Served: 	 Vector = 0x0000000F
[   11.486252] [passthrough] Read: 	 address = 0x4000481C, size = 4 bytes, value = 0x006010d0, pc=0x0800392A 
[   11.486778] [passthrough] Read: 	 address = 0x4000481C, size = 4 bytes, value = 0x006010d0, pc=0x0800395E 
[   11.487352] [passthrough] Read: 	 address = 0x40004800, size = 4 bytes, value = 0x0000800d, pc=0x080038E0 
[   11.487853] [passthrough] Read: 	 address = 0x4000481C, size = 4 bytes, value = 0x006010d0, pc=0x080038FA 
[   11.488380] [passthrough] Read: 	 address = 0x4000481C, size = 4 bytes, value = 0x006010d0, pc=0x0800392A 
[   11.489070] [passthrough] Read: 	 address = 0x4000481C, size = 4 bytes, value = 0x006010d0, pc=0x0800395E 
[   11.489500] Interrupt Taken: 	 Vector = 0x0000000F
[   11.489612] Interrupt Served: 	 Vector = 0x0000000F
[   11.492533] Interrupt Taken: 	 Vector = 0x0000000F
[   11.492643] Interrupt Served: 	 Vector = 0x0000000F
[   11.495720] [passthrough] Read: 	 address = 0x40004800, size = 4 bytes, value = 0x0000800d, pc=0x080038E0 
[   11.496486] [passthrough] Read: 	 address = 0x4000481C, size = 4 bytes, value = 0x006010d0, pc=0x080038FA 
[   11.496896] [passthrough] Read: 	 address = 0x4000481C, size = 4 bytes, value = 0x006010d0, pc=0x0800392A 
[   11.497341] [passthrough] Read: 	 address = 0x4000481C, size = 4 bytes, value = 0x006010d0, pc=0x0800395E 
[   11.497798] [passthrough] Read: 	 address = 0x40004800, size = 4 bytes, value = 0x0000800d, pc=0x080038E0 
[   11.498334] [passthrough] Read: 	 address = 0x4000481C, size = 4 bytes, value = 0x006010d0, pc=0x080038FA 
[   11.498808] [passthrough] Read: 	 address = 0x4000481C, size = 4 bytes, value = 0x006010d0, pc=0x0800392A 
[   11.499333] [passthrough] Read: 	 address = 0x4000481C, size = 4 bytes, value = 0x006010d0, pc=0x0800395E 
[   11.499896] [passthrough] Read: 	 address = 0x40004800, size = 4 bytes, value = 0x0000800d, pc=0x080038E0 
[   11.500398] [passthrough] Read: 	 address = 0x4000481C, size = 4 bytes, value = 0x006010d0, pc=0x080038FA 
[   11.500932] [passthrough] Read: 	 address = 0x4000481C, size = 4 bytes, value = 0x006010d0, pc=0x0800392A 
[   11.501823] [passthrough] Read: 	 address = 0x4000481C, size = 4 bytes, value = 0x006010d0, pc=0x0800395E 
[   11.502615] [passthrough] Read: 	 address = 0x40004800, size = 4 bytes, value = 0x0000800d, pc=0x080038E0 
[   11.503123] Interrupt Taken: 	 Vector = 0x0000000F
[   11.503257] Interrupt Served: 	 Vector = 0x0000000F
[   11.506195] Interrupt Taken: 	 Vector = 0x0000000F
[   11.506396] Interrupt Served: 	 Vector = 0x0000000F
[   11.509371] Interrupt Taken: 	 Vector = 0x0000000F
[   11.509467] Interrupt Served: 	 Vector = 0x0000000F
[   11.512677] [passthrough] Read: 	 address = 0x4000481C, size = 4 bytes, value = 0x006010d0, pc=0x080038FA 
[   11.513187] [passthrough] Read: 	 address = 0x4000481C, size = 4 bytes, value = 0x006010d0, pc=0x0800392A 
[   11.513676] [passthrough] Read: 	 address = 0x4000481C, size = 4 bytes, value = 0x006010d0, pc=0x0800395E 
[   11.514176] [passthrough] Read: 	 address = 0x40004800, size = 4 bytes, value = 0x0000800d, pc=0x080038E0 
[   11.514643] [passthrough] Read: 	 address = 0x4000481C, size = 4 bytes, value = 0x006010d0, pc=0x080038FA 
[   11.515115] [passthrough] Read: 	 address = 0x4000481C, size = 4 bytes, value = 0x006010d0, pc=0x0800392A 
[   11.515603] [passthrough] Read: 	 address = 0x4000481C, size = 4 bytes, value = 0x006010d0, pc=0x0800395E 
[   11.516220] [passthrough] Read: 	 address = 0x40004800, size = 4 bytes, value = 0x0000800d, pc=0x080038E0 
[   11.516690] [passthrough] Read: 	 address = 0x4000481C, size = 4 bytes, value = 0x006010d0, pc=0x080038FA 
[   11.517168] [passthrough] Read: 	 address = 0x4000481C, size = 4 bytes, value = 0x006010d0, pc=0x0800392A 
[   11.517728] [passthrough] Read: 	 address = 0x4000481C, size = 4 bytes, value = 0x006010d0, pc=0x0800395E 
[   11.518268] Interrupt Taken: 	 Vector = 0x0000000F
[   11.518340] Interrupt Served: 	 Vector = 0x0000000F
[   11.521662] [passthrough] Read: 	 address = 0x40004800, size = 4 bytes, value = 0x0000800d, pc=0x080038E0 
[   11.522216] Interrupt Taken: 	 Vector = 0x0000000F
[   11.522405] Interrupt Served: 	 Vector = 0x0000000F
[   11.525411] Interrupt Taken: 	 Vector = 0x0000000F
[   11.525522] Interrupt Served: 	 Vector = 0x0000000F
[   11.528869] [passthrough] Read: 	 address = 0x4000481C, size = 4 bytes, value = 0x006010d0, pc=0x080038FA 
[   11.529382] Interrupt Taken: 	 Vector = 0x0000000F
[   11.529506] Interrupt Served: 	 Vector = 0x0000000F
[   11.532498] Interrupt Taken: 	 Vector = 0x0000000F
[   11.532569] Interrupt Served: 	 Vector = 0x0000000F
[   11.535941] [passthrough] Read: 	 address = 0x4000481C, size = 4 bytes, value = 0x006010d0, pc=0x0800392A 
[   11.536481] Interrupt Taken: 	 Vector = 0x0000000F
[   11.536604] Interrupt Served: 	 Vector = 0x0000000F
[   11.539731] Interrupt Taken: 	 Vector = 0x0000000F
[   11.539838] Interrupt Served: 	 Vector = 0x0000000F
[   11.543256] [passthrough] Read: 	 address = 0x4000481C, size = 4 bytes, value = 0x006010d0, pc=0x0800395E 
[   11.543737] Interrupt Taken: 	 Vector = 0x0000000F
[   11.543800] Interrupt Served: 	 Vector = 0x0000000F
[   11.547246] [passthrough] Read: 	 address = 0x4000481C, size = 4 bytes, value = 0x006010d0, pc=0x0800395E 
[   11.547791] Interrupt Taken: 	 Vector = 0x0000000F
[   11.547854] Interrupt Served: 	 Vector = 0x0000000F
[   11.550896] [passthrough] Read: 	 address = 0x40004800, size = 4 bytes, value = 0x0000800d, pc=0x080038E0 
[   11.551657] [passthrough] Read: 	 address = 0x4000481C, size = 4 bytes, value = 0x006010d0, pc=0x080038FA 
[   11.552217] [passthrough] Read: 	 address = 0x4000481C, size = 4 bytes, value = 0x006010d0, pc=0x0800392A 
[   11.552645] [passthrough] Read: 	 address = 0x4000481C, size = 4 bytes, value = 0x006010d0, pc=0x0800395E 
[   11.553174] [passthrough] Read: 	 address = 0x40004800, size = 4 bytes, value = 0x0000800d, pc=0x080038E0 
[   11.553647] [passthrough] Read: 	 address = 0x4000481C, size = 4 bytes, value = 0x006010d0, pc=0x080038FA 
[   11.554115] [passthrough] Read: 	 address = 0x4000481C, size = 4 bytes, value = 0x006010d0, pc=0x0800392A 
[   11.554567] [passthrough] Read: 	 address = 0x4000481C, size = 4 bytes, value = 0x006010d0, pc=0x0800395E 
[   11.555186] [passthrough] Read: 	 address = 0x40004800, size = 4 bytes, value = 0x0000800d, pc=0x080038E0 
[   11.555717] Interrupt Taken: 	 Vector = 0x0000000F
[   11.555800] Interrupt Served: 	 Vector = 0x0000000F
[   11.558882] [passthrough] Read: 	 address = 0x4000481C, size = 4 bytes, value = 0x006010d0, pc=0x080038FA 
[   11.559464] [passthrough] Read: 	 address = 0x4000481C, size = 4 bytes, value = 0x006010d0, pc=0x0800392A 
[   11.559962] [passthrough] Read: 	 address = 0x4000481C, size = 4 bytes, value = 0x006010d0, pc=0x0800395E 
[   11.560443] [passthrough] Read: 	 address = 0x40004800, size = 4 bytes, value = 0x0000800d, pc=0x080038E0 
[   11.560890] [passthrough] Read: 	 address = 0x4000481C, size = 4 bytes, value = 0x006010d0, pc=0x080038FA 
[   11.561392] [passthrough] Read: 	 address = 0x4000481C, size = 4 bytes, value = 0x006010d0, pc=0x0800392A 
[   11.561843] [passthrough] Read: 	 address = 0x4000481C, size = 4 bytes, value = 0x006010d0, pc=0x0800395E 
[   11.562781] [passthrough] Read: 	 address = 0x40004800, size = 4 bytes, value = 0x0000800d, pc=0x080038E0 
[   11.563289] Interrupt Taken: 	 Vector = 0x0000000F
[   11.563399] Interrupt Served: 	 Vector = 0x0000000F
[   11.566256] Interrupt Taken: 	 Vector = 0x0000000F
[   11.566443] Interrupt Served: 	 Vector = 0x0000000F
[   11.569494] Interrupt Taken: 	 Vector = 0x0000000F
[   11.569610] Interrupt Served: 	 Vector = 0x0000000F
[   11.572964] [passthrough] Read: 	 address = 0x4000481C, size = 4 bytes, value = 0x006010d0, pc=0x080038FA 
[   11.573458] Interrupt Taken: 	 Vector = 0x0000000F
[   11.573529] Interrupt Served: 	 Vector = 0x0000000F
[   11.576544] [passthrough] Read: 	 address = 0x4000481C, size = 4 bytes, value = 0x006010d0, pc=0x0800392A 
[   11.577069] [passthrough] Read: 	 address = 0x4000481C, size = 4 bytes, value = 0x006010d0, pc=0x0800395E 
[   11.578386] [passthrough] Read: 	 address = 0x40004800, size = 4 bytes, value = 0x0000800d, pc=0x080038E0 
[   11.578815] Interrupt Taken: 	 Vector = 0x0000000F
[   11.578871] Interrupt Served: 	 Vector = 0x0000000F
[   11.581976] [passthrough] Read: 	 address = 0x4000481C, size = 4 bytes, value = 0x006010d0, pc=0x080038FA 
[   11.582615] [passthrough] Read: 	 address = 0x4000481C, size = 4 bytes, value = 0x006010d0, pc=0x0800392A 
[   11.583141] [passthrough] Read: 	 address = 0x4000481C, size = 4 bytes, value = 0x006010d0, pc=0x0800395E 
[   11.583644] [passthrough] Read: 	 address = 0x40004800, size = 4 bytes, value = 0x0000800d, pc=0x080038E0 
[   11.584136] [passthrough] Read: 	 address = 0x4000481C, size = 4 bytes, value = 0x006010d0, pc=0x080038FA 
[   11.584867] [passthrough] Read: 	 address = 0x4000481C, size = 4 bytes, value = 0x006010d0, pc=0x0800392A 
[   11.585521] Interrupt Taken: 	 Vector = 0x0000000F
[   11.585584] Interrupt Served: 	 Vector = 0x0000000F
[   11.588881] [passthrough] Read: 	 address = 0x4000481C, size = 4 bytes, value = 0x006010d0, pc=0x0800395E 
[   11.589362] Interrupt Taken: 	 Vector = 0x0000000F
[   11.589441] Interrupt Served: 	 Vector = 0x0000000F
[   11.592522] [passthrough] Read: 	 address = 0x40004800, size = 4 bytes, value = 0x0000800d, pc=0x080038E0 
[   11.593110] [passthrough] Read: 	 address = 0x4000481C, size = 4 bytes, value = 0x006010d0, pc=0x080038FA 
[   11.593616] [passthrough] Read: 	 address = 0x4000481C, size = 4 bytes, value = 0x006010d0, pc=0x0800392A 
[   11.594119] [passthrough] Read: 	 address = 0x4000481C, size = 4 bytes, value = 0x006010d0, pc=0x0800395E 
[   11.594534] [passthrough] Read: 	 address = 0x40004800, size = 4 bytes, value = 0x0000800d, pc=0x080038E0 
[   11.595006] [passthrough] Read: 	 address = 0x4000481C, size = 4 bytes, value = 0x006010d0, pc=0x080038FA 
[   11.595897] [passthrough] Read: 	 address = 0x4000481C, size = 4 bytes, value = 0x006010d0, pc=0x0800392A 
[   11.596420] [passthrough] Read: 	 address = 0x4000481C, size = 4 bytes, value = 0x006010d0, pc=0x0800395E 
[   11.596854] [passthrough] Read: 	 address = 0x40004800, size = 4 bytes, value = 0x0000800d, pc=0x080038E0 
[   11.597424] [passthrough] Read: 	 address = 0x4000481C, size = 4 bytes, value = 0x006010d0, pc=0x080038FA 
[   11.597866] [passthrough] Read: 	 address = 0x4000481C, size = 4 bytes, value = 0x006010d0, pc=0x0800392A 
[   11.598499] [passthrough] Read: 	 address = 0x4000481C, size = 4 bytes, value = 0x006010d0, pc=0x0800395E 
[   11.598977] Interrupt Taken: 	 Vector = 0x0000000F
[   11.599106] Interrupt Served: 	 Vector = 0x0000000F
[   11.602132] Interrupt Taken: 	 Vector = 0x0000000F
[   11.602228] Interrupt Served: 	 Vector = 0x0000000F
[   11.605672] [passthrough] Read: 	 address = 0x4000481C, size = 4 bytes, value = 0x006010d0, pc=0x0800395E 
[   11.606173] Interrupt Taken: 	 Vector = 0x0000000F
[   11.606223] Interrupt Served: 	 Vector = 0x0000000F
[   11.609550] [passthrough] Read: 	 address = 0x40004800, size = 4 bytes, value = 0x0000800d, pc=0x080038E0 
[   11.610069] Interrupt Taken: 	 Vector = 0x0000000F
[   11.610124] Interrupt Served: 	 Vector = 0x0000000F
[   11.613163] [passthrough] Read: 	 address = 0x4000481C, size = 4 bytes, value = 0x006010d0, pc=0x080038FA 
[   11.613644] [passthrough] Read: 	 address = 0x4000481C, size = 4 bytes, value = 0x006010d0, pc=0x0800392A 
[   11.614135] [passthrough] Read: 	 address = 0x4000481C, size = 4 bytes, value = 0x006010d0, pc=0x0800395E 
[   11.614594] [passthrough] Read: 	 address = 0x40004800, size = 4 bytes, value = 0x0000800d, pc=0x080038E0 
[   11.615157] [passthrough] Read: 	 address = 0x4000481C, size = 4 bytes, value = 0x006010d0, pc=0x080038FA 
[   11.615668] [passthrough] Read: 	 address = 0x4000481C, size = 4 bytes, value = 0x006010d0, pc=0x0800392A 
[   11.616188] [passthrough] Read: 	 address = 0x4000481C, size = 4 bytes, value = 0x006010d0, pc=0x0800395E 
[   11.616691] [passthrough] Read: 	 address = 0x40004800, size = 4 bytes, value = 0x0000800d, pc=0x080038E0 
[   11.617181] [passthrough] Read: 	 address = 0x4000481C, size = 4 bytes, value = 0x006010d0, pc=0x080038FA 
[   11.617716] [passthrough] Read: 	 address = 0x4000481C, size = 4 bytes, value = 0x006010d0, pc=0x0800392A 
[   11.618668] [passthrough] Read: 	 address = 0x4000481C, size = 4 bytes, value = 0x006010d0, pc=0x0800395E 
[   11.619324] [passthrough] Read: 	 address = 0x40004800, size = 4 bytes, value = 0x0000800d, pc=0x080038E0 
[   11.620072] Interrupt Taken: 	 Vector = 0x0000000F
[   11.620139] Interrupt Served: 	 Vector = 0x0000000F
[   11.623437] [passthrough] Read: 	 address = 0x4000481C, size = 4 bytes, value = 0x006010d0, pc=0x080038FA 
[   11.623916] Interrupt Taken: 	 Vector = 0x0000000F
[   11.623994] Interrupt Served: 	 Vector = 0x0000000F
[   11.627246] [passthrough] Read: 	 address = 0x4000481C, size = 4 bytes, value = 0x006010d0, pc=0x0800392A 
[   11.627704] [passthrough] Read: 	 address = 0x4000481C, size = 4 bytes, value = 0x006010d0, pc=0x0800395E 
[   11.628168] [passthrough] Read: 	 address = 0x40004800, size = 4 bytes, value = 0x0000800d, pc=0x080038E0 
[   11.628615] [passthrough] Read: 	 address = 0x4000481C, size = 4 bytes, value = 0x006010d0, pc=0x080038FA 
[   11.629067] [passthrough] Read: 	 address = 0x4000481C, size = 4 bytes, value = 0x006010d0, pc=0x0800392A 
[   11.629770] [passthrough] Read: 	 address = 0x4000481C, size = 4 bytes, value = 0x006010d0, pc=0x0800395E 
[   11.630559] [passthrough] Read: 	 address = 0x40004800, size = 4 bytes, value = 0x0000800d, pc=0x080038E0 
[   11.631118] Interrupt Taken: 	 Vector = 0x0000000F
[   11.631254] Interrupt Served: 	 Vector = 0x0000000F
[   11.634320] Interrupt Taken: 	 Vector = 0x0000000F
[   11.634379] Interrupt Served: 	 Vector = 0x0000000F
[   11.637553] [passthrough] Read: 	 address = 0x4000481C, size = 4 bytes, value = 0x006010d0, pc=0x080038FA 
[   11.638082] Interrupt Taken: 	 Vector = 0x0000000F
[   11.638158] Interrupt Served: 	 Vector = 0x0000000F
[   11.641492] [passthrough] Read: 	 address = 0x4000481C, size = 4 bytes, value = 0x006010d0, pc=0x0800392A 
[   11.642049] Interrupt Taken: 	 Vector = 0x0000000F
[   11.642116] Interrupt Served: 	 Vector = 0x0000000F
[   11.645523] [passthrough] Read: 	 address = 0x4000481C, size = 4 bytes, value = 0x006010d0, pc=0x0800395E 
[   11.645972] [passthrough] Read: 	 address = 0x40004800, size = 4 bytes, value = 0x0000800d, pc=0x080038E0 
[   11.646431] [passthrough] Read: 	 address = 0x4000481C, size = 4 bytes, value = 0x006010d0, pc=0x080038FA 
[   11.646882] [passthrough] Read: 	 address = 0x4000481C, size = 4 bytes, value = 0x006010d0, pc=0x0800392A 
[   11.647371] [passthrough] Read: 	 address = 0x4000481C, size = 4 bytes, value = 0x006010d0, pc=0x0800395E 
[   11.647871] [passthrough] Read: 	 address = 0x40004800, size = 4 bytes, value = 0x0000800d, pc=0x080038E0 
[   11.648362] [passthrough] Read: 	 address = 0x4000481C, size = 4 bytes, value = 0x006010d0, pc=0x080038FA 
[   11.648825] [passthrough] Read: 	 address = 0x4000481C, size = 4 bytes, value = 0x006010d0, pc=0x0800392A 
[   11.649321] [passthrough] Read: 	 address = 0x4000481C, size = 4 bytes, value = 0x006010d0, pc=0x0800395E 
[   11.649791] [passthrough] Read: 	 address = 0x40004800, size = 4 bytes, value = 0x0000800d, pc=0x080038E0 
[   11.650465] [passthrough] Read: 	 address = 0x4000481C, size = 4 bytes, value = 0x006010d0, pc=0x080038FA 
[   11.651040] [passthrough] Read: 	 address = 0x4000481C, size = 4 bytes, value = 0x006010d0, pc=0x0800392A 
[   11.651588] [passthrough] Read: 	 address = 0x4000481C, size = 4 bytes, value = 0x006010d0, pc=0x0800395E 
[   11.652254] Interrupt Taken: 	 Vector = 0x0000000F
[   11.652313] Interrupt Served: 	 Vector = 0x0000000F
[   11.655343] [passthrough] Read: 	 address = 0x40004800, size = 4 bytes, value = 0x0000800d, pc=0x080038E0 
[   11.655905] [passthrough] Read: 	 address = 0x4000481C, size = 4 bytes, value = 0x006010d0, pc=0x080038FA 
[   11.656433] [passthrough] Read: 	 address = 0x4000481C, size = 4 bytes, value = 0x006010d0, pc=0x0800392A 
[   11.656930] [passthrough] Read: 	 address = 0x4000481C, size = 4 bytes, value = 0x006010d0, pc=0x0800395E 
[   11.657498] [passthrough] Read: 	 address = 0x40004800, size = 4 bytes, value = 0x0000800d, pc=0x080038E0 
[   11.658238] [passthrough] Read: 	 address = 0x4000481C, size = 4 bytes, value = 0x006010d0, pc=0x080038FA 
[   11.659003] Interrupt Taken: 	 Vector = 0x0000000F
[   11.659136] Interrupt Served: 	 Vector = 0x0000000F
[   11.661933] Interrupt Taken: 	 Vector = 0x0000000F
[   11.662011] Interrupt Served: 	 Vector = 0x0000000F
[   11.665204] [passthrough] Read: 	 address = 0x4000481C, size = 4 bytes, value = 0x006010d0, pc=0x0800392A 
[   11.665692] [passthrough] Read: 	 address = 0x4000481C, size = 4 bytes, value = 0x006010d0, pc=0x0800395E 
[   11.666194] [passthrough] Read: 	 address = 0x4000481C, size = 4 bytes, value = 0x006010d0, pc=0x0800395E 
[   11.666706] [passthrough] Read: 	 address = 0x40004800, size = 4 bytes, value = 0x0000800d, pc=0x080038E0 
[   11.667335] [passthrough] Read: 	 address = 0x4000481C, size = 4 bytes, value = 0x006010d0, pc=0x080038FA 
[   11.667803] Interrupt Taken: 	 Vector = 0x0000000F
[   11.667892] Interrupt Served: 	 Vector = 0x0000000F
[   11.670874] Interrupt Taken: 	 Vector = 0x0000000F
[   11.670979] Interrupt Served: 	 Vector = 0x0000000F
[   11.674289] [passthrough] Read: 	 address = 0x4000481C, size = 4 bytes, value = 0x006010d0, pc=0x0800392A 
[   11.674860] [passthrough] Read: 	 address = 0x4000481C, size = 4 bytes, value = 0x006010d0, pc=0x0800395E 
[   11.675410] [passthrough] Read: 	 address = 0x40004800, size = 4 bytes, value = 0x0000800d, pc=0x080038E0 
[   11.675900] [passthrough] Read: 	 address = 0x4000481C, size = 4 bytes, value = 0x006010d0, pc=0x080038FA 
[   11.676392] [passthrough] Read: 	 address = 0x4000481C, size = 4 bytes, value = 0x006010d0, pc=0x0800392A 
[   11.676812] [passthrough] Read: 	 address = 0x4000481C, size = 4 bytes, value = 0x006010d0, pc=0x0800395E 
[   11.677326] [passthrough] Read: 	 address = 0x40004800, size = 4 bytes, value = 0x0000800d, pc=0x080038E0 
[   11.677767] [passthrough] Read: 	 address = 0x4000481C, size = 4 bytes, value = 0x006010d0, pc=0x080038FA 
[   11.678232] [passthrough] Read: 	 address = 0x4000481C, size = 4 bytes, value = 0x006010d0, pc=0x0800392A 
[   11.678695] [passthrough] Read: 	 address = 0x4000481C, size = 4 bytes, value = 0x006010d0, pc=0x0800395E 
[   11.679120] [passthrough] Read: 	 address = 0x40004800, size = 4 bytes, value = 0x0000800d, pc=0x080038E0 
[   11.679515] [passthrough] Read: 	 address = 0x4000481C, size = 4 bytes, value = 0x006010d0, pc=0x080038FA 
[   11.680116] [passthrough] Read: 	 address = 0x4000481C, size = 4 bytes, value = 0x006010d0, pc=0x0800392A 
[   11.680678] [passthrough] Read: 	 address = 0x4000481C, size = 4 bytes, value = 0x006010d0, pc=0x0800395E 
[   11.681161] [passthrough] Read: 	 address = 0x40004800, size = 4 bytes, value = 0x0000800d, pc=0x080038E0 
[   11.681580] [passthrough] Read: 	 address = 0x4000481C, size = 4 bytes, value = 0x006010d0, pc=0x080038FA 
[   11.682044] [passthrough] Read: 	 address = 0x4000481C, size = 4 bytes, value = 0x006010d0, pc=0x0800392A 
[   11.682495] [passthrough] Read: 	 address = 0x4000481C, size = 4 bytes, value = 0x006010d0, pc=0x0800395E 
[   11.682904] [passthrough] Read: 	 address = 0x40004800, size = 4 bytes, value = 0x0000800d, pc=0x080038E0 
[   11.683385] [passthrough] Read: 	 address = 0x4000481C, size = 4 bytes, value = 0x006010d0, pc=0x080038FA 
[   11.684004] [passthrough] Read: 	 address = 0x4000481C, size = 4 bytes, value = 0x006010d0, pc=0x0800392A 
[   11.684873] [passthrough] Read: 	 address = 0x4000481C, size = 4 bytes, value = 0x006010d0, pc=0x0800395E 
[   11.685374] Interrupt Taken: 	 Vector = 0x0000000F
[   11.685489] Interrupt Served: 	 Vector = 0x0000000F
[   11.688443] Interrupt Taken: 	 Vector = 0x0000000F
[   11.688594] Interrupt Served: 	 Vector = 0x0000000F
[   11.692040] [passthrough] Read: 	 address = 0x40004800, size = 4 bytes, value = 0x0000800d, pc=0x080038E0 
[   11.692482] Interrupt Taken: 	 Vector = 0x0000000F
[   11.692520] Interrupt Served: 	 Vector = 0x0000000F
[   11.695723] [passthrough] Read: 	 address = 0x4000481C, size = 4 bytes, value = 0x006010d0, pc=0x080038FA 
[   11.696311] [passthrough] Read: 	 address = 0x4000481C, size = 4 bytes, value = 0x006010d0, pc=0x0800392A 
[   11.696881] [passthrough] Read: 	 address = 0x4000481C, size = 4 bytes, value = 0x006010d0, pc=0x0800395E 
[   11.697364] [passthrough] Read: 	 address = 0x40004800, size = 4 bytes, value = 0x0000800d, pc=0x080038E0 
[   11.697804] [passthrough] Read: 	 address = 0x4000481C, size = 4 bytes, value = 0x006010d0, pc=0x080038FA 
[   11.698213] [passthrough] Read: 	 address = 0x4000481C, size = 4 bytes, value = 0x006010d0, pc=0x0800392A 
[   11.698673] [passthrough] Read: 	 address = 0x4000481C, size = 4 bytes, value = 0x006010d0, pc=0x0800395E 
[   11.699489] [passthrough] Read: 	 address = 0x40004800, size = 4 bytes, value = 0x0000800d, pc=0x080038E0 
[   11.699905] [passthrough] Read: 	 address = 0x4000481C, size = 4 bytes, value = 0x006010d0, pc=0x080038FA 
[   11.700348] [passthrough] Read: 	 address = 0x4000481C, size = 4 bytes, value = 0x006010d0, pc=0x0800392A 
[   11.700806] [passthrough] Read: 	 address = 0x4000481C, size = 4 bytes, value = 0x006010d0, pc=0x0800395E 
[   11.701312] [passthrough] Read: 	 address = 0x40004800, size = 4 bytes, value = 0x0000800d, pc=0x080038E0 
[   11.701784] [passthrough] Read: 	 address = 0x4000481C, size = 4 bytes, value = 0x006010d0, pc=0x080038FA 
[   11.702279] [passthrough] Read: 	 address = 0x4000481C, size = 4 bytes, value = 0x006010d0, pc=0x0800392A 
[   11.702754] [passthrough] Read: 	 address = 0x4000481C, size = 4 bytes, value = 0x006010d0, pc=0x0800395E 
[   11.703292] [passthrough] Read: 	 address = 0x40004800, size = 4 bytes, value = 0x0000800d, pc=0x080038E0 
[   11.703840] [passthrough] Read: 	 address = 0x4000481C, size = 4 bytes, value = 0x006010d0, pc=0x080038FA 
[   11.704357] [passthrough] Read: 	 address = 0x4000481C, size = 4 bytes, value = 0x006010d0, pc=0x0800392A 
[   11.704839] [passthrough] Read: 	 address = 0x4000481C, size = 4 bytes, value = 0x006010d0, pc=0x0800395E 
[   11.705812] Interrupt Taken: 	 Vector = 0x0000000F
[   11.705922] Interrupt Served: 	 Vector = 0x0000000F
[   11.709376] [passthrough] Read: 	 address = 0x40004800, size = 4 bytes, value = 0x0000800d, pc=0x080038E0 
[   11.709902] Interrupt Taken: 	 Vector = 0x0000000F
[   11.709955] Interrupt Served: 	 Vector = 0x0000000F
[   11.713155] [passthrough] Read: 	 address = 0x4000481C, size = 4 bytes, value = 0x006010d0, pc=0x080038FA 
[   11.713770] Interrupt Taken: 	 Vector = 0x0000000F
[   11.713828] Interrupt Served: 	 Vector = 0x0000000F
[   11.717431] [passthrough] Read: 	 address = 0x4000481C, size = 4 bytes, value = 0x006010d0, pc=0x0800392A 
[   11.718078] Interrupt Taken: 	 Vector = 0x0000000F
[   11.718147] Interrupt Served: 	 Vector = 0x0000000F
[   11.722420] [passthrough] Read: 	 address = 0x4000481C, size = 4 bytes, value = 0x006010d0, pc=0x0800395E 
[   11.722970] Interrupt Taken: 	 Vector = 0x0000000F
[   11.723074] Interrupt Served: 	 Vector = 0x0000000F
[   11.726430] [passthrough] Read: 	 address = 0x40004800, size = 4 bytes, value = 0x0000800d, pc=0x080038E0 
[   11.726974] Interrupt Taken: 	 Vector = 0x0000000F
[   11.727128] Interrupt Served: 	 Vector = 0x0000000F
[   11.730092] Interrupt Taken: 	 Vector = 0x0000000F
[   11.730186] Interrupt Served: 	 Vector = 0x0000000F
[   11.733236] [passthrough] Read: 	 address = 0x4000481C, size = 4 bytes, value = 0x006010d0, pc=0x080038FA 
[   11.733841] [passthrough] Read: 	 address = 0x4000481C, size = 4 bytes, value = 0x006010d0, pc=0x0800392A 
[   11.734317] [passthrough] Read: 	 address = 0x4000481C, size = 4 bytes, value = 0x006010d0, pc=0x0800395E 
[   11.735059] [passthrough] Read: 	 address = 0x4000481C, size = 4 bytes, value = 0x006010d0, pc=0x0800395E 
[   11.735523] Interrupt Taken: 	 Vector = 0x0000000F
[   11.735565] Interrupt Served: 	 Vector = 0x0000000F
[   11.738734] [passthrough] Read: 	 address = 0x40004800, size = 4 bytes, value = 0x0000800d, pc=0x080038E0 
[   11.739280] [passthrough] Read: 	 address = 0x4000481C, size = 4 bytes, value = 0x006010d0, pc=0x080038FA 
[   11.740131] [passthrough] Read: 	 address = 0x4000481C, size = 4 bytes, value = 0x006010d0, pc=0x0800392A 
[   11.740629] [passthrough] Read: 	 address = 0x4000481C, size = 4 bytes, value = 0x006010d0, pc=0x0800395E 
[   11.741124] [passthrough] Read: 	 address = 0x40004800, size = 4 bytes, value = 0x0000800d, pc=0x080038E0 
[   11.741595] [passthrough] Read: 	 address = 0x4000481C, size = 4 bytes, value = 0x006010d0, pc=0x080038FA 
[   11.742089] [passthrough] Read: 	 address = 0x4000481C, size = 4 bytes, value = 0x006010d0, pc=0x0800392A 
[   11.742577] [passthrough] Read: 	 address = 0x4000481C, size = 4 bytes, value = 0x006010d0, pc=0x0800395E 
[   11.743041] [passthrough] Read: 	 address = 0x40004800, size = 4 bytes, value = 0x0000800d, pc=0x080038E0 
[   11.743588] [passthrough] Read: 	 address = 0x4000481C, size = 4 bytes, value = 0x006010d0, pc=0x080038FA 
[   11.744369] [passthrough] Read: 	 address = 0x4000481C, size = 4 bytes, value = 0x006010d0, pc=0x0800392A 
[   11.744855] Interrupt Taken: 	 Vector = 0x0000000F
[   11.744995] Interrupt Served: 	 Vector = 0x0000000F
[   11.747761] Interrupt Taken: 	 Vector = 0x0000000F
[   11.747843] Interrupt Served: 	 Vector = 0x0000000F
[   11.751037] [passthrough] Read: 	 address = 0x4000481C, size = 4 bytes, value = 0x006010d0, pc=0x0800395E 
[   11.751591] [passthrough] Read: 	 address = 0x40004800, size = 4 bytes, value = 0x0000800d, pc=0x080038E0 
[   11.752115] [passthrough] Read: 	 address = 0x4000481C, size = 4 bytes, value = 0x006010d0, pc=0x080038FA 
[   11.752587] [passthrough] Read: 	 address = 0x4000481C, size = 4 bytes, value = 0x006010d0, pc=0x0800392A 
[   11.753095] [passthrough] Read: 	 address = 0x4000481C, size = 4 bytes, value = 0x006010d0, pc=0x0800395E 
[   11.753588] [passthrough] Read: 	 address = 0x40004800, size = 4 bytes, value = 0x0000800d, pc=0x080038E0 
[   11.754137] [passthrough] Read: 	 address = 0x4000481C, size = 4 bytes, value = 0x006010d0, pc=0x080038FA 
[   11.754628] [passthrough] Read: 	 address = 0x4000481C, size = 4 bytes, value = 0x006010d0, pc=0x0800392A 
[   11.755126] [passthrough] Read: 	 address = 0x4000481C, size = 4 bytes, value = 0x006010d0, pc=0x0800395E 
[   11.755614] [passthrough] Read: 	 address = 0x40004800, size = 4 bytes, value = 0x0000800d, pc=0x080038E0 
[   11.756152] [passthrough] Read: 	 address = 0x4000481C, size = 4 bytes, value = 0x006010d0, pc=0x080038FA 
[   11.756625] [passthrough] Read: 	 address = 0x4000481C, size = 4 bytes, value = 0x006010d0, pc=0x0800392A 
[   11.757190] [passthrough] Read: 	 address = 0x4000481C, size = 4 bytes, value = 0x006010d0, pc=0x0800395E 
[   11.757798] [passthrough] Read: 	 address = 0x40004800, size = 4 bytes, value = 0x0000800d, pc=0x080038E0 
[   11.758290] [passthrough] Read: 	 address = 0x4000481C, size = 4 bytes, value = 0x006010d0, pc=0x080038FA 
[   11.758834] [passthrough] Read: 	 address = 0x4000481C, size = 4 bytes, value = 0x006010d0, pc=0x0800392A 
[   11.759328] [passthrough] Read: 	 address = 0x4000481C, size = 4 bytes, value = 0x006010d0, pc=0x0800395E 
[   11.759800] [passthrough] Read: 	 address = 0x40004800, size = 4 bytes, value = 0x0000800d, pc=0x080038E0 
[   11.760268] [passthrough] Read: 	 address = 0x4000481C, size = 4 bytes, value = 0x006010d0, pc=0x080038FA 
[   11.760831] [passthrough] Read: 	 address = 0x4000481C, size = 4 bytes, value = 0x006010d0, pc=0x0800392A 
[   11.761353] [passthrough] Read: 	 address = 0x4000481C, size = 4 bytes, value = 0x006010d0, pc=0x0800395E 
[   11.761811] [passthrough] Read: 	 address = 0x40004800, size = 4 bytes, value = 0x0000800d, pc=0x080038E0 
[   11.762277] [passthrough] Read: 	 address = 0x4000481C, size = 4 bytes, value = 0x006010d0, pc=0x080038FA 
[   11.762687] [passthrough] Read: 	 address = 0x4000481C, size = 4 bytes, value = 0x006010d0, pc=0x0800392A 
[   11.763107] [passthrough] Read: 	 address = 0x4000481C, size = 4 bytes, value = 0x006010d0, pc=0x0800395E 
[   11.763550] [passthrough] Read: 	 address = 0x40004800, size = 4 bytes, value = 0x0000800d, pc=0x080038E0 
[   11.764010] [passthrough] Read: 	 address = 0x4000481C, size = 4 bytes, value = 0x006010d0, pc=0x080038FA 
[   11.764509] [passthrough] Read: 	 address = 0x4000481C, size = 4 bytes, value = 0x006010d0, pc=0x0800392A 
[   11.764977] [passthrough] Read: 	 address = 0x4000481C, size = 4 bytes, value = 0x006010d0, pc=0x0800395E 
[   11.765461] [passthrough] Read: 	 address = 0x40004800, size = 4 bytes, value = 0x0000800d, pc=0x080038E0 
[   11.765922] [passthrough] Read: 	 address = 0x4000481C, size = 4 bytes, value = 0x006010d0, pc=0x080038FA 
[   11.766400] [passthrough] Read: 	 address = 0x4000481C, size = 4 bytes, value = 0x006010d0, pc=0x0800392A 
[   11.766963] [passthrough] Read: 	 address = 0x4000481C, size = 4 bytes, value = 0x006010d0, pc=0x0800395E 
[   11.767451] Interrupt Taken: 	 Vector = 0x0000000F
[   11.767553] Interrupt Served: 	 Vector = 0x0000000F
[   11.770589] Interrupt Taken: 	 Vector = 0x0000000F
[   11.770667] Interrupt Served: 	 Vector = 0x0000000F
[   11.773966] [passthrough] Read: 	 address = 0x40004800, size = 4 bytes, value = 0x0000800d, pc=0x080038E0 
[   11.774484] [passthrough] Read: 	 address = 0x4000481C, size = 4 bytes, value = 0x006010d0, pc=0x080038FA 
[   11.774968] [passthrough] Read: 	 address = 0x4000481C, size = 4 bytes, value = 0x006010d0, pc=0x0800392A 
[   11.775457] [passthrough] Read: 	 address = 0x4000481C, size = 4 bytes, value = 0x006010d0, pc=0x0800395E 
[   11.775956] [passthrough] Read: 	 address = 0x40004800, size = 4 bytes, value = 0x0000800d, pc=0x080038E0 
[   11.776407] [passthrough] Read: 	 address = 0x4000481C, size = 4 bytes, value = 0x006010d0, pc=0x080038FA 
[   11.776839] [passthrough] Read: 	 address = 0x4000481C, size = 4 bytes, value = 0x006010d0, pc=0x0800392A 
[   11.777291] [passthrough] Read: 	 address = 0x4000481C, size = 4 bytes, value = 0x006010d0, pc=0x0800395E 
[   11.777752] [passthrough] Read: 	 address = 0x40004800, size = 4 bytes, value = 0x0000800d, pc=0x080038E0 
[   11.778258] [passthrough] Read: 	 address = 0x4000481C, size = 4 bytes, value = 0x006010d0, pc=0x080038FA 
[   11.778734] [passthrough] Read: 	 address = 0x4000481C, size = 4 bytes, value = 0x006010d0, pc=0x0800392A 
[   11.779246] [passthrough] Read: 	 address = 0x4000481C, size = 4 bytes, value = 0x006010d0, pc=0x0800395E 
[   11.779969] [passthrough] Read: 	 address = 0x40004800, size = 4 bytes, value = 0x0000800d, pc=0x080038E0 
[   11.780956] Interrupt Taken: 	 Vector = 0x0000000F
[   11.781831] Interrupt Served: 	 Vector = 0x0000000F
[   11.784751] Interrupt Taken: 	 Vector = 0x0000000F
[   11.784864] Interrupt Served: 	 Vector = 0x0000000F
[   11.787980] [passthrough] Read: 	 address = 0x4000481C, size = 4 bytes, value = 0x006010d0, pc=0x080038FA 
[   11.788491] [passthrough] Read: 	 address = 0x4000481C, size = 4 bytes, value = 0x006010d0, pc=0x0800392A 
[   11.788990] [passthrough] Read: 	 address = 0x4000481C, size = 4 bytes, value = 0x006010d0, pc=0x0800395E 
[   11.789592] [passthrough] Read: 	 address = 0x40004800, size = 4 bytes, value = 0x0000800d, pc=0x080038E0 
[   11.790151] [passthrough] Read: 	 address = 0x4000481C, size = 4 bytes, value = 0x006010d0, pc=0x080038FA 
[   11.790671] [passthrough] Read: 	 address = 0x4000481C, size = 4 bytes, value = 0x006010d0, pc=0x0800392A 
[   11.791232] [passthrough] Read: 	 address = 0x4000481C, size = 4 bytes, value = 0x006010d0, pc=0x0800395E 
[   11.791736] [passthrough] Read: 	 address = 0x40004800, size = 4 bytes, value = 0x0000800d, pc=0x080038E0 
[   11.792201] [passthrough] Read: 	 address = 0x4000481C, size = 4 bytes, value = 0x006010d0, pc=0x080038FA 
[   11.792724] [passthrough] Read: 	 address = 0x4000481C, size = 4 bytes, value = 0x006010d0, pc=0x0800392A 
[   11.793205] [passthrough] Read: 	 address = 0x4000481C, size = 4 bytes, value = 0x006010d0, pc=0x0800395E 
[   11.793725] [passthrough] Read: 	 address = 0x40004800, size = 4 bytes, value = 0x0000800d, pc=0x080038E0 
[   11.794232] [passthrough] Read: 	 address = 0x4000481C, size = 4 bytes, value = 0x006010d0, pc=0x080038FA 
[   11.794688] [passthrough] Read: 	 address = 0x4000481C, size = 4 bytes, value = 0x006010d0, pc=0x0800392A 
[   11.795165] [passthrough] Read: 	 address = 0x4000481C, size = 4 bytes, value = 0x006010d0, pc=0x0800395E 
[   11.795644] [passthrough] Read: 	 address = 0x40004800, size = 4 bytes, value = 0x0000800d, pc=0x080038E0 
[   11.796130] [passthrough] Read: 	 address = 0x4000481C, size = 4 bytes, value = 0x006010d0, pc=0x080038FA 
[   11.796585] [passthrough] Read: 	 address = 0x4000481C, size = 4 bytes, value = 0x006010d0, pc=0x0800392A 
[   11.797109] [passthrough] Read: 	 address = 0x4000481C, size = 4 bytes, value = 0x006010d0, pc=0x0800395E 
[   11.797596] [passthrough] Read: 	 address = 0x40004800, size = 4 bytes, value = 0x0000800d, pc=0x080038E0 
[   11.798157] [passthrough] Read: 	 address = 0x4000481C, size = 4 bytes, value = 0x006010d0, pc=0x080038FA 
[   11.798681] [passthrough] Read: 	 address = 0x4000481C, size = 4 bytes, value = 0x006010d0, pc=0x0800392A 
[   11.799259] [passthrough] Read: 	 address = 0x4000481C, size = 4 bytes, value = 0x006010d0, pc=0x0800395E 
[   11.800064] [passthrough] Read: 	 address = 0x40004800, size = 4 bytes, value = 0x0000800d, pc=0x080038E0 
[   11.800550] Interrupt Taken: 	 Vector = 0x0000000F
[   11.800648] Interrupt Served: 	 Vector = 0x0000000F
[   11.803432] Interrupt Taken: 	 Vector = 0x0000000F
[   11.803502] Interrupt Served: 	 Vector = 0x0000000F
[   11.806942] [passthrough] Read: 	 address = 0x4000481C, size = 4 bytes, value = 0x006010d0, pc=0x080038FA 
[   11.807520] [passthrough] Read: 	 address = 0x4000481C, size = 4 bytes, value = 0x006010d0, pc=0x0800392A 
[   11.808109] [passthrough] Read: 	 address = 0x4000481C, size = 4 bytes, value = 0x006010d0, pc=0x0800395E 
[   11.808604] [passthrough] Read: 	 address = 0x40004800, size = 4 bytes, value = 0x0000800d, pc=0x080038E0 
[   11.809096] [passthrough] Read: 	 address = 0x4000481C, size = 4 bytes, value = 0x006010d0, pc=0x080038FA 
[   11.809580] [passthrough] Read: 	 address = 0x4000481C, size = 4 bytes, value = 0x006010d0, pc=0x0800392A 
[   11.810056] [passthrough] Read: 	 address = 0x4000481C, size = 4 bytes, value = 0x006010d0, pc=0x0800395E 
[   11.810519] [passthrough] Read: 	 address = 0x40004800, size = 4 bytes, value = 0x0000800d, pc=0x080038E0 
[   11.811071] [passthrough] Read: 	 address = 0x4000481C, size = 4 bytes, value = 0x006010d0, pc=0x080038FA 
[   11.811531] [passthrough] Read: 	 address = 0x4000481C, size = 4 bytes, value = 0x006010d0, pc=0x0800392A 
[   11.812082] [passthrough] Read: 	 address = 0x4000481C, size = 4 bytes, value = 0x006010d0, pc=0x0800395E 
[   11.812695] [passthrough] Read: 	 address = 0x40004800, size = 4 bytes, value = 0x0000800d, pc=0x080038E0 
[   11.813213] [passthrough] Read: 	 address = 0x4000481C, size = 4 bytes, value = 0x006010d0, pc=0x080038FA 
[   11.813967] [passthrough] Read: 	 address = 0x4000481C, size = 4 bytes, value = 0x006010d0, pc=0x0800392A 
[   11.814458] Interrupt Taken: 	 Vector = 0x0000000F
[   11.814563] Interrupt Served: 	 Vector = 0x0000000F
[   11.817616] Interrupt Taken: 	 Vector = 0x0000000F
[   11.817709] Interrupt Served: 	 Vector = 0x0000000F
[   11.820955] [passthrough] Read: 	 address = 0x4000481C, size = 4 bytes, value = 0x006010d0, pc=0x0800395E 
[   11.821801] [passthrough] Read: 	 address = 0x4000481C, size = 4 bytes, value = 0x006010d0, pc=0x0800395E 
[   11.822282] [passthrough] Read: 	 address = 0x40004800, size = 4 bytes, value = 0x0000800d, pc=0x080038E0 
[   11.822771] [passthrough] Read: 	 address = 0x4000481C, size = 4 bytes, value = 0x006010d0, pc=0x080038FA 
[   11.823331] [passthrough] Read: 	 address = 0x4000481C, size = 4 bytes, value = 0x006010d0, pc=0x0800392A 
[   11.823751] Interrupt Taken: 	 Vector = 0x0000000F
[   11.823822] Interrupt Served: 	 Vector = 0x0000000F
[   11.826809] Interrupt Taken: 	 Vector = 0x0000000F
[   11.826882] Interrupt Served: 	 Vector = 0x0000000F
[   11.830297] [passthrough] Read: 	 address = 0x4000481C, size = 4 bytes, value = 0x006010d0, pc=0x0800395E 
[   11.830792] Interrupt Taken: 	 Vector = 0x0000000F
[   11.830921] Interrupt Served: 	 Vector = 0x0000000F
[   11.835723] Interrupt Taken: 	 Vector = 0x0000000F
[   11.835856] Interrupt Served: 	 Vector = 0x0000000F
[   11.840882] Interrupt Taken: 	 Vector = 0x0000000F
[   11.841154] Interrupt Served: 	 Vector = 0x0000000F
[   11.845377] Interrupt Taken: 	 Vector = 0x0000000F
[   11.845511] Interrupt Served: 	 Vector = 0x0000000F
[   11.849387] [passthrough] Read: 	 address = 0x40004800, size = 4 bytes, value = 0x0000800d, pc=0x080038E0 
[   11.849943] [passthrough] Read: 	 address = 0x4000481C, size = 4 bytes, value = 0x006010d0, pc=0x080038FA 
[   11.851214] [passthrough] Read: 	 address = 0x4000481C, size = 4 bytes, value = 0x006010d0, pc=0x0800392A 
[   11.851795] [passthrough] Read: 	 address = 0x4000481C, size = 4 bytes, value = 0x006010d0, pc=0x0800395E 
[   11.852745] [passthrough] Read: 	 address = 0x40004800, size = 4 bytes, value = 0x0000800d, pc=0x080038E0 
[   11.853503] [passthrough] Read: 	 address = 0x4000481C, size = 4 bytes, value = 0x006010d0, pc=0x080038FA 
[   11.854194] Interrupt Taken: 	 Vector = 0x0000000F
[   11.854648] Interrupt Served: 	 Vector = 0x0000000F
[   11.857940] [passthrough] Read: 	 address = 0x4000481C, size = 4 bytes, value = 0x006010d0, pc=0x0800392A 
[   11.858405] Interrupt Taken: 	 Vector = 0x0000000F
[   11.858532] Interrupt Served: 	 Vector = 0x0000000F
[   11.863606] Interrupt Taken: 	 Vector = 0x0000000F
[   11.863745] Interrupt Served: 	 Vector = 0x0000000F
[   11.867231] [passthrough] Read: 	 address = 0x4000481C, size = 4 bytes, value = 0x006010d0, pc=0x0800395E 
[   11.867751] Interrupt Taken: 	 Vector = 0x0000000F
[   11.867884] Interrupt Served: 	 Vector = 0x0000000F
[   11.870748] Interrupt Taken: 	 Vector = 0x0000000F
[   11.870844] Interrupt Served: 	 Vector = 0x0000000F
[   11.874161] [passthrough] Read: 	 address = 0x4000481C, size = 4 bytes, value = 0x006010d0, pc=0x0800395E 
[   11.874634] Interrupt Taken: 	 Vector = 0x0000000F
[   11.874737] Interrupt Served: 	 Vector = 0x0000000F
[   11.877537] Interrupt Taken: 	 Vector = 0x0000000F
[   11.877660] Interrupt Served: 	 Vector = 0x0000000F
[   11.881009] [passthrough] Read: 	 address = 0x40004800, size = 4 bytes, value = 0x0000800d, pc=0x080038E0 
[   11.881680] [passthrough] Read: 	 address = 0x4000481C, size = 4 bytes, value = 0x006010d0, pc=0x080038FA 
[   11.882186] Interrupt Taken: 	 Vector = 0x0000000F
[   11.882319] Interrupt Served: 	 Vector = 0x0000000F
[   11.885245] Interrupt Taken: 	 Vector = 0x0000000F
[   11.885350] Interrupt Served: 	 Vector = 0x0000000F
[   11.888644] [passthrough] Read: 	 address = 0x4000481C, size = 4 bytes, value = 0x006010d0, pc=0x0800392A 
[   11.889261] [passthrough] Read: 	 address = 0x4000481C, size = 4 bytes, value = 0x006010d0, pc=0x0800395E 
[   11.889944] [passthrough] Read: 	 address = 0x40004800, size = 4 bytes, value = 0x0000800d, pc=0x080038E0 
[   11.890452] [passthrough] Read: 	 address = 0x4000481C, size = 4 bytes, value = 0x006010d0, pc=0x080038FA 
[   11.891054] [passthrough] Read: 	 address = 0x4000481C, size = 4 bytes, value = 0x006010d0, pc=0x0800392A 
[   11.891790] [passthrough] Read: 	 address = 0x4000481C, size = 4 bytes, value = 0x006010d0, pc=0x0800395E 
[   11.892482] Interrupt Taken: 	 Vector = 0x0000000F
[   11.892582] Interrupt Served: 	 Vector = 0x0000000F
[   11.896890] [passthrough] Read: 	 address = 0x40004800, size = 4 bytes, value = 0x0000800d, pc=0x080038E0 
[   11.897434] [passthrough] Read: 	 address = 0x4000481C, size = 4 bytes, value = 0x006010d0, pc=0x080038FA 
[   11.897953] [passthrough] Read: 	 address = 0x4000481C, size = 4 bytes, value = 0x006010d0, pc=0x0800392A 
[   11.898598] [passthrough] Read: 	 address = 0x4000481C, size = 4 bytes, value = 0x006010d0, pc=0x0800395E 
[   11.899286] [passthrough] Read: 	 address = 0x40004800, size = 4 bytes, value = 0x0000800d, pc=0x080038E0 
[   11.899987] [passthrough] Read: 	 address = 0x4000481C, size = 4 bytes, value = 0x006010d0, pc=0x080038FA 
[   11.900462] Interrupt Taken: 	 Vector = 0x0000000F
[   11.900549] Interrupt Served: 	 Vector = 0x0000000F
[   11.903778] [passthrough] Read: 	 address = 0x4000481C, size = 4 bytes, value = 0x006010d0, pc=0x0800392A 
[   11.904649] Interrupt Taken: 	 Vector = 0x0000000F
[   11.904733] Interrupt Served: 	 Vector = 0x0000000F
[   11.908114] Interrupt Taken: 	 Vector = 0x0000000F
[   11.908225] Interrupt Served: 	 Vector = 0x0000000F
[   11.912331] [passthrough] Read: 	 address = 0x4000481C, size = 4 bytes, value = 0x006010d0, pc=0x0800395E 
[   11.914057] [passthrough] Read: 	 address = 0x40004800, size = 4 bytes, value = 0x0000800d, pc=0x080038E0 
[   11.914764] [passthrough] Read: 	 address = 0x4000481C, size = 4 bytes, value = 0x006010d0, pc=0x080038FA 
[   11.915243] Interrupt Taken: 	 Vector = 0x0000000F
[   11.915391] Interrupt Served: 	 Vector = 0x0000000F
[   11.918498] [passthrough] Read: 	 address = 0x4000481C, size = 4 bytes, value = 0x006010d0, pc=0x0800392A 
[   11.919056] [passthrough] Read: 	 address = 0x4000481C, size = 4 bytes, value = 0x006010d0, pc=0x0800395E 
[   11.919663] [passthrough] Read: 	 address = 0x40004800, size = 4 bytes, value = 0x0000800d, pc=0x080038E0 
[   11.920246] [passthrough] Read: 	 address = 0x4000481C, size = 4 bytes, value = 0x006010d0, pc=0x080038FA 
[   11.921269] [passthrough] Read: 	 address = 0x4000481C, size = 4 bytes, value = 0x006010d0, pc=0x0800392A 
[   11.921761] Interrupt Taken: 	 Vector = 0x0000000F
[   11.921827] Interrupt Served: 	 Vector = 0x0000000F
[   11.925051] [passthrough] Read: 	 address = 0x4000481C, size = 4 bytes, value = 0x006010d0, pc=0x0800395E 
[   11.925624] Interrupt Taken: 	 Vector = 0x0000000F
[   11.925754] Interrupt Served: 	 Vector = 0x0000000F
[   11.928802] Interrupt Taken: 	 Vector = 0x0000000F
[   11.928956] Interrupt Served: 	 Vector = 0x0000000F
[   11.932910] [passthrough] Read: 	 address = 0x4000481C, size = 4 bytes, value = 0x006010d0, pc=0x0800395E 
[   11.933397] Interrupt Taken: 	 Vector = 0x0000000F
[   11.933460] Interrupt Served: 	 Vector = 0x0000000F
[   11.936632] [passthrough] Read: 	 address = 0x40004800, size = 4 bytes, value = 0x0000800d, pc=0x080038E0 
[   11.937517] [passthrough] Read: 	 address = 0x4000481C, size = 4 bytes, value = 0x006010d0, pc=0x080038FA 
[   11.939226] Interrupt Taken: 	 Vector = 0x0000000F
[   11.939518] Interrupt Served: 	 Vector = 0x0000000F
[   11.942459] Interrupt Taken: 	 Vector = 0x0000000F
[   11.942566] Interrupt Served: 	 Vector = 0x0000000F
[   11.946051] [passthrough] Read: 	 address = 0x4000481C, size = 4 bytes, value = 0x006010d0, pc=0x0800392A 
[   11.946771] Interrupt Taken: 	 Vector = 0x0000000F
[   11.946838] Interrupt Served: 	 Vector = 0x0000000F
[   11.950120] [passthrough] Read: 	 address = 0x4000481C, size = 4 bytes, value = 0x006010d0, pc=0x0800395E 
[   11.950694] Interrupt Taken: 	 Vector = 0x0000000F
[   11.950765] Interrupt Served: 	 Vector = 0x0000000F
[   11.954262] [passthrough] Read: 	 address = 0x40004800, size = 4 bytes, value = 0x0000800d, pc=0x080038E0 
[   11.955063] [passthrough] Read: 	 address = 0x4000481C, size = 4 bytes, value = 0x006010d0, pc=0x080038FA 
[   11.955514] Interrupt Taken: 	 Vector = 0x0000000F
[   11.955644] Interrupt Served: 	 Vector = 0x0000000F
[   11.958487] Interrupt Taken: 	 Vector = 0x0000000F
[   11.958615] Interrupt Served: 	 Vector = 0x0000000F
[   11.962236] [passthrough] Read: 	 address = 0x4000481C, size = 4 bytes, value = 0x006010d0, pc=0x0800392A 
[   11.962730] [passthrough] Read: 	 address = 0x4000481C, size = 4 bytes, value = 0x006010d0, pc=0x0800395E 
[   11.963377] [passthrough] Read: 	 address = 0x40004800, size = 4 bytes, value = 0x0000800d, pc=0x080038E0 
[   11.963890] Interrupt Taken: 	 Vector = 0x0000000F
[   11.964216] Interrupt Served: 	 Vector = 0x0000000F
[   11.967107] Interrupt Taken: 	 Vector = 0x0000000F
[   11.967190] Interrupt Served: 	 Vector = 0x0000000F
[   11.970582] [passthrough] Read: 	 address = 0x4000481C, size = 4 bytes, value = 0x006010d0, pc=0x080038FA 
[   11.971186] Interrupt Taken: 	 Vector = 0x0000000F
[   11.971339] Interrupt Served: 	 Vector = 0x0000000F
[   11.974306] Interrupt Taken: 	 Vector = 0x0000000F
[   11.974458] Interrupt Served: 	 Vector = 0x0000000F
[   11.977875] [passthrough] Read: 	 address = 0x4000481C, size = 4 bytes, value = 0x006010d0, pc=0x0800392A 
[   11.978431] Interrupt Taken: 	 Vector = 0x0000000F
[   11.978486] Interrupt Served: 	 Vector = 0x0000000F
[   11.981581] [passthrough] Read: 	 address = 0x4000481C, size = 4 bytes, value = 0x006010d0, pc=0x0800395E 
[   11.982217] Interrupt Taken: 	 Vector = 0x0000000F
[   11.982338] Interrupt Served: 	 Vector = 0x0000000F
[   11.985300] Interrupt Taken: 	 Vector = 0x0000000F
[   11.985407] Interrupt Served: 	 Vector = 0x0000000F
[   11.988848] [passthrough] Read: 	 address = 0x4000481C, size = 4 bytes, value = 0x006010d0, pc=0x0800395E 
[   11.989518] [passthrough] Read: 	 address = 0x40004800, size = 4 bytes, value = 0x0000800d, pc=0x080038E0 
[   11.990254] [passthrough] Read: 	 address = 0x4000481C, size = 4 bytes, value = 0x006010d0, pc=0x080038FA 
[   11.991168] Interrupt Taken: 	 Vector = 0x0000000F
[   11.991243] Interrupt Served: 	 Vector = 0x0000000F
[   11.994433] [passthrough] Read: 	 address = 0x4000481C, size = 4 bytes, value = 0x006010d0, pc=0x0800392A 
[   11.995001] [passthrough] Read: 	 address = 0x4000481C, size = 4 bytes, value = 0x006010d0, pc=0x0800395E 
[   11.995748] [passthrough] Read: 	 address = 0x40004800, size = 4 bytes, value = 0x0000800d, pc=0x080038E0 
[   11.996683] [passthrough] Read: 	 address = 0x4000481C, size = 4 bytes, value = 0x006010d0, pc=0x080038FA 
[   11.997197] [passthrough] Read: 	 address = 0x4000481C, size = 4 bytes, value = 0x006010d0, pc=0x0800392A 
[   11.997704] [passthrough] Read: 	 address = 0x4000481C, size = 4 bytes, value = 0x006010d0, pc=0x0800395E 
[   11.998260] [passthrough] Read: 	 address = 0x40004800, size = 4 bytes, value = 0x0000800d, pc=0x080038E0 
[   11.998747] [passthrough] Read: 	 address = 0x4000481C, size = 4 bytes, value = 0x006010d0, pc=0x080038FA 
[   11.999225] [passthrough] Read: 	 address = 0x4000481C, size = 4 bytes, value = 0x006010d0, pc=0x0800392A 
[   11.999755] [passthrough] Read: 	 address = 0x4000481C, size = 4 bytes, value = 0x006010d0, pc=0x0800395E 
[   12.000596] [passthrough] Read: 	 address = 0x40004800, size = 4 bytes, value = 0x0000800d, pc=0x080038E0 
[   12.001070] Interrupt Taken: 	 Vector = 0x0000000F
[   12.001122] Interrupt Served: 	 Vector = 0x0000000F
[   12.004496] [passthrough] Read: 	 address = 0x4000481C, size = 4 bytes, value = 0x006010d0, pc=0x080038FA 
[   12.005112] [passthrough] Read: 	 address = 0x4000481C, size = 4 bytes, value = 0x006010d0, pc=0x0800392A 
[   12.006265] [passthrough] Read: 	 address = 0x4000481C, size = 4 bytes, value = 0x006010d0, pc=0x0800395E 
[   12.006720] Interrupt Taken: 	 Vector = 0x0000000F
[   12.006980] Interrupt Served: 	 Vector = 0x0000000F
[   12.009975] Interrupt Taken: 	 Vector = 0x0000000F
[   12.010205] Interrupt Served: 	 Vector = 0x0000000F
[   12.013446] Interrupt Taken: 	 Vector = 0x0000000F
[   12.013559] Interrupt Served: 	 Vector = 0x0000000F
[   12.016814] [passthrough] Read: 	 address = 0x40004800, size = 4 bytes, value = 0x0000800d, pc=0x080038E0 
[   12.017430] [passthrough] Read: 	 address = 0x4000481C, size = 4 bytes, value = 0x006010d0, pc=0x080038FA 
[   12.018227] Interrupt Taken: 	 Vector = 0x0000000F
[   12.018311] Interrupt Served: 	 Vector = 0x0000000F
[   12.021381] [passthrough] Read: 	 address = 0x4000481C, size = 4 bytes, value = 0x006010d0, pc=0x0800392A 
[   12.021975] [passthrough] Read: 	 address = 0x4000481C, size = 4 bytes, value = 0x006010d0, pc=0x0800395E 
[   12.022698] [passthrough] Read: 	 address = 0x40004800, size = 4 bytes, value = 0x0000800d, pc=0x080038E0 
[   12.023229] Interrupt Taken: 	 Vector = 0x0000000F
[   12.023286] Interrupt Served: 	 Vector = 0x0000000F
[   12.026784] Interrupt Taken: 	 Vector = 0x0000000F
[   12.026902] Interrupt Served: 	 Vector = 0x0000000F
[   12.030054] Interrupt Taken: 	 Vector = 0x0000000F
[   12.030142] Interrupt Served: 	 Vector = 0x0000000F
[   12.033789] [passthrough] Read: 	 address = 0x4000481C, size = 4 bytes, value = 0x006010d0, pc=0x080038FA 
[   12.034297] Interrupt Taken: 	 Vector = 0x0000000F
[   12.034509] Interrupt Served: 	 Vector = 0x0000000F
[   12.037572] Interrupt Taken: 	 Vector = 0x0000000F
[   12.037662] Interrupt Served: 	 Vector = 0x0000000F
[   12.040767] [passthrough] Read: 	 address = 0x4000481C, size = 4 bytes, value = 0x006010d0, pc=0x0800392A 
[   12.041480] [passthrough] Read: 	 address = 0x4000481C, size = 4 bytes, value = 0x006010d0, pc=0x0800395E 
[   12.042565] [passthrough] Read: 	 address = 0x4000481C, size = 4 bytes, value = 0x006010d0, pc=0x0800395E 
[   12.043159] [passthrough] Read: 	 address = 0x40004800, size = 4 bytes, value = 0x0000800d, pc=0x080038E0 
[   12.044140] Interrupt Taken: 	 Vector = 0x0000000F
[   12.044226] Interrupt Served: 	 Vector = 0x0000000F
[   12.047497] [passthrough] Read: 	 address = 0x4000481C, size = 4 bytes, value = 0x006010d0, pc=0x080038FA 
[   12.048125] [passthrough] Read: 	 address = 0x4000481C, size = 4 bytes, value = 0x006010d0, pc=0x0800392A 
[   12.048677] [passthrough] Read: 	 address = 0x4000481C, size = 4 bytes, value = 0x006010d0, pc=0x0800395E 
[   12.049389] [passthrough] Read: 	 address = 0x40004800, size = 4 bytes, value = 0x0000800d, pc=0x080038E0 
[   12.049849] [passthrough] Read: 	 address = 0x4000481C, size = 4 bytes, value = 0x006010d0, pc=0x080038FA 
[   12.050300] [passthrough] Read: 	 address = 0x4000481C, size = 4 bytes, value = 0x006010d0, pc=0x0800392A 
[   12.050790] [passthrough] Read: 	 address = 0x4000481C, size = 4 bytes, value = 0x006010d0, pc=0x0800395E 
[   12.051200] Interrupt Taken: 	 Vector = 0x0000000F
[   12.051235] Interrupt Served: 	 Vector = 0x0000000F
[   12.054164] [passthrough] Read: 	 address = 0x40004800, size = 4 bytes, value = 0x0000800d, pc=0x080038E0 
[   12.054597] Interrupt Taken: 	 Vector = 0x0000000F
[   12.054694] Interrupt Served: 	 Vector = 0x0000000F
[   12.057397] Interrupt Taken: 	 Vector = 0x0000000F
[   12.057496] Interrupt Served: 	 Vector = 0x0000000F
[   12.060497] [passthrough] Read: 	 address = 0x4000481C, size = 4 bytes, value = 0x006010d0, pc=0x080038FA 
[   12.060925] [passthrough] Read: 	 address = 0x4000481C, size = 4 bytes, value = 0x006010d0, pc=0x0800392A 
[   12.061377] [passthrough] Read: 	 address = 0x4000481C, size = 4 bytes, value = 0x006010d0, pc=0x0800395E 
[   12.061774] Interrupt Taken: 	 Vector = 0x0000000F
[   12.061877] Interrupt Served: 	 Vector = 0x0000000F
[   12.064479] Interrupt Taken: 	 Vector = 0x0000000F
[   12.064564] Interrupt Served: 	 Vector = 0x0000000F
[   12.067496] [passthrough] Read: 	 address = 0x40004800, size = 4 bytes, value = 0x0000800d, pc=0x080038E0 
[   12.067901] [passthrough] Read: 	 address = 0x4000481C, size = 4 bytes, value = 0x006010d0, pc=0x080038FA 
[   12.068338] [passthrough] Read: 	 address = 0x4000481C, size = 4 bytes, value = 0x006010d0, pc=0x0800392A 
[   12.068735] Interrupt Taken: 	 Vector = 0x0000000F
[   12.068873] Interrupt Served: 	 Vector = 0x0000000F
[   12.071453] Interrupt Taken: 	 Vector = 0x0000000F
[   12.071497] Interrupt Served: 	 Vector = 0x0000000F
[   12.074239] [passthrough] Read: 	 address = 0x4000481C, size = 4 bytes, value = 0x006010d0, pc=0x0800395E 
[   12.074752] Interrupt Taken: 	 Vector = 0x0000000F
[   12.074827] Interrupt Served: 	 Vector = 0x0000000F
[   12.077361] Interrupt Taken: 	 Vector = 0x0000000F
[   12.077445] Interrupt Served: 	 Vector = 0x0000000F
[   12.079942] Interrupt Taken: 	 Vector = 0x0000000F
[   12.079996] Interrupt Served: 	 Vector = 0x0000000F
[   12.082712] [passthrough] Read: 	 address = 0x4000481C, size = 4 bytes, value = 0x006010d0, pc=0x0800395E 
[   12.083061] Interrupt Taken: 	 Vector = 0x0000000F
[   12.083077] Interrupt Served: 	 Vector = 0x0000000F
[   12.085689] [passthrough] Read: 	 address = 0x40004800, size = 4 bytes, value = 0x0000800d, pc=0x080038E0 
[   12.086035] Interrupt Taken: 	 Vector = 0x0000000F
[   12.086083] Interrupt Served: 	 Vector = 0x0000000F
[   12.088605] Interrupt Taken: 	 Vector = 0x0000000F
[   12.088640] Interrupt Served: 	 Vector = 0x0000000F
[   12.091352] [passthrough] Read: 	 address = 0x4000481C, size = 4 bytes, value = 0x006010d0, pc=0x080038FA 
[   12.091719] Interrupt Taken: 	 Vector = 0x0000000F
[   12.091745] Interrupt Served: 	 Vector = 0x0000000F
[   12.094317] [passthrough] Read: 	 address = 0x4000481C, size = 4 bytes, value = 0x006010d0, pc=0x0800392A 
[   12.094654] Interrupt Taken: 	 Vector = 0x0000000F
[   12.094694] Interrupt Served: 	 Vector = 0x0000000F
[   12.097117] Interrupt Taken: 	 Vector = 0x0000000F
[   12.097150] Interrupt Served: 	 Vector = 0x0000000F
[   12.099691] [passthrough] Read: 	 address = 0x4000481C, size = 4 bytes, value = 0x006010d0, pc=0x0800395E 
[   12.100052] Interrupt Taken: 	 Vector = 0x0000000F
[   12.100088] Interrupt Served: 	 Vector = 0x0000000F
[   12.102560] Interrupt Taken: 	 Vector = 0x0000000F
[   12.102588] Interrupt Served: 	 Vector = 0x0000000F
[   12.105169] [passthrough] Read: 	 address = 0x40004800, size = 4 bytes, value = 0x0000800d, pc=0x080038E0 
[   12.105500] Interrupt Taken: 	 Vector = 0x0000000F
[   12.105534] Interrupt Served: 	 Vector = 0x0000000F
[   12.107950] Interrupt Taken: 	 Vector = 0x0000000F
[   12.107975] Interrupt Served: 	 Vector = 0x0000000F
[   12.110469] [passthrough] Read: 	 address = 0x4000481C, size = 4 bytes, value = 0x006010d0, pc=0x080038FA 
[   12.110852] [passthrough] Read: 	 address = 0x4000481C, size = 4 bytes, value = 0x006010d0, pc=0x0800392A 
[   12.111201] [passthrough] Read: 	 address = 0x4000481C, size = 4 bytes, value = 0x006010d0, pc=0x0800395E 
[   12.111583] [passthrough] Read: 	 address = 0x40004800, size = 4 bytes, value = 0x0000800d, pc=0x080038E0 
[   12.111915] Interrupt Taken: 	 Vector = 0x0000000F
[   12.111961] Interrupt Served: 	 Vector = 0x0000000F
[   12.114418] Interrupt Taken: 	 Vector = 0x0000000F
[   12.114450] Interrupt Served: 	 Vector = 0x0000000F
[   12.117362] [passthrough] Read: 	 address = 0x4000481C, size = 4 bytes, value = 0x006010d0, pc=0x080038FA 
[   12.117708] Interrupt Taken: 	 Vector = 0x0000000F
[   12.117740] Interrupt Served: 	 Vector = 0x0000000F
[   12.120185] Interrupt Taken: 	 Vector = 0x0000000F
[   12.120224] Interrupt Served: 	 Vector = 0x0000000F
[   12.122759] [passthrough] Read: 	 address = 0x4000481C, size = 4 bytes, value = 0x006010d0, pc=0x0800392A 
[   12.123100] Interrupt Taken: 	 Vector = 0x0000000F
[   12.123127] Interrupt Served: 	 Vector = 0x0000000F
[   12.125518] Interrupt Taken: 	 Vector = 0x0000000F
[   12.125558] Interrupt Served: 	 Vector = 0x0000000F
[   12.128146] [passthrough] Read: 	 address = 0x4000481C, size = 4 bytes, value = 0x006010d0, pc=0x0800395E 
[   12.128471] Interrupt Taken: 	 Vector = 0x0000000F
[   12.128487] Interrupt Served: 	 Vector = 0x0000000F
[   12.130969] [passthrough] Read: 	 address = 0x4000481C, size = 4 bytes, value = 0x006010d0, pc=0x0800395E 
[   12.131342] [passthrough] Read: 	 address = 0x40004800, size = 4 bytes, value = 0x0000800d, pc=0x080038E0 
[   12.131727] [passthrough] Read: 	 address = 0x4000481C, size = 4 bytes, value = 0x006010d0, pc=0x080038FA 
[   12.132058] [passthrough] Read: 	 address = 0x4000481C, size = 4 bytes, value = 0x006010d0, pc=0x0800392A 
[   12.132447] [passthrough] Read: 	 address = 0x4000481C, size = 4 bytes, value = 0x006010d0, pc=0x0800395E 
[   12.132843] [passthrough] Read: 	 address = 0x40004800, size = 4 bytes, value = 0x0000800d, pc=0x080038E0 
[   12.133188] [passthrough] Read: 	 address = 0x4000481C, size = 4 bytes, value = 0x006010d0, pc=0x080038FA 
[   12.133518] Interrupt Taken: 	 Vector = 0x0000000F
[   12.133546] Interrupt Served: 	 Vector = 0x0000000F
[   12.136009] Interrupt Taken: 	 Vector = 0x0000000F
[   12.136053] Interrupt Served: 	 Vector = 0x0000000F
[   12.138666] [passthrough] Read: 	 address = 0x4000481C, size = 4 bytes, value = 0x006010d0, pc=0x0800392A 
[   12.139111] [passthrough] Read: 	 address = 0x4000481C, size = 4 bytes, value = 0x006010d0, pc=0x0800395E 
[   12.139476] Interrupt Taken: 	 Vector = 0x0000000F
[   12.139549] Interrupt Served: 	 Vector = 0x0000000F
[   12.142065] Interrupt Taken: 	 Vector = 0x0000000F
[   12.142177] Interrupt Served: 	 Vector = 0x0000000F
[   12.144606] Interrupt Taken: 	 Vector = 0x0000000F
[   12.144683] Interrupt Served: 	 Vector = 0x0000000F
[   12.147103] Interrupt Taken: 	 Vector = 0x0000000F
[   12.147152] Interrupt Served: 	 Vector = 0x0000000F
[   12.149705] [passthrough] Read: 	 address = 0x40004800, size = 4 bytes, value = 0x0000800d, pc=0x080038E0 
[   12.150073] Interrupt Taken: 	 Vector = 0x0000000F
[   12.150140] Interrupt Served: 	 Vector = 0x0000000F
[   12.152712] Interrupt Taken: 	 Vector = 0x0000000F
[   12.152760] Interrupt Served: 	 Vector = 0x0000000F
[   12.155391] [passthrough] Read: 	 address = 0x4000481C, size = 4 bytes, value = 0x006010d0, pc=0x080038FA 
[   12.155905] Interrupt Taken: 	 Vector = 0x0000000F
[   12.155935] Interrupt Served: 	 Vector = 0x0000000F
[   12.158431] Interrupt Taken: 	 Vector = 0x0000000F
[   12.158469] Interrupt Served: 	 Vector = 0x0000000F
[   12.161070] [passthrough] Read: 	 address = 0x4000481C, size = 4 bytes, value = 0x006010d0, pc=0x0800392A 
[   12.161408] Interrupt Taken: 	 Vector = 0x0000000F
[   12.161439] Interrupt Served: 	 Vector = 0x0000000F
[   12.163895] Interrupt Taken: 	 Vector = 0x0000000F
[   12.163948] Interrupt Served: 	 Vector = 0x0000000F
[   12.167212] [passthrough] Read: 	 address = 0x4000481C, size = 4 bytes, value = 0x006010d0, pc=0x0800395E 
[   12.167683] Interrupt Taken: 	 Vector = 0x0000000F
[   12.167711] Interrupt Served: 	 Vector = 0x0000000F
[   12.170342] [passthrough] Read: 	 address = 0x4000481C, size = 4 bytes, value = 0x006010d0, pc=0x0800395E 
[   12.170705] Interrupt Taken: 	 Vector = 0x0000000F
[   12.170740] Interrupt Served: 	 Vector = 0x0000000F
[   12.173199] Interrupt Taken: 	 Vector = 0x0000000F
[   12.173244] Interrupt Served: 	 Vector = 0x0000000F
[   12.175905] [passthrough] Read: 	 address = 0x40004800, size = 4 bytes, value = 0x0000800d, pc=0x080038E0 
[   12.176269] Interrupt Taken: 	 Vector = 0x0000000F
[   12.176291] Interrupt Served: 	 Vector = 0x0000000F
[   12.179041] [passthrough] Read: 	 address = 0x4000481C, size = 4 bytes, value = 0x006010d0, pc=0x080038FA 
[   12.179439] Interrupt Taken: 	 Vector = 0x0000000F
[   12.179495] Interrupt Served: 	 Vector = 0x0000000F
[   12.181978] Interrupt Taken: 	 Vector = 0x0000000F
[   12.182051] Interrupt Served: 	 Vector = 0x0000000F
[   12.184624] [passthrough] Read: 	 address = 0x4000481C, size = 4 bytes, value = 0x006010d0, pc=0x0800392A 
[   12.184958] Interrupt Taken: 	 Vector = 0x0000000F
[   12.184987] Interrupt Served: 	 Vector = 0x0000000F
[   12.187510] Interrupt Taken: 	 Vector = 0x0000000F
[   12.187576] Interrupt Served: 	 Vector = 0x0000000F
[   12.190424] [passthrough] Read: 	 address = 0x4000481C, size = 4 bytes, value = 0x006010d0, pc=0x0800395E 
[   12.190794] Interrupt Taken: 	 Vector = 0x0000000F
[   12.190817] Interrupt Served: 	 Vector = 0x0000000F
[   12.193361] Interrupt Taken: 	 Vector = 0x0000000F
[   12.193454] Interrupt Served: 	 Vector = 0x0000000F
[   12.196114] Interrupt Taken: 	 Vector = 0x0000000F
[   12.196184] Interrupt Served: 	 Vector = 0x0000000F
[   12.198940] [passthrough] Read: 	 address = 0x40004800, size = 4 bytes, value = 0x0000800d, pc=0x080038E0 
[   12.199308] Interrupt Taken: 	 Vector = 0x0000000F
[   12.199384] Interrupt Served: 	 Vector = 0x0000000F
[   12.201840] Interrupt Taken: 	 Vector = 0x0000000F
[   12.201855] Interrupt Served: 	 Vector = 0x0000000F
[   12.204427] [passthrough] Read: 	 address = 0x4000481C, size = 4 bytes, value = 0x006010d0, pc=0x080038FA 
[   12.204834] Interrupt Taken: 	 Vector = 0x0000000F
[   12.204885] Interrupt Served: 	 Vector = 0x0000000F
[   12.207345] Interrupt Taken: 	 Vector = 0x0000000F
[   12.207424] Interrupt Served: 	 Vector = 0x0000000F
[   12.209853] Interrupt Taken: 	 Vector = 0x0000000F
[   12.209927] Interrupt Served: 	 Vector = 0x0000000F
[   12.212387] Interrupt Taken: 	 Vector = 0x0000000F
[   12.212490] Interrupt Served: 	 Vector = 0x0000000F
[   12.214977] Interrupt Taken: 	 Vector = 0x0000000F
[   12.215103] Interrupt Served: 	 Vector = 0x0000000F
[   12.217635] Interrupt Taken: 	 Vector = 0x0000000F
[   12.217790] Interrupt Served: 	 Vector = 0x0000000F
[   12.220278] Interrupt Taken: 	 Vector = 0x0000000F
[   12.220316] Interrupt Served: 	 Vector = 0x0000000F
[   12.222892] [passthrough] Read: 	 address = 0x4000481C, size = 4 bytes, value = 0x006010d0, pc=0x0800392A 
[   12.223216] Interrupt Taken: 	 Vector = 0x0000000F
[   12.223249] Interrupt Served: 	 Vector = 0x0000000F
[   12.225747] Interrupt Taken: 	 Vector = 0x0000000F
[   12.225771] Interrupt Served: 	 Vector = 0x0000000F
[   12.228413] [passthrough] Read: 	 address = 0x4000481C, size = 4 bytes, value = 0x006010d0, pc=0x0800395E 
[   12.228744] Interrupt Taken: 	 Vector = 0x0000000F
[   12.228769] Interrupt Served: 	 Vector = 0x0000000F
[   12.231366] Interrupt Taken: 	 Vector = 0x0000000F
[   12.231462] Interrupt Served: 	 Vector = 0x0000000F
[   12.234089] Interrupt Taken: 	 Vector = 0x0000000F
[   12.234193] Interrupt Served: 	 Vector = 0x0000000F
[   12.236795] [passthrough] Read: 	 address = 0x4000481C, size = 4 bytes, value = 0x006010d0, pc=0x0800395E 
[   12.237327] Interrupt Taken: 	 Vector = 0x0000000F
[   12.237342] Interrupt Served: 	 Vector = 0x0000000F
[   12.239930] [passthrough] Read: 	 address = 0x40004800, size = 4 bytes, value = 0x0000800d, pc=0x080038E0 
[   12.240258] Interrupt Taken: 	 Vector = 0x0000000F
[   12.240285] Interrupt Served: 	 Vector = 0x0000000F
[   12.242748] Interrupt Taken: 	 Vector = 0x0000000F
[   12.242821] Interrupt Served: 	 Vector = 0x0000000F
[   12.245302] Interrupt Taken: 	 Vector = 0x0000000F
[   12.245329] Interrupt Served: 	 Vector = 0x0000000F
[   12.247912] [passthrough] Read: 	 address = 0x4000481C, size = 4 bytes, value = 0x006010d0, pc=0x080038FA 
[   12.248251] Interrupt Taken: 	 Vector = 0x0000000F
[   12.248282] Interrupt Served: 	 Vector = 0x0000000F
[   12.250758] Interrupt Taken: 	 Vector = 0x0000000F
[   12.250933] Interrupt Served: 	 Vector = 0x0000000F
[   12.253408] Interrupt Taken: 	 Vector = 0x0000000F
[   12.253438] Interrupt Served: 	 Vector = 0x0000000F
[   12.256067] [passthrough] Read: 	 address = 0x4000481C, size = 4 bytes, value = 0x006010d0, pc=0x0800392A 
[   12.256409] [passthrough] Read: 	 address = 0x4000481C, size = 4 bytes, value = 0x006010d0, pc=0x0800395E 
[   12.256755] [passthrough] Read: 	 address = 0x40004800, size = 4 bytes, value = 0x0000800d, pc=0x080038E0 
[   12.257114] Interrupt Taken: 	 Vector = 0x0000000F
[   12.257130] Interrupt Served: 	 Vector = 0x0000000F
[   12.259679] Interrupt Taken: 	 Vector = 0x0000000F
[   12.259702] Interrupt Served: 	 Vector = 0x0000000F
[   12.262370] [passthrough] Read: 	 address = 0x4000481C, size = 4 bytes, value = 0x006010d0, pc=0x080038FA 
[   12.262699] Interrupt Taken: 	 Vector = 0x0000000F
[   12.262750] Interrupt Served: 	 Vector = 0x0000000F
[   12.265188] Interrupt Taken: 	 Vector = 0x0000000F
[   12.265270] Interrupt Served: 	 Vector = 0x0000000F
[   12.267689] Interrupt Taken: 	 Vector = 0x0000000F
[   12.267777] Interrupt Served: 	 Vector = 0x0000000F
[   12.270221] Interrupt Taken: 	 Vector = 0x0000000F
[   12.270298] Interrupt Served: 	 Vector = 0x0000000F
[   12.272772] Interrupt Taken: 	 Vector = 0x0000000F
[   12.272802] Interrupt Served: 	 Vector = 0x0000000F
[   12.275441] [passthrough] Read: 	 address = 0x4000481C, size = 4 bytes, value = 0x006010d0, pc=0x0800392A 
[   12.275760] Interrupt Taken: 	 Vector = 0x0000000F
[   12.275788] Interrupt Served: 	 Vector = 0x0000000F
[   12.278355] Interrupt Taken: 	 Vector = 0x0000000F
[   12.278384] Interrupt Served: 	 Vector = 0x0000000F
[   12.281459] [passthrough] Read: 	 address = 0x4000481C, size = 4 bytes, value = 0x006010d0, pc=0x0800395E 
[   12.281792] Interrupt Taken: 	 Vector = 0x0000000F
[   12.281822] Interrupt Served: 	 Vector = 0x0000000F
[   12.284400] Interrupt Taken: 	 Vector = 0x0000000F
[   12.284478] Interrupt Served: 	 Vector = 0x0000000F
[   12.287064] Interrupt Taken: 	 Vector = 0x0000000F
[   12.287106] Interrupt Served: 	 Vector = 0x0000000F
[   12.289725] [passthrough] Read: 	 address = 0x4000481C, size = 4 bytes, value = 0x006010d0, pc=0x0800395E 
[   12.290078] Interrupt Taken: 	 Vector = 0x0000000F
[   12.290107] Interrupt Served: 	 Vector = 0x0000000F
[   12.292683] Interrupt Taken: 	 Vector = 0x0000000F
[   12.292707] Interrupt Served: 	 Vector = 0x0000000F
[   12.295436] [passthrough] Read: 	 address = 0x40004800, size = 4 bytes, value = 0x0000800d, pc=0x080038E0 
[   12.295797] Interrupt Taken: 	 Vector = 0x0000000F
[   12.295832] Interrupt Served: 	 Vector = 0x0000000F
[   12.298271] Interrupt Taken: 	 Vector = 0x0000000F
[   12.298353] Interrupt Served: 	 Vector = 0x0000000F
[   12.300986] [passthrough] Read: 	 address = 0x4000481C, size = 4 bytes, value = 0x006010d0, pc=0x080038FA 
[   12.301328] Interrupt Taken: 	 Vector = 0x0000000F
[   12.301344] Interrupt Served: 	 Vector = 0x0000000F
[   12.303913] [passthrough] Read: 	 address = 0x4000481C, size = 4 bytes, value = 0x006010d0, pc=0x0800392A 
[   12.304285] [passthrough] Read: 	 address = 0x4000481C, size = 4 bytes, value = 0x006010d0, pc=0x0800395E 
[   12.304642] [passthrough] Read: 	 address = 0x40004800, size = 4 bytes, value = 0x0000800d, pc=0x080038E0 
[   12.304968] [passthrough] Read: 	 address = 0x4000481C, size = 4 bytes, value = 0x006010d0, pc=0x080038FA 
[   12.305324] [passthrough] Read: 	 address = 0x4000481C, size = 4 bytes, value = 0x006010d0, pc=0x0800392A 
[   12.305676] [passthrough] Read: 	 address = 0x4000481C, size = 4 bytes, value = 0x006010d0, pc=0x0800395E 
[   12.306079] [passthrough] Read: 	 address = 0x40004800, size = 4 bytes, value = 0x0000800d, pc=0x080038E0 
[   12.306397] Interrupt Taken: 	 Vector = 0x0000000F
[   12.306412] Interrupt Served: 	 Vector = 0x0000000F
[   12.308888] [passthrough] Read: 	 address = 0x4000481C, size = 4 bytes, value = 0x006010d0, pc=0x080038FA 
[   12.309197] [passthrough] Read: 	 address = 0x4000481C, size = 4 bytes, value = 0x006010d0, pc=0x0800392A 
[   12.309522] [passthrough] Read: 	 address = 0x4000481C, size = 4 bytes, value = 0x006010d0, pc=0x0800395E 
[   12.309900] [passthrough] Read: 	 address = 0x40004800, size = 4 bytes, value = 0x0000800d, pc=0x080038E0 
[   12.310244] Interrupt Taken: 	 Vector = 0x0000000F
[   12.310254] Interrupt Served: 	 Vector = 0x0000000F
[   12.312985] [passthrough] Read: 	 address = 0x4000481C, size = 4 bytes, value = 0x006010d0, pc=0x080038FA 
[   12.313355] Interrupt Taken: 	 Vector = 0x0000000F
[   12.313372] Interrupt Served: 	 Vector = 0x0000000F
[   12.315919] [passthrough] Read: 	 address = 0x4000481C, size = 4 bytes, value = 0x006010d0, pc=0x0800392A 
[   12.316247] Interrupt Taken: 	 Vector = 0x0000000F
[   12.316281] Interrupt Served: 	 Vector = 0x0000000F
[   12.318714] Interrupt Taken: 	 Vector = 0x0000000F
[   12.318807] Interrupt Served: 	 Vector = 0x0000000F
[   12.321432] Interrupt Taken: 	 Vector = 0x0000000F
[   12.321476] Interrupt Served: 	 Vector = 0x0000000F
[   12.324001] [passthrough] Read: 	 address = 0x4000481C, size = 4 bytes, value = 0x006010d0, pc=0x0800395E 
[   12.324338] Interrupt Taken: 	 Vector = 0x0000000F
[   12.324354] Interrupt Served: 	 Vector = 0x0000000F
[   12.326855] [passthrough] Read: 	 address = 0x4000481C, size = 4 bytes, value = 0x006010d0, pc=0x0800395E 
[   12.327189] Interrupt Taken: 	 Vector = 0x0000000F
[   12.327236] Interrupt Served: 	 Vector = 0x0000000F
[   12.329738] Interrupt Taken: 	 Vector = 0x0000000F
[   12.329904] Interrupt Served: 	 Vector = 0x0000000F
[   12.332395] Interrupt Taken: 	 Vector = 0x0000000F
[   12.332441] Interrupt Served: 	 Vector = 0x0000000F
[   12.334987] [passthrough] Read: 	 address = 0x40004800, size = 4 bytes, value = 0x0000800d, pc=0x080038E0 
[   12.335369] Interrupt Taken: 	 Vector = 0x0000000F
[   12.335408] Interrupt Served: 	 Vector = 0x0000000F
[   12.337974] Interrupt Taken: 	 Vector = 0x0000000F
[   12.337998] Interrupt Served: 	 Vector = 0x0000000F
[   12.340598] [passthrough] Read: 	 address = 0x4000481C, size = 4 bytes, value = 0x006010d0, pc=0x080038FA 
[   12.340916] Interrupt Taken: 	 Vector = 0x0000000F
[   12.340950] Interrupt Served: 	 Vector = 0x0000000F
[   12.343556] Interrupt Taken: 	 Vector = 0x0000000F
[   12.343575] Interrupt Served: 	 Vector = 0x0000000F
[   12.346238] [passthrough] Read: 	 address = 0x4000481C, size = 4 bytes, value = 0x006010d0, pc=0x0800392A 
[   12.346577] Interrupt Taken: 	 Vector = 0x0000000F
[   12.346590] Interrupt Served: 	 Vector = 0x0000000F
[   12.349229] [passthrough] Read: 	 address = 0x4000481C, size = 4 bytes, value = 0x006010d0, pc=0x0800395E 
[   12.349613] Interrupt Taken: 	 Vector = 0x0000000F
[   12.349659] Interrupt Served: 	 Vector = 0x0000000F
[   12.352120] Interrupt Taken: 	 Vector = 0x0000000F
[   12.352192] Interrupt Served: 	 Vector = 0x0000000F
[   12.354601] Interrupt Taken: 	 Vector = 0x0000000F
[   12.354631] Interrupt Served: 	 Vector = 0x0000000F
[   12.357242] [passthrough] Read: 	 address = 0x4000481C, size = 4 bytes, value = 0x006010d0, pc=0x0800395E 
[   12.357585] [passthrough] Read: 	 address = 0x40004800, size = 4 bytes, value = 0x0000800d, pc=0x080038E0 
[   12.357914] [passthrough] Read: 	 address = 0x4000481C, size = 4 bytes, value = 0x006010d0, pc=0x080038FA 
[   12.358281] [passthrough] Read: 	 address = 0x4000481C, size = 4 bytes, value = 0x006010d0, pc=0x0800392A 
[   12.358644] [passthrough] Read: 	 address = 0x4000481C, size = 4 bytes, value = 0x006010d0, pc=0x0800395E 
[   12.359006] [passthrough] Read: 	 address = 0x40004800, size = 4 bytes, value = 0x0000800d, pc=0x080038E0 
[   12.359392] [passthrough] Read: 	 address = 0x4000481C, size = 4 bytes, value = 0x006010d0, pc=0x080038FA 
[   12.360075] [passthrough] Read: 	 address = 0x4000481C, size = 4 bytes, value = 0x006010d0, pc=0x0800392A 
[   12.360405] [passthrough] Read: 	 address = 0x4000481C, size = 4 bytes, value = 0x006010d0, pc=0x0800395E 
[   12.360792] [passthrough] Read: 	 address = 0x40004800, size = 4 bytes, value = 0x0000800d, pc=0x080038E0 
[   12.361173] Interrupt Taken: 	 Vector = 0x0000000F
[   12.361185] Interrupt Served: 	 Vector = 0x0000000F
[   12.363775] [passthrough] Read: 	 address = 0x4000481C, size = 4 bytes, value = 0x006010d0, pc=0x080038FA 
[   12.364119] Interrupt Taken: 	 Vector = 0x0000000F
[   12.364169] Interrupt Served: 	 Vector = 0x0000000F
[   12.366690] Interrupt Taken: 	 Vector = 0x0000000F
[   12.366773] Interrupt Served: 	 Vector = 0x0000000F
[   12.369263] Interrupt Taken: 	 Vector = 0x0000000F
[   12.369300] Interrupt Served: 	 Vector = 0x0000000F
[   12.371771] [passthrough] Read: 	 address = 0x4000481C, size = 4 bytes, value = 0x006010d0, pc=0x0800392A 
[   12.372250] Interrupt Taken: 	 Vector = 0x0000000F
[   12.372279] Interrupt Served: 	 Vector = 0x0000000F
[   12.374694] Interrupt Taken: 	 Vector = 0x0000000F
[   12.374718] Interrupt Served: 	 Vector = 0x0000000F
[   12.377322] [passthrough] Read: 	 address = 0x4000481C, size = 4 bytes, value = 0x006010d0, pc=0x0800395E 
[   12.377697] [passthrough] Read: 	 address = 0x40004800, size = 4 bytes, value = 0x0000800d, pc=0x080038E0 
[   12.378024] [passthrough] Read: 	 address = 0x4000481C, size = 4 bytes, value = 0x006010d0, pc=0x080038FA 
[   12.378379] [passthrough] Read: 	 address = 0x4000481C, size = 4 bytes, value = 0x006010d0, pc=0x0800392A 
[   12.378719] [passthrough] Read: 	 address = 0x4000481C, size = 4 bytes, value = 0x006010d0, pc=0x0800395E 
[   12.379072] [passthrough] Read: 	 address = 0x40004800, size = 4 bytes, value = 0x0000800d, pc=0x080038E0 
[   12.379414] [passthrough] Read: 	 address = 0x4000481C, size = 4 bytes, value = 0x006010d0, pc=0x080038FA 
[   12.379770] [passthrough] Read: 	 address = 0x4000481C, size = 4 bytes, value = 0x006010d0, pc=0x0800392A 
[   12.380133] [passthrough] Read: 	 address = 0x4000481C, size = 4 bytes, value = 0x006010d0, pc=0x0800395E 
[   12.380506] [passthrough] Read: 	 address = 0x40004800, size = 4 bytes, value = 0x0000800d, pc=0x080038E0 
[   12.380839] Interrupt Taken: 	 Vector = 0x0000000F
[   12.380872] Interrupt Served: 	 Vector = 0x0000000F
[   12.383377] Interrupt Taken: 	 Vector = 0x0000000F
[   12.383419] Interrupt Served: 	 Vector = 0x0000000F
[   12.386210] [passthrough] Read: 	 address = 0x4000481C, size = 4 bytes, value = 0x006010d0, pc=0x080038FA 
[   12.386566] Interrupt Taken: 	 Vector = 0x0000000F
[   12.386577] Interrupt Served: 	 Vector = 0x0000000F
[   12.389326] [passthrough] Read: 	 address = 0x4000481C, size = 4 bytes, value = 0x006010d0, pc=0x0800392A 
[   12.389694] [passthrough] Read: 	 address = 0x4000481C, size = 4 bytes, value = 0x006010d0, pc=0x0800395E 
[   12.390033] [passthrough] Read: 	 address = 0x40004800, size = 4 bytes, value = 0x0000800d, pc=0x080038E0 
[   12.390380] [passthrough] Read: 	 address = 0x4000481C, size = 4 bytes, value = 0x006010d0, pc=0x080038FA 
[   12.390748] [passthrough] Read: 	 address = 0x4000481C, size = 4 bytes, value = 0x006010d0, pc=0x0800392A 
[   12.391139] [passthrough] Read: 	 address = 0x4000481C, size = 4 bytes, value = 0x006010d0, pc=0x0800395E 
[   12.391546] [passthrough] Read: 	 address = 0x40004800, size = 4 bytes, value = 0x0000800d, pc=0x080038E0 
[   12.391892] Interrupt Taken: 	 Vector = 0x0000000F
[   12.391903] Interrupt Served: 	 Vector = 0x0000000F
[   12.394453] [passthrough] Read: 	 address = 0x4000481C, size = 4 bytes, value = 0x006010d0, pc=0x080038FA 
[   12.394775] [passthrough] Read: 	 address = 0x4000481C, size = 4 bytes, value = 0x006010d0, pc=0x0800392A 
[   12.395153] [passthrough] Read: 	 address = 0x4000481C, size = 4 bytes, value = 0x006010d0, pc=0x0800395E 
[   12.395582] [passthrough] Read: 	 address = 0x40004800, size = 4 bytes, value = 0x0000800d, pc=0x080038E0 
[   12.395945] Interrupt Taken: 	 Vector = 0x0000000F
[   12.395984] Interrupt Served: 	 Vector = 0x0000000F
[   12.398457] Interrupt Taken: 	 Vector = 0x0000000F
[   12.398585] Interrupt Served: 	 Vector = 0x0000000F
[   12.401169] Interrupt Taken: 	 Vector = 0x0000000F
[   12.401331] Interrupt Served: 	 Vector = 0x0000000F
[   12.404138] Interrupt Taken: 	 Vector = 0x0000000F
[   12.404155] Interrupt Served: 	 Vector = 0x0000000F
[   12.406722] [passthrough] Read: 	 address = 0x4000481C, size = 4 bytes, value = 0x006010d0, pc=0x080038FA 
[   12.407035] [passthrough] Read: 	 address = 0x4000481C, size = 4 bytes, value = 0x006010d0, pc=0x0800392A 
[   12.407401] [passthrough] Read: 	 address = 0x4000481C, size = 4 bytes, value = 0x006010d0, pc=0x0800395E 
[   12.407756] [passthrough] Read: 	 address = 0x4000481C, size = 4 bytes, value = 0x006010d0, pc=0x0800395E 
[   12.408129] [passthrough] Read: 	 address = 0x40004800, size = 4 bytes, value = 0x0000800d, pc=0x080038E0 
[   12.408440] [passthrough] Read: 	 address = 0x4000481C, size = 4 bytes, value = 0x006010d0, pc=0x080038FA 
[   12.408752] [passthrough] Read: 	 address = 0x4000481C, size = 4 bytes, value = 0x006010d0, pc=0x0800392A 
[   12.409122] [passthrough] Read: 	 address = 0x4000481C, size = 4 bytes, value = 0x006010d0, pc=0x0800395E 
[   12.409509] [passthrough] Read: 	 address = 0x40004800, size = 4 bytes, value = 0x0000800d, pc=0x080038E0 
[   12.409812] [passthrough] Read: 	 address = 0x4000481C, size = 4 bytes, value = 0x006010d0, pc=0x080038FA 
[   12.410186] [passthrough] Read: 	 address = 0x4000481C, size = 4 bytes, value = 0x006010d0, pc=0x0800392A 
[   12.410515] [passthrough] Read: 	 address = 0x4000481C, size = 4 bytes, value = 0x006010d0, pc=0x0800395E 
[   12.410879] [passthrough] Read: 	 address = 0x40004800, size = 4 bytes, value = 0x0000800d, pc=0x080038E0 
[   12.411230] [passthrough] Read: 	 address = 0x4000481C, size = 4 bytes, value = 0x006010d0, pc=0x080038FA 
[   12.411606] [passthrough] Read: 	 address = 0x4000481C, size = 4 bytes, value = 0x006010d0, pc=0x0800392A 
[   12.411951] [passthrough] Read: 	 address = 0x4000481C, size = 4 bytes, value = 0x006010d0, pc=0x0800395E 
[   12.412355] [passthrough] Read: 	 address = 0x40004800, size = 4 bytes, value = 0x0000800d, pc=0x080038E0 
[   12.412762] Interrupt Taken: 	 Vector = 0x0000000F
[   12.412796] Interrupt Served: 	 Vector = 0x0000000F
[   12.415307] Interrupt Taken: 	 Vector = 0x0000000F
[   12.415382] Interrupt Served: 	 Vector = 0x0000000F
[   12.417890] Interrupt Taken: 	 Vector = 0x0000000F
[   12.417930] Interrupt Served: 	 Vector = 0x0000000F
[   12.420748] [passthrough] Read: 	 address = 0x4000481C, size = 4 bytes, value = 0x006010d0, pc=0x080038FA 
[   12.421132] Interrupt Taken: 	 Vector = 0x0000000F
[   12.421159] Interrupt Served: 	 Vector = 0x0000000F
[   12.423802] [passthrough] Read: 	 address = 0x4000481C, size = 4 bytes, value = 0x006010d0, pc=0x0800392A 
[   12.424172] [passthrough] Read: 	 address = 0x4000481C, size = 4 bytes, value = 0x006010d0, pc=0x0800395E 
[   12.424536] [passthrough] Read: 	 address = 0x40004800, size = 4 bytes, value = 0x0000800d, pc=0x080038E0 
[   12.424867] [passthrough] Read: 	 address = 0x4000481C, size = 4 bytes, value = 0x006010d0, pc=0x080038FA 
[   12.425228] [passthrough] Read: 	 address = 0x4000481C, size = 4 bytes, value = 0x006010d0, pc=0x0800392A 
[   12.425598] [passthrough] Read: 	 address = 0x4000481C, size = 4 bytes, value = 0x006010d0, pc=0x0800395E 
[   12.425950] [passthrough] Read: 	 address = 0x40004800, size = 4 bytes, value = 0x0000800d, pc=0x080038E0 
[   12.426330] [passthrough] Read: 	 address = 0x4000481C, size = 4 bytes, value = 0x006010d0, pc=0x080038FA 
[   12.426683] Interrupt Taken: 	 Vector = 0x0000000F
[   12.426693] Interrupt Served: 	 Vector = 0x0000000F
[   12.429276] [passthrough] Read: 	 address = 0x4000481C, size = 4 bytes, value = 0x006010d0, pc=0x0800392A 
[   12.429621] [passthrough] Read: 	 address = 0x4000481C, size = 4 bytes, value = 0x006010d0, pc=0x0800395E 
[   12.430002] [passthrough] Read: 	 address = 0x40004800, size = 4 bytes, value = 0x0000800d, pc=0x080038E0 
[   12.430449] Interrupt Taken: 	 Vector = 0x0000000F
[   12.430471] Interrupt Served: 	 Vector = 0x0000000F
[   12.433139] [passthrough] Read: 	 address = 0x4000481C, size = 4 bytes, value = 0x006010d0, pc=0x080038FA 
[   12.433551] [passthrough] Read: 	 address = 0x4000481C, size = 4 bytes, value = 0x006010d0, pc=0x0800392A 
[   12.433984] [passthrough] Read: 	 address = 0x4000481C, size = 4 bytes, value = 0x006010d0, pc=0x0800395E 
[   12.434345] Interrupt Taken: 	 Vector = 0x0000000F
[   12.434385] Interrupt Served: 	 Vector = 0x0000000F
[   12.436801] Interrupt Taken: 	 Vector = 0x0000000F
[   12.436830] Interrupt Served: 	 Vector = 0x0000000F
[   12.439507] [passthrough] Read: 	 address = 0x40004800, size = 4 bytes, value = 0x0000800d, pc=0x080038E0 
[   12.439824] Interrupt Taken: 	 Vector = 0x0000000F
[   12.439851] Interrupt Served: 	 Vector = 0x0000000F
[   12.442476] Interrupt Taken: 	 Vector = 0x0000000F
[   12.442492] Interrupt Served: 	 Vector = 0x0000000F
[   12.445123] [passthrough] Read: 	 address = 0x4000481C, size = 4 bytes, value = 0x006010d0, pc=0x080038FA 
[   12.445793] [passthrough] Read: 	 address = 0x4000481C, size = 4 bytes, value = 0x006010d0, pc=0x0800392A 
[   12.446204] [passthrough] Read: 	 address = 0x4000481C, size = 4 bytes, value = 0x006010d0, pc=0x0800395E 
[   12.446542] Interrupt Taken: 	 Vector = 0x0000000F
[   12.446577] Interrupt Served: 	 Vector = 0x0000000F
[   12.449101] Interrupt Taken: 	 Vector = 0x0000000F
[   12.449202] Interrupt Served: 	 Vector = 0x0000000F
[   12.451716] Interrupt Taken: 	 Vector = 0x0000000F
[   12.451813] Interrupt Served: 	 Vector = 0x0000000F
[   12.454485] [passthrough] Read: 	 address = 0x4000481C, size = 4 bytes, value = 0x006010d0, pc=0x0800395E 
[   12.454860] Interrupt Taken: 	 Vector = 0x0000000F
[   12.454869] Interrupt Served: 	 Vector = 0x0000000F
[   12.457364] [passthrough] Read: 	 address = 0x40004800, size = 4 bytes, value = 0x0000800d, pc=0x080038E0 
[   12.457741] [passthrough] Read: 	 address = 0x4000481C, size = 4 bytes, value = 0x006010d0, pc=0x080038FA 
[   12.458112] [passthrough] Read: 	 address = 0x4000481C, size = 4 bytes, value = 0x006010d0, pc=0x0800392A 
[   12.458490] [passthrough] Read: 	 address = 0x4000481C, size = 4 bytes, value = 0x006010d0, pc=0x0800395E 
[   12.458867] [passthrough] Read: 	 address = 0x40004800, size = 4 bytes, value = 0x0000800d, pc=0x080038E0 
[   12.459239] [passthrough] Read: 	 address = 0x4000481C, size = 4 bytes, value = 0x006010d0, pc=0x080038FA 
[   12.459600] [passthrough] Read: 	 address = 0x4000481C, size = 4 bytes, value = 0x006010d0, pc=0x0800392A 
[   12.459977] [passthrough] Read: 	 address = 0x4000481C, size = 4 bytes, value = 0x006010d0, pc=0x0800395E 
[   12.460351] [passthrough] Read: 	 address = 0x40004800, size = 4 bytes, value = 0x0000800d, pc=0x080038E0 
[   12.460698] [passthrough] Read: 	 address = 0x4000481C, size = 4 bytes, value = 0x006010d0, pc=0x080038FA 
[   12.461048] [passthrough] Read: 	 address = 0x4000481C, size = 4 bytes, value = 0x006010d0, pc=0x0800392A 
[   12.461426] Interrupt Taken: 	 Vector = 0x0000000F
[   12.461441] Interrupt Served: 	 Vector = 0x0000000F
[   12.464119] [passthrough] Read: 	 address = 0x4000481C, size = 4 bytes, value = 0x006010d0, pc=0x0800395E 
[   12.464586] Interrupt Taken: 	 Vector = 0x0000000F
[   12.464632] Interrupt Served: 	 Vector = 0x0000000F
[   12.467105] Interrupt Taken: 	 Vector = 0x0000000F
[   12.467174] Interrupt Served: 	 Vector = 0x0000000F
[   12.469643] Interrupt Taken: 	 Vector = 0x0000000F
[   12.469691] Interrupt Served: 	 Vector = 0x0000000F
[   12.472282] [passthrough] Read: 	 address = 0x40004800, size = 4 bytes, value = 0x0000800d, pc=0x080038E0 
[   12.472621] Interrupt Taken: 	 Vector = 0x0000000F
[   12.472647] Interrupt Served: 	 Vector = 0x0000000F
[   12.475067] Interrupt Taken: 	 Vector = 0x0000000F
[   12.475110] Interrupt Served: 	 Vector = 0x0000000F
[   12.477670] [passthrough] Read: 	 address = 0x4000481C, size = 4 bytes, value = 0x006010d0, pc=0x080038FA 
[   12.478030] [passthrough] Read: 	 address = 0x4000481C, size = 4 bytes, value = 0x006010d0, pc=0x0800392A 
[   12.478368] Interrupt Taken: 	 Vector = 0x0000000F
[   12.478379] Interrupt Served: 	 Vector = 0x0000000F
[   12.480858] [passthrough] Read: 	 address = 0x4000481C, size = 4 bytes, value = 0x006010d0, pc=0x0800395E 
[   12.481270] [passthrough] Read: 	 address = 0x40004800, size = 4 bytes, value = 0x0000800d, pc=0x080038E0 
[   12.481612] Interrupt Taken: 	 Vector = 0x0000000F
[   12.481651] Interrupt Served: 	 Vector = 0x0000000F
[   12.484109] Interrupt Taken: 	 Vector = 0x0000000F
[   12.484166] Interrupt Served: 	 Vector = 0x0000000F
[   12.486822] [passthrough] Read: 	 address = 0x4000481C, size = 4 bytes, value = 0x006010d0, pc=0x080038FA 
[   12.487383] [passthrough] Read: 	 address = 0x4000481C, size = 4 bytes, value = 0x006010d0, pc=0x0800392A 
[   12.487727] [passthrough] Read: 	 address = 0x4000481C, size = 4 bytes, value = 0x006010d0, pc=0x0800395E 
[   12.488138] [passthrough] Read: 	 address = 0x40004800, size = 4 bytes, value = 0x0000800d, pc=0x080038E0 
[   12.488440] Interrupt Taken: 	 Vector = 0x0000000F
[   12.488454] Interrupt Served: 	 Vector = 0x0000000F
[   12.491006] [passthrough] Read: 	 address = 0x4000481C, size = 4 bytes, value = 0x006010d0, pc=0x080038FA 
[   12.491353] [passthrough] Read: 	 address = 0x4000481C, size = 4 bytes, value = 0x006010d0, pc=0x0800392A 
[   12.491705] [passthrough] Read: 	 address = 0x4000481C, size = 4 bytes, value = 0x006010d0, pc=0x0800395E 
[   12.492056] [passthrough] Read: 	 address = 0x4000481C, size = 4 bytes, value = 0x006010d0, pc=0x0800395E 
[   12.492397] [passthrough] Read: 	 address = 0x40004800, size = 4 bytes, value = 0x0000800d, pc=0x080038E0 
[   12.492734] [passthrough] Read: 	 address = 0x4000481C, size = 4 bytes, value = 0x006010d0, pc=0x080038FA 
[   12.493079] [passthrough] Read: 	 address = 0x4000481C, size = 4 bytes, value = 0x006010d0, pc=0x0800392A 
[   12.493394] [passthrough] Read: 	 address = 0x4000481C, size = 4 bytes, value = 0x006010d0, pc=0x0800395E 
[   12.493727] [passthrough] Read: 	 address = 0x40004800, size = 4 bytes, value = 0x0000800d, pc=0x080038E0 
[   12.494081] [passthrough] Read: 	 address = 0x4000481C, size = 4 bytes, value = 0x006010d0, pc=0x080038FA 
[   12.494417] [passthrough] Read: 	 address = 0x4000481C, size = 4 bytes, value = 0x006010d0, pc=0x0800392A 
[   12.494732] [passthrough] Read: 	 address = 0x4000481C, size = 4 bytes, value = 0x006010d0, pc=0x0800395E 
[   12.495082] [passthrough] Read: 	 address = 0x40004800, size = 4 bytes, value = 0x0000800d, pc=0x080038E0 
[   12.495394] [passthrough] Read: 	 address = 0x4000481C, size = 4 bytes, value = 0x006010d0, pc=0x080038FA 
[   12.495726] [passthrough] Read: 	 address = 0x4000481C, size = 4 bytes, value = 0x006010d0, pc=0x0800392A 
[   12.496079] [passthrough] Read: 	 address = 0x4000481C, size = 4 bytes, value = 0x006010d0, pc=0x0800395E 
[   12.496418] [passthrough] Read: 	 address = 0x40004800, size = 4 bytes, value = 0x0000800d, pc=0x080038E0 
[   12.496793] [passthrough] Read: 	 address = 0x4000481C, size = 4 bytes, value = 0x006010d0, pc=0x080038FA 
[   12.497132] [passthrough] Read: 	 address = 0x4000481C, size = 4 bytes, value = 0x006010d0, pc=0x0800392A 
[   12.497560] [passthrough] Read: 	 address = 0x4000481C, size = 4 bytes, value = 0x006010d0, pc=0x0800395E 
[   12.497903] Interrupt Taken: 	 Vector = 0x0000000F
[   12.497925] Interrupt Served: 	 Vector = 0x0000000F
[   12.500507] [passthrough] Read: 	 address = 0x40004800, size = 4 bytes, value = 0x0000800d, pc=0x080038E0 
[   12.500866] [passthrough] Read: 	 address = 0x4000481C, size = 4 bytes, value = 0x006010d0, pc=0x080038FA 
[   12.501228] [passthrough] Read: 	 address = 0x4000481C, size = 4 bytes, value = 0x006010d0, pc=0x0800392A 
[   12.501602] [passthrough] Read: 	 address = 0x4000481C, size = 4 bytes, value = 0x006010d0, pc=0x0800395E 
[   12.501977] [passthrough] Read: 	 address = 0x40004800, size = 4 bytes, value = 0x0000800d, pc=0x080038E0 
[   12.502322] [passthrough] Read: 	 address = 0x4000481C, size = 4 bytes, value = 0x006010d0, pc=0x080038FA 
[   12.502640] [passthrough] Read: 	 address = 0x4000481C, size = 4 bytes, value = 0x006010d0, pc=0x0800392A 
[   12.502998] [passthrough] Read: 	 address = 0x4000481C, size = 4 bytes, value = 0x006010d0, pc=0x0800395E 
[   12.503355] [passthrough] Read: 	 address = 0x40004800, size = 4 bytes, value = 0x0000800d, pc=0x080038E0 
[   12.503724] [passthrough] Read: 	 address = 0x4000481C, size = 4 bytes, value = 0x006010d0, pc=0x080038FA 
[   12.504082] [passthrough] Read: 	 address = 0x4000481C, size = 4 bytes, value = 0x006010d0, pc=0x0800392A 
[   12.504428] [passthrough] Read: 	 address = 0x4000481C, size = 4 bytes, value = 0x006010d0, pc=0x0800395E 
[   12.504743] [passthrough] Read: 	 address = 0x40004800, size = 4 bytes, value = 0x0000800d, pc=0x080038E0 
[   12.505080] [passthrough] Read: 	 address = 0x4000481C, size = 4 bytes, value = 0x006010d0, pc=0x080038FA 
[   12.505407] [passthrough] Read: 	 address = 0x4000481C, size = 4 bytes, value = 0x006010d0, pc=0x0800392A 
[   12.505737] [passthrough] Read: 	 address = 0x4000481C, size = 4 bytes, value = 0x006010d0, pc=0x0800395E 
[   12.506084] [passthrough] Read: 	 address = 0x40004800, size = 4 bytes, value = 0x0000800d, pc=0x080038E0 
[   12.506434] [passthrough] Read: 	 address = 0x4000481C, size = 4 bytes, value = 0x006010d0, pc=0x080038FA 
[   12.506754] [passthrough] Read: 	 address = 0x4000481C, size = 4 bytes, value = 0x006010d0, pc=0x0800392A 
[   12.507096] [passthrough] Read: 	 address = 0x4000481C, size = 4 bytes, value = 0x006010d0, pc=0x0800395E 
[   12.507432] [passthrough] Read: 	 address = 0x40004800, size = 4 bytes, value = 0x0000800d, pc=0x080038E0 
[   12.507789] [passthrough] Read: 	 address = 0x4000481C, size = 4 bytes, value = 0x006010d0, pc=0x080038FA 
[   12.508303] [passthrough] Read: 	 address = 0x4000481C, size = 4 bytes, value = 0x006010d0, pc=0x0800392A 
[   12.508637] [passthrough] Read: 	 address = 0x4000481C, size = 4 bytes, value = 0x006010d0, pc=0x0800395E 
[   12.508971] [passthrough] Read: 	 address = 0x40004800, size = 4 bytes, value = 0x0000800d, pc=0x080038E0 
[   12.509307] [passthrough] Read: 	 address = 0x4000481C, size = 4 bytes, value = 0x006010d0, pc=0x080038FA 
[   12.509661] [passthrough] Read: 	 address = 0x4000481C, size = 4 bytes, value = 0x006010d0, pc=0x0800392A 
[   12.510010] [passthrough] Read: 	 address = 0x4000481C, size = 4 bytes, value = 0x006010d0, pc=0x0800395E 
[   12.510338] [passthrough] Read: 	 address = 0x40004800, size = 4 bytes, value = 0x0000800d, pc=0x080038E0 
[   12.510696] [passthrough] Read: 	 address = 0x4000481C, size = 4 bytes, value = 0x006010d0, pc=0x080038FA 
[   12.511007] [passthrough] Read: 	 address = 0x4000481C, size = 4 bytes, value = 0x006010d0, pc=0x0800392A 
[   12.511344] [passthrough] Read: 	 address = 0x4000481C, size = 4 bytes, value = 0x006010d0, pc=0x0800395E 
[   12.511682] [passthrough] Read: 	 address = 0x40004800, size = 4 bytes, value = 0x0000800d, pc=0x080038E0 
[   12.512009] [passthrough] Read: 	 address = 0x4000481C, size = 4 bytes, value = 0x006010d0, pc=0x080038FA 
[   12.512344] [passthrough] Read: 	 address = 0x4000481C, size = 4 bytes, value = 0x006010d0, pc=0x0800392A 
[   12.512681] [passthrough] Read: 	 address = 0x4000481C, size = 4 bytes, value = 0x006010d0, pc=0x0800395E 
[   12.513044] [passthrough] Read: 	 address = 0x40004800, size = 4 bytes, value = 0x0000800d, pc=0x080038E0 
[   12.513388] [passthrough] Read: 	 address = 0x4000481C, size = 4 bytes, value = 0x006010d0, pc=0x080038FA 
[   12.513718] [passthrough] Read: 	 address = 0x4000481C, size = 4 bytes, value = 0x006010d0, pc=0x0800392A 
[   12.514062] [passthrough] Read: 	 address = 0x4000481C, size = 4 bytes, value = 0x006010d0, pc=0x0800395E 
[   12.514412] [passthrough] Read: 	 address = 0x40004800, size = 4 bytes, value = 0x0000800d, pc=0x080038E0 
[   12.514745] [passthrough] Read: 	 address = 0x4000481C, size = 4 bytes, value = 0x006010d0, pc=0x080038FA 
[   12.515082] [passthrough] Read: 	 address = 0x4000481C, size = 4 bytes, value = 0x006010d0, pc=0x0800392A 
[   12.515411] [passthrough] Read: 	 address = 0x4000481C, size = 4 bytes, value = 0x006010d0, pc=0x0800395E 
[   12.515765] [passthrough] Read: 	 address = 0x40004800, size = 4 bytes, value = 0x0000800d, pc=0x080038E0 
[   12.516231] [passthrough] Read: 	 address = 0x4000481C, size = 4 bytes, value = 0x006010d0, pc=0x080038FA 
[   12.516684] [passthrough] Read: 	 address = 0x4000481C, size = 4 bytes, value = 0x006010d0, pc=0x0800392A 
[   12.517044] Interrupt Taken: 	 Vector = 0x0000000F
[   12.517066] Interrupt Served: 	 Vector = 0x0000000F
[   12.519672] [passthrough] Read: 	 address = 0x4000481C, size = 4 bytes, value = 0x006010d0, pc=0x0800395E 
[   12.520006] Interrupt Taken: 	 Vector = 0x0000000F
[   12.520048] Interrupt Served: 	 Vector = 0x0000000F
[   12.522592] Interrupt Taken: 	 Vector = 0x0000000F
[   12.522617] Interrupt Served: 	 Vector = 0x0000000F
[   12.525251] [passthrough] Read: 	 address = 0x40004800, size = 4 bytes, value = 0x0000800d, pc=0x080038E0 
[   12.525600] Interrupt Taken: 	 Vector = 0x0000000F
[   12.525621] Interrupt Served: 	 Vector = 0x0000000F
[   12.528134] [passthrough] Read: 	 address = 0x4000481C, size = 4 bytes, value = 0x006010d0, pc=0x080038FA 
[   12.528740] [passthrough] Read: 	 address = 0x4000481C, size = 4 bytes, value = 0x006010d0, pc=0x0800392A 
[   12.529089] [passthrough] Read: 	 address = 0x4000481C, size = 4 bytes, value = 0x006010d0, pc=0x0800395E 
[   12.529426] [passthrough] Read: 	 address = 0x40004800, size = 4 bytes, value = 0x0000800d, pc=0x080038E0 
[   12.529756] [passthrough] Read: 	 address = 0x4000481C, size = 4 bytes, value = 0x006010d0, pc=0x080038FA 
[   12.530088] [passthrough] Read: 	 address = 0x4000481C, size = 4 bytes, value = 0x006010d0, pc=0x0800392A 
[   12.530436] [passthrough] Read: 	 address = 0x4000481C, size = 4 bytes, value = 0x006010d0, pc=0x0800395E 
[   12.530849] [passthrough] Read: 	 address = 0x40004800, size = 4 bytes, value = 0x0000800d, pc=0x080038E0 
[   12.531240] Interrupt Taken: 	 Vector = 0x0000000F
[   12.531279] Interrupt Served: 	 Vector = 0x0000000F
[   12.533713] Interrupt Taken: 	 Vector = 0x0000000F
[   12.533755] Interrupt Served: 	 Vector = 0x0000000F
[   12.536411] [passthrough] Read: 	 address = 0x4000481C, size = 4 bytes, value = 0x006010d0, pc=0x080038FA 
[   12.536762] Interrupt Taken: 	 Vector = 0x0000000F
[   12.536782] Interrupt Served: 	 Vector = 0x0000000F
[   12.539390] [passthrough] Read: 	 address = 0x4000481C, size = 4 bytes, value = 0x006010d0, pc=0x0800392A 
[   12.539773] [passthrough] Read: 	 address = 0x4000481C, size = 4 bytes, value = 0x006010d0, pc=0x0800395E 
[   12.540138] [passthrough] Read: 	 address = 0x40004800, size = 4 bytes, value = 0x0000800d, pc=0x080038E0 
[   12.540468] [passthrough] Read: 	 address = 0x4000481C, size = 4 bytes, value = 0x006010d0, pc=0x080038FA 
[   12.540794] [passthrough] Read: 	 address = 0x4000481C, size = 4 bytes, value = 0x006010d0, pc=0x0800392A 
[   12.541171] [passthrough] Read: 	 address = 0x4000481C, size = 4 bytes, value = 0x006010d0, pc=0x0800395E 
[   12.541530] [passthrough] Read: 	 address = 0x40004800, size = 4 bytes, value = 0x0000800d, pc=0x080038E0 
[   12.541880] [passthrough] Read: 	 address = 0x4000481C, size = 4 bytes, value = 0x006010d0, pc=0x080038FA 
[   12.542236] [passthrough] Read: 	 address = 0x4000481C, size = 4 bytes, value = 0x006010d0, pc=0x0800392A 
[   12.542613] [passthrough] Read: 	 address = 0x4000481C, size = 4 bytes, value = 0x006010d0, pc=0x0800395E 
[   12.542984] [passthrough] Read: 	 address = 0x40004800, size = 4 bytes, value = 0x0000800d, pc=0x080038E0 
[   12.543335] [passthrough] Read: 	 address = 0x4000481C, size = 4 bytes, value = 0x006010d0, pc=0x080038FA 
[   12.543696] [passthrough] Read: 	 address = 0x4000481C, size = 4 bytes, value = 0x006010d0, pc=0x0800392A 
[   12.544056] [passthrough] Read: 	 address = 0x4000481C, size = 4 bytes, value = 0x006010d0, pc=0x0800395E 
[   12.544453] [passthrough] Read: 	 address = 0x40004800, size = 4 bytes, value = 0x0000800d, pc=0x080038E0 
[   12.544804] Interrupt Taken: 	 Vector = 0x0000000F
[   12.544841] Interrupt Served: 	 Vector = 0x0000000F
[   12.547312] Interrupt Taken: 	 Vector = 0x0000000F
[   12.547337] Interrupt Served: 	 Vector = 0x0000000F
[   12.549911] [passthrough] Read: 	 address = 0x4000481C, size = 4 bytes, value = 0x006010d0, pc=0x080038FA 
[   12.550312] [passthrough] Read: 	 address = 0x4000481C, size = 4 bytes, value = 0x006010d0, pc=0x0800392A 
[   12.550633] Interrupt Taken: 	 Vector = 0x0000000F
[   12.550676] Interrupt Served: 	 Vector = 0x0000000F
[   12.553148] Interrupt Taken: 	 Vector = 0x0000000F
[   12.553265] Interrupt Served: 	 Vector = 0x0000000F
[   12.555621] Interrupt Taken: 	 Vector = 0x0000000F
[   12.555667] Interrupt Served: 	 Vector = 0x0000000F
[   12.558293] [passthrough] Read: 	 address = 0x4000481C, size = 4 bytes, value = 0x006010d0, pc=0x0800395E 
[   12.558621] Interrupt Taken: 	 Vector = 0x0000000F
[   12.558665] Interrupt Served: 	 Vector = 0x0000000F
[   12.561106] Interrupt Taken: 	 Vector = 0x0000000F
[   12.561126] Interrupt Served: 	 Vector = 0x0000000F
[   12.563730] [passthrough] Read: 	 address = 0x4000481C, size = 4 bytes, value = 0x006010d0, pc=0x0800395E 
[   12.564096] Interrupt Taken: 	 Vector = 0x0000000F
[   12.564143] Interrupt Served: 	 Vector = 0x0000000F
[   12.566596] Interrupt Taken: 	 Vector = 0x0000000F
[   12.566640] Interrupt Served: 	 Vector = 0x0000000F
[   12.569277] [passthrough] Read: 	 address = 0x40004800, size = 4 bytes, value = 0x0000800d, pc=0x080038E0 
[   12.569728] Interrupt Taken: 	 Vector = 0x0000000F
[   12.569771] Interrupt Served: 	 Vector = 0x0000000F
[   12.572135] Interrupt Taken: 	 Vector = 0x0000000F
[   12.572187] Interrupt Served: 	 Vector = 0x0000000F
[   12.574723] [passthrough] Read: 	 address = 0x4000481C, size = 4 bytes, value = 0x006010d0, pc=0x080038FA 
[   12.575106] [passthrough] Read: 	 address = 0x4000481C, size = 4 bytes, value = 0x006010d0, pc=0x0800392A 
[   12.575475] [passthrough] Read: 	 address = 0x4000481C, size = 4 bytes, value = 0x006010d0, pc=0x0800395E 
[   12.575807] [passthrough] Read: 	 address = 0x40004800, size = 4 bytes, value = 0x0000800d, pc=0x080038E0 
[   12.576212] [passthrough] Read: 	 address = 0x4000481C, size = 4 bytes, value = 0x006010d0, pc=0x080038FA 
[   12.576556] Interrupt Taken: 	 Vector = 0x0000000F
[   12.576577] Interrupt Served: 	 Vector = 0x0000000F
[   12.579098] [passthrough] Read: 	 address = 0x4000481C, size = 4 bytes, value = 0x006010d0, pc=0x0800392A 
[   12.579480] [passthrough] Read: 	 address = 0x4000481C, size = 4 bytes, value = 0x006010d0, pc=0x0800395E 
[   12.579890] [passthrough] Read: 	 address = 0x40004800, size = 4 bytes, value = 0x0000800d, pc=0x080038E0 
[   12.580228] [passthrough] Read: 	 address = 0x4000481C, size = 4 bytes, value = 0x006010d0, pc=0x080038FA 
[   12.580587] [passthrough] Read: 	 address = 0x4000481C, size = 4 bytes, value = 0x006010d0, pc=0x0800392A 
[   12.580922] [passthrough] Read: 	 address = 0x4000481C, size = 4 bytes, value = 0x006010d0, pc=0x0800395E 
[   12.581248] [passthrough] Read: 	 address = 0x40004800, size = 4 bytes, value = 0x0000800d, pc=0x080038E0 
[   12.581575] [passthrough] Read: 	 address = 0x4000481C, size = 4 bytes, value = 0x006010d0, pc=0x080038FA 
[   12.581907] [passthrough] Read: 	 address = 0x4000481C, size = 4 bytes, value = 0x006010d0, pc=0x0800392A 
[   12.582341] [passthrough] Read: 	 address = 0x4000481C, size = 4 bytes, value = 0x006010d0, pc=0x0800395E 
[   12.582684] Interrupt Taken: 	 Vector = 0x0000000F
[   12.582723] Interrupt Served: 	 Vector = 0x0000000F
[   12.585265] Interrupt Taken: 	 Vector = 0x0000000F
[   12.585311] Interrupt Served: 	 Vector = 0x0000000F
[   12.587945] [passthrough] Read: 	 address = 0x40004800, size = 4 bytes, value = 0x0000800d, pc=0x080038E0 
[   12.588377] [passthrough] Read: 	 address = 0x4000481C, size = 4 bytes, value = 0x006010d0, pc=0x080038FA 
[   12.588718] Interrupt Taken: 	 Vector = 0x0000000F
[   12.588732] Interrupt Served: 	 Vector = 0x0000000F
[   12.591313] [passthrough] Read: 	 address = 0x4000481C, size = 4 bytes, value = 0x006010d0, pc=0x0800392A 
[   12.591687] [passthrough] Read: 	 address = 0x4000481C, size = 4 bytes, value = 0x006010d0, pc=0x0800395E 
[   12.592051] [passthrough] Read: 	 address = 0x40004800, size = 4 bytes, value = 0x0000800d, pc=0x080038E0 
[   12.592394] [passthrough] Read: 	 address = 0x4000481C, size = 4 bytes, value = 0x006010d0, pc=0x080038FA 
[   12.592746] [passthrough] Read: 	 address = 0x4000481C, size = 4 bytes, value = 0x006010d0, pc=0x0800392A 
[   12.593116] [passthrough] Read: 	 address = 0x4000481C, size = 4 bytes, value = 0x006010d0, pc=0x0800395E 
[   12.593446] [passthrough] Read: 	 address = 0x40004800, size = 4 bytes, value = 0x0000800d, pc=0x080038E0 
[   12.593792] [passthrough] Read: 	 address = 0x4000481C, size = 4 bytes, value = 0x006010d0, pc=0x080038FA 
[   12.594132] [passthrough] Read: 	 address = 0x4000481C, size = 4 bytes, value = 0x006010d0, pc=0x0800392A 
[   12.594457] [passthrough] Read: 	 address = 0x4000481C, size = 4 bytes, value = 0x006010d0, pc=0x0800395E 
[   12.594796] [passthrough] Read: 	 address = 0x40004800, size = 4 bytes, value = 0x0000800d, pc=0x080038E0 
[   12.595131] [passthrough] Read: 	 address = 0x4000481C, size = 4 bytes, value = 0x006010d0, pc=0x080038FA 
[   12.595457] [passthrough] Read: 	 address = 0x4000481C, size = 4 bytes, value = 0x006010d0, pc=0x0800392A 
[   12.595796] [passthrough] Read: 	 address = 0x4000481C, size = 4 bytes, value = 0x006010d0, pc=0x0800395E 
[   12.596157] [passthrough] Read: 	 address = 0x40004800, size = 4 bytes, value = 0x0000800d, pc=0x080038E0 
[   12.596502] [passthrough] Read: 	 address = 0x4000481C, size = 4 bytes, value = 0x006010d0, pc=0x080038FA 
[   12.596840] [passthrough] Read: 	 address = 0x4000481C, size = 4 bytes, value = 0x006010d0, pc=0x0800392A 
[   12.597172] [passthrough] Read: 	 address = 0x4000481C, size = 4 bytes, value = 0x006010d0, pc=0x0800395E 
[   12.597502] [passthrough] Read: 	 address = 0x40004800, size = 4 bytes, value = 0x0000800d, pc=0x080038E0 
[   12.597835] [passthrough] Read: 	 address = 0x4000481C, size = 4 bytes, value = 0x006010d0, pc=0x080038FA 
[   12.598201] [passthrough] Read: 	 address = 0x4000481C, size = 4 bytes, value = 0x006010d0, pc=0x0800392A 
[   12.598547] [passthrough] Read: 	 address = 0x4000481C, size = 4 bytes, value = 0x006010d0, pc=0x0800395E 
[   12.598889] [passthrough] Read: 	 address = 0x40004800, size = 4 bytes, value = 0x0000800d, pc=0x080038E0 
[   12.599240] [passthrough] Read: 	 address = 0x4000481C, size = 4 bytes, value = 0x006010d0, pc=0x080038FA 
[   12.599588] [passthrough] Read: 	 address = 0x4000481C, size = 4 bytes, value = 0x006010d0, pc=0x0800392A 
[   12.599920] [passthrough] Read: 	 address = 0x4000481C, size = 4 bytes, value = 0x006010d0, pc=0x0800395E 
[   12.600280] [passthrough] Read: 	 address = 0x40004800, size = 4 bytes, value = 0x0000800d, pc=0x080038E0 
[   12.600630] [passthrough] Read: 	 address = 0x4000481C, size = 4 bytes, value = 0x006010d0, pc=0x080038FA 
[   12.600986] [passthrough] Read: 	 address = 0x4000481C, size = 4 bytes, value = 0x006010d0, pc=0x0800392A 
[   12.601339] [passthrough] Read: 	 address = 0x4000481C, size = 4 bytes, value = 0x006010d0, pc=0x0800395E 
[   12.601696] [passthrough] Read: 	 address = 0x40004800, size = 4 bytes, value = 0x0000800d, pc=0x080038E0 
[   12.602052] [passthrough] Read: 	 address = 0x4000481C, size = 4 bytes, value = 0x006010d0, pc=0x080038FA 
[   12.602392] [passthrough] Read: 	 address = 0x4000481C, size = 4 bytes, value = 0x006010d0, pc=0x0800392A 
[   12.602728] [passthrough] Read: 	 address = 0x4000481C, size = 4 bytes, value = 0x006010d0, pc=0x0800395E 
[   12.603086] [passthrough] Read: 	 address = 0x40004800, size = 4 bytes, value = 0x0000800d, pc=0x080038E0 
[   12.603420] [passthrough] Read: 	 address = 0x4000481C, size = 4 bytes, value = 0x006010d0, pc=0x080038FA 
[   12.603766] [passthrough] Read: 	 address = 0x4000481C, size = 4 bytes, value = 0x006010d0, pc=0x0800392A 
[   12.604138] [passthrough] Read: 	 address = 0x4000481C, size = 4 bytes, value = 0x006010d0, pc=0x0800395E 
[   12.604460] [passthrough] Read: 	 address = 0x40004800, size = 4 bytes, value = 0x0000800d, pc=0x080038E0 
[   12.604787] [passthrough] Read: 	 address = 0x4000481C, size = 4 bytes, value = 0x006010d0, pc=0x080038FA 
[   12.605166] [passthrough] Read: 	 address = 0x4000481C, size = 4 bytes, value = 0x006010d0, pc=0x0800392A 
[   12.605495] [passthrough] Read: 	 address = 0x4000481C, size = 4 bytes, value = 0x006010d0, pc=0x0800395E 
[   12.605905] [passthrough] Read: 	 address = 0x40004800, size = 4 bytes, value = 0x0000800d, pc=0x080038E0 
[   12.606247] Interrupt Taken: 	 Vector = 0x0000000F
[   12.606281] Interrupt Served: 	 Vector = 0x0000000F
[   12.608836] Interrupt Taken: 	 Vector = 0x0000000F
[   12.608859] Interrupt Served: 	 Vector = 0x0000000F
[   12.611519] [passthrough] Read: 	 address = 0x4000481C, size = 4 bytes, value = 0x006010d0, pc=0x080038FA 
[   12.612133] Interrupt Taken: 	 Vector = 0x0000000F
[   12.612153] Interrupt Served: 	 Vector = 0x0000000F
[   12.614834] [passthrough] Read: 	 address = 0x4000481C, size = 4 bytes, value = 0x006010d0, pc=0x0800392A 
[   12.615199] Interrupt Taken: 	 Vector = 0x0000000F
[   12.615268] Interrupt Served: 	 Vector = 0x0000000F
[   12.617772] Interrupt Taken: 	 Vector = 0x0000000F
[   12.617804] Interrupt Served: 	 Vector = 0x0000000F
[   12.620353] [passthrough] Read: 	 address = 0x4000481C, size = 4 bytes, value = 0x006010d0, pc=0x0800395E 
[   12.620833] [passthrough] Read: 	 address = 0x4000481C, size = 4 bytes, value = 0x006010d0, pc=0x0800395E 
[   12.621202] Interrupt Taken: 	 Vector = 0x0000000F
[   12.621254] Interrupt Served: 	 Vector = 0x0000000F
[   12.624023] Interrupt Taken: 	 Vector = 0x0000000F
[   12.624073] Interrupt Served: 	 Vector = 0x0000000F
[   12.626945] [passthrough] Read: 	 address = 0x40004800, size = 4 bytes, value = 0x0000800d, pc=0x080038E0 
[   12.627385] Interrupt Taken: 	 Vector = 0x0000000F
[   12.627426] Interrupt Served: 	 Vector = 0x0000000F
[   12.630314] Interrupt Taken: 	 Vector = 0x0000000F
[   12.630359] Interrupt Served: 	 Vector = 0x0000000F
[   12.633204] [passthrough] Read: 	 address = 0x4000481C, size = 4 bytes, value = 0x006010d0, pc=0x080038FA 
[   12.633560] Interrupt Taken: 	 Vector = 0x0000000F
[   12.633598] Interrupt Served: 	 Vector = 0x0000000F
[   12.636246] Interrupt Taken: 	 Vector = 0x0000000F
[   12.636299] Interrupt Served: 	 Vector = 0x0000000F
[   12.639072] [passthrough] Read: 	 address = 0x4000481C, size = 4 bytes, value = 0x006010d0, pc=0x0800392A 
[   12.639441] Interrupt Taken: 	 Vector = 0x0000000F
[   12.639454] Interrupt Served: 	 Vector = 0x0000000F
[   12.642362] [passthrough] Read: 	 address = 0x4000481C, size = 4 bytes, value = 0x006010d0, pc=0x0800395E 
[   12.642788] [passthrough] Read: 	 address = 0x40004800, size = 4 bytes, value = 0x0000800d, pc=0x080038E0 
[   12.643156] [passthrough] Read: 	 address = 0x4000481C, size = 4 bytes, value = 0x006010d0, pc=0x080038FA 
[   12.643505] [passthrough] Read: 	 address = 0x4000481C, size = 4 bytes, value = 0x006010d0, pc=0x0800392A 
[   12.643934] [passthrough] Read: 	 address = 0x4000481C, size = 4 bytes, value = 0x006010d0, pc=0x0800395E 
[   12.644357] [passthrough] Read: 	 address = 0x40004800, size = 4 bytes, value = 0x0000800d, pc=0x080038E0 
[   12.644786] [passthrough] Read: 	 address = 0x4000481C, size = 4 bytes, value = 0x006010d0, pc=0x080038FA 
[   12.645185] [passthrough] Read: 	 address = 0x4000481C, size = 4 bytes, value = 0x006010d0, pc=0x0800392A 
[   12.645593] Interrupt Taken: 	 Vector = 0x0000000F
[   12.645607] Interrupt Served: 	 Vector = 0x0000000F
[   12.648492] [passthrough] Read: 	 address = 0x4000481C, size = 4 bytes, value = 0x006010d0, pc=0x0800395E 
[   12.648953] [passthrough] Read: 	 address = 0x40004800, size = 4 bytes, value = 0x0000800d, pc=0x080038E0 
[   12.649302] Interrupt Taken: 	 Vector = 0x0000000F
[   12.649323] Interrupt Served: 	 Vector = 0x0000000F
[   12.652841] [passthrough] Read: 	 address = 0x4000481C, size = 4 bytes, value = 0x006010d0, pc=0x080038FA 
[   12.653546] Interrupt Taken: 	 Vector = 0x0000000F
[   12.653573] Interrupt Served: 	 Vector = 0x0000000F
[   12.658506] [passthrough] Read: 	 address = 0x4000481C, size = 4 bytes, value = 0x006010d0, pc=0x0800392A 
[   12.658907] Interrupt Taken: 	 Vector = 0x0000000F
[   12.661391] Interrupt Served: 	 Vector = 0x0000000F
[   12.670717] Interrupt Taken: 	 Vector = 0x0000000F
[   12.670803] Interrupt Served: 	 Vector = 0x0000000F
[   12.673675] [passthrough] Read: 	 address = 0x4000481C, size = 4 bytes, value = 0x006010d0, pc=0x0800395E 
[   12.674097] Interrupt Taken: 	 Vector = 0x0000000F
[   12.674127] Interrupt Served: 	 Vector = 0x0000000F
[   12.677073] Interrupt Taken: 	 Vector = 0x0000000F
[   12.677534] Interrupt Served: 	 Vector = 0x0000000F
[   12.681781] Interrupt Taken: 	 Vector = 0x0000000F
[   12.681868] Interrupt Served: 	 Vector = 0x0000000F
[   12.687588] [passthrough] Read: 	 address = 0x4000481C, size = 4 bytes, value = 0x006010d0, pc=0x0800395E 
[   12.688139] [passthrough] Read: 	 address = 0x40004800, size = 4 bytes, value = 0x0000800d, pc=0x080038E0 
[   12.688593] Interrupt Taken: 	 Vector = 0x0000000F
[   12.688619] Interrupt Served: 	 Vector = 0x0000000F
[   12.691827] [passthrough] Read: 	 address = 0x4000481C, size = 4 bytes, value = 0x006010d0, pc=0x080038FA 
[   12.692230] Interrupt Taken: 	 Vector = 0x0000000F
[   12.692258] Interrupt Served: 	 Vector = 0x0000000F
[   12.695465] Interrupt Taken: 	 Vector = 0x0000000F
[   12.695796] Interrupt Served: 	 Vector = 0x0000000F
[   12.703614] [passthrough] Read: 	 address = 0x4000481C, size = 4 bytes, value = 0x006010d0, pc=0x0800392A 
[   12.706080] [passthrough] Read: 	 address = 0x4000481C, size = 4 bytes, value = 0x006010d0, pc=0x0800395E 
[   12.706637] [passthrough] Read: 	 address = 0x40004800, size = 4 bytes, value = 0x0000800d, pc=0x080038E0 
[   12.707297] Interrupt Taken: 	 Vector = 0x0000000F
[   12.707330] Interrupt Served: 	 Vector = 0x0000000F
[   12.711057] Interrupt Taken: 	 Vector = 0x0000000F
[   12.711116] Interrupt Served: 	 Vector = 0x0000000F
[   12.714474] [passthrough] Read: 	 address = 0x4000481C, size = 4 bytes, value = 0x006010d0, pc=0x080038FA 
[   12.714890] [passthrough] Read: 	 address = 0x4000481C, size = 4 bytes, value = 0x006010d0, pc=0x0800392A 
[   12.716132] [passthrough] Read: 	 address = 0x4000481C, size = 4 bytes, value = 0x006010d0, pc=0x0800395E 
[   12.716513] [passthrough] Read: 	 address = 0x40004800, size = 4 bytes, value = 0x0000800d, pc=0x080038E0 
[   12.716955] Interrupt Taken: 	 Vector = 0x0000000F
[   12.716983] Interrupt Served: 	 Vector = 0x0000000F
[   12.722034] [passthrough] Read: 	 address = 0x4000481C, size = 4 bytes, value = 0x006010d0, pc=0x080038FA 
[   12.722500] [passthrough] Read: 	 address = 0x4000481C, size = 4 bytes, value = 0x006010d0, pc=0x0800392A 
[   12.722931] Interrupt Taken: 	 Vector = 0x0000000F
[   12.722958] Interrupt Served: 	 Vector = 0x0000000F
[   12.726134] [passthrough] Read: 	 address = 0x4000481C, size = 4 bytes, value = 0x006010d0, pc=0x0800395E 
[   12.728193] [passthrough] Read: 	 address = 0x40004800, size = 4 bytes, value = 0x0000800d, pc=0x080038E0 
[   12.728651] Interrupt Taken: 	 Vector = 0x0000000F
[   12.728682] Interrupt Served: 	 Vector = 0x0000000F
[   12.732497] Interrupt Taken: 	 Vector = 0x0000000F
[   12.732557] Interrupt Served: 	 Vector = 0x0000000F
[   12.735984] Interrupt Taken: 	 Vector = 0x0000000F
[   12.736060] Interrupt Served: 	 Vector = 0x0000000F
[   12.740190] Interrupt Taken: 	 Vector = 0x0000000F
[   12.740257] Interrupt Served: 	 Vector = 0x0000000F
[   12.742874] [passthrough] Read: 	 address = 0x4000481C, size = 4 bytes, value = 0x006010d0, pc=0x080038FA 
[   12.743239] Interrupt Taken: 	 Vector = 0x0000000F
[   12.743262] Interrupt Served: 	 Vector = 0x0000000F
[   12.745945] [passthrough] Read: 	 address = 0x4000481C, size = 4 bytes, value = 0x006010d0, pc=0x0800392A 
[   12.746318] Interrupt Taken: 	 Vector = 0x0000000F
[   12.746380] Interrupt Served: 	 Vector = 0x0000000F
[   12.749039] Interrupt Taken: 	 Vector = 0x0000000F
[   12.749160] Interrupt Served: 	 Vector = 0x0000000F
[   12.754219] [passthrough] Read: 	 address = 0x4000481C, size = 4 bytes, value = 0x006010d0, pc=0x0800395E 
[   12.754567] Interrupt Taken: 	 Vector = 0x0000000F
[   12.754587] Interrupt Served: 	 Vector = 0x0000000F
[   12.757974] [passthrough] Read: 	 address = 0x4000481C, size = 4 bytes, value = 0x006010d0, pc=0x0800395E 
[   12.758421] Interrupt Taken: 	 Vector = 0x0000000F
[   12.758445] Interrupt Served: 	 Vector = 0x0000000F
[   12.761303] [passthrough] Read: 	 address = 0x40004800, size = 4 bytes, value = 0x0000800d, pc=0x080038E0 
[   12.761831] [passthrough] Read: 	 address = 0x4000481C, size = 4 bytes, value = 0x006010d0, pc=0x080038FA 
[   12.762212] Interrupt Taken: 	 Vector = 0x0000000F
[   12.762239] Interrupt Served: 	 Vector = 0x0000000F
[   12.765138] [passthrough] Read: 	 address = 0x4000481C, size = 4 bytes, value = 0x006010d0, pc=0x0800392A 
[   12.765577] Interrupt Taken: 	 Vector = 0x0000000F
[   12.765718] Interrupt Served: 	 Vector = 0x0000000F
[   12.768249] Interrupt Taken: 	 Vector = 0x0000000F
[   12.768304] Interrupt Served: 	 Vector = 0x0000000F
[   12.770945] [passthrough] Read: 	 address = 0x4000481C, size = 4 bytes, value = 0x006010d0, pc=0x0800395E 
[   12.771298] Interrupt Taken: 	 Vector = 0x0000000F
[   12.771322] Interrupt Served: 	 Vector = 0x0000000F
[   12.773922] [passthrough] Read: 	 address = 0x40004800, size = 4 bytes, value = 0x0000800d, pc=0x080038E0 
[   12.774276] Interrupt Taken: 	 Vector = 0x0000000F
[   12.774325] Interrupt Served: 	 Vector = 0x0000000F
[   12.776949] Interrupt Taken: 	 Vector = 0x0000000F
[   12.776980] Interrupt Served: 	 Vector = 0x0000000F
[   12.780337] [passthrough] Read: 	 address = 0x4000481C, size = 4 bytes, value = 0x006010d0, pc=0x080038FA 
[   12.780755] [passthrough] Read: 	 address = 0x4000481C, size = 4 bytes, value = 0x006010d0, pc=0x0800392A 
[   12.781146] [passthrough] Read: 	 address = 0x4000481C, size = 4 bytes, value = 0x006010d0, pc=0x0800395E 
[   12.781525] [passthrough] Read: 	 address = 0x40004800, size = 4 bytes, value = 0x0000800d, pc=0x080038E0 
[   12.781941] [passthrough] Read: 	 address = 0x4000481C, size = 4 bytes, value = 0x006010d0, pc=0x080038FA 
[   12.782296] [passthrough] Read: 	 address = 0x4000481C, size = 4 bytes, value = 0x006010d0, pc=0x0800392A 
[   12.782671] [passthrough] Read: 	 address = 0x4000481C, size = 4 bytes, value = 0x006010d0, pc=0x0800395E 
[   12.783107] [passthrough] Read: 	 address = 0x40004800, size = 4 bytes, value = 0x0000800d, pc=0x080038E0 
[   12.783472] Interrupt Taken: 	 Vector = 0x0000000F
[   12.783508] Interrupt Served: 	 Vector = 0x0000000F
[   12.786308] Interrupt Taken: 	 Vector = 0x0000000F
[   12.786336] Interrupt Served: 	 Vector = 0x0000000F
[   12.789289] [passthrough] Read: 	 address = 0x4000481C, size = 4 bytes, value = 0x006010d0, pc=0x080038FA 
[   12.789727] [passthrough] Read: 	 address = 0x4000481C, size = 4 bytes, value = 0x006010d0, pc=0x0800392A 
[   12.790084] Interrupt Taken: 	 Vector = 0x0000000F
[   12.790117] Interrupt Served: 	 Vector = 0x0000000F
[   12.792904] Interrupt Taken: 	 Vector = 0x0000000F
[   12.792936] Interrupt Served: 	 Vector = 0x0000000F
[   12.795906] [passthrough] Read: 	 address = 0x4000481C, size = 4 bytes, value = 0x006010d0, pc=0x0800395E 
[   12.796383] [passthrough] Read: 	 address = 0x4000481C, size = 4 bytes, value = 0x006010d0, pc=0x0800395E 
[   12.796776] [passthrough] Read: 	 address = 0x40004800, size = 4 bytes, value = 0x0000800d, pc=0x080038E0 
[   12.797115] [passthrough] Read: 	 address = 0x4000481C, size = 4 bytes, value = 0x006010d0, pc=0x080038FA 
[   12.797476] [passthrough] Read: 	 address = 0x4000481C, size = 4 bytes, value = 0x006010d0, pc=0x0800392A 
[   12.797824] [passthrough] Read: 	 address = 0x4000481C, size = 4 bytes, value = 0x006010d0, pc=0x0800395E 
[   12.798205] [passthrough] Read: 	 address = 0x40004800, size = 4 bytes, value = 0x0000800d, pc=0x080038E0 
[   12.798585] [passthrough] Read: 	 address = 0x4000481C, size = 4 bytes, value = 0x006010d0, pc=0x080038FA 
[   12.799179] [passthrough] Read: 	 address = 0x4000481C, size = 4 bytes, value = 0x006010d0, pc=0x0800392A 
[   12.799578] [passthrough] Read: 	 address = 0x4000481C, size = 4 bytes, value = 0x006010d0, pc=0x0800395E 
[   12.800051] [passthrough] Read: 	 address = 0x40004800, size = 4 bytes, value = 0x0000800d, pc=0x080038E0 
[   12.800441] Interrupt Taken: 	 Vector = 0x0000000F
[   12.800508] Interrupt Served: 	 Vector = 0x0000000F
[   12.802978] Interrupt Taken: 	 Vector = 0x0000000F
[   12.803040] Interrupt Served: 	 Vector = 0x0000000F
[   12.805638] [passthrough] Read: 	 address = 0x4000481C, size = 4 bytes, value = 0x006010d0, pc=0x080038FA 
[   12.806146] [passthrough] Read: 	 address = 0x4000481C, size = 4 bytes, value = 0x006010d0, pc=0x0800392A 
[   12.806544] Interrupt Taken: 	 Vector = 0x0000000F
[   12.806648] Interrupt Served: 	 Vector = 0x0000000F
[   12.809383] Interrupt Taken: 	 Vector = 0x0000000F
[   12.809452] Interrupt Served: 	 Vector = 0x0000000F
[   12.812492] [passthrough] Read: 	 address = 0x4000481C, size = 4 bytes, value = 0x006010d0, pc=0x0800395E 
[   12.813084] [passthrough] Read: 	 address = 0x40004800, size = 4 bytes, value = 0x0000800d, pc=0x080038E0 
[   12.813513] Interrupt Taken: 	 Vector = 0x0000000F
[   12.813615] Interrupt Served: 	 Vector = 0x0000000F
[   12.816378] Interrupt Taken: 	 Vector = 0x0000000F
[   12.816487] Interrupt Served: 	 Vector = 0x0000000F
[   12.819669] [passthrough] Read: 	 address = 0x4000481C, size = 4 bytes, value = 0x006010d0, pc=0x080038FA 
[   12.820179] Interrupt Taken: 	 Vector = 0x0000000F
[   12.820324] Interrupt Served: 	 Vector = 0x0000000F
[   12.823189] Interrupt Taken: 	 Vector = 0x0000000F
[   12.823347] Interrupt Served: 	 Vector = 0x0000000F
[   12.826597] [passthrough] Read: 	 address = 0x4000481C, size = 4 bytes, value = 0x006010d0, pc=0x0800392A 
[   12.827357] [passthrough] Read: 	 address = 0x4000481C, size = 4 bytes, value = 0x006010d0, pc=0x0800395E 
[   12.827806] Interrupt Taken: 	 Vector = 0x0000000F
[   12.828124] Interrupt Served: 	 Vector = 0x0000000F
[   12.830924] Interrupt Taken: 	 Vector = 0x0000000F
[   12.831108] Interrupt Served: 	 Vector = 0x0000000F
[   12.834328] [passthrough] Read: 	 address = 0x40004800, size = 4 bytes, value = 0x0000800d, pc=0x080038E0 
[   12.834926] Interrupt Taken: 	 Vector = 0x0000000F
[   12.834990] Interrupt Served: 	 Vector = 0x0000000F
[   12.838203] [passthrough] Read: 	 address = 0x4000481C, size = 4 bytes, value = 0x006010d0, pc=0x080038FA 
[   12.838779] Interrupt Taken: 	 Vector = 0x0000000F
[   12.838855] Interrupt Served: 	 Vector = 0x0000000F
[   12.842054] [passthrough] Read: 	 address = 0x4000481C, size = 4 bytes, value = 0x006010d0, pc=0x0800392A 
[   12.842628] [passthrough] Read: 	 address = 0x4000481C, size = 4 bytes, value = 0x006010d0, pc=0x0800395E 
[   12.843381] [passthrough] Read: 	 address = 0x4000481C, size = 4 bytes, value = 0x006010d0, pc=0x0800395E 
[   12.843862] Interrupt Taken: 	 Vector = 0x0000000F
[   12.843922] Interrupt Served: 	 Vector = 0x0000000F
[   12.847721] [passthrough] Read: 	 address = 0x40004800, size = 4 bytes, value = 0x0000800d, pc=0x080038E0 
[   12.848244] Interrupt Taken: 	 Vector = 0x0000000F
[   12.848303] Interrupt Served: 	 Vector = 0x0000000F
[   12.851472] [passthrough] Read: 	 address = 0x4000481C, size = 4 bytes, value = 0x006010d0, pc=0x080038FA 
[   12.852208] [passthrough] Read: 	 address = 0x4000481C, size = 4 bytes, value = 0x006010d0, pc=0x0800392A 
[   12.852839] [passthrough] Read: 	 address = 0x4000481C, size = 4 bytes, value = 0x006010d0, pc=0x0800395E 
[   12.853552] [passthrough] Read: 	 address = 0x40004800, size = 4 bytes, value = 0x0000800d, pc=0x080038E0 
[   12.853991] Interrupt Taken: 	 Vector = 0x0000000F
[   12.854141] Interrupt Served: 	 Vector = 0x0000000F
[   12.856819] Interrupt Taken: 	 Vector = 0x0000000F
[   12.856907] Interrupt Served: 	 Vector = 0x0000000F
[   12.860138] [passthrough] Read: 	 address = 0x4000481C, size = 4 bytes, value = 0x006010d0, pc=0x080038FA 
[   12.860645] Interrupt Taken: 	 Vector = 0x0000000F
[   12.860703] Interrupt Served: 	 Vector = 0x0000000F
[   12.864000] [passthrough] Read: 	 address = 0x4000481C, size = 4 bytes, value = 0x006010d0, pc=0x0800392A 
[   12.864531] Interrupt Taken: 	 Vector = 0x0000000F
[   12.864855] Interrupt Served: 	 Vector = 0x0000000F
[   12.868511] Interrupt Taken: 	 Vector = 0x0000000F
[   12.868612] Interrupt Served: 	 Vector = 0x0000000F
[   12.872147] [passthrough] Read: 	 address = 0x4000481C, size = 4 bytes, value = 0x006010d0, pc=0x0800395E 
[   12.872675] Interrupt Taken: 	 Vector = 0x0000000F
[   12.872873] Interrupt Served: 	 Vector = 0x0000000F
[   12.875661] Interrupt Taken: 	 Vector = 0x0000000F
[   12.875724] Interrupt Served: 	 Vector = 0x0000000F
[   12.878718] [passthrough] Read: 	 address = 0x40004800, size = 4 bytes, value = 0x0000800d, pc=0x080038E0 
[   12.879704] [passthrough] Read: 	 address = 0x4000481C, size = 4 bytes, value = 0x006010d0, pc=0x080038FA 
[   12.881551] [passthrough] Read: 	 address = 0x4000481C, size = 4 bytes, value = 0x006010d0, pc=0x0800392A 
[   12.882138] Interrupt Taken: 	 Vector = 0x0000000F
[   12.882254] Interrupt Served: 	 Vector = 0x0000000F
[   12.885179] Interrupt Taken: 	 Vector = 0x0000000F
[   12.885322] Interrupt Served: 	 Vector = 0x0000000F
[   12.889189] [passthrough] Read: 	 address = 0x4000481C, size = 4 bytes, value = 0x006010d0, pc=0x0800395E 
[   12.889750] Interrupt Taken: 	 Vector = 0x0000000F
[   12.889890] Interrupt Served: 	 Vector = 0x0000000F
[   12.892637] Interrupt Taken: 	 Vector = 0x0000000F
[   12.892721] Interrupt Served: 	 Vector = 0x0000000F
[   12.896122] [passthrough] Read: 	 address = 0x4000481C, size = 4 bytes, value = 0x006010d0, pc=0x0800395E 
[   12.896583] Interrupt Taken: 	 Vector = 0x0000000F
[   12.896660] Interrupt Served: 	 Vector = 0x0000000F
[   12.899920] [passthrough] Read: 	 address = 0x40004800, size = 4 bytes, value = 0x0000800d, pc=0x080038E0 
[   12.900437] Interrupt Taken: 	 Vector = 0x0000000F
[   12.900503] Interrupt Served: 	 Vector = 0x0000000F
[   12.903563] [passthrough] Read: 	 address = 0x4000481C, size = 4 bytes, value = 0x006010d0, pc=0x080038FA 
[   12.904214] [passthrough] Read: 	 address = 0x4000481C, size = 4 bytes, value = 0x006010d0, pc=0x0800392A 
[   12.904768] [passthrough] Read: 	 address = 0x4000481C, size = 4 bytes, value = 0x006010d0, pc=0x0800395E 
[   12.905261] [passthrough] Read: 	 address = 0x40004800, size = 4 bytes, value = 0x0000800d, pc=0x080038E0 
[   12.905719] [passthrough] Read: 	 address = 0x4000481C, size = 4 bytes, value = 0x006010d0, pc=0x080038FA 
[   12.906509] [passthrough] Read: 	 address = 0x4000481C, size = 4 bytes, value = 0x006010d0, pc=0x0800392A 
[   12.906926] [passthrough] Read: 	 address = 0x4000481C, size = 4 bytes, value = 0x006010d0, pc=0x0800395E 
[   12.907390] [passthrough] Read: 	 address = 0x40004800, size = 4 bytes, value = 0x0000800d, pc=0x080038E0 
[   12.907893] [passthrough] Read: 	 address = 0x4000481C, size = 4 bytes, value = 0x006010d0, pc=0x080038FA 
[   12.908357] [passthrough] Read: 	 address = 0x4000481C, size = 4 bytes, value = 0x006010d0, pc=0x0800392A 
[   12.908873] [passthrough] Read: 	 address = 0x4000481C, size = 4 bytes, value = 0x006010d0, pc=0x0800395E 
[   12.909424] [passthrough] Read: 	 address = 0x40004800, size = 4 bytes, value = 0x0000800d, pc=0x080038E0 
[   12.909973] [passthrough] Read: 	 address = 0x4000481C, size = 4 bytes, value = 0x006010d0, pc=0x080038FA 
[   12.910494] [passthrough] Read: 	 address = 0x4000481C, size = 4 bytes, value = 0x006010d0, pc=0x0800392A 
[   12.911087] [passthrough] Read: 	 address = 0x4000481C, size = 4 bytes, value = 0x006010d0, pc=0x0800395E 
[   12.911618] [passthrough] Read: 	 address = 0x40004800, size = 4 bytes, value = 0x0000800d, pc=0x080038E0 
[   12.912273] [passthrough] Read: 	 address = 0x4000481C, size = 4 bytes, value = 0x006010d0, pc=0x080038FA 
[   12.912681] Interrupt Taken: 	 Vector = 0x0000000F
[   12.912805] Interrupt Served: 	 Vector = 0x0000000F
[   12.915659] Interrupt Taken: 	 Vector = 0x0000000F
[   12.915783] Interrupt Served: 	 Vector = 0x0000000F
[   12.918910] [passthrough] Read: 	 address = 0x4000481C, size = 4 bytes, value = 0x006010d0, pc=0x0800392A 
[   12.919423] [passthrough] Read: 	 address = 0x4000481C, size = 4 bytes, value = 0x006010d0, pc=0x0800395E 
[   12.919916] [passthrough] Read: 	 address = 0x40004800, size = 4 bytes, value = 0x0000800d, pc=0x080038E0 
[   12.920390] [passthrough] Read: 	 address = 0x4000481C, size = 4 bytes, value = 0x006010d0, pc=0x080038FA 
[   12.920846] [passthrough] Read: 	 address = 0x4000481C, size = 4 bytes, value = 0x006010d0, pc=0x0800392A 
[   12.921369] [passthrough] Read: 	 address = 0x4000481C, size = 4 bytes, value = 0x006010d0, pc=0x0800395E 
[   12.921834] [passthrough] Read: 	 address = 0x40004800, size = 4 bytes, value = 0x0000800d, pc=0x080038E0 
[   12.922339] [passthrough] Read: 	 address = 0x4000481C, size = 4 bytes, value = 0x006010d0, pc=0x080038FA 
[   12.922834] [passthrough] Read: 	 address = 0x4000481C, size = 4 bytes, value = 0x006010d0, pc=0x0800392A 
[   12.923312] [passthrough] Read: 	 address = 0x4000481C, size = 4 bytes, value = 0x006010d0, pc=0x0800395E 
[   12.923774] [passthrough] Read: 	 address = 0x40004800, size = 4 bytes, value = 0x0000800d, pc=0x080038E0 
[   12.924300] [passthrough] Read: 	 address = 0x4000481C, size = 4 bytes, value = 0x006010d0, pc=0x080038FA 
[   12.924776] [passthrough] Read: 	 address = 0x4000481C, size = 4 bytes, value = 0x006010d0, pc=0x0800392A 
[   12.925302] [passthrough] Read: 	 address = 0x4000481C, size = 4 bytes, value = 0x006010d0, pc=0x0800395E 
[   12.925793] [passthrough] Read: 	 address = 0x40004800, size = 4 bytes, value = 0x0000800d, pc=0x080038E0 
[   12.926328] [passthrough] Read: 	 address = 0x4000481C, size = 4 bytes, value = 0x006010d0, pc=0x080038FA 
[   12.926802] [passthrough] Read: 	 address = 0x4000481C, size = 4 bytes, value = 0x006010d0, pc=0x0800392A 
[   12.927429] [passthrough] Read: 	 address = 0x4000481C, size = 4 bytes, value = 0x006010d0, pc=0x0800395E 
[   12.927938] [passthrough] Read: 	 address = 0x40004800, size = 4 bytes, value = 0x0000800d, pc=0x080038E0 
[   12.928669] [passthrough] Read: 	 address = 0x4000481C, size = 4 bytes, value = 0x006010d0, pc=0x080038FA 
[   12.929225] Interrupt Taken: 	 Vector = 0x0000000F
[   12.929310] Interrupt Served: 	 Vector = 0x0000000F
[   12.932854] [passthrough] Read: 	 address = 0x4000481C, size = 4 bytes, value = 0x006010d0, pc=0x0800392A 
[   12.933318] Interrupt Taken: 	 Vector = 0x0000000F
[   12.933431] Interrupt Served: 	 Vector = 0x0000000F
[   12.936277] Interrupt Taken: 	 Vector = 0x0000000F
[   12.936350] Interrupt Served: 	 Vector = 0x0000000F
[   12.939437] [passthrough] Read: 	 address = 0x4000481C, size = 4 bytes, value = 0x006010d0, pc=0x0800395E 
[   12.939982] [passthrough] Read: 	 address = 0x40004800, size = 4 bytes, value = 0x0000800d, pc=0x080038E0 
[   12.940496] [passthrough] Read: 	 address = 0x4000481C, size = 4 bytes, value = 0x006010d0, pc=0x080038FA 
[   12.941087] [passthrough] Read: 	 address = 0x4000481C, size = 4 bytes, value = 0x006010d0, pc=0x0800392A 
[   12.941567] Interrupt Taken: 	 Vector = 0x0000000F
[   12.941619] Interrupt Served: 	 Vector = 0x0000000F
[   12.944882] [passthrough] Read: 	 address = 0x4000481C, size = 4 bytes, value = 0x006010d0, pc=0x0800395E 
[   12.945419] Interrupt Taken: 	 Vector = 0x0000000F
[   12.945542] Interrupt Served: 	 Vector = 0x0000000F
[   12.948398] Interrupt Taken: 	 Vector = 0x0000000F
[   12.948519] Interrupt Served: 	 Vector = 0x0000000F
[   12.951776] [passthrough] Read: 	 address = 0x40004800, size = 4 bytes, value = 0x0000800d, pc=0x080038E0 
[   12.952269] [passthrough] Read: 	 address = 0x4000481C, size = 4 bytes, value = 0x006010d0, pc=0x080038FA 
[   12.952777] [passthrough] Read: 	 address = 0x4000481C, size = 4 bytes, value = 0x006010d0, pc=0x0800392A 
[   12.953332] [passthrough] Read: 	 address = 0x4000481C, size = 4 bytes, value = 0x006010d0, pc=0x0800395E 
[   12.953848] [passthrough] Read: 	 address = 0x40004800, size = 4 bytes, value = 0x0000800d, pc=0x080038E0 
[   12.954336] [passthrough] Read: 	 address = 0x4000481C, size = 4 bytes, value = 0x006010d0, pc=0x080038FA 
[   12.954770] [passthrough] Read: 	 address = 0x4000481C, size = 4 bytes, value = 0x006010d0, pc=0x0800392A 
[   12.955194] [passthrough] Read: 	 address = 0x4000481C, size = 4 bytes, value = 0x006010d0, pc=0x0800395E 
[   12.955620] [passthrough] Read: 	 address = 0x40004800, size = 4 bytes, value = 0x0000800d, pc=0x080038E0 
[   12.956106] [passthrough] Read: 	 address = 0x4000481C, size = 4 bytes, value = 0x006010d0, pc=0x080038FA 
[   12.956587] [passthrough] Read: 	 address = 0x4000481C, size = 4 bytes, value = 0x006010d0, pc=0x0800392A 
[   12.957225] [passthrough] Read: 	 address = 0x4000481C, size = 4 bytes, value = 0x006010d0, pc=0x0800395E 
[   12.957980] [passthrough] Read: 	 address = 0x40004800, size = 4 bytes, value = 0x0000800d, pc=0x080038E0 
[   12.958477] Interrupt Taken: 	 Vector = 0x0000000F
[   12.958613] Interrupt Served: 	 Vector = 0x0000000F
[   12.961576] Interrupt Taken: 	 Vector = 0x0000000F
[   12.961691] Interrupt Served: 	 Vector = 0x0000000F
[   12.964848] [passthrough] Read: 	 address = 0x4000481C, size = 4 bytes, value = 0x006010d0, pc=0x080038FA 
[   12.965448] [passthrough] Read: 	 address = 0x4000481C, size = 4 bytes, value = 0x006010d0, pc=0x0800392A 
[   12.966070] [passthrough] Read: 	 address = 0x4000481C, size = 4 bytes, value = 0x006010d0, pc=0x0800395E 
[   12.966752] [passthrough] Read: 	 address = 0x4000481C, size = 4 bytes, value = 0x006010d0, pc=0x0800395E 
[   12.967160] Interrupt Taken: 	 Vector = 0x0000000F
[   12.967285] Interrupt Served: 	 Vector = 0x0000000F
[   12.970152] Interrupt Taken: 	 Vector = 0x0000000F
[   12.970265] Interrupt Served: 	 Vector = 0x0000000F
[   12.973496] [passthrough] Read: 	 address = 0x40004800, size = 4 bytes, value = 0x0000800d, pc=0x080038E0 
[   12.974005] [passthrough] Read: 	 address = 0x4000481C, size = 4 bytes, value = 0x006010d0, pc=0x080038FA 
[   12.974606] [passthrough] Read: 	 address = 0x4000481C, size = 4 bytes, value = 0x006010d0, pc=0x0800392A 
[   12.975179] [passthrough] Read: 	 address = 0x4000481C, size = 4 bytes, value = 0x006010d0, pc=0x0800395E 
[   12.975698] [passthrough] Read: 	 address = 0x40004800, size = 4 bytes, value = 0x0000800d, pc=0x080038E0 
[   12.976214] [passthrough] Read: 	 address = 0x4000481C, size = 4 bytes, value = 0x006010d0, pc=0x080038FA 
[   12.976776] [passthrough] Read: 	 address = 0x4000481C, size = 4 bytes, value = 0x006010d0, pc=0x0800392A 
[   12.977348] [passthrough] Read: 	 address = 0x4000481C, size = 4 bytes, value = 0x006010d0, pc=0x0800395E 
[   12.978090] [passthrough] Read: 	 address = 0x40004800, size = 4 bytes, value = 0x0000800d, pc=0x080038E0 
[   12.978582] Interrupt Taken: 	 Vector = 0x0000000F
[   12.978731] Interrupt Served: 	 Vector = 0x0000000F
[   12.981622] Interrupt Taken: 	 Vector = 0x0000000F
[   12.981731] Interrupt Served: 	 Vector = 0x0000000F
[   12.985301] [passthrough] Read: 	 address = 0x4000481C, size = 4 bytes, value = 0x006010d0, pc=0x080038FA 
[   12.985817] Interrupt Taken: 	 Vector = 0x0000000F
[   12.985933] Interrupt Served: 	 Vector = 0x0000000F
[   12.988780] Interrupt Taken: 	 Vector = 0x0000000F
[   12.988851] Interrupt Served: 	 Vector = 0x0000000F
[   12.992246] [passthrough] Read: 	 address = 0x4000481C, size = 4 bytes, value = 0x006010d0, pc=0x0800392A 
[   12.992756] Interrupt Taken: 	 Vector = 0x0000000F
[   12.992856] Interrupt Served: 	 Vector = 0x0000000F
[   12.996202] [passthrough] Read: 	 address = 0x4000481C, size = 4 bytes, value = 0x006010d0, pc=0x0800395E 
[   12.996695] Interrupt Taken: 	 Vector = 0x0000000F
[   12.996766] Interrupt Served: 	 Vector = 0x0000000F
[   12.999983] [passthrough] Read: 	 address = 0x40004800, size = 4 bytes, value = 0x0000800d, pc=0x080038E0 
[   13.000532] Interrupt Taken: 	 Vector = 0x0000000F
[   13.000628] Interrupt Served: 	 Vector = 0x0000000F
[   13.003782] [passthrough] Read: 	 address = 0x4000481C, size = 4 bytes, value = 0x006010d0, pc=0x080038FA 
[   13.004251] Interrupt Taken: 	 Vector = 0x0000000F
[   13.004310] Interrupt Served: 	 Vector = 0x0000000F
[   13.007446] [passthrough] Read: 	 address = 0x4000481C, size = 4 bytes, value = 0x006010d0, pc=0x0800392A 
[   13.008003] [passthrough] Read: 	 address = 0x4000481C, size = 4 bytes, value = 0x006010d0, pc=0x0800395E 
[   13.008494] [passthrough] Read: 	 address = 0x40004800, size = 4 bytes, value = 0x0000800d, pc=0x080038E0 
[   13.008932] [passthrough] Read: 	 address = 0x4000481C, size = 4 bytes, value = 0x006010d0, pc=0x080038FA 
[   13.009409] [passthrough] Read: 	 address = 0x4000481C, size = 4 bytes, value = 0x006010d0, pc=0x0800392A 
[   13.009877] [passthrough] Read: 	 address = 0x4000481C, size = 4 bytes, value = 0x006010d0, pc=0x0800395E 
[   13.010335] [passthrough] Read: 	 address = 0x40004800, size = 4 bytes, value = 0x0000800d, pc=0x080038E0 
[   13.010870] [passthrough] Read: 	 address = 0x4000481C, size = 4 bytes, value = 0x006010d0, pc=0x080038FA 
[   13.011370] [passthrough] Read: 	 address = 0x4000481C, size = 4 bytes, value = 0x006010d0, pc=0x0800392A 
[   13.011848] [passthrough] Read: 	 address = 0x4000481C, size = 4 bytes, value = 0x006010d0, pc=0x0800395E 
[   13.012502] [passthrough] Read: 	 address = 0x40004800, size = 4 bytes, value = 0x0000800d, pc=0x080038E0 
[   13.012988] Interrupt Taken: 	 Vector = 0x0000000F
[   13.013178] Interrupt Served: 	 Vector = 0x0000000F
[   13.016167] Interrupt Taken: 	 Vector = 0x0000000F
[   13.016295] Interrupt Served: 	 Vector = 0x0000000F
[   13.019464] [passthrough] Read: 	 address = 0x4000481C, size = 4 bytes, value = 0x006010d0, pc=0x080038FA 
[   13.020052] [passthrough] Read: 	 address = 0x4000481C, size = 4 bytes, value = 0x006010d0, pc=0x0800392A 
[   13.020634] [passthrough] Read: 	 address = 0x4000481C, size = 4 bytes, value = 0x006010d0, pc=0x0800395E 
[   13.021118] [passthrough] Read: 	 address = 0x4000481C, size = 4 bytes, value = 0x006010d0, pc=0x0800395E 
[   13.021837] [passthrough] Read: 	 address = 0x40004800, size = 4 bytes, value = 0x0000800d, pc=0x080038E0 
[   13.022356] Interrupt Taken: 	 Vector = 0x0000000F
[   13.022416] Interrupt Served: 	 Vector = 0x0000000F
[   13.025698] [passthrough] Read: 	 address = 0x4000481C, size = 4 bytes, value = 0x006010d0, pc=0x080038FA 
[   13.026306] Interrupt Taken: 	 Vector = 0x0000000F
[   13.026466] Interrupt Served: 	 Vector = 0x0000000F
[   13.029537] Interrupt Taken: 	 Vector = 0x0000000F
[   13.029634] Interrupt Served: 	 Vector = 0x0000000F
[   13.032898] [passthrough] Read: 	 address = 0x4000481C, size = 4 bytes, value = 0x006010d0, pc=0x0800392A 
[   13.033463] [passthrough] Read: 	 address = 0x4000481C, size = 4 bytes, value = 0x006010d0, pc=0x0800395E 
[   13.034207] [passthrough] Read: 	 address = 0x40004800, size = 4 bytes, value = 0x0000800d, pc=0x080038E0 
[   13.034710] Interrupt Taken: 	 Vector = 0x0000000F
[   13.034867] Interrupt Served: 	 Vector = 0x0000000F
[   13.037790] Interrupt Taken: 	 Vector = 0x0000000F
[   13.037867] Interrupt Served: 	 Vector = 0x0000000F
[   13.041011] [passthrough] Read: 	 address = 0x4000481C, size = 4 bytes, value = 0x006010d0, pc=0x080038FA 
[   13.041577] [passthrough] Read: 	 address = 0x4000481C, size = 4 bytes, value = 0x006010d0, pc=0x0800392A 
[   13.042152] [passthrough] Read: 	 address = 0x4000481C, size = 4 bytes, value = 0x006010d0, pc=0x0800395E 
[   13.042664] [passthrough] Read: 	 address = 0x40004800, size = 4 bytes, value = 0x0000800d, pc=0x080038E0 
[   13.043171] [passthrough] Read: 	 address = 0x4000481C, size = 4 bytes, value = 0x006010d0, pc=0x080038FA 
[   13.043667] [passthrough] Read: 	 address = 0x4000481C, size = 4 bytes, value = 0x006010d0, pc=0x0800392A 
[   13.044167] [passthrough] Read: 	 address = 0x4000481C, size = 4 bytes, value = 0x006010d0, pc=0x0800395E 
[   13.044716] [passthrough] Read: 	 address = 0x40004800, size = 4 bytes, value = 0x0000800d, pc=0x080038E0 
[   13.045209] Interrupt Taken: 	 Vector = 0x0000000F
[   13.045268] Interrupt Served: 	 Vector = 0x0000000F
[   13.048513] [passthrough] Read: 	 address = 0x4000481C, size = 4 bytes, value = 0x006010d0, pc=0x080038FA 
[   13.048994] Interrupt Taken: 	 Vector = 0x0000000F
[   13.049138] Interrupt Served: 	 Vector = 0x0000000F
[   13.051885] Interrupt Taken: 	 Vector = 0x0000000F
[   13.051967] Interrupt Served: 	 Vector = 0x0000000F
[   13.055203] [passthrough] Read: 	 address = 0x4000481C, size = 4 bytes, value = 0x006010d0, pc=0x0800392A 
[   13.055702] [passthrough] Read: 	 address = 0x4000481C, size = 4 bytes, value = 0x006010d0, pc=0x0800395E 
[   13.056180] [passthrough] Read: 	 address = 0x40004800, size = 4 bytes, value = 0x0000800d, pc=0x080038E0 
[   13.056644] [passthrough] Read: 	 address = 0x4000481C, size = 4 bytes, value = 0x006010d0, pc=0x080038FA 
[   13.057141] [passthrough] Read: 	 address = 0x4000481C, size = 4 bytes, value = 0x006010d0, pc=0x0800392A 
[   13.057622] [passthrough] Read: 	 address = 0x4000481C, size = 4 bytes, value = 0x006010d0, pc=0x0800395E 
[   13.058239] [passthrough] Read: 	 address = 0x40004800, size = 4 bytes, value = 0x0000800d, pc=0x080038E0 
[   13.058713] Interrupt Taken: 	 Vector = 0x0000000F
[   13.058766] Interrupt Served: 	 Vector = 0x0000000F
[   13.061911] [passthrough] Read: 	 address = 0x4000481C, size = 4 bytes, value = 0x006010d0, pc=0x080038FA 
[   13.062521] [passthrough] Read: 	 address = 0x4000481C, size = 4 bytes, value = 0x006010d0, pc=0x0800392A 
[   13.062930] Interrupt Taken: 	 Vector = 0x0000000F
[   13.063086] Interrupt Served: 	 Vector = 0x0000000F
[   13.065963] Interrupt Taken: 	 Vector = 0x0000000F
[   13.066103] Interrupt Served: 	 Vector = 0x0000000F
[   13.069622] [passthrough] Read: 	 address = 0x4000481C, size = 4 bytes, value = 0x006010d0, pc=0x0800395E 
[   13.070233] [passthrough] Read: 	 address = 0x4000481C, size = 4 bytes, value = 0x006010d0, pc=0x0800395E 
[   13.070664] Interrupt Taken: 	 Vector = 0x0000000F
[   13.070718] Interrupt Served: 	 Vector = 0x0000000F
[   13.073764] [passthrough] Read: 	 address = 0x40004800, size = 4 bytes, value = 0x0000800d, pc=0x080038E0 
[   13.074362] [passthrough] Read: 	 address = 0x4000481C, size = 4 bytes, value = 0x006010d0, pc=0x080038FA 
[   13.074859] [passthrough] Read: 	 address = 0x4000481C, size = 4 bytes, value = 0x006010d0, pc=0x0800392A 
[   13.075369] [passthrough] Read: 	 address = 0x4000481C, size = 4 bytes, value = 0x006010d0, pc=0x0800395E 
[   13.075961] [passthrough] Read: 	 address = 0x40004800, size = 4 bytes, value = 0x0000800d, pc=0x080038E0 
[   13.076434] Interrupt Taken: 	 Vector = 0x0000000F
[   13.076549] Interrupt Served: 	 Vector = 0x0000000F
[   13.079592] Interrupt Taken: 	 Vector = 0x0000000F
[   13.079835] Interrupt Served: 	 Vector = 0x0000000F
[   13.082852] Interrupt Taken: 	 Vector = 0x0000000F
[   13.082975] Interrupt Served: 	 Vector = 0x0000000F
[   13.086339] [passthrough] Read: 	 address = 0x4000481C, size = 4 bytes, value = 0x006010d0, pc=0x080038FA 
[   13.086767] Interrupt Taken: 	 Vector = 0x0000000F
[   13.086807] Interrupt Served: 	 Vector = 0x0000000F
[   13.090081] [passthrough] Read: 	 address = 0x4000481C, size = 4 bytes, value = 0x006010d0, pc=0x0800392A 
[   13.090526] Interrupt Taken: 	 Vector = 0x0000000F
[   13.090638] Interrupt Served: 	 Vector = 0x0000000F
[   13.093433] Interrupt Taken: 	 Vector = 0x0000000F
[   13.093521] Interrupt Served: 	 Vector = 0x0000000F
[   13.096626] [passthrough] Read: 	 address = 0x4000481C, size = 4 bytes, value = 0x006010d0, pc=0x0800395E 
[   13.097095] [passthrough] Read: 	 address = 0x40004800, size = 4 bytes, value = 0x0000800d, pc=0x080038E0 
[   13.097562] [passthrough] Read: 	 address = 0x4000481C, size = 4 bytes, value = 0x006010d0, pc=0x080038FA 
[   13.097962] [passthrough] Read: 	 address = 0x4000481C, size = 4 bytes, value = 0x006010d0, pc=0x0800392A 
[   13.098404] [passthrough] Read: 	 address = 0x4000481C, size = 4 bytes, value = 0x006010d0, pc=0x0800395E 
[   13.098836] [passthrough] Read: 	 address = 0x40004800, size = 4 bytes, value = 0x0000800d, pc=0x080038E0 
[   13.099352] [passthrough] Read: 	 address = 0x4000481C, size = 4 bytes, value = 0x006010d0, pc=0x080038FA 
[   13.099821] [passthrough] Read: 	 address = 0x4000481C, size = 4 bytes, value = 0x006010d0, pc=0x0800392A 
[   13.100291] [passthrough] Read: 	 address = 0x4000481C, size = 4 bytes, value = 0x006010d0, pc=0x0800395E 
[   13.101060] [passthrough] Read: 	 address = 0x40004800, size = 4 bytes, value = 0x0000800d, pc=0x080038E0 
[   13.101552] Interrupt Taken: 	 Vector = 0x0000000F
[   13.101613] Interrupt Served: 	 Vector = 0x0000000F
[   13.104747] [passthrough] Read: 	 address = 0x4000481C, size = 4 bytes, value = 0x006010d0, pc=0x080038FA 
[   13.105329] [passthrough] Read: 	 address = 0x4000481C, size = 4 bytes, value = 0x006010d0, pc=0x0800392A 
[   13.105766] Interrupt Taken: 	 Vector = 0x0000000F
[   13.105877] Interrupt Served: 	 Vector = 0x0000000F
[   13.108857] Interrupt Taken: 	 Vector = 0x0000000F
[   13.108971] Interrupt Served: 	 Vector = 0x0000000F
[   13.112652] [passthrough] Read: 	 address = 0x4000481C, size = 4 bytes, value = 0x006010d0, pc=0x0800395E 
[   13.113111] Interrupt Taken: 	 Vector = 0x0000000F
[   13.113156] Interrupt Served: 	 Vector = 0x0000000F
[   13.116416] [passthrough] Read: 	 address = 0x4000481C, size = 4 bytes, value = 0x006010d0, pc=0x0800395E 
[   13.117162] [passthrough] Read: 	 address = 0x40004800, size = 4 bytes, value = 0x0000800d, pc=0x080038E0 
[   13.117671] Interrupt Taken: 	 Vector = 0x0000000F
[   13.117740] Interrupt Served: 	 Vector = 0x0000000F
[   13.120953] [passthrough] Read: 	 address = 0x4000481C, size = 4 bytes, value = 0x006010d0, pc=0x080038FA 
[   13.121396] Interrupt Taken: 	 Vector = 0x0000000F
[   13.121457] Interrupt Served: 	 Vector = 0x0000000F
[   13.124636] [passthrough] Read: 	 address = 0x4000481C, size = 4 bytes, value = 0x006010d0, pc=0x0800392A 
[   13.125184] Interrupt Taken: 	 Vector = 0x0000000F
[   13.125252] Interrupt Served: 	 Vector = 0x0000000F
[   13.128514] [passthrough] Read: 	 address = 0x4000481C, size = 4 bytes, value = 0x006010d0, pc=0x0800395E 
[   13.129044] Interrupt Taken: 	 Vector = 0x0000000F
[   13.129103] Interrupt Served: 	 Vector = 0x0000000F
[   13.132406] [passthrough] Read: 	 address = 0x40004800, size = 4 bytes, value = 0x0000800d, pc=0x080038E0 
[   13.132876] Interrupt Taken: 	 Vector = 0x0000000F
[   13.133028] Interrupt Served: 	 Vector = 0x0000000F
[   13.136062] Interrupt Taken: 	 Vector = 0x0000000F
[   13.136170] Interrupt Served: 	 Vector = 0x0000000F
[   13.139481] [passthrough] Read: 	 address = 0x4000481C, size = 4 bytes, value = 0x006010d0, pc=0x080038FA 
[   13.140048] [passthrough] Read: 	 address = 0x4000481C, size = 4 bytes, value = 0x006010d0, pc=0x0800392A 
[   13.140520] [passthrough] Read: 	 address = 0x4000481C, size = 4 bytes, value = 0x006010d0, pc=0x0800395E 
[   13.140965] [passthrough] Read: 	 address = 0x40004800, size = 4 bytes, value = 0x0000800d, pc=0x080038E0 
[   13.141582] [passthrough] Read: 	 address = 0x4000481C, size = 4 bytes, value = 0x006010d0, pc=0x080038FA 
[   13.142261] [passthrough] Read: 	 address = 0x4000481C, size = 4 bytes, value = 0x006010d0, pc=0x0800392A 
[   13.142768] Interrupt Taken: 	 Vector = 0x0000000F
[   13.142904] Interrupt Served: 	 Vector = 0x0000000F
[   13.145903] Interrupt Taken: 	 Vector = 0x0000000F
[   13.146009] Interrupt Served: 	 Vector = 0x0000000F
[   13.149175] [passthrough] Read: 	 address = 0x4000481C, size = 4 bytes, value = 0x006010d0, pc=0x0800395E 
[   13.149766] [passthrough] Read: 	 address = 0x40004800, size = 4 bytes, value = 0x0000800d, pc=0x080038E0 
[   13.150713] [passthrough] Read: 	 address = 0x4000481C, size = 4 bytes, value = 0x006010d0, pc=0x080038FA 
[   13.151323] [passthrough] Read: 	 address = 0x4000481C, size = 4 bytes, value = 0x006010d0, pc=0x0800392A 
[   13.151815] [passthrough] Read: 	 address = 0x4000481C, size = 4 bytes, value = 0x006010d0, pc=0x0800395E 
[   13.152297] [passthrough] Read: 	 address = 0x40004800, size = 4 bytes, value = 0x0000800d, pc=0x080038E0 
[   13.152750] [passthrough] Read: 	 address = 0x4000481C, size = 4 bytes, value = 0x006010d0, pc=0x080038FA 
[   13.153197] [passthrough] Read: 	 address = 0x4000481C, size = 4 bytes, value = 0x006010d0, pc=0x0800392A 
[   13.153644] [passthrough] Read: 	 address = 0x4000481C, size = 4 bytes, value = 0x006010d0, pc=0x0800395E 
[   13.154108] [passthrough] Read: 	 address = 0x40004800, size = 4 bytes, value = 0x0000800d, pc=0x080038E0 
[   13.154573] [passthrough] Read: 	 address = 0x4000481C, size = 4 bytes, value = 0x006010d0, pc=0x080038FA 
[   13.155054] [passthrough] Read: 	 address = 0x4000481C, size = 4 bytes, value = 0x006010d0, pc=0x0800392A 
[   13.155622] [passthrough] Read: 	 address = 0x4000481C, size = 4 bytes, value = 0x006010d0, pc=0x0800395E 
[   13.156339] [passthrough] Read: 	 address = 0x40004800, size = 4 bytes, value = 0x0000800d, pc=0x080038E0 
[   13.156815] Interrupt Taken: 	 Vector = 0x0000000F
[   13.156866] Interrupt Served: 	 Vector = 0x0000000F
[   13.159887] [passthrough] Read: 	 address = 0x4000481C, size = 4 bytes, value = 0x006010d0, pc=0x080038FA 
[   13.160376] Interrupt Taken: 	 Vector = 0x0000000F
[   13.160513] Interrupt Served: 	 Vector = 0x0000000F
[   13.163626] Interrupt Taken: 	 Vector = 0x0000000F
[   13.163732] Interrupt Served: 	 Vector = 0x0000000F
[   13.167110] [passthrough] Read: 	 address = 0x4000481C, size = 4 bytes, value = 0x006010d0, pc=0x0800392A 
[   13.167644] [passthrough] Read: 	 address = 0x4000481C, size = 4 bytes, value = 0x006010d0, pc=0x0800395E 
[   13.168375] [passthrough] Read: 	 address = 0x4000481C, size = 4 bytes, value = 0x006010d0, pc=0x0800395E 
[   13.168886] Interrupt Taken: 	 Vector = 0x0000000F
[   13.169041] Interrupt Served: 	 Vector = 0x0000000F
[   13.172059] Interrupt Taken: 	 Vector = 0x0000000F
[   13.172146] Interrupt Served: 	 Vector = 0x0000000F
[   13.175261] [passthrough] Read: 	 address = 0x40004800, size = 4 bytes, value = 0x0000800d, pc=0x080038E0 
[   13.175801] [passthrough] Read: 	 address = 0x4000481C, size = 4 bytes, value = 0x006010d0, pc=0x080038FA 
[   13.176283] [passthrough] Read: 	 address = 0x4000481C, size = 4 bytes, value = 0x006010d0, pc=0x0800392A 
[   13.176830] [passthrough] Read: 	 address = 0x4000481C, size = 4 bytes, value = 0x006010d0, pc=0x0800395E 
[   13.177564] [passthrough] Read: 	 address = 0x40004800, size = 4 bytes, value = 0x0000800d, pc=0x080038E0 
[   13.178077] Interrupt Taken: 	 Vector = 0x0000000F
[   13.178129] Interrupt Served: 	 Vector = 0x0000000F
[   13.181459] [passthrough] Read: 	 address = 0x4000481C, size = 4 bytes, value = 0x006010d0, pc=0x080038FA 
[   13.181993] Interrupt Taken: 	 Vector = 0x0000000F
[   13.182091] Interrupt Served: 	 Vector = 0x0000000F
[   13.185281] [passthrough] Read: 	 address = 0x4000481C, size = 4 bytes, value = 0x006010d0, pc=0x0800392A 
[   13.185797] [passthrough] Read: 	 address = 0x4000481C, size = 4 bytes, value = 0x006010d0, pc=0x0800395E 
[   13.186267] [passthrough] Read: 	 address = 0x40004800, size = 4 bytes, value = 0x0000800d, pc=0x080038E0 
[   13.186743] [passthrough] Read: 	 address = 0x4000481C, size = 4 bytes, value = 0x006010d0, pc=0x080038FA 
[   13.187231] [passthrough] Read: 	 address = 0x4000481C, size = 4 bytes, value = 0x006010d0, pc=0x0800392A 
[   13.187686] [passthrough] Read: 	 address = 0x4000481C, size = 4 bytes, value = 0x006010d0, pc=0x0800395E 
[   13.188225] [passthrough] Read: 	 address = 0x40004800, size = 4 bytes, value = 0x0000800d, pc=0x080038E0 
[   13.188697] [passthrough] Read: 	 address = 0x4000481C, size = 4 bytes, value = 0x006010d0, pc=0x080038FA 
[   13.189136] [passthrough] Read: 	 address = 0x4000481C, size = 4 bytes, value = 0x006010d0, pc=0x0800392A 
[   13.189554] [passthrough] Read: 	 address = 0x4000481C, size = 4 bytes, value = 0x006010d0, pc=0x0800395E 
[   13.190051] [passthrough] Read: 	 address = 0x40004800, size = 4 bytes, value = 0x0000800d, pc=0x080038E0 
[   13.190554] [passthrough] Read: 	 address = 0x4000481C, size = 4 bytes, value = 0x006010d0, pc=0x080038FA 
[   13.191377] [passthrough] Read: 	 address = 0x4000481C, size = 4 bytes, value = 0x006010d0, pc=0x0800392A 
[   13.191781] [passthrough] Read: 	 address = 0x4000481C, size = 4 bytes, value = 0x006010d0, pc=0x0800395E 
[   13.192298] [passthrough] Read: 	 address = 0x40004800, size = 4 bytes, value = 0x0000800d, pc=0x080038E0 
[   13.192766] [passthrough] Read: 	 address = 0x4000481C, size = 4 bytes, value = 0x006010d0, pc=0x080038FA 
[   13.193250] [passthrough] Read: 	 address = 0x4000481C, size = 4 bytes, value = 0x006010d0, pc=0x0800392A 
[   13.193717] [passthrough] Read: 	 address = 0x4000481C, size = 4 bytes, value = 0x006010d0, pc=0x0800395E 
[   13.194192] [passthrough] Read: 	 address = 0x40004800, size = 4 bytes, value = 0x0000800d, pc=0x080038E0 
[   13.194672] [passthrough] Read: 	 address = 0x4000481C, size = 4 bytes, value = 0x006010d0, pc=0x080038FA 
[   13.195161] [passthrough] Read: 	 address = 0x4000481C, size = 4 bytes, value = 0x006010d0, pc=0x0800392A 
[   13.195636] [passthrough] Read: 	 address = 0x4000481C, size = 4 bytes, value = 0x006010d0, pc=0x0800395E 
[   13.196303] [passthrough] Read: 	 address = 0x40004800, size = 4 bytes, value = 0x0000800d, pc=0x080038E0 
[   13.196769] Interrupt Taken: 	 Vector = 0x0000000F
[   13.196897] Interrupt Served: 	 Vector = 0x0000000F
[   13.199838] Interrupt Taken: 	 Vector = 0x0000000F
[   13.199956] Interrupt Served: 	 Vector = 0x0000000F
[   13.203171] [passthrough] Read: 	 address = 0x4000481C, size = 4 bytes, value = 0x006010d0, pc=0x080038FA 
[   13.203655] [passthrough] Read: 	 address = 0x4000481C, size = 4 bytes, value = 0x006010d0, pc=0x0800392A 
[   13.204163] [passthrough] Read: 	 address = 0x4000481C, size = 4 bytes, value = 0x006010d0, pc=0x0800395E 
[   13.204628] [passthrough] Read: 	 address = 0x40004800, size = 4 bytes, value = 0x0000800d, pc=0x080038E0 
[   13.205148] [passthrough] Read: 	 address = 0x4000481C, size = 4 bytes, value = 0x006010d0, pc=0x080038FA 
[   13.205696] [passthrough] Read: 	 address = 0x4000481C, size = 4 bytes, value = 0x006010d0, pc=0x0800392A 
[   13.206209] [passthrough] Read: 	 address = 0x4000481C, size = 4 bytes, value = 0x006010d0, pc=0x0800395E 
[   13.206715] [passthrough] Read: 	 address = 0x40004800, size = 4 bytes, value = 0x0000800d, pc=0x080038E0 
[   13.207239] [passthrough] Read: 	 address = 0x4000481C, size = 4 bytes, value = 0x006010d0, pc=0x080038FA 
[   13.207730] [passthrough] Read: 	 address = 0x4000481C, size = 4 bytes, value = 0x006010d0, pc=0x0800392A 
[   13.208241] [passthrough] Read: 	 address = 0x4000481C, size = 4 bytes, value = 0x006010d0, pc=0x0800395E 
[   13.208757] [passthrough] Read: 	 address = 0x40004800, size = 4 bytes, value = 0x0000800d, pc=0x080038E0 
[   13.209270] [passthrough] Read: 	 address = 0x4000481C, size = 4 bytes, value = 0x006010d0, pc=0x080038FA 
[   13.209809] [passthrough] Read: 	 address = 0x4000481C, size = 4 bytes, value = 0x006010d0, pc=0x0800392A 
[   13.210720] [passthrough] Read: 	 address = 0x4000481C, size = 4 bytes, value = 0x006010d0, pc=0x0800395E 
[   13.211222] Interrupt Taken: 	 Vector = 0x0000000F
[   13.211357] Interrupt Served: 	 Vector = 0x0000000F
[   13.214509] Interrupt Taken: 	 Vector = 0x0000000F
[   13.214612] Interrupt Served: 	 Vector = 0x0000000F
[   13.217989] [passthrough] Read: 	 address = 0x40004800, size = 4 bytes, value = 0x0000800d, pc=0x080038E0 
[   13.218442] Interrupt Taken: 	 Vector = 0x0000000F
[   13.218555] Interrupt Served: 	 Vector = 0x0000000F
[   13.221616] Interrupt Taken: 	 Vector = 0x0000000F
[   13.221722] Interrupt Served: 	 Vector = 0x0000000F
[   13.224840] [passthrough] Read: 	 address = 0x4000481C, size = 4 bytes, value = 0x006010d0, pc=0x080038FA 
[   13.225305] Interrupt Taken: 	 Vector = 0x0000000F
[   13.225363] Interrupt Served: 	 Vector = 0x0000000F
[   13.228389] [passthrough] Read: 	 address = 0x4000481C, size = 4 bytes, value = 0x006010d0, pc=0x0800392A 
[   13.228908] [passthrough] Read: 	 address = 0x4000481C, size = 4 bytes, value = 0x006010d0, pc=0x0800395E 
[   13.229388] [passthrough] Read: 	 address = 0x4000481C, size = 4 bytes, value = 0x006010d0, pc=0x0800395E 
[   13.230099] [passthrough] Read: 	 address = 0x40004800, size = 4 bytes, value = 0x0000800d, pc=0x080038E0 
[   13.230657] Interrupt Taken: 	 Vector = 0x0000000F
[   13.230748] Interrupt Served: 	 Vector = 0x0000000F
[   13.233902] [passthrough] Read: 	 address = 0x4000481C, size = 4 bytes, value = 0x006010d0, pc=0x080038FA 
[   13.234618] Interrupt Taken: 	 Vector = 0x0000000F
[   13.234671] Interrupt Served: 	 Vector = 0x0000000F
[   13.237865] [passthrough] Read: 	 address = 0x4000481C, size = 4 bytes, value = 0x006010d0, pc=0x0800392A 
[   13.238419] [passthrough] Read: 	 address = 0x4000481C, size = 4 bytes, value = 0x006010d0, pc=0x0800395E 
[   13.238930] [passthrough] Read: 	 address = 0x40004800, size = 4 bytes, value = 0x0000800d, pc=0x080038E0 
[   13.239368] [passthrough] Read: 	 address = 0x4000481C, size = 4 bytes, value = 0x006010d0, pc=0x080038FA 
[   13.239835] [passthrough] Read: 	 address = 0x4000481C, size = 4 bytes, value = 0x006010d0, pc=0x0800392A 
[   13.240395] [passthrough] Read: 	 address = 0x4000481C, size = 4 bytes, value = 0x006010d0, pc=0x0800395E 
[   13.241244] [passthrough] Read: 	 address = 0x40004800, size = 4 bytes, value = 0x0000800d, pc=0x080038E0 
[   13.241725] Interrupt Taken: 	 Vector = 0x0000000F
[   13.241854] Interrupt Served: 	 Vector = 0x0000000F
[   13.244686] Interrupt Taken: 	 Vector = 0x0000000F
[   13.244763] Interrupt Served: 	 Vector = 0x0000000F
[   13.248594] [passthrough] Read: 	 address = 0x4000481C, size = 4 bytes, value = 0x006010d0, pc=0x080038FA 
[   13.249344] [passthrough] Read: 	 address = 0x4000481C, size = 4 bytes, value = 0x006010d0, pc=0x0800392A 
[   13.249799] Interrupt Taken: 	 Vector = 0x0000000F
[   13.249881] Interrupt Served: 	 Vector = 0x0000000F
[   13.253096] [passthrough] Read: 	 address = 0x4000481C, size = 4 bytes, value = 0x006010d0, pc=0x0800395E 
[   13.253674] [passthrough] Read: 	 address = 0x40004800, size = 4 bytes, value = 0x0000800d, pc=0x080038E0 
[   13.254169] [passthrough] Read: 	 address = 0x4000481C, size = 4 bytes, value = 0x006010d0, pc=0x080038FA 
[   13.254643] [passthrough] Read: 	 address = 0x4000481C, size = 4 bytes, value = 0x006010d0, pc=0x0800392A 
[   13.255130] [passthrough] Read: 	 address = 0x4000481C, size = 4 bytes, value = 0x006010d0, pc=0x0800395E 
[   13.255734] [passthrough] Read: 	 address = 0x40004800, size = 4 bytes, value = 0x0000800d, pc=0x080038E0 
[   13.256176] Interrupt Taken: 	 Vector = 0x0000000F
[   13.256295] Interrupt Served: 	 Vector = 0x0000000F
[   13.259281] Interrupt Taken: 	 Vector = 0x0000000F
[   13.259365] Interrupt Served: 	 Vector = 0x0000000F
[   13.262662] [passthrough] Read: 	 address = 0x4000481C, size = 4 bytes, value = 0x006010d0, pc=0x080038FA 
[   13.263317] [passthrough] Read: 	 address = 0x4000481C, size = 4 bytes, value = 0x006010d0, pc=0x0800392A 
[   13.263824] Interrupt Taken: 	 Vector = 0x0000000F
[   13.263947] Interrupt Served: 	 Vector = 0x0000000F
[   13.266867] Interrupt Taken: 	 Vector = 0x0000000F
[   13.266941] Interrupt Served: 	 Vector = 0x0000000F
[   13.270138] [passthrough] Read: 	 address = 0x4000481C, size = 4 bytes, value = 0x006010d0, pc=0x0800395E 
[   13.270572] [passthrough] Read: 	 address = 0x40004800, size = 4 bytes, value = 0x0000800d, pc=0x080038E0 
[   13.271182] [passthrough] Read: 	 address = 0x4000481C, size = 4 bytes, value = 0x006010d0, pc=0x080038FA 
[   13.271623] Interrupt Taken: 	 Vector = 0x0000000F
[   13.271698] Interrupt Served: 	 Vector = 0x0000000F
[   13.274725] Interrupt Taken: 	 Vector = 0x0000000F
[   13.274812] Interrupt Served: 	 Vector = 0x0000000F
[   13.278512] [passthrough] Read: 	 address = 0x4000481C, size = 4 bytes, value = 0x006010d0, pc=0x0800392A 
[   13.279103] [passthrough] Read: 	 address = 0x4000481C, size = 4 bytes, value = 0x006010d0, pc=0x0800395E 
[   13.279645] [passthrough] Read: 	 address = 0x4000481C, size = 4 bytes, value = 0x006010d0, pc=0x0800395E 
[   13.280149] [passthrough] Read: 	 address = 0x40004800, size = 4 bytes, value = 0x0000800d, pc=0x080038E0 
[   13.280642] [passthrough] Read: 	 address = 0x4000481C, size = 4 bytes, value = 0x006010d0, pc=0x080038FA 
[   13.281129] [passthrough] Read: 	 address = 0x4000481C, size = 4 bytes, value = 0x006010d0, pc=0x0800392A 
[   13.281569] [passthrough] Read: 	 address = 0x4000481C, size = 4 bytes, value = 0x006010d0, pc=0x0800395E 
[   13.282201] [passthrough] Read: 	 address = 0x40004800, size = 4 bytes, value = 0x0000800d, pc=0x080038E0 
[   13.282640] Interrupt Taken: 	 Vector = 0x0000000F
[   13.282747] Interrupt Served: 	 Vector = 0x0000000F
[   13.285629] Interrupt Taken: 	 Vector = 0x0000000F
[   13.285732] Interrupt Served: 	 Vector = 0x0000000F
[   13.288791] [passthrough] Read: 	 address = 0x4000481C, size = 4 bytes, value = 0x006010d0, pc=0x080038FA 
[   13.289337] [passthrough] Read: 	 address = 0x4000481C, size = 4 bytes, value = 0x006010d0, pc=0x0800392A 
[   13.289925] [passthrough] Read: 	 address = 0x4000481C, size = 4 bytes, value = 0x006010d0, pc=0x0800395E 
[   13.290641] [passthrough] Read: 	 address = 0x40004800, size = 4 bytes, value = 0x0000800d, pc=0x080038E0 
[   13.291100] Interrupt Taken: 	 Vector = 0x0000000F
[   13.291159] Interrupt Served: 	 Vector = 0x0000000F
[   13.294496] [passthrough] Read: 	 address = 0x4000481C, size = 4 bytes, value = 0x006010d0, pc=0x080038FA 
[   13.294991] Interrupt Taken: 	 Vector = 0x0000000F
[   13.295089] Interrupt Served: 	 Vector = 0x0000000F
[   13.298250] [passthrough] Read: 	 address = 0x4000481C, size = 4 bytes, value = 0x006010d0, pc=0x0800392A 
[   13.298738] [passthrough] Read: 	 address = 0x4000481C, size = 4 bytes, value = 0x006010d0, pc=0x0800395E 
[   13.299326] [passthrough] Read: 	 address = 0x40004800, size = 4 bytes, value = 0x0000800d, pc=0x080038E0 
[   13.299831] [passthrough] Read: 	 address = 0x4000481C, size = 4 bytes, value = 0x006010d0, pc=0x080038FA 
[   13.300357] [passthrough] Read: 	 address = 0x4000481C, size = 4 bytes, value = 0x006010d0, pc=0x0800392A 
[   13.300881] [passthrough] Read: 	 address = 0x4000481C, size = 4 bytes, value = 0x006010d0, pc=0x0800395E 
[   13.301454] [passthrough] Read: 	 address = 0x40004800, size = 4 bytes, value = 0x0000800d, pc=0x080038E0 
[   13.301899] Interrupt Taken: 	 Vector = 0x0000000F
[   13.301958] Interrupt Served: 	 Vector = 0x0000000F
[   13.305083] [passthrough] Read: 	 address = 0x4000481C, size = 4 bytes, value = 0x006010d0, pc=0x080038FA 
[   13.305636] [passthrough] Read: 	 address = 0x4000481C, size = 4 bytes, value = 0x006010d0, pc=0x0800392A 
[   13.306129] Interrupt Taken: 	 Vector = 0x0000000F
[   13.306224] Interrupt Served: 	 Vector = 0x0000000F
[   13.309183] Interrupt Taken: 	 Vector = 0x0000000F
[   13.309260] Interrupt Served: 	 Vector = 0x0000000F
[   13.312519] [passthrough] Read: 	 address = 0x4000481C, size = 4 bytes, value = 0x006010d0, pc=0x0800395E 
[   13.313055] Interrupt Taken: 	 Vector = 0x0000000F
[   13.313143] Interrupt Served: 	 Vector = 0x0000000F
[   13.316541] [passthrough] Read: 	 address = 0x40004800, size = 4 bytes, value = 0x0000800d, pc=0x080038E0 
[   13.317069] Interrupt Taken: 	 Vector = 0x0000000F
[   13.317181] Interrupt Served: 	 Vector = 0x0000000F
[   13.320150] Interrupt Taken: 	 Vector = 0x0000000F
[   13.320225] Interrupt Served: 	 Vector = 0x0000000F
[   13.323571] [passthrough] Read: 	 address = 0x4000481C, size = 4 bytes, value = 0x006010d0, pc=0x080038FA 
[   13.324067] Interrupt Taken: 	 Vector = 0x0000000F
[   13.324119] Interrupt Served: 	 Vector = 0x0000000F
[   13.327377] [passthrough] Read: 	 address = 0x4000481C, size = 4 bytes, value = 0x006010d0, pc=0x0800392A 
[   13.327923] [passthrough] Read: 	 address = 0x4000481C, size = 4 bytes, value = 0x006010d0, pc=0x0800395E 
[   13.328604] [passthrough] Read: 	 address = 0x4000481C, size = 4 bytes, value = 0x006010d0, pc=0x0800395E 
[   13.329123] Interrupt Taken: 	 Vector = 0x0000000F
[   13.329172] Interrupt Served: 	 Vector = 0x0000000F
[   13.332183] Interrupt Taken: 	 Vector = 0x0000000F
[   13.332649] Interrupt Served: 	 Vector = 0x0000000F
[   13.335653] [passthrough] Read: 	 address = 0x40004800, size = 4 bytes, value = 0x0000800d, pc=0x080038E0 
[   13.336247] [passthrough] Read: 	 address = 0x4000481C, size = 4 bytes, value = 0x006010d0, pc=0x080038FA 
[   13.336787] [passthrough] Read: 	 address = 0x4000481C, size = 4 bytes, value = 0x006010d0, pc=0x0800392A 
[   13.337335] [passthrough] Read: 	 address = 0x4000481C, size = 4 bytes, value = 0x006010d0, pc=0x0800395E 
[   13.337960] [passthrough] Read: 	 address = 0x40004800, size = 4 bytes, value = 0x0000800d, pc=0x080038E0 
[   13.338488] Interrupt Taken: 	 Vector = 0x0000000F
[   13.338655] Interrupt Served: 	 Vector = 0x0000000F
[   13.341488] Interrupt Taken: 	 Vector = 0x0000000F
[   13.341559] Interrupt Served: 	 Vector = 0x0000000F
[   13.344640] [passthrough] Read: 	 address = 0x4000481C, size = 4 bytes, value = 0x006010d0, pc=0x080038FA 
[   13.345153] [passthrough] Read: 	 address = 0x4000481C, size = 4 bytes, value = 0x006010d0, pc=0x0800392A 
[   13.345607] [passthrough] Read: 	 address = 0x4000481C, size = 4 bytes, value = 0x006010d0, pc=0x0800395E 
[   13.346085] [passthrough] Read: 	 address = 0x40004800, size = 4 bytes, value = 0x0000800d, pc=0x080038E0 
[   13.346524] [passthrough] Read: 	 address = 0x4000481C, size = 4 bytes, value = 0x006010d0, pc=0x080038FA 
[   13.346969] [passthrough] Read: 	 address = 0x4000481C, size = 4 bytes, value = 0x006010d0, pc=0x0800392A 
[   13.347469] [passthrough] Read: 	 address = 0x4000481C, size = 4 bytes, value = 0x006010d0, pc=0x0800395E 
[   13.348109] [passthrough] Read: 	 address = 0x40004800, size = 4 bytes, value = 0x0000800d, pc=0x080038E0 
[   13.348641] [passthrough] Read: 	 address = 0x4000481C, size = 4 bytes, value = 0x006010d0, pc=0x080038FA 
[   13.349145] [passthrough] Read: 	 address = 0x4000481C, size = 4 bytes, value = 0x006010d0, pc=0x0800392A 
[   13.349901] [passthrough] Read: 	 address = 0x4000481C, size = 4 bytes, value = 0x006010d0, pc=0x0800395E 
[   13.350657] [passthrough] Read: 	 address = 0x40004800, size = 4 bytes, value = 0x0000800d, pc=0x080038E0 
[   13.351210] Interrupt Taken: 	 Vector = 0x0000000F
[   13.351270] Interrupt Served: 	 Vector = 0x0000000F
[   13.354293] [passthrough] Read: 	 address = 0x4000481C, size = 4 bytes, value = 0x006010d0, pc=0x080038FA 
[   13.354803] [passthrough] Read: 	 address = 0x4000481C, size = 4 bytes, value = 0x006010d0, pc=0x0800392A 
[   13.355300] [passthrough] Read: 	 address = 0x4000481C, size = 4 bytes, value = 0x006010d0, pc=0x0800395E 
[   13.355896] [passthrough] Read: 	 address = 0x40004800, size = 4 bytes, value = 0x0000800d, pc=0x080038E0 
[   13.356421] Interrupt Taken: 	 Vector = 0x0000000F
[   13.356545] Interrupt Served: 	 Vector = 0x0000000F
[   13.359549] Interrupt Taken: 	 Vector = 0x0000000F
[   13.359669] Interrupt Served: 	 Vector = 0x0000000F
[   13.363255] [passthrough] Read: 	 address = 0x4000481C, size = 4 bytes, value = 0x006010d0, pc=0x080038FA 
[   13.363793] [passthrough] Read: 	 address = 0x4000481C, size = 4 bytes, value = 0x006010d0, pc=0x0800392A 
[   13.364302] [passthrough] Read: 	 address = 0x4000481C, size = 4 bytes, value = 0x006010d0, pc=0x0800395E 
[   13.364826] [passthrough] Read: 	 address = 0x40004800, size = 4 bytes, value = 0x0000800d, pc=0x080038E0 
[   13.365311] [passthrough] Read: 	 address = 0x4000481C, size = 4 bytes, value = 0x006010d0, pc=0x080038FA 
[   13.365901] [passthrough] Read: 	 address = 0x4000481C, size = 4 bytes, value = 0x006010d0, pc=0x0800392A 
[   13.366393] [passthrough] Read: 	 address = 0x4000481C, size = 4 bytes, value = 0x006010d0, pc=0x0800395E 
[   13.366909] [passthrough] Read: 	 address = 0x40004800, size = 4 bytes, value = 0x0000800d, pc=0x080038E0 
[   13.367430] [passthrough] Read: 	 address = 0x4000481C, size = 4 bytes, value = 0x006010d0, pc=0x080038FA 
[   13.367912] [passthrough] Read: 	 address = 0x4000481C, size = 4 bytes, value = 0x006010d0, pc=0x0800392A 
[   13.368378] [passthrough] Read: 	 address = 0x4000481C, size = 4 bytes, value = 0x006010d0, pc=0x0800395E 
[   13.368859] [passthrough] Read: 	 address = 0x40004800, size = 4 bytes, value = 0x0000800d, pc=0x080038E0 
[   13.369548] [passthrough] Read: 	 address = 0x4000481C, size = 4 bytes, value = 0x006010d0, pc=0x080038FA 
[   13.370072] [passthrough] Read: 	 address = 0x4000481C, size = 4 bytes, value = 0x006010d0, pc=0x0800392A 
[   13.370589] [passthrough] Read: 	 address = 0x4000481C, size = 4 bytes, value = 0x006010d0, pc=0x0800395E 
[   13.371557] [passthrough] Read: 	 address = 0x40004800, size = 4 bytes, value = 0x0000800d, pc=0x080038E0 
[   13.372059] Interrupt Taken: 	 Vector = 0x0000000F
