[    1.802278] IO Read Access NOT Handled: 	 address=0xe000ed88, size=4 bytes, pc=0x0800091e
[    1.802882] IO Write Access NOT Handled: 	 address = 0xE000ED88, size = 4 bytes, value = 0x00f00000, pc=0x08000928 
[    1.811144] IO Read Access NOT Handled: 	 address=0xe000ed0c, size=4 bytes, pc=0x08000aa2
[    1.812153] IO Write Access NOT Handled: 	 address = 0xE000ED0C, size = 4 bytes, value = 0x05fa0300, pc=0x08000AC2 
[    1.832842] IO Write Access NOT Handled: 	 address = 0xE000E014, size = 4 bytes, value = 0x00003e7f, pc=0x08000BCC 
[    1.832925] IO Write Access NOT Handled (Unknown Region): 	 address = 0x00000004, size = 4 bytes, value = 0x00003e7f, pc=0x08000BCC 
[    1.834536] IO Write Access NOT Handled: 	 address = 0xE000ED23, size = 1 bytes, value = 0xf0, pc=0x08000B32 
[    1.835507] IO Write Access NOT Handled: 	 address = 0xE000E018, size = 4 bytes, value = 0x00000000, pc=0x08000BDC 
[    1.835548] IO Write Access NOT Handled (Unknown Region): 	 address = 0x00000008, size = 4 bytes, value = 0x00000000, pc=0x08000BDC 
[    1.836127] IO Write Access NOT Handled: 	 address = 0xE000E010, size = 4 bytes, value = 0x00000007, pc=0x08000BE2 
[    1.836189] IO Write Access NOT Handled (Unknown Region): 	 address = 0x00000000, size = 4 bytes, value = 0x00000007, pc=0x08000BE2 
[    1.836506] Interrupt Taken: 	 Vector = 0x0000000F
[    1.837684] Interrupt Served: 	 Vector = 0x0000000F
[    1.839529] Interrupt Taken: 	 Vector = 0x0000000F
[    1.839587] Interrupt Served: 	 Vector = 0x0000000F
[    1.841763] Interrupt Taken: 	 Vector = 0x0000000F
[    1.841823] Interrupt Served: 	 Vector = 0x0000000F
[    1.843902] Interrupt Taken: 	 Vector = 0x0000000F
[    1.843953] Interrupt Served: 	 Vector = 0x0000000F
[    1.845919] Interrupt Taken: 	 Vector = 0x0000000F
[    1.845963] Interrupt Served: 	 Vector = 0x0000000F
[    1.848072] Interrupt Taken: 	 Vector = 0x0000000F
[    1.848180] Interrupt Served: 	 Vector = 0x0000000F
[    1.849760] Interrupt Taken: 	 Vector = 0x0000000F
[    1.849821] Interrupt Served: 	 Vector = 0x0000000F
[    1.852380] Interrupt Taken: 	 Vector = 0x0000000F
[    1.852493] Interrupt Served: 	 Vector = 0x0000000F
[    1.854186] Interrupt Taken: 	 Vector = 0x0000000F
[    1.854258] Interrupt Served: 	 Vector = 0x0000000F
[    1.856822] Interrupt Taken: 	 Vector = 0x0000000F
[    1.856945] Interrupt Served: 	 Vector = 0x0000000F
[    1.858441] Interrupt Taken: 	 Vector = 0x0000000F
[    1.858503] Interrupt Served: 	 Vector = 0x0000000F
[    1.860738] IO Read Access NOT Handled: 	 address=0xe000ed0c, size=4 bytes, pc=0x08000ade
[    1.861283] Interrupt Taken: 	 Vector = 0x0000000F
[    1.861535] Interrupt Served: 	 Vector = 0x0000000F
[    1.863174] Interrupt Taken: 	 Vector = 0x0000000F
[    1.863272] Interrupt Served: 	 Vector = 0x0000000F
[    1.865582] Interrupt Taken: 	 Vector = 0x0000000F
[    1.865693] Interrupt Served: 	 Vector = 0x0000000F
[    1.867161] Interrupt Taken: 	 Vector = 0x0000000F
[    1.867210] Interrupt Served: 	 Vector = 0x0000000F
[    1.869810] Interrupt Taken: 	 Vector = 0x0000000F
[    1.869890] Interrupt Served: 	 Vector = 0x0000000F
[    1.871492] Interrupt Taken: 	 Vector = 0x0000000F
[    1.871557] Interrupt Served: 	 Vector = 0x0000000F
[    1.873608] Interrupt Taken: 	 Vector = 0x0000000F
[    1.873721] Interrupt Served: 	 Vector = 0x0000000F
[    1.875185] Interrupt Taken: 	 Vector = 0x0000000F
[    1.875248] Interrupt Served: 	 Vector = 0x0000000F
[    1.878634] Interrupt Taken: 	 Vector = 0x0000000F
[    1.878749] Interrupt Served: 	 Vector = 0x0000000F
[    1.881078] Interrupt Taken: 	 Vector = 0x0000000F
[    1.881251] Interrupt Served: 	 Vector = 0x0000000F
[    1.882822] Interrupt Taken: 	 Vector = 0x0000000F
[    1.882946] Interrupt Served: 	 Vector = 0x0000000F
[    1.884892] IO Write Access NOT Handled: 	 address = 0xE000ED23, size = 1 bytes, value = 0x00, pc=0x08000B32 
[    1.886245] Interrupt Taken: 	 Vector = 0x0000000F
[    1.886318] Interrupt Served: 	 Vector = 0x0000000F
[    1.888814] Interrupt Taken: 	 Vector = 0x0000000F
[    1.888886] Interrupt Served: 	 Vector = 0x0000000F
[    1.891005] Interrupt Taken: 	 Vector = 0x0000000F
[    1.891062] Interrupt Served: 	 Vector = 0x0000000F
[    1.894553] Interrupt Taken: 	 Vector = 0x0000000F
[    1.894787] Interrupt Served: 	 Vector = 0x0000000F
[    1.897041] Interrupt Taken: 	 Vector = 0x0000000F
[    1.897189] Interrupt Served: 	 Vector = 0x0000000F
[    1.899431] [passthrough] Read: 	 address = 0x40023840, size = 4 bytes, value = 0x00000000, pc=0x08000878 
[    1.899858] Interrupt Taken: 	 Vector = 0x0000000F
[    1.899924] Interrupt Served: 	 Vector = 0x0000000F
[    1.903273] Interrupt Taken: 	 Vector = 0x0000000F
[    1.903337] Interrupt Served: 	 Vector = 0x0000000F
[    1.905357] [passthrough] Write: 	 address = 0x40023840, size = 4 bytes, value = 0x10000000, pc=0x08000880 
[    1.906024] Interrupt Taken: 	 Vector = 0x0000000F
[    1.906160] Interrupt Served: 	 Vector = 0x0000000F
[    1.907766] Interrupt Taken: 	 Vector = 0x0000000F
[    1.907820] Interrupt Served: 	 Vector = 0x0000000F
[    1.910747] Interrupt Taken: 	 Vector = 0x0000000F
[    1.910802] Interrupt Served: 	 Vector = 0x0000000F
[    1.913398] [passthrough] Read: 	 address = 0x40023840, size = 4 bytes, value = 0x10000000, pc=0x08000884 
[    1.914015] Interrupt Taken: 	 Vector = 0x0000000F
[    1.914073] Interrupt Served: 	 Vector = 0x0000000F
[    1.917289] Interrupt Taken: 	 Vector = 0x0000000F
[    1.917417] Interrupt Served: 	 Vector = 0x0000000F
[    1.919032] Interrupt Taken: 	 Vector = 0x0000000F
[    1.919113] Interrupt Served: 	 Vector = 0x0000000F
[    1.921265] [passthrough] Read: 	 address = 0x40023844, size = 4 bytes, value = 0x00000000, pc=0x08000890 
[    1.921708] Interrupt Taken: 	 Vector = 0x0000000F
[    1.921756] Interrupt Served: 	 Vector = 0x0000000F
[    1.924314] Interrupt Taken: 	 Vector = 0x0000000F
[    1.924402] Interrupt Served: 	 Vector = 0x0000000F
[    1.925875] Interrupt Taken: 	 Vector = 0x0000000F
[    1.925933] Interrupt Served: 	 Vector = 0x0000000F
[    1.927960] [passthrough] Write: 	 address = 0x40023844, size = 4 bytes, value = 0x00004000, pc=0x08000898 
[    1.928610] Interrupt Taken: 	 Vector = 0x0000000F
[    1.928815] Interrupt Served: 	 Vector = 0x0000000F
[    1.930385] Interrupt Taken: 	 Vector = 0x0000000F
[    1.930446] Interrupt Served: 	 Vector = 0x0000000F
[    1.933103] Interrupt Taken: 	 Vector = 0x0000000F
[    1.933223] Interrupt Served: 	 Vector = 0x0000000F
[    1.934922] Interrupt Taken: 	 Vector = 0x0000000F
[    1.934984] Interrupt Served: 	 Vector = 0x0000000F
[    1.936954] [passthrough] Read: 	 address = 0x40023844, size = 4 bytes, value = 0x00004000, pc=0x0800089C 
[    1.937320] Interrupt Taken: 	 Vector = 0x0000000F
[    1.937367] Interrupt Served: 	 Vector = 0x0000000F
[    1.939580] Interrupt Taken: 	 Vector = 0x0000000F
[    1.939646] Interrupt Served: 	 Vector = 0x0000000F
[    1.941632] Interrupt Taken: 	 Vector = 0x0000000F
[    1.941709] Interrupt Served: 	 Vector = 0x0000000F
[    1.944229] Interrupt Taken: 	 Vector = 0x0000000F
[    1.944392] Interrupt Served: 	 Vector = 0x0000000F
[    1.946078] Interrupt Taken: 	 Vector = 0x0000000F
[    1.946535] Interrupt Served: 	 Vector = 0x0000000F
[    1.948739] Interrupt Taken: 	 Vector = 0x0000000F
[    1.948894] Interrupt Served: 	 Vector = 0x0000000F
[    1.952073] Interrupt Taken: 	 Vector = 0x0000000F
[    1.952175] Interrupt Served: 	 Vector = 0x0000000F
[    1.954414] Interrupt Taken: 	 Vector = 0x0000000F
[    1.954483] Interrupt Served: 	 Vector = 0x0000000F
[    1.956621] Interrupt Taken: 	 Vector = 0x0000000F
[    1.956719] Interrupt Served: 	 Vector = 0x0000000F
[    1.959599] Interrupt Taken: 	 Vector = 0x0000000F
[    1.959797] Interrupt Served: 	 Vector = 0x0000000F
[    1.961400] Interrupt Taken: 	 Vector = 0x0000000F
[    1.961484] Interrupt Served: 	 Vector = 0x0000000F
[    1.965688] Interrupt Taken: 	 Vector = 0x0000000F
[    1.965824] Interrupt Served: 	 Vector = 0x0000000F
[    1.968059] [passthrough] Read: 	 address = 0x40023840, size = 4 bytes, value = 0x10000000, pc=0x08000582 
[    1.968442] Interrupt Taken: 	 Vector = 0x0000000F
[    1.968500] Interrupt Served: 	 Vector = 0x0000000F
[    1.971533] Interrupt Taken: 	 Vector = 0x0000000F
[    1.971588] Interrupt Served: 	 Vector = 0x0000000F
[    1.973391] [passthrough] Write: 	 address = 0x40023840, size = 4 bytes, value = 0x10000000, pc=0x0800058A 
[    1.973950] Interrupt Taken: 	 Vector = 0x0000000F
[    1.974003] Interrupt Served: 	 Vector = 0x0000000F
[    1.976968] Interrupt Taken: 	 Vector = 0x0000000F
[    1.977023] Interrupt Served: 	 Vector = 0x0000000F
[    1.978752] [passthrough] Read: 	 address = 0x40023840, size = 4 bytes, value = 0x10000000, pc=0x0800058E 
[    1.979091] Interrupt Taken: 	 Vector = 0x0000000F
[    1.979123] Interrupt Served: 	 Vector = 0x0000000F
[    1.982249] Interrupt Taken: 	 Vector = 0x0000000F
[    1.982397] Interrupt Served: 	 Vector = 0x0000000F
[    1.984699] [passthrough] Read: 	 address = 0x40007000, size = 4 bytes, value = 0x0000c000, pc=0x0800059A 
[    1.985074] Interrupt Taken: 	 Vector = 0x0000000F
[    1.985117] Interrupt Served: 	 Vector = 0x0000000F
[    1.988115] Interrupt Taken: 	 Vector = 0x0000000F
[    1.988269] Interrupt Served: 	 Vector = 0x0000000F
[    1.989834] Interrupt Taken: 	 Vector = 0x0000000F
[    1.989917] Interrupt Served: 	 Vector = 0x0000000F
[    1.992057] [passthrough] Write: 	 address = 0x40007000, size = 4 bytes, value = 0x00004000, pc=0x080005A6 
[    1.992751] Interrupt Taken: 	 Vector = 0x0000000F
[    1.992861] Interrupt Served: 	 Vector = 0x0000000F
[    1.994311] Interrupt Taken: 	 Vector = 0x0000000F
[    1.994363] Interrupt Served: 	 Vector = 0x0000000F
[    1.996998] Interrupt Taken: 	 Vector = 0x0000000F
[    1.997072] Interrupt Served: 	 Vector = 0x0000000F
[    1.999639] [passthrough] Read: 	 address = 0x40007000, size = 4 bytes, value = 0x00004000, pc=0x080005AA 
[    2.000082] Interrupt Taken: 	 Vector = 0x0000000F
[    2.000196] Interrupt Served: 	 Vector = 0x0000000F
[    2.001760] Interrupt Taken: 	 Vector = 0x0000000F
[    2.001825] Interrupt Served: 	 Vector = 0x0000000F
[    2.004891] Interrupt Taken: 	 Vector = 0x0000000F
[    2.005001] Interrupt Served: 	 Vector = 0x0000000F
[    2.006488] Interrupt Taken: 	 Vector = 0x0000000F
[    2.006549] Interrupt Served: 	 Vector = 0x0000000F
[    2.009102] Interrupt Taken: 	 Vector = 0x0000000F
[    2.009180] Interrupt Served: 	 Vector = 0x0000000F
[    2.011421] Interrupt Taken: 	 Vector = 0x0000000F
[    2.011481] Interrupt Served: 	 Vector = 0x0000000F
[    2.013625] Interrupt Taken: 	 Vector = 0x0000000F
[    2.013721] Interrupt Served: 	 Vector = 0x0000000F
[    2.016224] Interrupt Taken: 	 Vector = 0x0000000F
[    2.016292] Interrupt Served: 	 Vector = 0x0000000F
[    2.018450] [passthrough] Read: 	 address = 0x40023808, size = 4 bytes, value = 0x00000000, pc=0x0800115C 
[    2.018800] Interrupt Taken: 	 Vector = 0x0000000F
[    2.018840] Interrupt Served: 	 Vector = 0x0000000F
[    2.021003] Interrupt Taken: 	 Vector = 0x0000000F
[    2.021047] Interrupt Served: 	 Vector = 0x0000000F
[    2.023627] [passthrough] Read: 	 address = 0x40023800, size = 4 bytes, value = 0x00008083, pc=0x08001180 
[    2.023990] Interrupt Taken: 	 Vector = 0x0000000F
[    2.024046] Interrupt Served: 	 Vector = 0x0000000F
[    2.026225] Interrupt Taken: 	 Vector = 0x0000000F
[    2.026293] Interrupt Served: 	 Vector = 0x0000000F
[    2.028596] Interrupt Taken: 	 Vector = 0x0000000F
[    2.028702] Interrupt Served: 	 Vector = 0x0000000F
[    2.031199] Interrupt Taken: 	 Vector = 0x0000000F
[    2.031279] Interrupt Served: 	 Vector = 0x0000000F
[    2.033294] [passthrough] Read: 	 address = 0x40023800, size = 4 bytes, value = 0x00008083, pc=0x08001198 
[    2.033656] Interrupt Taken: 	 Vector = 0x0000000F
[    2.033727] Interrupt Served: 	 Vector = 0x0000000F
[    2.036218] Interrupt Taken: 	 Vector = 0x0000000F
[    2.036292] Interrupt Served: 	 Vector = 0x0000000F
[    2.038238] [passthrough] Write: 	 address = 0x40023800, size = 4 bytes, value = 0x00008083, pc=0x080011A8 
[    2.038923] Interrupt Taken: 	 Vector = 0x0000000F
[    2.038963] Interrupt Served: 	 Vector = 0x0000000F
[    2.040871] Interrupt Taken: 	 Vector = 0x0000000F
[    2.040909] Interrupt Served: 	 Vector = 0x0000000F
[    2.042962] Interrupt Taken: 	 Vector = 0x0000000F
[    2.043059] Interrupt Served: 	 Vector = 0x0000000F
[    2.044772] Interrupt Taken: 	 Vector = 0x0000000F
[    2.044821] Interrupt Served: 	 Vector = 0x0000000F
[    2.046950] Interrupt Taken: 	 Vector = 0x0000000F
[    2.047020] Interrupt Served: 	 Vector = 0x0000000F
[    2.049311] Interrupt Taken: 	 Vector = 0x0000000F
[    2.049375] Interrupt Served: 	 Vector = 0x0000000F
[    2.052546] Interrupt Taken: 	 Vector = 0x0000000F
[    2.052815] Interrupt Served: 	 Vector = 0x0000000F
[    2.054375] Interrupt Taken: 	 Vector = 0x0000000F
[    2.054442] Interrupt Served: 	 Vector = 0x0000000F
[    2.056585] Interrupt Taken: 	 Vector = 0x0000000F
[    2.056741] Interrupt Served: 	 Vector = 0x0000000F
[    2.058369] Interrupt Taken: 	 Vector = 0x0000000F
[    2.058459] Interrupt Served: 	 Vector = 0x0000000F
[    2.061255] Interrupt Taken: 	 Vector = 0x0000000F
[    2.061453] Interrupt Served: 	 Vector = 0x0000000F
[    2.062943] Interrupt Taken: 	 Vector = 0x0000000F
[    2.062999] Interrupt Served: 	 Vector = 0x0000000F
[    2.065265] Interrupt Taken: 	 Vector = 0x0000000F
[    2.065349] Interrupt Served: 	 Vector = 0x0000000F
[    2.066841] Interrupt Taken: 	 Vector = 0x0000000F
[    2.066909] Interrupt Served: 	 Vector = 0x0000000F
[    2.069515] Interrupt Taken: 	 Vector = 0x0000000F
[    2.069600] Interrupt Served: 	 Vector = 0x0000000F
[    2.071968] [passthrough] Read: 	 address = 0x40023C00, size = 4 bytes, value = 0x00000000, pc=0x0800157E 
[    2.072363] Interrupt Taken: 	 Vector = 0x0000000F
[    2.072462] Interrupt Served: 	 Vector = 0x0000000F
[    2.074015] Interrupt Taken: 	 Vector = 0x0000000F
[    2.074072] Interrupt Served: 	 Vector = 0x0000000F
[    2.076392] Interrupt Taken: 	 Vector = 0x0000000F
[    2.076459] Interrupt Served: 	 Vector = 0x0000000F
[    2.078862] Interrupt Taken: 	 Vector = 0x0000000F
[    2.079014] Interrupt Served: 	 Vector = 0x0000000F
[    2.080527] Interrupt Taken: 	 Vector = 0x0000000F
[    2.080773] Interrupt Served: 	 Vector = 0x0000000F
[    2.082257] Interrupt Taken: 	 Vector = 0x0000000F
[    2.082303] Interrupt Served: 	 Vector = 0x0000000F
[    2.084145] Interrupt Taken: 	 Vector = 0x0000000F
[    2.084197] Interrupt Served: 	 Vector = 0x0000000F
[    2.086527] Interrupt Taken: 	 Vector = 0x0000000F
[    2.086575] Interrupt Served: 	 Vector = 0x0000000F
[    2.088493] [passthrough] Read: 	 address = 0x40023808, size = 4 bytes, value = 0x00000000, pc=0x080015C6 
[    2.088835] Interrupt Taken: 	 Vector = 0x0000000F
[    2.088943] Interrupt Served: 	 Vector = 0x0000000F
[    2.090349] Interrupt Taken: 	 Vector = 0x0000000F
[    2.090400] Interrupt Served: 	 Vector = 0x0000000F
[    2.092307] Interrupt Taken: 	 Vector = 0x0000000F
[    2.092335] Interrupt Served: 	 Vector = 0x0000000F
[    2.093993] [passthrough] Write: 	 address = 0x40023808, size = 4 bytes, value = 0x00001c00, pc=0x080015CE 
[    2.094437] Interrupt Taken: 	 Vector = 0x0000000F
[    2.094455] Interrupt Served: 	 Vector = 0x0000000F
[    2.096363] Interrupt Taken: 	 Vector = 0x0000000F
[    2.096395] Interrupt Served: 	 Vector = 0x0000000F
[    2.098656] Interrupt Taken: 	 Vector = 0x0000000F
[    2.098703] Interrupt Served: 	 Vector = 0x0000000F
[    2.100316] [passthrough] Read: 	 address = 0x40023808, size = 4 bytes, value = 0x00001c00, pc=0x080015DE 
[    2.100609] Interrupt Taken: 	 Vector = 0x0000000F
[    2.100649] Interrupt Served: 	 Vector = 0x0000000F
[    2.102076] Interrupt Taken: 	 Vector = 0x0000000F
[    2.102132] Interrupt Served: 	 Vector = 0x0000000F
[    2.104069] Interrupt Taken: 	 Vector = 0x0000000F
[    2.104099] Interrupt Served: 	 Vector = 0x0000000F
[    2.105600] [passthrough] Write: 	 address = 0x40023808, size = 4 bytes, value = 0x0000fc00, pc=0x080015E6 
[    2.106137] Interrupt Taken: 	 Vector = 0x0000000F
[    2.106150] Interrupt Served: 	 Vector = 0x0000000F
[    2.107836] Interrupt Taken: 	 Vector = 0x0000000F
[    2.107865] Interrupt Served: 	 Vector = 0x0000000F
[    2.109427] [passthrough] Read: 	 address = 0x40023808, size = 4 bytes, value = 0x0000fc00, pc=0x080015EA 
[    2.109759] Interrupt Taken: 	 Vector = 0x0000000F
[    2.109774] Interrupt Served: 	 Vector = 0x0000000F
[    2.111496] Interrupt Taken: 	 Vector = 0x0000000F
[    2.111521] Interrupt Served: 	 Vector = 0x0000000F
[    2.113209] [passthrough] Write: 	 address = 0x40023808, size = 4 bytes, value = 0x0000fc00, pc=0x080015F8 
[    2.113792] Interrupt Taken: 	 Vector = 0x0000000F
[    2.113810] Interrupt Served: 	 Vector = 0x0000000F
[    2.115536] Interrupt Taken: 	 Vector = 0x0000000F
[    2.115580] Interrupt Served: 	 Vector = 0x0000000F
[    2.117017] Interrupt Taken: 	 Vector = 0x0000000F
[    2.117136] Interrupt Served: 	 Vector = 0x0000000F
[    2.118576] Interrupt Taken: 	 Vector = 0x0000000F
[    2.118631] Interrupt Served: 	 Vector = 0x0000000F
[    2.120302] Interrupt Taken: 	 Vector = 0x0000000F
[    2.120327] Interrupt Served: 	 Vector = 0x0000000F
[    2.122097] Interrupt Taken: 	 Vector = 0x0000000F
[    2.122119] Interrupt Served: 	 Vector = 0x0000000F
[    2.123650] Interrupt Taken: 	 Vector = 0x0000000F
[    2.123681] Interrupt Served: 	 Vector = 0x0000000F
[    2.125345] [passthrough] Read: 	 address = 0x40023800, size = 4 bytes, value = 0x00008083, pc=0x08001638 
[    2.125618] Interrupt Taken: 	 Vector = 0x0000000F
[    2.125632] Interrupt Served: 	 Vector = 0x0000000F
[    2.127276] Interrupt Taken: 	 Vector = 0x0000000F
[    2.127296] Interrupt Served: 	 Vector = 0x0000000F
[    2.129018] Interrupt Taken: 	 Vector = 0x0000000F
[    2.129043] Interrupt Served: 	 Vector = 0x0000000F
[    2.130618] [passthrough] Read: 	 address = 0x40023808, size = 4 bytes, value = 0x0000fc00, pc=0x08001648 
[    2.130934] Interrupt Taken: 	 Vector = 0x0000000F
[    2.130960] Interrupt Served: 	 Vector = 0x0000000F
[    2.132810] Interrupt Taken: 	 Vector = 0x0000000F
[    2.132846] Interrupt Served: 	 Vector = 0x0000000F
[    2.134461] [passthrough] Write: 	 address = 0x40023808, size = 4 bytes, value = 0x0000fc00, pc=0x08001656 
[    2.134984] Interrupt Taken: 	 Vector = 0x0000000F
[    2.135011] Interrupt Served: 	 Vector = 0x0000000F
[    2.136651] Interrupt Taken: 	 Vector = 0x0000000F
[    2.136686] Interrupt Served: 	 Vector = 0x0000000F
[    2.138546] Interrupt Taken: 	 Vector = 0x0000000F
[    2.138568] Interrupt Served: 	 Vector = 0x0000000F
[    2.140200] Interrupt Taken: 	 Vector = 0x0000000F
[    2.140221] Interrupt Served: 	 Vector = 0x0000000F
[    2.142125] Interrupt Taken: 	 Vector = 0x0000000F
[    2.142179] Interrupt Served: 	 Vector = 0x0000000F
[    2.143554] Interrupt Taken: 	 Vector = 0x0000000F
[    2.143583] Interrupt Served: 	 Vector = 0x0000000F
[    2.145254] [passthrough] Read: 	 address = 0x40023808, size = 4 bytes, value = 0x0000fc00, pc=0x08001678 
[    2.145580] Interrupt Taken: 	 Vector = 0x0000000F
[    2.145648] Interrupt Served: 	 Vector = 0x0000000F
[    2.147044] Interrupt Taken: 	 Vector = 0x0000000F
[    2.147077] Interrupt Served: 	 Vector = 0x0000000F
[    2.148856] Interrupt Taken: 	 Vector = 0x0000000F
[    2.148885] Interrupt Served: 	 Vector = 0x0000000F
[    2.150846] Interrupt Taken: 	 Vector = 0x0000000F
[    2.150877] Interrupt Served: 	 Vector = 0x0000000F
[    2.152560] [passthrough] Read: 	 address = 0x40023C00, size = 4 bytes, value = 0x00000000, pc=0x0800168A 
[    2.152885] Interrupt Taken: 	 Vector = 0x0000000F
[    2.152915] Interrupt Served: 	 Vector = 0x0000000F
[    2.154868] Interrupt Taken: 	 Vector = 0x0000000F
[    2.154938] Interrupt Served: 	 Vector = 0x0000000F
[    2.156336] Interrupt Taken: 	 Vector = 0x0000000F
[    2.156367] Interrupt Served: 	 Vector = 0x0000000F
[    2.158198] Interrupt Taken: 	 Vector = 0x0000000F
[    2.158262] Interrupt Served: 	 Vector = 0x0000000F
[    2.159771] Interrupt Taken: 	 Vector = 0x0000000F
[    2.159815] Interrupt Served: 	 Vector = 0x0000000F
[    2.161948] Interrupt Taken: 	 Vector = 0x0000000F
[    2.162031] Interrupt Served: 	 Vector = 0x0000000F
[    2.163534] Interrupt Taken: 	 Vector = 0x0000000F
[    2.163585] Interrupt Served: 	 Vector = 0x0000000F
[    2.165568] [passthrough] Read: 	 address = 0x40023808, size = 4 bytes, value = 0x0000fc00, pc=0x080016C6 
[    2.166038] Interrupt Taken: 	 Vector = 0x0000000F
[    2.166113] Interrupt Served: 	 Vector = 0x0000000F
[    2.167639] Interrupt Taken: 	 Vector = 0x0000000F
[    2.167751] Interrupt Served: 	 Vector = 0x0000000F
[    2.170046] Interrupt Taken: 	 Vector = 0x0000000F
[    2.170120] Interrupt Served: 	 Vector = 0x0000000F
[    2.172344] [passthrough] Write: 	 address = 0x40023808, size = 4 bytes, value = 0x0000f000, pc=0x080016D4 
[    2.173043] Interrupt Taken: 	 Vector = 0x0000000F
[    2.173085] Interrupt Served: 	 Vector = 0x0000000F
[    2.175521] Interrupt Taken: 	 Vector = 0x0000000F
[    2.175585] Interrupt Served: 	 Vector = 0x0000000F
[    2.178098] Interrupt Taken: 	 Vector = 0x0000000F
[    2.178196] Interrupt Served: 	 Vector = 0x0000000F
[    2.179785] Interrupt Taken: 	 Vector = 0x0000000F
[    2.179878] Interrupt Served: 	 Vector = 0x0000000F
[    2.182167] [passthrough] Read: 	 address = 0x40023808, size = 4 bytes, value = 0x0000f000, pc=0x080016E4 
[    2.182531] Interrupt Taken: 	 Vector = 0x0000000F
[    2.182572] Interrupt Served: 	 Vector = 0x0000000F
[    2.184914] Interrupt Taken: 	 Vector = 0x0000000F
[    2.184982] Interrupt Served: 	 Vector = 0x0000000F
[    2.187120] [passthrough] Write: 	 address = 0x40023808, size = 4 bytes, value = 0x00001000, pc=0x080016F4 
[    2.187976] Interrupt Taken: 	 Vector = 0x0000000F
[    2.188234] Interrupt Served: 	 Vector = 0x0000000F
[    2.190571] Interrupt Taken: 	 Vector = 0x0000000F
[    2.190692] Interrupt Served: 	 Vector = 0x0000000F
[    2.192639] Interrupt Taken: 	 Vector = 0x0000000F
[    2.192728] Interrupt Served: 	 Vector = 0x0000000F
[    2.196008] Interrupt Taken: 	 Vector = 0x0000000F
[    2.196147] Interrupt Served: 	 Vector = 0x0000000F
[    2.197782] Interrupt Taken: 	 Vector = 0x0000000F
[    2.197894] Interrupt Served: 	 Vector = 0x0000000F
[    2.200075] [passthrough] Read: 	 address = 0x40023808, size = 4 bytes, value = 0x00001000, pc=0x08001756 
[    2.200489] Interrupt Taken: 	 Vector = 0x0000000F
[    2.200548] Interrupt Served: 	 Vector = 0x0000000F
[    2.202591] Interrupt Taken: 	 Vector = 0x0000000F
[    2.202726] Interrupt Served: 	 Vector = 0x0000000F
[    2.204258] Interrupt Taken: 	 Vector = 0x0000000F
[    2.204340] Interrupt Served: 	 Vector = 0x0000000F
[    2.206613] Interrupt Taken: 	 Vector = 0x0000000F
[    2.206787] Interrupt Served: 	 Vector = 0x0000000F
[    2.208313] Interrupt Taken: 	 Vector = 0x0000000F
[    2.208382] Interrupt Served: 	 Vector = 0x0000000F
[    2.210459] Interrupt Taken: 	 Vector = 0x0000000F
[    2.210561] Interrupt Served: 	 Vector = 0x0000000F
[    2.212245] Interrupt Taken: 	 Vector = 0x0000000F
[    2.212314] Interrupt Served: 	 Vector = 0x0000000F
[    2.214549] Interrupt Taken: 	 Vector = 0x0000000F
[    2.214686] Interrupt Served: 	 Vector = 0x0000000F
[    2.216248] Interrupt Taken: 	 Vector = 0x0000000F
[    2.216331] Interrupt Served: 	 Vector = 0x0000000F
[    2.219175] Interrupt Taken: 	 Vector = 0x0000000F
[    2.219253] Interrupt Served: 	 Vector = 0x0000000F
[    2.222024] Interrupt Taken: 	 Vector = 0x0000000F
[    2.222082] Interrupt Served: 	 Vector = 0x0000000F
[    2.224188] [passthrough] Read: 	 address = 0x40023808, size = 4 bytes, value = 0x00001000, pc=0x080016FE 
[    2.224551] Interrupt Taken: 	 Vector = 0x0000000F
[    2.224690] Interrupt Served: 	 Vector = 0x0000000F
[    2.226153] Interrupt Taken: 	 Vector = 0x0000000F
[    2.226200] Interrupt Served: 	 Vector = 0x0000000F
[    2.228575] Interrupt Taken: 	 Vector = 0x0000000F
[    2.228652] Interrupt Served: 	 Vector = 0x0000000F
[    2.230177] Interrupt Taken: 	 Vector = 0x0000000F
[    2.230239] Interrupt Served: 	 Vector = 0x0000000F
[    2.232231] IO Write Access NOT Handled: 	 address = 0xE000E014, size = 4 bytes, value = 0x00003e7f, pc=0x08000BCC 
[    2.232306] IO Write Access NOT Handled (Unknown Region): 	 address = 0x00000004, size = 4 bytes, value = 0x00003e7f, pc=0x08000BCC 
[    2.232409] Interrupt Taken: 	 Vector = 0x0000000F
[    2.232565] Interrupt Served: 	 Vector = 0x0000000F
[    2.234221] Interrupt Taken: 	 Vector = 0x0000000F
[    2.234304] Interrupt Served: 	 Vector = 0x0000000F
[    2.236385] IO Write Access NOT Handled: 	 address = 0xE000ED23, size = 1 bytes, value = 0xf0, pc=0x08000B32 
[    2.236493] Interrupt Taken: 	 Vector = 0x0000000F
[    2.236601] Interrupt Served: 	 Vector = 0x0000000F
[    2.238152] Interrupt Taken: 	 Vector = 0x0000000F
[    2.238219] Interrupt Served: 	 Vector = 0x0000000F
[    2.240195] IO Write Access NOT Handled: 	 address = 0xE000E018, size = 4 bytes, value = 0x00000000, pc=0x08000BDC 
[    2.240317] IO Write Access NOT Handled (Unknown Region): 	 address = 0x00000008, size = 4 bytes, value = 0x00000000, pc=0x08000BDC 
[    2.240400] Interrupt Taken: 	 Vector = 0x0000000F
[    2.240464] Interrupt Served: 	 Vector = 0x0000000F
[    2.242733] IO Write Access NOT Handled: 	 address = 0xE000E010, size = 4 bytes, value = 0x00000007, pc=0x08000BE2 
[    2.242830] IO Write Access NOT Handled (Unknown Region): 	 address = 0x00000000, size = 4 bytes, value = 0x00000007, pc=0x08000BE2 
[    2.242890] Interrupt Taken: 	 Vector = 0x0000000F
[    2.242941] Interrupt Served: 	 Vector = 0x0000000F
[    2.244793] IO Read Access NOT Handled: 	 address=0xe000ed0c, size=4 bytes, pc=0x08000ade
[    2.245080] IO Write Access NOT Handled: 	 address = 0xE000ED23, size = 1 bytes, value = 0x00, pc=0x08000B32 
[    2.245147] Interrupt Taken: 	 Vector = 0x0000000F
[    2.245294] Interrupt Served: 	 Vector = 0x0000000F
[    2.246908] Interrupt Taken: 	 Vector = 0x0000000F
[    2.246981] Interrupt Served: 	 Vector = 0x0000000F
[    2.249550] Interrupt Taken: 	 Vector = 0x0000000F
[    2.249622] Interrupt Served: 	 Vector = 0x0000000F
[    2.252082] Interrupt Taken: 	 Vector = 0x0000000F
[    2.252248] Interrupt Served: 	 Vector = 0x0000000F
[    2.253800] Interrupt Taken: 	 Vector = 0x0000000F
[    2.253887] Interrupt Served: 	 Vector = 0x0000000F
[    2.256529] Interrupt Taken: 	 Vector = 0x0000000F
[    2.256730] Interrupt Served: 	 Vector = 0x0000000F
[    2.258433] Interrupt Taken: 	 Vector = 0x0000000F
[    2.258519] Interrupt Served: 	 Vector = 0x0000000F
[    2.260824] Interrupt Taken: 	 Vector = 0x0000000F
[    2.260895] Interrupt Served: 	 Vector = 0x0000000F
[    2.266559] Interrupt Taken: 	 Vector = 0x0000000F
[    2.266634] Interrupt Served: 	 Vector = 0x0000000F
[    2.268870] [passthrough] Read: 	 address = 0x40023830, size = 4 bytes, value = 0x00100000, pc=0x0800062C 
[    2.269253] Interrupt Taken: 	 Vector = 0x0000000F
[    2.269315] Interrupt Served: 	 Vector = 0x0000000F
[    2.273430] Interrupt Taken: 	 Vector = 0x0000000F
[    2.273568] Interrupt Served: 	 Vector = 0x0000000F
[    2.275237] Interrupt Taken: 	 Vector = 0x0000000F
[    2.275320] Interrupt Served: 	 Vector = 0x0000000F
[    2.277580] [passthrough] Write: 	 address = 0x40023830, size = 4 bytes, value = 0x00100004, pc=0x08000634 
[    2.278333] Interrupt Taken: 	 Vector = 0x0000000F
[    2.278378] Interrupt Served: 	 Vector = 0x0000000F
[    2.284470] Interrupt Taken: 	 Vector = 0x0000000F
[    2.284552] Interrupt Served: 	 Vector = 0x0000000F
[    2.286833] [passthrough] Read: 	 address = 0x40023830, size = 4 bytes, value = 0x00100004, pc=0x08000638 
[    2.287218] Interrupt Taken: 	 Vector = 0x0000000F
[    2.287387] Interrupt Served: 	 Vector = 0x0000000F
[    2.288974] Interrupt Taken: 	 Vector = 0x0000000F
[    2.289032] Interrupt Served: 	 Vector = 0x0000000F
[    2.294004] Interrupt Taken: 	 Vector = 0x0000000F
[    2.294116] Interrupt Served: 	 Vector = 0x0000000F
[    2.296010] Interrupt Taken: 	 Vector = 0x0000000F
[    2.296084] Interrupt Served: 	 Vector = 0x0000000F
[    2.299084] [passthrough] Read: 	 address = 0x40023830, size = 4 bytes, value = 0x00100004, pc=0x08000644 
[    2.299477] Interrupt Taken: 	 Vector = 0x0000000F
[    2.299602] Interrupt Served: 	 Vector = 0x0000000F
[    2.301262] Interrupt Taken: 	 Vector = 0x0000000F
[    2.301329] Interrupt Served: 	 Vector = 0x0000000F
[    2.305890] Interrupt Taken: 	 Vector = 0x0000000F
[    2.306023] Interrupt Served: 	 Vector = 0x0000000F
[    2.308070] Interrupt Taken: 	 Vector = 0x0000000F
[    2.308169] Interrupt Served: 	 Vector = 0x0000000F
[    2.310231] [passthrough] Write: 	 address = 0x40023830, size = 4 bytes, value = 0x00100084, pc=0x0800064C 
[    2.310874] Interrupt Taken: 	 Vector = 0x0000000F
[    2.310986] Interrupt Served: 	 Vector = 0x0000000F
[    2.312919] Interrupt Taken: 	 Vector = 0x0000000F
[    2.313011] Interrupt Served: 	 Vector = 0x0000000F
[    2.317810] Interrupt Taken: 	 Vector = 0x0000000F
[    2.317928] Interrupt Served: 	 Vector = 0x0000000F
[    2.319541] Interrupt Taken: 	 Vector = 0x0000000F
[    2.319646] Interrupt Served: 	 Vector = 0x0000000F
[    2.321864] [passthrough] Read: 	 address = 0x40023830, size = 4 bytes, value = 0x00100084, pc=0x08000650 
[    2.322269] Interrupt Taken: 	 Vector = 0x0000000F
[    2.322327] Interrupt Served: 	 Vector = 0x0000000F
[    2.327089] Interrupt Taken: 	 Vector = 0x0000000F
[    2.327183] Interrupt Served: 	 Vector = 0x0000000F
[    2.329295] [passthrough] Read: 	 address = 0x40023830, size = 4 bytes, value = 0x00100084, pc=0x0800065C 
[    2.329715] Interrupt Taken: 	 Vector = 0x0000000F
[    2.329789] Interrupt Served: 	 Vector = 0x0000000F
[    2.333912] Interrupt Taken: 	 Vector = 0x0000000F
[    2.333982] Interrupt Served: 	 Vector = 0x0000000F
[    2.336587] [passthrough] Write: 	 address = 0x40023830, size = 4 bytes, value = 0x00100085, pc=0x08000664 
[    2.337420] Interrupt Taken: 	 Vector = 0x0000000F
[    2.337481] Interrupt Served: 	 Vector = 0x0000000F
[    2.340873] Interrupt Taken: 	 Vector = 0x0000000F
[    2.340930] Interrupt Served: 	 Vector = 0x0000000F
[    2.342940] [passthrough] Read: 	 address = 0x40023830, size = 4 bytes, value = 0x00100085, pc=0x08000668 
[    2.343430] Interrupt Taken: 	 Vector = 0x0000000F
[    2.343490] Interrupt Served: 	 Vector = 0x0000000F
[    2.347506] Interrupt Taken: 	 Vector = 0x0000000F
[    2.347576] Interrupt Served: 	 Vector = 0x0000000F
[    2.350156] [passthrough] Read: 	 address = 0x40023830, size = 4 bytes, value = 0x00100085, pc=0x08000674 
[    2.350564] Interrupt Taken: 	 Vector = 0x0000000F
[    2.350806] Interrupt Served: 	 Vector = 0x0000000F
[    2.352362] Interrupt Taken: 	 Vector = 0x0000000F
[    2.352476] Interrupt Served: 	 Vector = 0x0000000F
[    2.355972] Interrupt Taken: 	 Vector = 0x0000000F
[    2.356122] Interrupt Served: 	 Vector = 0x0000000F
[    2.357654] Interrupt Taken: 	 Vector = 0x0000000F
[    2.357736] Interrupt Served: 	 Vector = 0x0000000F
[    2.359870] [passthrough] Write: 	 address = 0x40023830, size = 4 bytes, value = 0x00100087, pc=0x0800067C 
[    2.360500] Interrupt Taken: 	 Vector = 0x0000000F
[    2.360555] Interrupt Served: 	 Vector = 0x0000000F
[    2.363619] Interrupt Taken: 	 Vector = 0x0000000F
[    2.363746] Interrupt Served: 	 Vector = 0x0000000F
[    2.365377] Interrupt Taken: 	 Vector = 0x0000000F
[    2.365447] Interrupt Served: 	 Vector = 0x0000000F
[    2.367745] [passthrough] Read: 	 address = 0x40023830, size = 4 bytes, value = 0x00100087, pc=0x08000680 
[    2.368141] Interrupt Taken: 	 Vector = 0x0000000F
[    2.368198] Interrupt Served: 	 Vector = 0x0000000F
[    2.371751] Interrupt Taken: 	 Vector = 0x0000000F
[    2.371828] Interrupt Served: 	 Vector = 0x0000000F
[    2.373880] [passthrough] Read: 	 address = 0x40023830, size = 4 bytes, value = 0x00100087, pc=0x0800068C 
[    2.374213] Interrupt Taken: 	 Vector = 0x0000000F
[    2.374250] Interrupt Served: 	 Vector = 0x0000000F
[    2.377579] Interrupt Taken: 	 Vector = 0x0000000F
[    2.377657] Interrupt Served: 	 Vector = 0x0000000F
[    2.380527] [passthrough] Write: 	 address = 0x40023830, size = 4 bytes, value = 0x0010008f, pc=0x08000694 
[    2.381710] Interrupt Taken: 	 Vector = 0x0000000F
[    2.381784] Interrupt Served: 	 Vector = 0x0000000F
[    2.385207] Interrupt Taken: 	 Vector = 0x0000000F
[    2.385362] Interrupt Served: 	 Vector = 0x0000000F
[    2.387180] Interrupt Taken: 	 Vector = 0x0000000F
[    2.387297] Interrupt Served: 	 Vector = 0x0000000F
[    2.389596] [passthrough] Read: 	 address = 0x40023830, size = 4 bytes, value = 0x0010008f, pc=0x08000698 
[    2.390118] Interrupt Taken: 	 Vector = 0x0000000F
[    2.390161] Interrupt Served: 	 Vector = 0x0000000F
[    2.392648] Interrupt Taken: 	 Vector = 0x0000000F
[    2.392723] Interrupt Served: 	 Vector = 0x0000000F
[    2.394970] [passthrough] Read: 	 address = 0x40023830, size = 4 bytes, value = 0x0010008f, pc=0x080006A4 
[    2.395735] Interrupt Taken: 	 Vector = 0x0000000F
[    2.395828] Interrupt Served: 	 Vector = 0x0000000F
[    2.398788] Interrupt Taken: 	 Vector = 0x0000000F
[    2.398921] Interrupt Served: 	 Vector = 0x0000000F
[    2.400521] Interrupt Taken: 	 Vector = 0x0000000F
[    2.400603] Interrupt Served: 	 Vector = 0x0000000F
[    2.402767] [passthrough] Write: 	 address = 0x40023830, size = 4 bytes, value = 0x001000cf, pc=0x080006AC 
[    2.403396] Interrupt Taken: 	 Vector = 0x0000000F
[    2.403579] Interrupt Served: 	 Vector = 0x0000000F
[    2.405255] Interrupt Taken: 	 Vector = 0x0000000F
[    2.405337] Interrupt Served: 	 Vector = 0x0000000F
[    2.407840] Interrupt Taken: 	 Vector = 0x0000000F
[    2.407887] Interrupt Served: 	 Vector = 0x0000000F
[    2.409861] [passthrough] Read: 	 address = 0x40023830, size = 4 bytes, value = 0x001000cf, pc=0x080006B0 
[    2.410238] Interrupt Taken: 	 Vector = 0x0000000F
[    2.410290] Interrupt Served: 	 Vector = 0x0000000F
[    2.412791] Interrupt Taken: 	 Vector = 0x0000000F
[    2.412871] Interrupt Served: 	 Vector = 0x0000000F
[    2.415951] Interrupt Taken: 	 Vector = 0x0000000F
[    2.416031] Interrupt Served: 	 Vector = 0x0000000F
[    2.418799] Interrupt Taken: 	 Vector = 0x0000000F
[    2.418861] Interrupt Served: 	 Vector = 0x0000000F
[    2.421001] [passthrough] Write: 	 address = 0x40020418, size = 4 bytes, value = 0x40810000, pc=0x08000FD8 
[    2.421812] Interrupt Taken: 	 Vector = 0x0000000F
[    2.421970] Interrupt Served: 	 Vector = 0x0000000F
[    2.423540] Interrupt Taken: 	 Vector = 0x0000000F
[    2.423600] Interrupt Served: 	 Vector = 0x0000000F
[    2.425898] Interrupt Taken: 	 Vector = 0x0000000F
[    2.425951] Interrupt Served: 	 Vector = 0x0000000F
[    2.427906] Interrupt Taken: 	 Vector = 0x0000000F
[    2.427971] Interrupt Served: 	 Vector = 0x0000000F
[    2.429828] [passthrough] Write: 	 address = 0x40021818, size = 4 bytes, value = 0x00400000, pc=0x08000FD8 
[    2.431616] Interrupt Taken: 	 Vector = 0x0000000F
[    2.431801] Interrupt Served: 	 Vector = 0x0000000F
[    2.433443] Interrupt Taken: 	 Vector = 0x0000000F
[    2.433536] Interrupt Served: 	 Vector = 0x0000000F
[    2.436330] Interrupt Taken: 	 Vector = 0x0000000F
[    2.436514] Interrupt Served: 	 Vector = 0x0000000F
[    2.438102] Interrupt Taken: 	 Vector = 0x0000000F
[    2.438172] Interrupt Served: 	 Vector = 0x0000000F
[    2.440456] Interrupt Taken: 	 Vector = 0x0000000F
[    2.440531] Interrupt Served: 	 Vector = 0x0000000F
[    2.443213] Interrupt Taken: 	 Vector = 0x0000000F
[    2.443273] Interrupt Served: 	 Vector = 0x0000000F
[    2.446088] Interrupt Taken: 	 Vector = 0x0000000F
[    2.446249] Interrupt Served: 	 Vector = 0x0000000F
[    2.448126] Interrupt Taken: 	 Vector = 0x0000000F
[    2.448250] Interrupt Served: 	 Vector = 0x0000000F
[    2.450763] Interrupt Taken: 	 Vector = 0x0000000F
[    2.450843] Interrupt Served: 	 Vector = 0x0000000F
[    2.453328] Interrupt Taken: 	 Vector = 0x0000000F
[    2.453483] Interrupt Served: 	 Vector = 0x0000000F
[    2.455150] Interrupt Taken: 	 Vector = 0x0000000F
[    2.455255] Interrupt Served: 	 Vector = 0x0000000F
[    2.457609] Interrupt Taken: 	 Vector = 0x0000000F
[    2.457779] Interrupt Served: 	 Vector = 0x0000000F
[    2.459484] Interrupt Taken: 	 Vector = 0x0000000F
[    2.459541] Interrupt Served: 	 Vector = 0x0000000F
[    2.464083] Interrupt Taken: 	 Vector = 0x0000000F
[    2.464179] Interrupt Served: 	 Vector = 0x0000000F
[    2.466643] [passthrough] Read: 	 address = 0x4002080C, size = 4 bytes, value = 0x00000000, pc=0x08000D22 
[    2.467082] Interrupt Taken: 	 Vector = 0x0000000F
[    2.467134] Interrupt Served: 	 Vector = 0x0000000F
[    2.470834] Interrupt Taken: 	 Vector = 0x0000000F
[    2.470978] Interrupt Served: 	 Vector = 0x0000000F
[    2.472701] Interrupt Taken: 	 Vector = 0x0000000F
[    2.472790] Interrupt Served: 	 Vector = 0x0000000F
[    2.474973] [passthrough] Write: 	 address = 0x4002080C, size = 4 bytes, value = 0x00000000, pc=0x08000D4E 
[    2.475566] Interrupt Taken: 	 Vector = 0x0000000F
[    2.475697] Interrupt Served: 	 Vector = 0x0000000F
[    2.477231] Interrupt Taken: 	 Vector = 0x0000000F
[    2.477283] Interrupt Served: 	 Vector = 0x0000000F
[    2.479900] Interrupt Taken: 	 Vector = 0x0000000F
[    2.479977] Interrupt Served: 	 Vector = 0x0000000F
[    2.482714] Interrupt Taken: 	 Vector = 0x0000000F
[    2.482829] Interrupt Served: 	 Vector = 0x0000000F
[    2.486398] Interrupt Taken: 	 Vector = 0x0000000F
[    2.486541] Interrupt Served: 	 Vector = 0x0000000F
[    2.488139] Interrupt Taken: 	 Vector = 0x0000000F
[    2.488251] Interrupt Served: 	 Vector = 0x0000000F
[    2.490486] [passthrough] Read: 	 address = 0x40020800, size = 4 bytes, value = 0x00000000, pc=0x08000DA6 
[    2.490871] Interrupt Taken: 	 Vector = 0x0000000F
[    2.490910] Interrupt Served: 	 Vector = 0x0000000F
[    2.495021] Interrupt Taken: 	 Vector = 0x0000000F
[    2.495160] Interrupt Served: 	 Vector = 0x0000000F
[    2.496780] Interrupt Taken: 	 Vector = 0x0000000F
[    2.496854] Interrupt Served: 	 Vector = 0x0000000F
[    2.500637] [passthrough] Write: 	 address = 0x40020800, size = 4 bytes, value = 0x00000000, pc=0x08000DD6 
[    2.501405] Interrupt Taken: 	 Vector = 0x0000000F
[    2.501576] Interrupt Served: 	 Vector = 0x0000000F
[    2.503206] Interrupt Taken: 	 Vector = 0x0000000F
[    2.503300] Interrupt Served: 	 Vector = 0x0000000F
[    2.505568] Interrupt Taken: 	 Vector = 0x0000000F
[    2.505704] Interrupt Served: 	 Vector = 0x0000000F
[    2.507542] Interrupt Taken: 	 Vector = 0x0000000F
[    2.507630] Interrupt Served: 	 Vector = 0x0000000F
[    2.511598] Interrupt Taken: 	 Vector = 0x0000000F
[    2.511690] Interrupt Served: 	 Vector = 0x0000000F
[    2.513972] [passthrough] Read: 	 address = 0x40023844, size = 4 bytes, value = 0x00004000, pc=0x08000DE8 
[    2.514567] Interrupt Taken: 	 Vector = 0x0000000F
[    2.514998] Interrupt Served: 	 Vector = 0x0000000F
[    2.516816] Interrupt Taken: 	 Vector = 0x0000000F
[    2.516936] Interrupt Served: 	 Vector = 0x0000000F
[    2.521129] Interrupt Taken: 	 Vector = 0x0000000F
[    2.521257] Interrupt Served: 	 Vector = 0x0000000F
[    2.522856] Interrupt Taken: 	 Vector = 0x0000000F
[    2.522927] Interrupt Served: 	 Vector = 0x0000000F
[    2.524982] [passthrough] Write: 	 address = 0x40023844, size = 4 bytes, value = 0x00004000, pc=0x08000DF0 
[    2.525611] Interrupt Taken: 	 Vector = 0x0000000F
[    2.525828] Interrupt Served: 	 Vector = 0x0000000F
[    2.527352] Interrupt Taken: 	 Vector = 0x0000000F
[    2.527399] Interrupt Served: 	 Vector = 0x0000000F
[    2.531064] Interrupt Taken: 	 Vector = 0x0000000F
[    2.531132] Interrupt Served: 	 Vector = 0x0000000F
[    2.533841] [passthrough] Read: 	 address = 0x40023844, size = 4 bytes, value = 0x00004000, pc=0x08000DF4 
[    2.534267] Interrupt Taken: 	 Vector = 0x0000000F
[    2.534337] Interrupt Served: 	 Vector = 0x0000000F
[    2.538424] Interrupt Taken: 	 Vector = 0x0000000F
[    2.538555] Interrupt Served: 	 Vector = 0x0000000F
[    2.540118] Interrupt Taken: 	 Vector = 0x0000000F
[    2.540178] Interrupt Served: 	 Vector = 0x0000000F
[    2.542597] [passthrough] Read: 	 address = 0x40013814, size = 4 bytes, value = 0x00000000, pc=0x08000E06 
[    2.542943] Interrupt Taken: 	 Vector = 0x0000000F
[    2.542976] Interrupt Served: 	 Vector = 0x0000000F
[    2.545883] Interrupt Taken: 	 Vector = 0x0000000F
[    2.546018] Interrupt Served: 	 Vector = 0x0000000F
[    2.547696] Interrupt Taken: 	 Vector = 0x0000000F
[    2.547809] Interrupt Served: 	 Vector = 0x0000000F
[    2.550794] Interrupt Taken: 	 Vector = 0x0000000F
[    2.550934] Interrupt Served: 	 Vector = 0x0000000F
[    2.552631] Interrupt Taken: 	 Vector = 0x0000000F
[    2.552755] Interrupt Served: 	 Vector = 0x0000000F
[    2.555202] Interrupt Taken: 	 Vector = 0x0000000F
[    2.555303] Interrupt Served: 	 Vector = 0x0000000F
[    2.556779] Interrupt Taken: 	 Vector = 0x0000000F
[    2.556831] Interrupt Served: 	 Vector = 0x0000000F
[    2.558808] Interrupt Taken: 	 Vector = 0x0000000F
[    2.558844] Interrupt Served: 	 Vector = 0x0000000F
[    2.562176] Interrupt Taken: 	 Vector = 0x0000000F
[    2.562251] Interrupt Served: 	 Vector = 0x0000000F
[    2.564538] [passthrough] Write: 	 address = 0x40013814, size = 4 bytes, value = 0x00000020, pc=0x08000EB6 
[    2.565271] Interrupt Taken: 	 Vector = 0x0000000F
[    2.565481] Interrupt Served: 	 Vector = 0x0000000F
[    2.568536] Interrupt Taken: 	 Vector = 0x0000000F
[    2.568655] Interrupt Served: 	 Vector = 0x0000000F
[    2.571642] Interrupt Taken: 	 Vector = 0x0000000F
[    2.571751] Interrupt Served: 	 Vector = 0x0000000F
[    2.573943] [passthrough] Read: 	 address = 0x40013C08, size = 4 bytes, value = 0x00000000, pc=0x08000EBC 
[    2.574307] Interrupt Taken: 	 Vector = 0x0000000F
[    2.574360] Interrupt Served: 	 Vector = 0x0000000F
[    2.576956] Interrupt Taken: 	 Vector = 0x0000000F
[    2.577024] Interrupt Served: 	 Vector = 0x0000000F
[    2.580382] Interrupt Taken: 	 Vector = 0x0000000F
[    2.580457] Interrupt Served: 	 Vector = 0x0000000F
[    2.582782] [passthrough] Write: 	 address = 0x40013C08, size = 4 bytes, value = 0x00002000, pc=0x08000EE2 
[    2.583988] Interrupt Taken: 	 Vector = 0x0000000F
[    2.584058] Interrupt Served: 	 Vector = 0x0000000F
[    2.587742] Interrupt Taken: 	 Vector = 0x0000000F
[    2.587886] Interrupt Served: 	 Vector = 0x0000000F
[    2.589438] Interrupt Taken: 	 Vector = 0x0000000F
[    2.589498] Interrupt Served: 	 Vector = 0x0000000F
[    2.591696] [passthrough] Read: 	 address = 0x40013C0C, size = 4 bytes, value = 0x00000000, pc=0x08000EE6 
[    2.592108] Interrupt Taken: 	 Vector = 0x0000000F
[    2.592166] Interrupt Served: 	 Vector = 0x0000000F
[    2.594378] Interrupt Taken: 	 Vector = 0x0000000F
[    2.594428] Interrupt Served: 	 Vector = 0x0000000F
[    2.597540] Interrupt Taken: 	 Vector = 0x0000000F
[    2.597605] Interrupt Served: 	 Vector = 0x0000000F
[    2.599959] [passthrough] Write: 	 address = 0x40013C0C, size = 4 bytes, value = 0x00000000, pc=0x08000F0C 
[    2.601169] Interrupt Taken: 	 Vector = 0x0000000F
[    2.601261] Interrupt Served: 	 Vector = 0x0000000F
[    2.604396] Interrupt Taken: 	 Vector = 0x0000000F
[    2.604545] Interrupt Served: 	 Vector = 0x0000000F
[    2.606086] Interrupt Taken: 	 Vector = 0x0000000F
[    2.606177] Interrupt Served: 	 Vector = 0x0000000F
[    2.608349] [passthrough] Read: 	 address = 0x40013C04, size = 4 bytes, value = 0x00000000, pc=0x08000F10 
[    2.608740] Interrupt Taken: 	 Vector = 0x0000000F
[    2.608799] Interrupt Served: 	 Vector = 0x0000000F
[    2.611052] Interrupt Taken: 	 Vector = 0x0000000F
[    2.611100] Interrupt Served: 	 Vector = 0x0000000F
[    2.614118] Interrupt Taken: 	 Vector = 0x0000000F
[    2.614190] Interrupt Served: 	 Vector = 0x0000000F
[    2.616569] [passthrough] Write: 	 address = 0x40013C04, size = 4 bytes, value = 0x00000000, pc=0x08000F36 
[    2.617410] Interrupt Taken: 	 Vector = 0x0000000F
[    2.617475] Interrupt Served: 	 Vector = 0x0000000F
[    2.620447] Interrupt Taken: 	 Vector = 0x0000000F
[    2.620542] Interrupt Served: 	 Vector = 0x0000000F
[    2.622644] [passthrough] Read: 	 address = 0x40013C00, size = 4 bytes, value = 0x00000000, pc=0x08000F3A 
[    2.623040] Interrupt Taken: 	 Vector = 0x0000000F
[    2.623081] Interrupt Served: 	 Vector = 0x0000000F
[    2.625483] Interrupt Taken: 	 Vector = 0x0000000F
[    2.625539] Interrupt Served: 	 Vector = 0x0000000F
[    2.628401] Interrupt Taken: 	 Vector = 0x0000000F
[    2.628479] Interrupt Served: 	 Vector = 0x0000000F
[    2.630899] [passthrough] Write: 	 address = 0x40013C00, size = 4 bytes, value = 0x00002000, pc=0x08000F60 
[    2.631637] Interrupt Taken: 	 Vector = 0x0000000F
[    2.631722] Interrupt Served: 	 Vector = 0x0000000F
[    2.634265] Interrupt Taken: 	 Vector = 0x0000000F
[    2.634343] Interrupt Served: 	 Vector = 0x0000000F
[    2.637553] Interrupt Taken: 	 Vector = 0x0000000F
[    2.637661] Interrupt Served: 	 Vector = 0x0000000F
[    2.640356] Interrupt Taken: 	 Vector = 0x0000000F
[    2.640450] Interrupt Served: 	 Vector = 0x0000000F
[    2.642105] Interrupt Taken: 	 Vector = 0x0000000F
[    2.642174] Interrupt Served: 	 Vector = 0x0000000F
[    2.646104] Interrupt Taken: 	 Vector = 0x0000000F
[    2.646163] Interrupt Served: 	 Vector = 0x0000000F
[    2.648155] [passthrough] Read: 	 address = 0x40020808, size = 4 bytes, value = 0x00000000, pc=0x08000CB4 
[    2.648543] Interrupt Taken: 	 Vector = 0x0000000F
[    2.648593] Interrupt Served: 	 Vector = 0x0000000F
[    2.653660] Interrupt Taken: 	 Vector = 0x0000000F
[    2.653994] Interrupt Served: 	 Vector = 0x0000000F
[    2.655860] Interrupt Taken: 	 Vector = 0x0000000F
[    2.655952] Interrupt Served: 	 Vector = 0x0000000F
[    2.658026] [passthrough] Write: 	 address = 0x40020808, size = 4 bytes, value = 0x0000000c, pc=0x08000CE0 
[    2.658651] Interrupt Taken: 	 Vector = 0x0000000F
[    2.658849] Interrupt Served: 	 Vector = 0x0000000F
[    2.660378] Interrupt Taken: 	 Vector = 0x0000000F
[    2.660445] Interrupt Served: 	 Vector = 0x0000000F
[    2.663422] Interrupt Taken: 	 Vector = 0x0000000F
[    2.663482] Interrupt Served: 	 Vector = 0x0000000F
[    2.665937] [passthrough] Read: 	 address = 0x40020804, size = 4 bytes, value = 0x00000000, pc=0x08000CE4 
[    2.666372] Interrupt Taken: 	 Vector = 0x0000000F
[    2.666417] Interrupt Served: 	 Vector = 0x0000000F
[    2.670290] Interrupt Taken: 	 Vector = 0x0000000F
[    2.670413] Interrupt Served: 	 Vector = 0x0000000F
[    2.672902] [passthrough] Write: 	 address = 0x40020804, size = 4 bytes, value = 0x00000000, pc=0x08000D12 
[    2.673473] Interrupt Taken: 	 Vector = 0x0000000F
[    2.673559] Interrupt Served: 	 Vector = 0x0000000F
[    2.675051] Interrupt Taken: 	 Vector = 0x0000000F
[    2.675099] Interrupt Served: 	 Vector = 0x0000000F
[    2.676981] [passthrough] Read: 	 address = 0x4002080C, size = 4 bytes, value = 0x00000000, pc=0x08000D22 
[    2.677358] [passthrough] Write: 	 address = 0x4002080C, size = 4 bytes, value = 0x00000000, pc=0x08000D4E 
[    2.680554] Interrupt Taken: 	 Vector = 0x0000000F
[    2.680765] Interrupt Served: 	 Vector = 0x0000000F
[    2.682439] Interrupt Taken: 	 Vector = 0x0000000F
[    2.682544] Interrupt Served: 	 Vector = 0x0000000F
[    2.684922] [passthrough] Read: 	 address = 0x40020820, size = 4 bytes, value = 0x00000000, pc=0x08000D64 
[    2.685284] Interrupt Taken: 	 Vector = 0x0000000F
[    2.685327] Interrupt Served: 	 Vector = 0x0000000F
[    2.690653] Interrupt Taken: 	 Vector = 0x0000000F
[    2.690809] Interrupt Served: 	 Vector = 0x0000000F
[    2.692619] Interrupt Taken: 	 Vector = 0x0000000F
[    2.692710] Interrupt Served: 	 Vector = 0x0000000F
[    2.694690] [passthrough] Write: 	 address = 0x40020820, size = 4 bytes, value = 0x000000b0, pc=0x08000DA0 
[    2.695334] Interrupt Taken: 	 Vector = 0x0000000F
[    2.695366] Interrupt Served: 	 Vector = 0x0000000F
[    2.697052] [passthrough] Read: 	 address = 0x40020800, size = 4 bytes, value = 0x00000000, pc=0x08000DA6 
[    2.697531] [passthrough] Write: 	 address = 0x40020800, size = 4 bytes, value = 0x00000008, pc=0x08000DD6 
[    2.698401] [passthrough] Read: 	 address = 0x40020808, size = 4 bytes, value = 0x0000000c, pc=0x08000CB4 
[    2.698817] Interrupt Taken: 	 Vector = 0x0000000F
[    2.698860] Interrupt Served: 	 Vector = 0x0000000F
[    2.700750] [passthrough] Write: 	 address = 0x40020808, size = 4 bytes, value = 0x0000030c, pc=0x08000CE0 
[    2.701425] [passthrough] Read: 	 address = 0x40020804, size = 4 bytes, value = 0x00000000, pc=0x08000CE4 
[    2.701884] [passthrough] Write: 	 address = 0x40020804, size = 4 bytes, value = 0x00000000, pc=0x08000D12 
[    2.702586] [passthrough] Read: 	 address = 0x4002080C, size = 4 bytes, value = 0x00000000, pc=0x08000D22 
[    2.703025] [passthrough] Write: 	 address = 0x4002080C, size = 4 bytes, value = 0x00000000, pc=0x08000D4E 
[    2.704076] [passthrough] Read: 	 address = 0x40020820, size = 4 bytes, value = 0x000000b0, pc=0x08000D64 
[    2.704475] Interrupt Taken: 	 Vector = 0x0000000F
[    2.704538] Interrupt Served: 	 Vector = 0x0000000F
[    2.706610] [passthrough] Write: 	 address = 0x40020820, size = 4 bytes, value = 0x000b00b0, pc=0x08000DA0 
[    2.707350] Interrupt Taken: 	 Vector = 0x0000000F
[    2.707473] Interrupt Served: 	 Vector = 0x0000000F
[    2.709222] Interrupt Taken: 	 Vector = 0x0000000F
[    2.709298] Interrupt Served: 	 Vector = 0x0000000F
[    2.711081] [passthrough] Read: 	 address = 0x40020800, size = 4 bytes, value = 0x00000008, pc=0x08000DA6 
[    2.711479] [passthrough] Write: 	 address = 0x40020800, size = 4 bytes, value = 0x00000208, pc=0x08000DD6 
[    2.712134] [passthrough] Read: 	 address = 0x40020808, size = 4 bytes, value = 0x0000030c, pc=0x08000CB4 
[    2.712492] [passthrough] Write: 	 address = 0x40020808, size = 4 bytes, value = 0x00000f0c, pc=0x08000CE0 
[    2.713081] [passthrough] Read: 	 address = 0x40020804, size = 4 bytes, value = 0x00000000, pc=0x08000CE4 
[    2.713437] [passthrough] Write: 	 address = 0x40020804, size = 4 bytes, value = 0x00000000, pc=0x08000D12 
[    2.714095] [passthrough] Read: 	 address = 0x4002080C, size = 4 bytes, value = 0x00000000, pc=0x08000D22 
[    2.714500] [passthrough] Write: 	 address = 0x4002080C, size = 4 bytes, value = 0x00000000, pc=0x08000D4E 
[    2.715178] [passthrough] Read: 	 address = 0x40020820, size = 4 bytes, value = 0x000b00b0, pc=0x08000D64 
[    2.715578] [passthrough] Write: 	 address = 0x40020820, size = 4 bytes, value = 0x00bb00b0, pc=0x08000DA0 
[    2.716288] [passthrough] Read: 	 address = 0x40020800, size = 4 bytes, value = 0x00000208, pc=0x08000DA6 
[    2.716728] [passthrough] Write: 	 address = 0x40020800, size = 4 bytes, value = 0x00000a08, pc=0x08000DD6 
[    2.718283] Interrupt Taken: 	 Vector = 0x0000000F
[    2.718414] Interrupt Served: 	 Vector = 0x0000000F
[    2.720117] Interrupt Taken: 	 Vector = 0x0000000F
[    2.720243] Interrupt Served: 	 Vector = 0x0000000F
[    2.722482] [passthrough] Read: 	 address = 0x40020008, size = 4 bytes, value = 0x0c000000, pc=0x08000CB4 
[    2.722891] Interrupt Taken: 	 Vector = 0x0000000F
[    2.723045] Interrupt Served: 	 Vector = 0x0000000F
[    2.724599] Interrupt Taken: 	 Vector = 0x0000000F
[    2.724655] Interrupt Served: 	 Vector = 0x0000000F
[    2.726875] [passthrough] Write: 	 address = 0x40020008, size = 4 bytes, value = 0x0c00000c, pc=0x08000CE0 
[    2.727555] Interrupt Taken: 	 Vector = 0x0000000F
[    2.727615] Interrupt Served: 	 Vector = 0x0000000F
[    2.729300] [passthrough] Read: 	 address = 0x40020004, size = 4 bytes, value = 0x00000000, pc=0x08000CE4 
[    2.729730] [passthrough] Write: 	 address = 0x40020004, size = 4 bytes, value = 0x00000000, pc=0x08000D12 
[    2.730386] [passthrough] Read: 	 address = 0x4002000C, size = 4 bytes, value = 0x64000000, pc=0x08000D22 
[    2.730909] [passthrough] Write: 	 address = 0x4002000C, size = 4 bytes, value = 0x64000000, pc=0x08000D4E 
[    2.731819] [passthrough] Read: 	 address = 0x40020020, size = 4 bytes, value = 0x00000000, pc=0x08000D64 
[    2.732178] Interrupt Taken: 	 Vector = 0x0000000F
[    2.732331] Interrupt Served: 	 Vector = 0x0000000F
[    2.734018] Interrupt Taken: 	 Vector = 0x0000000F
[    2.734108] Interrupt Served: 	 Vector = 0x0000000F
[    2.736333] [passthrough] Write: 	 address = 0x40020020, size = 4 bytes, value = 0x000000b0, pc=0x08000DA0 
[    2.736955] Interrupt Taken: 	 Vector = 0x0000000F
[    2.737015] Interrupt Served: 	 Vector = 0x0000000F
[    2.738932] [passthrough] Read: 	 address = 0x40020000, size = 4 bytes, value = 0xa8000000, pc=0x08000DA6 
[    2.739414] [passthrough] Write: 	 address = 0x40020000, size = 4 bytes, value = 0xa8000008, pc=0x08000DD6 
[    2.740107] [passthrough] Read: 	 address = 0x40020008, size = 4 bytes, value = 0x0c00000c, pc=0x08000CB4 
[    2.740495] [passthrough] Write: 	 address = 0x40020008, size = 4 bytes, value = 0x0c00003c, pc=0x08000CE0 
[    2.741428] [passthrough] Read: 	 address = 0x40020004, size = 4 bytes, value = 0x00000000, pc=0x08000CE4 
[    2.741819] Interrupt Taken: 	 Vector = 0x0000000F
[    2.741867] Interrupt Served: 	 Vector = 0x0000000F
[    2.743557] [passthrough] Write: 	 address = 0x40020004, size = 4 bytes, value = 0x00000000, pc=0x08000D12 
[    2.744204] [passthrough] Read: 	 address = 0x4002000C, size = 4 bytes, value = 0x64000000, pc=0x08000D22 
[    2.744607] [passthrough] Write: 	 address = 0x4002000C, size = 4 bytes, value = 0x64000000, pc=0x08000D4E 
[    2.745274] [passthrough] Read: 	 address = 0x40020020, size = 4 bytes, value = 0x000000b0, pc=0x08000D64 
[    2.745699] [passthrough] Write: 	 address = 0x40020020, size = 4 bytes, value = 0x00000bb0, pc=0x08000DA0 
[    2.746335] [passthrough] Read: 	 address = 0x40020000, size = 4 bytes, value = 0xa8000008, pc=0x08000DA6 
[    2.746811] [passthrough] Write: 	 address = 0x40020000, size = 4 bytes, value = 0xa8000028, pc=0x08000DD6 
[    2.747757] [passthrough] Read: 	 address = 0x40020008, size = 4 bytes, value = 0x0c00003c, pc=0x08000CB4 
[    2.748193] [passthrough] Write: 	 address = 0x40020008, size = 4 bytes, value = 0x0c00c03c, pc=0x08000CE0 
[    2.748871] [passthrough] Read: 	 address = 0x40020004, size = 4 bytes, value = 0x00000000, pc=0x08000CE4 
[    2.749309] [passthrough] Write: 	 address = 0x40020004, size = 4 bytes, value = 0x00000000, pc=0x08000D12 
[    2.750012] [passthrough] Read: 	 address = 0x4002000C, size = 4 bytes, value = 0x64000000, pc=0x08000D22 
[    2.751002] [passthrough] Write: 	 address = 0x4002000C, size = 4 bytes, value = 0x64000000, pc=0x08000D4E 
[    2.751640] Interrupt Taken: 	 Vector = 0x0000000F
[    2.751718] Interrupt Served: 	 Vector = 0x0000000F
[    2.753731] [passthrough] Read: 	 address = 0x40020020, size = 4 bytes, value = 0x00000bb0, pc=0x08000D64 
[    2.754174] Interrupt Taken: 	 Vector = 0x0000000F
[    2.754243] Interrupt Served: 	 Vector = 0x0000000F
[    2.756425] [passthrough] Write: 	 address = 0x40020020, size = 4 bytes, value = 0xb0000bb0, pc=0x08000DA0 
[    2.757135] Interrupt Taken: 	 Vector = 0x0000000F
[    2.757357] Interrupt Served: 	 Vector = 0x0000000F
[    2.759073] Interrupt Taken: 	 Vector = 0x0000000F
[    2.759129] Interrupt Served: 	 Vector = 0x0000000F
[    2.761002] [passthrough] Read: 	 address = 0x40020000, size = 4 bytes, value = 0xa8000028, pc=0x08000DA6 
[    2.761445] [passthrough] Write: 	 address = 0x40020000, size = 4 bytes, value = 0xa8008028, pc=0x08000DD6 
[    2.762526] Interrupt Taken: 	 Vector = 0x0000000F
[    2.762572] Interrupt Served: 	 Vector = 0x0000000F
[    2.764341] Interrupt Taken: 	 Vector = 0x0000000F
[    2.764485] Interrupt Served: 	 Vector = 0x0000000F
[    2.766063] Interrupt Taken: 	 Vector = 0x0000000F
[    2.766137] Interrupt Served: 	 Vector = 0x0000000F
[    2.768002] [passthrough] Read: 	 address = 0x40020408, size = 4 bytes, value = 0x000000c0, pc=0x08000CB4 
[    2.768467] [passthrough] Write: 	 address = 0x40020408, size = 4 bytes, value = 0x000000c0, pc=0x08000CE0 
[    2.769161] [passthrough] Read: 	 address = 0x40020404, size = 4 bytes, value = 0x00000000, pc=0x08000CE4 
[    2.769877] [passthrough] Write: 	 address = 0x40020404, size = 4 bytes, value = 0x00000000, pc=0x08000D12 
[    2.770654] Interrupt Taken: 	 Vector = 0x0000000F
[    2.770824] Interrupt Served: 	 Vector = 0x0000000F
[    2.772345] Interrupt Taken: 	 Vector = 0x0000000F
[    2.772418] Interrupt Served: 	 Vector = 0x0000000F
[    2.774720] [passthrough] Read: 	 address = 0x4002040C, size = 4 bytes, value = 0x00000100, pc=0x08000D22 
[    2.775213] Interrupt Taken: 	 Vector = 0x0000000F
[    2.775273] Interrupt Served: 	 Vector = 0x0000000F
[    2.777022] [passthrough] Write: 	 address = 0x4002040C, size = 4 bytes, value = 0x00000100, pc=0x08000D4E 
[    2.777713] [passthrough] Read: 	 address = 0x40020400, size = 4 bytes, value = 0x00000280, pc=0x08000DA6 
[    2.778200] [passthrough] Write: 	 address = 0x40020400, size = 4 bytes, value = 0x00000281, pc=0x08000DD6 
[    2.778856] [passthrough] Read: 	 address = 0x40020408, size = 4 bytes, value = 0x000000c0, pc=0x08000CB4 
[    2.779238] [passthrough] Write: 	 address = 0x40020408, size = 4 bytes, value = 0x000000c0, pc=0x08000CE0 
[    2.779871] [passthrough] Read: 	 address = 0x40020404, size = 4 bytes, value = 0x00000000, pc=0x08000CE4 
[    2.780315] [passthrough] Write: 	 address = 0x40020404, size = 4 bytes, value = 0x00000000, pc=0x08000D12 
[    2.781159] [passthrough] Read: 	 address = 0x4002040C, size = 4 bytes, value = 0x00000100, pc=0x08000D22 
[    2.781840] [passthrough] Write: 	 address = 0x4002040C, size = 4 bytes, value = 0x00000100, pc=0x08000D4E 
[    2.782532] [passthrough] Read: 	 address = 0x40020400, size = 4 bytes, value = 0x00000281, pc=0x08000DA6 
[    2.782993] [passthrough] Write: 	 address = 0x40020400, size = 4 bytes, value = 0x00004281, pc=0x08000DD6 
[    2.783719] [passthrough] Read: 	 address = 0x40020408, size = 4 bytes, value = 0x000000c0, pc=0x08000CB4 
[    2.784756] [passthrough] Write: 	 address = 0x40020408, size = 4 bytes, value = 0x000000c0, pc=0x08000CE0 
[    2.785502] Interrupt Taken: 	 Vector = 0x0000000F
[    2.785756] Interrupt Served: 	 Vector = 0x0000000F
[    2.787312] Interrupt Taken: 	 Vector = 0x0000000F
[    2.787381] Interrupt Served: 	 Vector = 0x0000000F
[    2.789725] [passthrough] Read: 	 address = 0x40020404, size = 4 bytes, value = 0x00000000, pc=0x08000CE4 
[    2.790202] [passthrough] Write: 	 address = 0x40020404, size = 4 bytes, value = 0x00000000, pc=0x08000D12 
[    2.790918] [passthrough] Read: 	 address = 0x4002040C, size = 4 bytes, value = 0x00000100, pc=0x08000D22 
[    2.791340] [passthrough] Write: 	 address = 0x4002040C, size = 4 bytes, value = 0x00000100, pc=0x08000D4E 
[    2.792056] [passthrough] Read: 	 address = 0x40020400, size = 4 bytes, value = 0x00004281, pc=0x08000DA6 
[    2.792768] [passthrough] Write: 	 address = 0x40020400, size = 4 bytes, value = 0x10004281, pc=0x08000DD6 
[    2.793397] Interrupt Taken: 	 Vector = 0x0000000F
[    2.793493] Interrupt Served: 	 Vector = 0x0000000F
[    2.795307] Interrupt Taken: 	 Vector = 0x0000000F
[    2.795358] Interrupt Served: 	 Vector = 0x0000000F
[    2.798162] Interrupt Taken: 	 Vector = 0x0000000F
[    2.798251] Interrupt Served: 	 Vector = 0x0000000F
[    2.800271] [passthrough] Read: 	 address = 0x40020408, size = 4 bytes, value = 0x000000c0, pc=0x08000CB4 
[    2.800713] Interrupt Taken: 	 Vector = 0x0000000F
[    2.800903] Interrupt Served: 	 Vector = 0x0000000F
[    2.802508] Interrupt Taken: 	 Vector = 0x0000000F
[    2.802593] Interrupt Served: 	 Vector = 0x0000000F
[    2.804517] [passthrough] Write: 	 address = 0x40020408, size = 4 bytes, value = 0x0c0000c0, pc=0x08000CE0 
[    2.805257] [passthrough] Read: 	 address = 0x40020404, size = 4 bytes, value = 0x00000000, pc=0x08000CE4 
[    2.805704] [passthrough] Write: 	 address = 0x40020404, size = 4 bytes, value = 0x00000000, pc=0x08000D12 
[    2.806555] [passthrough] Read: 	 address = 0x4002040C, size = 4 bytes, value = 0x00000100, pc=0x08000D22 
[    2.807052] Interrupt Taken: 	 Vector = 0x0000000F
[    2.807091] Interrupt Served: 	 Vector = 0x0000000F
[    2.808842] [passthrough] Write: 	 address = 0x4002040C, size = 4 bytes, value = 0x00000100, pc=0x08000D4E 
[    2.809726] [passthrough] Read: 	 address = 0x40020424, size = 4 bytes, value = 0x00000000, pc=0x08000D64 
[    2.810177] [passthrough] Write: 	 address = 0x40020424, size = 4 bytes, value = 0x00b00000, pc=0x08000DA0 
[    2.811150] [passthrough] Read: 	 address = 0x40020400, size = 4 bytes, value = 0x10004281, pc=0x08000DA6 
[    2.811507] Interrupt Taken: 	 Vector = 0x0000000F
[    2.811564] Interrupt Served: 	 Vector = 0x0000000F
[    2.813473] [passthrough] Write: 	 address = 0x40020400, size = 4 bytes, value = 0x18004281, pc=0x08000DD6 
[    2.815305] Interrupt Taken: 	 Vector = 0x0000000F
[    2.815483] Interrupt Served: 	 Vector = 0x0000000F
[    2.817180] Interrupt Taken: 	 Vector = 0x0000000F
[    2.817254] Interrupt Served: 	 Vector = 0x0000000F
[    2.819286] [passthrough] Read: 	 address = 0x40020C08, size = 4 bytes, value = 0x00000000, pc=0x08000CB4 
[    2.819761] Interrupt Taken: 	 Vector = 0x0000000F
[    2.819826] Interrupt Served: 	 Vector = 0x0000000F
[    2.821625] [passthrough] Write: 	 address = 0x40020C08, size = 4 bytes, value = 0x00030000, pc=0x08000CE0 
[    2.822270] [passthrough] Read: 	 address = 0x40020C04, size = 4 bytes, value = 0x00000000, pc=0x08000CE4 
[    2.822655] [passthrough] Write: 	 address = 0x40020C04, size = 4 bytes, value = 0x00000000, pc=0x08000D12 
[    2.823418] [passthrough] Read: 	 address = 0x40020C0C, size = 4 bytes, value = 0x00000000, pc=0x08000D22 
[    2.823839] [passthrough] Write: 	 address = 0x40020C0C, size = 4 bytes, value = 0x00000000, pc=0x08000D4E 
[    2.825164] [passthrough] Read: 	 address = 0x40020C24, size = 4 bytes, value = 0x00000000, pc=0x08000D64 
[    2.825842] Interrupt Taken: 	 Vector = 0x0000000F
[    2.826070] Interrupt Served: 	 Vector = 0x0000000F
[    2.827776] Interrupt Taken: 	 Vector = 0x0000000F
[    2.827864] Interrupt Served: 	 Vector = 0x0000000F
[    2.830204] [passthrough] Write: 	 address = 0x40020C24, size = 4 bytes, value = 0x00000007, pc=0x08000DA0 
[    2.830921] Interrupt Taken: 	 Vector = 0x0000000F
[    2.830982] Interrupt Served: 	 Vector = 0x0000000F
[    2.833294] [passthrough] Read: 	 address = 0x40020C00, size = 4 bytes, value = 0x00000000, pc=0x08000DA6 
[    2.833725] Interrupt Taken: 	 Vector = 0x0000000F
[    2.833876] Interrupt Served: 	 Vector = 0x0000000F
[    2.835936] [passthrough] Write: 	 address = 0x40020C00, size = 4 bytes, value = 0x00020000, pc=0x08000DD6 
[    2.836764] Interrupt Taken: 	 Vector = 0x0000000F
[    2.836832] Interrupt Served: 	 Vector = 0x0000000F
[    2.838904] [passthrough] Read: 	 address = 0x40020C08, size = 4 bytes, value = 0x00030000, pc=0x08000CB4 
[    2.839276] Interrupt Taken: 	 Vector = 0x0000000F
[    2.839336] Interrupt Served: 	 Vector = 0x0000000F
[    2.841112] [passthrough] Write: 	 address = 0x40020C08, size = 4 bytes, value = 0x000f0000, pc=0x08000CE0 
[    2.841922] [passthrough] Read: 	 address = 0x40020C04, size = 4 bytes, value = 0x00000000, pc=0x08000CE4 
[    2.842475] [passthrough] Write: 	 address = 0x40020C04, size = 4 bytes, value = 0x00000000, pc=0x08000D12 
[    2.843180] Interrupt Taken: 	 Vector = 0x0000000F
[    2.843236] Interrupt Served: 	 Vector = 0x0000000F
[    2.845312] [passthrough] Read: 	 address = 0x40020C0C, size = 4 bytes, value = 0x00000000, pc=0x08000D22 
[    2.845776] Interrupt Taken: 	 Vector = 0x0000000F
[    2.845845] Interrupt Served: 	 Vector = 0x0000000F
[    2.847722] [passthrough] Write: 	 address = 0x40020C0C, size = 4 bytes, value = 0x00000000, pc=0x08000D4E 
[    2.848691] [passthrough] Read: 	 address = 0x40020C24, size = 4 bytes, value = 0x00000007, pc=0x08000D64 
[    2.849157] Interrupt Taken: 	 Vector = 0x0000000F
[    2.849209] Interrupt Served: 	 Vector = 0x0000000F
[    2.851285] [passthrough] Write: 	 address = 0x40020C24, size = 4 bytes, value = 0x00000077, pc=0x08000DA0 
[    2.852074] Interrupt Taken: 	 Vector = 0x0000000F
[    2.852140] Interrupt Served: 	 Vector = 0x0000000F
[    2.854214] [passthrough] Read: 	 address = 0x40020C00, size = 4 bytes, value = 0x00020000, pc=0x08000DA6 
[    2.854683] Interrupt Taken: 	 Vector = 0x0000000F
[    2.854834] Interrupt Served: 	 Vector = 0x0000000F
[    2.856417] Interrupt Taken: 	 Vector = 0x0000000F
[    2.856478] Interrupt Served: 	 Vector = 0x0000000F
[    2.858536] [passthrough] Write: 	 address = 0x40020C00, size = 4 bytes, value = 0x000a0000, pc=0x08000DD6 
[    2.859220] Interrupt Taken: 	 Vector = 0x0000000F
[    2.859268] Interrupt Served: 	 Vector = 0x0000000F
[    2.862361] Interrupt Taken: 	 Vector = 0x0000000F
[    2.862431] Interrupt Served: 	 Vector = 0x0000000F
[    2.864499] [passthrough] Read: 	 address = 0x40021808, size = 4 bytes, value = 0x00000000, pc=0x08000CB4 
[    2.864985] [passthrough] Write: 	 address = 0x40021808, size = 4 bytes, value = 0x00000000, pc=0x08000CE0 
[    2.866106] [passthrough] Read: 	 address = 0x40021804, size = 4 bytes, value = 0x00000000, pc=0x08000CE4 
[    2.866492] Interrupt Taken: 	 Vector = 0x0000000F
[    2.866538] Interrupt Served: 	 Vector = 0x0000000F
[    2.868444] [passthrough] Write: 	 address = 0x40021804, size = 4 bytes, value = 0x00000000, pc=0x08000D12 
[    2.869050] Interrupt Taken: 	 Vector = 0x0000000F
[    2.869211] Interrupt Served: 	 Vector = 0x0000000F
[    2.870951] Interrupt Taken: 	 Vector = 0x0000000F
[    2.871052] Interrupt Served: 	 Vector = 0x0000000F
[    2.873137] [passthrough] Read: 	 address = 0x4002180C, size = 4 bytes, value = 0x00000000, pc=0x08000D22 
[    2.873618] [passthrough] Write: 	 address = 0x4002180C, size = 4 bytes, value = 0x00000000, pc=0x08000D4E 
[    2.874295] [passthrough] Read: 	 address = 0x40021800, size = 4 bytes, value = 0x00000000, pc=0x08000DA6 
[    2.874734] [passthrough] Write: 	 address = 0x40021800, size = 4 bytes, value = 0x00001000, pc=0x08000DD6 
[    2.876072] Interrupt Taken: 	 Vector = 0x0000000F
[    2.876196] Interrupt Served: 	 Vector = 0x0000000F
[    2.877772] Interrupt Taken: 	 Vector = 0x0000000F
[    2.877855] Interrupt Served: 	 Vector = 0x0000000F
[    2.880105] [passthrough] Read: 	 address = 0x4002180C, size = 4 bytes, value = 0x00000000, pc=0x08000D22 
[    2.880528] Interrupt Taken: 	 Vector = 0x0000000F
[    2.880810] Interrupt Served: 	 Vector = 0x0000000F
[    2.882605] Interrupt Taken: 	 Vector = 0x0000000F
[    2.882739] Interrupt Served: 	 Vector = 0x0000000F
[    2.884700] [passthrough] Write: 	 address = 0x4002180C, size = 4 bytes, value = 0x00000000, pc=0x08000D4E 
[    2.885589] [passthrough] Read: 	 address = 0x40021800, size = 4 bytes, value = 0x00001000, pc=0x08000DA6 
[    2.886279] [passthrough] Write: 	 address = 0x40021800, size = 4 bytes, value = 0x00001000, pc=0x08000DD6 
[    2.886993] Interrupt Taken: 	 Vector = 0x0000000F
[    2.887187] Interrupt Served: 	 Vector = 0x0000000F
[    2.888831] Interrupt Taken: 	 Vector = 0x0000000F
[    2.888923] Interrupt Served: 	 Vector = 0x0000000F
[    2.891893] Interrupt Taken: 	 Vector = 0x0000000F
[    2.892028] Interrupt Served: 	 Vector = 0x0000000F
[    2.893876] Interrupt Taken: 	 Vector = 0x0000000F
[    2.893964] Interrupt Served: 	 Vector = 0x0000000F
[    2.895971] [passthrough] Read: 	 address = 0x40020008, size = 4 bytes, value = 0x0c00c03c, pc=0x08000CB4 
[    2.896370] Interrupt Taken: 	 Vector = 0x0000000F
[    2.896521] Interrupt Served: 	 Vector = 0x0000000F
[    2.898135] Interrupt Taken: 	 Vector = 0x0000000F
[    2.898216] Interrupt Served: 	 Vector = 0x0000000F
[    2.900164] [passthrough] Write: 	 address = 0x40020008, size = 4 bytes, value = 0x0c03c03c, pc=0x08000CE0 
[    2.901082] [passthrough] Read: 	 address = 0x40020004, size = 4 bytes, value = 0x00000000, pc=0x08000CE4 
[    2.901770] [passthrough] Write: 	 address = 0x40020004, size = 4 bytes, value = 0x00000000, pc=0x08000D12 
[    2.902330] Interrupt Taken: 	 Vector = 0x0000000F
[    2.902370] Interrupt Served: 	 Vector = 0x0000000F
[    2.904345] [passthrough] Read: 	 address = 0x4002000C, size = 4 bytes, value = 0x64000000, pc=0x08000D22 
[    2.904735] Interrupt Taken: 	 Vector = 0x0000000F
[    2.904784] Interrupt Served: 	 Vector = 0x0000000F
[    2.906608] [passthrough] Write: 	 address = 0x4002000C, size = 4 bytes, value = 0x64000000, pc=0x08000D4E 
[    2.907369] [passthrough] Read: 	 address = 0x40020024, size = 4 bytes, value = 0x00000000, pc=0x08000D64 
[    2.907746] [passthrough] Write: 	 address = 0x40020024, size = 4 bytes, value = 0x0000000a, pc=0x08000DA0 
[    2.908290] [passthrough] Read: 	 address = 0x40020000, size = 4 bytes, value = 0xa8008028, pc=0x08000DA6 
[    2.908641] [passthrough] Write: 	 address = 0x40020000, size = 4 bytes, value = 0xa8028028, pc=0x08000DD6 
[    2.909207] [passthrough] Read: 	 address = 0x40020008, size = 4 bytes, value = 0x0c03c03c, pc=0x08000CB4 
[    2.909573] [passthrough] Write: 	 address = 0x40020008, size = 4 bytes, value = 0x0c33c03c, pc=0x08000CE0 
[    2.910175] [passthrough] Read: 	 address = 0x40020004, size = 4 bytes, value = 0x00000000, pc=0x08000CE4 
[    2.910850] [passthrough] Write: 	 address = 0x40020004, size = 4 bytes, value = 0x00000000, pc=0x08000D12 
[    2.911617] Interrupt Taken: 	 Vector = 0x0000000F
[    2.912226] Interrupt Served: 	 Vector = 0x0000000F
[    2.913822] Interrupt Taken: 	 Vector = 0x0000000F
[    2.913914] Interrupt Served: 	 Vector = 0x0000000F
[    2.915990] [passthrough] Read: 	 address = 0x4002000C, size = 4 bytes, value = 0x64000000, pc=0x08000D22 
[    2.916408] Interrupt Taken: 	 Vector = 0x0000000F
[    2.916465] Interrupt Served: 	 Vector = 0x0000000F
[    2.918476] [passthrough] Write: 	 address = 0x4002000C, size = 4 bytes, value = 0x64000000, pc=0x08000D4E 
[    2.919143] Interrupt Taken: 	 Vector = 0x0000000F
[    2.919184] Interrupt Served: 	 Vector = 0x0000000F
[    2.920914] [passthrough] Read: 	 address = 0x40020024, size = 4 bytes, value = 0x0000000a, pc=0x08000D64 
[    2.921574] [passthrough] Write: 	 address = 0x40020024, size = 4 bytes, value = 0x00000a0a, pc=0x08000DA0 
[    2.922291] Interrupt Taken: 	 Vector = 0x0000000F
[    2.922351] Interrupt Served: 	 Vector = 0x0000000F
[    2.924075] [passthrough] Read: 	 address = 0x40020000, size = 4 bytes, value = 0xa8028028, pc=0x08000DA6 
[    2.924530] [passthrough] Write: 	 address = 0x40020000, size = 4 bytes, value = 0xa8228028, pc=0x08000DD6 
[    2.925166] [passthrough] Read: 	 address = 0x40020008, size = 4 bytes, value = 0x0c33c03c, pc=0x08000CB4 
[    2.925529] [passthrough] Write: 	 address = 0x40020008, size = 4 bytes, value = 0x0cf3c03c, pc=0x08000CE0 
[    2.926208] [passthrough] Read: 	 address = 0x40020004, size = 4 bytes, value = 0x00000000, pc=0x08000CE4 
[    2.926613] [passthrough] Write: 	 address = 0x40020004, size = 4 bytes, value = 0x00000000, pc=0x08000D12 
[    2.927326] [passthrough] Read: 	 address = 0x4002000C, size = 4 bytes, value = 0x64000000, pc=0x08000D22 
[    2.927737] [passthrough] Write: 	 address = 0x4002000C, size = 4 bytes, value = 0x64000000, pc=0x08000D4E 
[    2.928372] [passthrough] Read: 	 address = 0x40020024, size = 4 bytes, value = 0x00000a0a, pc=0x08000D64 
[    2.928792] [passthrough] Write: 	 address = 0x40020024, size = 4 bytes, value = 0x0000aa0a, pc=0x08000DA0 
[    2.929468] [passthrough] Read: 	 address = 0x40020000, size = 4 bytes, value = 0xa8228028, pc=0x08000DA6 
[    2.929898] [passthrough] Write: 	 address = 0x40020000, size = 4 bytes, value = 0xa8a28028, pc=0x08000DD6 
[    2.931371] [passthrough] Read: 	 address = 0x40020008, size = 4 bytes, value = 0x0cf3c03c, pc=0x08000CB4 
[    2.931908] Interrupt Taken: 	 Vector = 0x0000000F
[    2.932219] Interrupt Served: 	 Vector = 0x0000000F
[    2.933939] Interrupt Taken: 	 Vector = 0x0000000F
[    2.934029] Interrupt Served: 	 Vector = 0x0000000F
[    2.936131] [passthrough] Write: 	 address = 0x40020008, size = 4 bytes, value = 0x0ff3c03c, pc=0x08000CE0 
[    2.936864] Interrupt Taken: 	 Vector = 0x0000000F
[    2.936983] Interrupt Served: 	 Vector = 0x0000000F
[    2.938560] Interrupt Taken: 	 Vector = 0x0000000F
[    2.938627] Interrupt Served: 	 Vector = 0x0000000F
[    2.940409] [passthrough] Read: 	 address = 0x40020004, size = 4 bytes, value = 0x00000000, pc=0x08000CE4 
[    2.941054] [passthrough] Write: 	 address = 0x40020004, size = 4 bytes, value = 0x00000000, pc=0x08000D12 
[    2.941760] Interrupt Taken: 	 Vector = 0x0000000F
[    2.941881] Interrupt Served: 	 Vector = 0x0000000F
[    2.943603] Interrupt Taken: 	 Vector = 0x0000000F
[    2.943686] Interrupt Served: 	 Vector = 0x0000000F
[    2.945435] [passthrough] Read: 	 address = 0x4002000C, size = 4 bytes, value = 0x64000000, pc=0x08000D22 
[    2.946165] [passthrough] Write: 	 address = 0x4002000C, size = 4 bytes, value = 0x64000000, pc=0x08000D4E 
[    2.946866] Interrupt Taken: 	 Vector = 0x0000000F
[    2.946932] Interrupt Served: 	 Vector = 0x0000000F
[    2.949024] [passthrough] Read: 	 address = 0x40020024, size = 4 bytes, value = 0x0000aa0a, pc=0x08000D64 
[    2.949441] Interrupt Taken: 	 Vector = 0x0000000F
[    2.949496] Interrupt Served: 	 Vector = 0x0000000F
[    2.951604] [passthrough] Write: 	 address = 0x40020024, size = 4 bytes, value = 0x000aaa0a, pc=0x08000DA0 
[    2.952395] [passthrough] Read: 	 address = 0x40020000, size = 4 bytes, value = 0xa8a28028, pc=0x08000DA6 
[    2.953371] [passthrough] Write: 	 address = 0x40020000, size = 4 bytes, value = 0xaaa28028, pc=0x08000DD6 
[    2.953982] Interrupt Taken: 	 Vector = 0x0000000F
[    2.954030] Interrupt Served: 	 Vector = 0x0000000F
[    2.956383] Interrupt Taken: 	 Vector = 0x0000000F
[    2.956440] Interrupt Served: 	 Vector = 0x0000000F
[    2.958294] [passthrough] Read: 	 address = 0x4002000C, size = 4 bytes, value = 0x64000000, pc=0x08000D22 
[    2.958702] [passthrough] Write: 	 address = 0x4002000C, size = 4 bytes, value = 0x64000000, pc=0x08000D4E 
[    2.959510] [passthrough] Read: 	 address = 0x40020000, size = 4 bytes, value = 0xaaa28028, pc=0x08000DA6 
[    2.959948] [passthrough] Write: 	 address = 0x40020000, size = 4 bytes, value = 0xaaa28028, pc=0x08000DD6 
[    2.960849] Interrupt Taken: 	 Vector = 0x0000000F
[    2.960894] Interrupt Served: 	 Vector = 0x0000000F
[    2.963786] Interrupt Taken: 	 Vector = 0x0000000F
[    2.963897] Interrupt Served: 	 Vector = 0x0000000F
[    2.966159] [passthrough] Read: 	 address = 0x40021808, size = 4 bytes, value = 0x00000000, pc=0x08000CB4 
[    2.966878] [passthrough] Write: 	 address = 0x40021808, size = 4 bytes, value = 0x00c00000, pc=0x08000CE0 
[    2.967498] Interrupt Taken: 	 Vector = 0x0000000F
[    2.967662] Interrupt Served: 	 Vector = 0x0000000F
[    2.969245] Interrupt Taken: 	 Vector = 0x0000000F
[    2.969322] Interrupt Served: 	 Vector = 0x0000000F
[    2.971285] [passthrough] Read: 	 address = 0x40021804, size = 4 bytes, value = 0x00000000, pc=0x08000CE4 
[    2.971663] Interrupt Taken: 	 Vector = 0x0000000F
[    2.971756] Interrupt Served: 	 Vector = 0x0000000F
[    2.973576] [passthrough] Write: 	 address = 0x40021804, size = 4 bytes, value = 0x00000000, pc=0x08000D12 
[    2.974243] [passthrough] Read: 	 address = 0x4002180C, size = 4 bytes, value = 0x00000000, pc=0x08000D22 
[    2.974579] [passthrough] Write: 	 address = 0x4002180C, size = 4 bytes, value = 0x00000000, pc=0x08000D4E 
[    2.975310] [passthrough] Read: 	 address = 0x40021824, size = 4 bytes, value = 0x00000000, pc=0x08000D64 
[    2.975708] [passthrough] Write: 	 address = 0x40021824, size = 4 bytes, value = 0x0000b000, pc=0x08000DA0 
[    2.976334] [passthrough] Read: 	 address = 0x40021800, size = 4 bytes, value = 0x00001000, pc=0x08000DA6 
[    2.976693] [passthrough] Write: 	 address = 0x40021800, size = 4 bytes, value = 0x00801000, pc=0x08000DD6 
[    2.977371] [passthrough] Read: 	 address = 0x40021808, size = 4 bytes, value = 0x00c00000, pc=0x08000CB4 
[    2.977719] [passthrough] Write: 	 address = 0x40021808, size = 4 bytes, value = 0x0cc00000, pc=0x08000CE0 
[    2.978374] [passthrough] Read: 	 address = 0x40021804, size = 4 bytes, value = 0x00000000, pc=0x08000CE4 
[    2.978767] [passthrough] Write: 	 address = 0x40021804, size = 4 bytes, value = 0x00000000, pc=0x08000D12 
[    2.979400] [passthrough] Read: 	 address = 0x4002180C, size = 4 bytes, value = 0x00000000, pc=0x08000D22 
[    2.980049] [passthrough] Write: 	 address = 0x4002180C, size = 4 bytes, value = 0x00000000, pc=0x08000D4E 
[    2.980893] [passthrough] Read: 	 address = 0x40021824, size = 4 bytes, value = 0x0000b000, pc=0x08000D64 
[    2.981433] [passthrough] Write: 	 address = 0x40021824, size = 4 bytes, value = 0x00b0b000, pc=0x08000DA0 
[    2.982715] [passthrough] Read: 	 address = 0x40021800, size = 4 bytes, value = 0x00801000, pc=0x08000DA6 
[    2.983150] Interrupt Taken: 	 Vector = 0x0000000F
[    2.983316] Interrupt Served: 	 Vector = 0x0000000F
[    2.984987] Interrupt Taken: 	 Vector = 0x0000000F
[    2.985070] Interrupt Served: 	 Vector = 0x0000000F
[    2.987080] [passthrough] Write: 	 address = 0x40021800, size = 4 bytes, value = 0x08801000, pc=0x08000DD6 
[    2.987745] Interrupt Taken: 	 Vector = 0x0000000F
[    2.987801] Interrupt Served: 	 Vector = 0x0000000F
[    2.990334] Interrupt Taken: 	 Vector = 0x0000000F
[    2.990427] Interrupt Served: 	 Vector = 0x0000000F
[    2.992144] Interrupt Taken: 	 Vector = 0x0000000F
[    2.992224] Interrupt Served: 	 Vector = 0x0000000F
[    2.993988] [passthrough] Read: 	 address = 0x40020408, size = 4 bytes, value = 0x0c0000c0, pc=0x08000CB4 
[    2.994596] [passthrough] Write: 	 address = 0x40020408, size = 4 bytes, value = 0x0c0300c0, pc=0x08000CE0 
[    2.995196] [passthrough] Read: 	 address = 0x40020404, size = 4 bytes, value = 0x00000000, pc=0x08000CE4 
[    2.995543] [passthrough] Write: 	 address = 0x40020404, size = 4 bytes, value = 0x00000100, pc=0x08000D12 
[    2.996115] [passthrough] Read: 	 address = 0x4002040C, size = 4 bytes, value = 0x00000100, pc=0x08000D22 
[    2.996476] [passthrough] Write: 	 address = 0x4002040C, size = 4 bytes, value = 0x00000100, pc=0x08000D4E 
[    2.997320] [passthrough] Read: 	 address = 0x40020424, size = 4 bytes, value = 0x00b00000, pc=0x08000D64 
[    2.997931] [passthrough] Write: 	 address = 0x40020424, size = 4 bytes, value = 0x00b00004, pc=0x08000DA0 
[    2.999409] [passthrough] Read: 	 address = 0x40020400, size = 4 bytes, value = 0x18004281, pc=0x08000DA6 
[    2.999966] [passthrough] Write: 	 address = 0x40020400, size = 4 bytes, value = 0x18024281, pc=0x08000DD6 
[    3.001062] [passthrough] Read: 	 address = 0x40020408, size = 4 bytes, value = 0x0c0300c0, pc=0x08000CB4 
[    3.001490] Interrupt Taken: 	 Vector = 0x0000000F
[    3.001539] Interrupt Served: 	 Vector = 0x0000000F
[    3.003654] [passthrough] Write: 	 address = 0x40020408, size = 4 bytes, value = 0x0c0f00c0, pc=0x08000CE0 
[    3.004350] Interrupt Taken: 	 Vector = 0x0000000F
[    3.004400] Interrupt Served: 	 Vector = 0x0000000F
[    3.006416] [passthrough] Read: 	 address = 0x40020404, size = 4 bytes, value = 0x00000100, pc=0x08000CE4 
[    3.006844] Interrupt Taken: 	 Vector = 0x0000000F
[    3.006883] Interrupt Served: 	 Vector = 0x0000000F
[    3.008614] [passthrough] Write: 	 address = 0x40020404, size = 4 bytes, value = 0x00000300, pc=0x08000D12 
[    3.009358] [passthrough] Read: 	 address = 0x4002040C, size = 4 bytes, value = 0x00000100, pc=0x08000D22 
[    3.009805] [passthrough] Write: 	 address = 0x4002040C, size = 4 bytes, value = 0x00000100, pc=0x08000D4E 
[    3.010429] [passthrough] Read: 	 address = 0x40020424, size = 4 bytes, value = 0x00b00004, pc=0x08000D64 
[    3.010832] [passthrough] Write: 	 address = 0x40020424, size = 4 bytes, value = 0x00b00044, pc=0x08000DA0 
[    3.012061] [passthrough] Read: 	 address = 0x40020400, size = 4 bytes, value = 0x18024281, pc=0x08000DA6 
[    3.012534] [passthrough] Write: 	 address = 0x40020400, size = 4 bytes, value = 0x180a4281, pc=0x08000DD6 
[    3.013961] Interrupt Taken: 	 Vector = 0x0000000F
[    3.014080] Interrupt Served: 	 Vector = 0x0000000F
[    3.016206] Interrupt Taken: 	 Vector = 0x0000000F
[    3.016321] Interrupt Served: 	 Vector = 0x0000000F
[    3.018931] Interrupt Taken: 	 Vector = 0x0000000F
[    3.019056] Interrupt Served: 	 Vector = 0x0000000F
[    3.020638] Interrupt Taken: 	 Vector = 0x0000000F
[    3.020826] Interrupt Served: 	 Vector = 0x0000000F
[    3.023250] Interrupt Taken: 	 Vector = 0x0000000F
[    3.023311] Interrupt Served: 	 Vector = 0x0000000F
[    3.025556] [passthrough] Read: 	 address = 0x40020414, size = 4 bytes, value = 0x00000000, pc=0x08000FF4 
[    3.025970] Interrupt Taken: 	 Vector = 0x0000000F
[    3.026013] Interrupt Served: 	 Vector = 0x0000000F
[    3.028091] Interrupt Taken: 	 Vector = 0x0000000F
[    3.028142] Interrupt Served: 	 Vector = 0x0000000F
[    3.031645] Interrupt Taken: 	 Vector = 0x0000000F
[    3.031939] Interrupt Served: 	 Vector = 0x0000000F
[    3.033925] Interrupt Taken: 	 Vector = 0x0000000F
[    3.034060] Interrupt Served: 	 Vector = 0x0000000F
[    3.036405] [passthrough] Write: 	 address = 0x40020418, size = 4 bytes, value = 0x00000001, pc=0x0800100C 
[    3.037083] Interrupt Taken: 	 Vector = 0x0000000F
[    3.037269] Interrupt Served: 	 Vector = 0x0000000F
[    3.038947] Interrupt Taken: 	 Vector = 0x0000000F
[    3.039043] Interrupt Served: 	 Vector = 0x0000000F
[    3.041473] Interrupt Taken: 	 Vector = 0x0000000F
[    3.041539] Interrupt Served: 	 Vector = 0x0000000F
[    3.043537] Interrupt Taken: 	 Vector = 0x0000000F
[    3.043601] Interrupt Served: 	 Vector = 0x0000000F
[    3.045908] Interrupt Taken: 	 Vector = 0x0000000F
[    3.045979] Interrupt Served: 	 Vector = 0x0000000F
[    3.048526] Interrupt Taken: 	 Vector = 0x0000000F
[    3.048619] Interrupt Served: 	 Vector = 0x0000000F
[    3.050790] Interrupt Taken: 	 Vector = 0x0000000F
[    3.050915] Interrupt Served: 	 Vector = 0x0000000F
[    3.053565] Interrupt Taken: 	 Vector = 0x0000000F
[    3.053695] Interrupt Served: 	 Vector = 0x0000000F
[    3.056181] Interrupt Taken: 	 Vector = 0x0000000F
[    3.056302] Interrupt Served: 	 Vector = 0x0000000F
[    3.058022] Interrupt Taken: 	 Vector = 0x0000000F
[    3.058073] Interrupt Served: 	 Vector = 0x0000000F
[    3.060096] Interrupt Taken: 	 Vector = 0x0000000F
[    3.060214] Interrupt Served: 	 Vector = 0x0000000F
[    3.061756] Interrupt Taken: 	 Vector = 0x0000000F
[    3.061826] Interrupt Served: 	 Vector = 0x0000000F
[    3.063703] Interrupt Taken: 	 Vector = 0x0000000F
[    3.063762] Interrupt Served: 	 Vector = 0x0000000F
[    3.065804] Interrupt Taken: 	 Vector = 0x0000000F
[    3.065919] Interrupt Served: 	 Vector = 0x0000000F
[    3.068977] Interrupt Taken: 	 Vector = 0x0000000F
[    3.069102] Interrupt Served: 	 Vector = 0x0000000F
[    3.071220] Interrupt Taken: 	 Vector = 0x0000000F
[    3.071345] Interrupt Served: 	 Vector = 0x0000000F
[    3.073182] Interrupt Taken: 	 Vector = 0x0000000F
[    3.073265] Interrupt Served: 	 Vector = 0x0000000F
[    3.074800] Interrupt Taken: 	 Vector = 0x0000000F
[    3.074849] Interrupt Served: 	 Vector = 0x0000000F
[    3.077003] Interrupt Taken: 	 Vector = 0x0000000F
[    3.077090] Interrupt Served: 	 Vector = 0x0000000F
[    3.078991] Interrupt Taken: 	 Vector = 0x0000000F
[    3.079110] Interrupt Served: 	 Vector = 0x0000000F
[    3.080813] Interrupt Taken: 	 Vector = 0x0000000F
[    3.080915] Interrupt Served: 	 Vector = 0x0000000F
[    3.083024] Interrupt Taken: 	 Vector = 0x0000000F
[    3.083237] Interrupt Served: 	 Vector = 0x0000000F
[    3.084806] Interrupt Taken: 	 Vector = 0x0000000F
[    3.084916] Interrupt Served: 	 Vector = 0x0000000F
[    3.087546] Interrupt Taken: 	 Vector = 0x0000000F
[    3.087656] Interrupt Served: 	 Vector = 0x0000000F
[    3.089719] Interrupt Taken: 	 Vector = 0x0000000F
[    3.089787] Interrupt Served: 	 Vector = 0x0000000F
[    3.091734] Interrupt Taken: 	 Vector = 0x0000000F
[    3.091803] Interrupt Served: 	 Vector = 0x0000000F
[    3.093630] Interrupt Taken: 	 Vector = 0x0000000F
[    3.093705] Interrupt Served: 	 Vector = 0x0000000F
[    3.095550] Interrupt Taken: 	 Vector = 0x0000000F
[    3.095610] Interrupt Served: 	 Vector = 0x0000000F
[    3.097502] Interrupt Taken: 	 Vector = 0x0000000F
[    3.097821] Interrupt Served: 	 Vector = 0x0000000F
[    3.099420] Interrupt Taken: 	 Vector = 0x0000000F
[    3.099504] Interrupt Served: 	 Vector = 0x0000000F
[    3.101504] Interrupt Taken: 	 Vector = 0x0000000F
[    3.101623] Interrupt Served: 	 Vector = 0x0000000F
[    3.104730] Interrupt Taken: 	 Vector = 0x0000000F
[    3.104831] Interrupt Served: 	 Vector = 0x0000000F
[    3.106845] Interrupt Taken: 	 Vector = 0x0000000F
[    3.106924] Interrupt Served: 	 Vector = 0x0000000F
[    3.108750] Interrupt Taken: 	 Vector = 0x0000000F
[    3.108808] Interrupt Served: 	 Vector = 0x0000000F
[    3.110790] Interrupt Taken: 	 Vector = 0x0000000F
[    3.110844] Interrupt Served: 	 Vector = 0x0000000F
[    3.112739] Interrupt Taken: 	 Vector = 0x0000000F
[    3.112809] Interrupt Served: 	 Vector = 0x0000000F
[    3.114839] Interrupt Taken: 	 Vector = 0x0000000F
[    3.114953] Interrupt Served: 	 Vector = 0x0000000F
[    3.117276] Interrupt Taken: 	 Vector = 0x0000000F
[    3.117361] Interrupt Served: 	 Vector = 0x0000000F
[    3.119814] Interrupt Taken: 	 Vector = 0x0000000F
[    3.120354] Interrupt Served: 	 Vector = 0x0000000F
[    3.122478] Interrupt Taken: 	 Vector = 0x0000000F
[    3.122586] Interrupt Served: 	 Vector = 0x0000000F
[    3.124634] Interrupt Taken: 	 Vector = 0x0000000F
[    3.124797] Interrupt Served: 	 Vector = 0x0000000F
[    3.126391] Interrupt Taken: 	 Vector = 0x0000000F
[    3.126443] Interrupt Served: 	 Vector = 0x0000000F
[    3.128383] Interrupt Taken: 	 Vector = 0x0000000F
[    3.128458] Interrupt Served: 	 Vector = 0x0000000F
[    3.130860] Interrupt Taken: 	 Vector = 0x0000000F
[    3.130963] Interrupt Served: 	 Vector = 0x0000000F
[    3.133022] Interrupt Taken: 	 Vector = 0x0000000F
[    3.133170] Interrupt Served: 	 Vector = 0x0000000F
[    3.134836] Interrupt Taken: 	 Vector = 0x0000000F
[    3.134910] Interrupt Served: 	 Vector = 0x0000000F
[    3.138127] Interrupt Taken: 	 Vector = 0x0000000F
[    3.138229] Interrupt Served: 	 Vector = 0x0000000F
[    3.140166] Interrupt Taken: 	 Vector = 0x0000000F
[    3.140240] Interrupt Served: 	 Vector = 0x0000000F
[    3.142219] Interrupt Taken: 	 Vector = 0x0000000F
[    3.142290] Interrupt Served: 	 Vector = 0x0000000F
[    3.144269] Interrupt Taken: 	 Vector = 0x0000000F
[    3.144347] Interrupt Served: 	 Vector = 0x0000000F
[    3.146195] Interrupt Taken: 	 Vector = 0x0000000F
[    3.146345] Interrupt Served: 	 Vector = 0x0000000F
[    3.147924] Interrupt Taken: 	 Vector = 0x0000000F
[    3.148001] Interrupt Served: 	 Vector = 0x0000000F
[    3.150095] Interrupt Taken: 	 Vector = 0x0000000F
[    3.150185] Interrupt Served: 	 Vector = 0x0000000F
[    3.152346] Interrupt Taken: 	 Vector = 0x0000000F
[    3.152473] Interrupt Served: 	 Vector = 0x0000000F
[    3.154955] Interrupt Taken: 	 Vector = 0x0000000F
[    3.155047] Interrupt Served: 	 Vector = 0x0000000F
[    3.156935] Interrupt Taken: 	 Vector = 0x0000000F
[    3.156997] Interrupt Served: 	 Vector = 0x0000000F
[    3.159006] Interrupt Taken: 	 Vector = 0x0000000F
[    3.159067] Interrupt Served: 	 Vector = 0x0000000F
[    3.161194] Interrupt Taken: 	 Vector = 0x0000000F
[    3.161385] Interrupt Served: 	 Vector = 0x0000000F
[    3.163074] Interrupt Taken: 	 Vector = 0x0000000F
[    3.163164] Interrupt Served: 	 Vector = 0x0000000F
[    3.165720] Interrupt Taken: 	 Vector = 0x0000000F
[    3.165848] Interrupt Served: 	 Vector = 0x0000000F
[    3.167861] Interrupt Taken: 	 Vector = 0x0000000F
[    3.167990] Interrupt Served: 	 Vector = 0x0000000F
[    3.169713] Interrupt Taken: 	 Vector = 0x0000000F
[    3.169854] Interrupt Served: 	 Vector = 0x0000000F
[    3.173804] Interrupt Taken: 	 Vector = 0x0000000F
[    3.173911] Interrupt Served: 	 Vector = 0x0000000F
[    3.176014] Interrupt Taken: 	 Vector = 0x0000000F
[    3.176095] Interrupt Served: 	 Vector = 0x0000000F
[    3.177974] Interrupt Taken: 	 Vector = 0x0000000F
[    3.178047] Interrupt Served: 	 Vector = 0x0000000F
[    3.180015] Interrupt Taken: 	 Vector = 0x0000000F
[    3.180093] Interrupt Served: 	 Vector = 0x0000000F
[    3.182082] Interrupt Taken: 	 Vector = 0x0000000F
[    3.182247] Interrupt Served: 	 Vector = 0x0000000F
[    3.183832] Interrupt Taken: 	 Vector = 0x0000000F
[    3.183896] Interrupt Served: 	 Vector = 0x0000000F
[    3.185872] Interrupt Taken: 	 Vector = 0x0000000F
[    3.185983] Interrupt Served: 	 Vector = 0x0000000F
[    3.188449] Interrupt Taken: 	 Vector = 0x0000000F
[    3.188608] Interrupt Served: 	 Vector = 0x0000000F
[    3.190127] Interrupt Taken: 	 Vector = 0x0000000F
[    3.190189] Interrupt Served: 	 Vector = 0x0000000F
[    3.192206] Interrupt Taken: 	 Vector = 0x0000000F
[    3.192267] Interrupt Served: 	 Vector = 0x0000000F
[    3.194101] Interrupt Taken: 	 Vector = 0x0000000F
[    3.194231] Interrupt Served: 	 Vector = 0x0000000F
[    3.195751] Interrupt Taken: 	 Vector = 0x0000000F
[    3.195812] Interrupt Served: 	 Vector = 0x0000000F
[    3.197815] Interrupt Taken: 	 Vector = 0x0000000F
[    3.197933] Interrupt Served: 	 Vector = 0x0000000F
[    3.199958] Interrupt Taken: 	 Vector = 0x0000000F
[    3.200052] Interrupt Served: 	 Vector = 0x0000000F
[    3.202094] Interrupt Taken: 	 Vector = 0x0000000F
[    3.202178] Interrupt Served: 	 Vector = 0x0000000F
[    3.204362] Interrupt Taken: 	 Vector = 0x0000000F
[    3.204523] Interrupt Served: 	 Vector = 0x0000000F
[    3.206050] Interrupt Taken: 	 Vector = 0x0000000F
[    3.206131] Interrupt Served: 	 Vector = 0x0000000F
[    3.208062] Interrupt Taken: 	 Vector = 0x0000000F
[    3.208167] Interrupt Served: 	 Vector = 0x0000000F
[    3.209795] Interrupt Taken: 	 Vector = 0x0000000F
[    3.209849] Interrupt Served: 	 Vector = 0x0000000F
[    3.211686] Interrupt Taken: 	 Vector = 0x0000000F
[    3.211752] Interrupt Served: 	 Vector = 0x0000000F
[    3.213571] Interrupt Taken: 	 Vector = 0x0000000F
[    3.213623] Interrupt Served: 	 Vector = 0x0000000F
[    3.215852] Interrupt Taken: 	 Vector = 0x0000000F
[    3.215945] Interrupt Served: 	 Vector = 0x0000000F
[    3.217978] Interrupt Taken: 	 Vector = 0x0000000F
[    3.218073] Interrupt Served: 	 Vector = 0x0000000F
[    3.220127] Interrupt Taken: 	 Vector = 0x0000000F
[    3.220243] Interrupt Served: 	 Vector = 0x0000000F
[    3.222565] Interrupt Taken: 	 Vector = 0x0000000F
[    3.222700] Interrupt Served: 	 Vector = 0x0000000F
[    3.224550] Interrupt Taken: 	 Vector = 0x0000000F
[    3.224603] Interrupt Served: 	 Vector = 0x0000000F
[    3.226540] Interrupt Taken: 	 Vector = 0x0000000F
[    3.226756] Interrupt Served: 	 Vector = 0x0000000F
[    3.228208] Interrupt Taken: 	 Vector = 0x0000000F
[    3.228269] Interrupt Served: 	 Vector = 0x0000000F
[    3.230191] Interrupt Taken: 	 Vector = 0x0000000F
[    3.230287] Interrupt Served: 	 Vector = 0x0000000F
[    3.232211] Interrupt Taken: 	 Vector = 0x0000000F
[    3.232296] Interrupt Served: 	 Vector = 0x0000000F
[    3.234433] Interrupt Taken: 	 Vector = 0x0000000F
[    3.234633] Interrupt Served: 	 Vector = 0x0000000F
[    3.236265] Interrupt Taken: 	 Vector = 0x0000000F
[    3.236386] Interrupt Served: 	 Vector = 0x0000000F
[    3.238615] Interrupt Taken: 	 Vector = 0x0000000F
[    3.238733] Interrupt Served: 	 Vector = 0x0000000F
[    3.241109] Interrupt Taken: 	 Vector = 0x0000000F
[    3.241207] Interrupt Served: 	 Vector = 0x0000000F
[    3.242754] Interrupt Taken: 	 Vector = 0x0000000F
[    3.242810] Interrupt Served: 	 Vector = 0x0000000F
[    3.244847] Interrupt Taken: 	 Vector = 0x0000000F
[    3.244925] Interrupt Served: 	 Vector = 0x0000000F
[    3.246887] Interrupt Taken: 	 Vector = 0x0000000F
[    3.246979] Interrupt Served: 	 Vector = 0x0000000F
[    3.249611] Interrupt Taken: 	 Vector = 0x0000000F
[    3.249750] Interrupt Served: 	 Vector = 0x0000000F
[    3.251806] Interrupt Taken: 	 Vector = 0x0000000F
[    3.251938] Interrupt Served: 	 Vector = 0x0000000F
[    3.253920] Interrupt Taken: 	 Vector = 0x0000000F
[    3.254061] Interrupt Served: 	 Vector = 0x0000000F
[    3.255794] Interrupt Taken: 	 Vector = 0x0000000F
[    3.255881] Interrupt Served: 	 Vector = 0x0000000F
[    3.257778] Interrupt Taken: 	 Vector = 0x0000000F
[    3.257841] Interrupt Served: 	 Vector = 0x0000000F
[    3.259983] Interrupt Taken: 	 Vector = 0x0000000F
[    3.260152] Interrupt Served: 	 Vector = 0x0000000F
[    3.261629] Interrupt Taken: 	 Vector = 0x0000000F
[    3.261713] Interrupt Served: 	 Vector = 0x0000000F
[    3.263730] Interrupt Taken: 	 Vector = 0x0000000F
[    3.263891] Interrupt Served: 	 Vector = 0x0000000F
[    3.265611] Interrupt Taken: 	 Vector = 0x0000000F
[    3.265902] Interrupt Served: 	 Vector = 0x0000000F
[    3.269190] Interrupt Taken: 	 Vector = 0x0000000F
[    3.269318] Interrupt Served: 	 Vector = 0x0000000F
[    3.271207] Interrupt Taken: 	 Vector = 0x0000000F
[    3.271390] Interrupt Served: 	 Vector = 0x0000000F
[    3.273131] Interrupt Taken: 	 Vector = 0x0000000F
[    3.273233] Interrupt Served: 	 Vector = 0x0000000F
[    3.275381] Interrupt Taken: 	 Vector = 0x0000000F
[    3.275468] Interrupt Served: 	 Vector = 0x0000000F
[    3.277482] Interrupt Taken: 	 Vector = 0x0000000F
[    3.277568] Interrupt Served: 	 Vector = 0x0000000F
[    3.279431] Interrupt Taken: 	 Vector = 0x0000000F
[    3.279515] Interrupt Served: 	 Vector = 0x0000000F
[    3.281764] Interrupt Taken: 	 Vector = 0x0000000F
[    3.281948] Interrupt Served: 	 Vector = 0x0000000F
[    3.283541] Interrupt Taken: 	 Vector = 0x0000000F
[    3.283636] Interrupt Served: 	 Vector = 0x0000000F
[    3.285584] Interrupt Taken: 	 Vector = 0x0000000F
[    3.285709] Interrupt Served: 	 Vector = 0x0000000F
[    3.287831] Interrupt Taken: 	 Vector = 0x0000000F
[    3.287952] Interrupt Served: 	 Vector = 0x0000000F
[    3.290141] Interrupt Taken: 	 Vector = 0x0000000F
[    3.290251] Interrupt Served: 	 Vector = 0x0000000F
[    3.292361] Interrupt Taken: 	 Vector = 0x0000000F
[    3.292464] Interrupt Served: 	 Vector = 0x0000000F
[    3.294061] Interrupt Taken: 	 Vector = 0x0000000F
[    3.294131] Interrupt Served: 	 Vector = 0x0000000F
[    3.296156] Interrupt Taken: 	 Vector = 0x0000000F
[    3.296235] Interrupt Served: 	 Vector = 0x0000000F
[    3.298191] Interrupt Taken: 	 Vector = 0x0000000F
[    3.298278] Interrupt Served: 	 Vector = 0x0000000F
[    3.300328] Interrupt Taken: 	 Vector = 0x0000000F
[    3.300457] Interrupt Served: 	 Vector = 0x0000000F
[    3.303127] Interrupt Taken: 	 Vector = 0x0000000F
[    3.303231] Interrupt Served: 	 Vector = 0x0000000F
[    3.305215] Interrupt Taken: 	 Vector = 0x0000000F
[    3.305284] Interrupt Served: 	 Vector = 0x0000000F
[    3.307326] Interrupt Taken: 	 Vector = 0x0000000F
[    3.307489] Interrupt Served: 	 Vector = 0x0000000F
[    3.309181] Interrupt Taken: 	 Vector = 0x0000000F
[    3.309265] Interrupt Served: 	 Vector = 0x0000000F
[    3.311322] Interrupt Taken: 	 Vector = 0x0000000F
[    3.311381] Interrupt Served: 	 Vector = 0x0000000F
[    3.313291] Interrupt Taken: 	 Vector = 0x0000000F
[    3.313347] Interrupt Served: 	 Vector = 0x0000000F
[    3.315310] Interrupt Taken: 	 Vector = 0x0000000F
[    3.315399] Interrupt Served: 	 Vector = 0x0000000F
[    3.317556] Interrupt Taken: 	 Vector = 0x0000000F
[    3.317648] Interrupt Served: 	 Vector = 0x0000000F
[    3.320195] Interrupt Taken: 	 Vector = 0x0000000F
[    3.320299] Interrupt Served: 	 Vector = 0x0000000F
[    3.322244] Interrupt Taken: 	 Vector = 0x0000000F
[    3.322328] Interrupt Served: 	 Vector = 0x0000000F
[    3.324454] Interrupt Taken: 	 Vector = 0x0000000F
[    3.324535] Interrupt Served: 	 Vector = 0x0000000F
[    3.326584] Interrupt Taken: 	 Vector = 0x0000000F
[    3.326654] Interrupt Served: 	 Vector = 0x0000000F
[    3.328569] Interrupt Taken: 	 Vector = 0x0000000F
[    3.328617] Interrupt Served: 	 Vector = 0x0000000F
[    3.330947] Interrupt Taken: 	 Vector = 0x0000000F
[    3.331052] Interrupt Served: 	 Vector = 0x0000000F
[    3.333120] Interrupt Taken: 	 Vector = 0x0000000F
[    3.333209] Interrupt Served: 	 Vector = 0x0000000F
[    3.335099] Interrupt Taken: 	 Vector = 0x0000000F
[    3.335208] Interrupt Served: 	 Vector = 0x0000000F
[    3.336824] Interrupt Taken: 	 Vector = 0x0000000F
[    3.336924] Interrupt Served: 	 Vector = 0x0000000F
[    3.338835] Interrupt Taken: 	 Vector = 0x0000000F
[    3.338926] Interrupt Served: 	 Vector = 0x0000000F
[    3.341139] Interrupt Taken: 	 Vector = 0x0000000F
[    3.341224] Interrupt Served: 	 Vector = 0x0000000F
[    3.343057] Interrupt Taken: 	 Vector = 0x0000000F
[    3.343124] Interrupt Served: 	 Vector = 0x0000000F
[    3.344860] Interrupt Taken: 	 Vector = 0x0000000F
[    3.344911] Interrupt Served: 	 Vector = 0x0000000F
[    3.347007] Interrupt Taken: 	 Vector = 0x0000000F
[    3.347192] Interrupt Served: 	 Vector = 0x0000000F
[    3.348855] Interrupt Taken: 	 Vector = 0x0000000F
[    3.348955] Interrupt Served: 	 Vector = 0x0000000F
[    3.350927] Interrupt Taken: 	 Vector = 0x0000000F
[    3.351013] Interrupt Served: 	 Vector = 0x0000000F
[    3.353410] Interrupt Taken: 	 Vector = 0x0000000F
[    3.353516] Interrupt Served: 	 Vector = 0x0000000F
[    3.355490] Interrupt Taken: 	 Vector = 0x0000000F
[    3.355587] Interrupt Served: 	 Vector = 0x0000000F
[    3.357390] Interrupt Taken: 	 Vector = 0x0000000F
[    3.357509] Interrupt Served: 	 Vector = 0x0000000F
[    3.359209] Interrupt Taken: 	 Vector = 0x0000000F
[    3.359324] Interrupt Served: 	 Vector = 0x0000000F
[    3.361224] Interrupt Taken: 	 Vector = 0x0000000F
[    3.361382] Interrupt Served: 	 Vector = 0x0000000F
[    3.363014] Interrupt Taken: 	 Vector = 0x0000000F
[    3.363096] Interrupt Served: 	 Vector = 0x0000000F
[    3.365425] Interrupt Taken: 	 Vector = 0x0000000F
[    3.365514] Interrupt Served: 	 Vector = 0x0000000F
[    3.367631] Interrupt Taken: 	 Vector = 0x0000000F
[    3.367775] Interrupt Served: 	 Vector = 0x0000000F
[    3.369879] Interrupt Taken: 	 Vector = 0x0000000F
[    3.370025] Interrupt Served: 	 Vector = 0x0000000F
[    3.371559] Interrupt Taken: 	 Vector = 0x0000000F
[    3.371643] Interrupt Served: 	 Vector = 0x0000000F
[    3.373450] Interrupt Taken: 	 Vector = 0x0000000F
[    3.373513] Interrupt Served: 	 Vector = 0x0000000F
[    3.376024] Interrupt Taken: 	 Vector = 0x0000000F
[    3.376108] Interrupt Served: 	 Vector = 0x0000000F
[    3.378089] Interrupt Taken: 	 Vector = 0x0000000F
[    3.378236] Interrupt Served: 	 Vector = 0x0000000F
[    3.379734] Interrupt Taken: 	 Vector = 0x0000000F
[    3.379818] Interrupt Served: 	 Vector = 0x0000000F
[    3.382010] Interrupt Taken: 	 Vector = 0x0000000F
[    3.382463] Interrupt Served: 	 Vector = 0x0000000F
[    3.384454] Interrupt Taken: 	 Vector = 0x0000000F
[    3.384541] Interrupt Served: 	 Vector = 0x0000000F
[    3.386537] Interrupt Taken: 	 Vector = 0x0000000F
[    3.386735] Interrupt Served: 	 Vector = 0x0000000F
[    3.388224] Interrupt Taken: 	 Vector = 0x0000000F
[    3.388305] Interrupt Served: 	 Vector = 0x0000000F
[    3.390457] Interrupt Taken: 	 Vector = 0x0000000F
[    3.390539] Interrupt Served: 	 Vector = 0x0000000F
[    3.392357] Interrupt Taken: 	 Vector = 0x0000000F
[    3.392427] Interrupt Served: 	 Vector = 0x0000000F
[    3.394447] Interrupt Taken: 	 Vector = 0x0000000F
[    3.394543] Interrupt Served: 	 Vector = 0x0000000F
[    3.396567] Interrupt Taken: 	 Vector = 0x0000000F
[    3.396651] Interrupt Served: 	 Vector = 0x0000000F
[    3.398821] Interrupt Taken: 	 Vector = 0x0000000F
[    3.399021] Interrupt Served: 	 Vector = 0x0000000F
[    3.400616] Interrupt Taken: 	 Vector = 0x0000000F
[    3.400703] Interrupt Served: 	 Vector = 0x0000000F
[    3.402823] Interrupt Taken: 	 Vector = 0x0000000F
[    3.403004] Interrupt Served: 	 Vector = 0x0000000F
[    3.404644] Interrupt Taken: 	 Vector = 0x0000000F
[    3.404742] Interrupt Served: 	 Vector = 0x0000000F
[    3.407099] Interrupt Taken: 	 Vector = 0x0000000F
[    3.407205] Interrupt Served: 	 Vector = 0x0000000F
[    3.408830] Interrupt Taken: 	 Vector = 0x0000000F
[    3.408898] Interrupt Served: 	 Vector = 0x0000000F
[    3.410952] Interrupt Taken: 	 Vector = 0x0000000F
[    3.411040] Interrupt Served: 	 Vector = 0x0000000F
[    3.412992] Interrupt Taken: 	 Vector = 0x0000000F
[    3.413082] Interrupt Served: 	 Vector = 0x0000000F
[    3.415147] Interrupt Taken: 	 Vector = 0x0000000F
[    3.415236] Interrupt Served: 	 Vector = 0x0000000F
[    3.417238] Interrupt Taken: 	 Vector = 0x0000000F
[    3.417355] Interrupt Served: 	 Vector = 0x0000000F
[    3.419147] Interrupt Taken: 	 Vector = 0x0000000F
[    3.419239] Interrupt Served: 	 Vector = 0x0000000F
[    3.421204] Interrupt Taken: 	 Vector = 0x0000000F
[    3.421392] Interrupt Served: 	 Vector = 0x0000000F
[    3.422972] Interrupt Taken: 	 Vector = 0x0000000F
[    3.423031] Interrupt Served: 	 Vector = 0x0000000F
[    3.425196] Interrupt Taken: 	 Vector = 0x0000000F
[    3.425297] Interrupt Served: 	 Vector = 0x0000000F
[    3.426917] Interrupt Taken: 	 Vector = 0x0000000F
[    3.426989] Interrupt Served: 	 Vector = 0x0000000F
[    3.429068] Interrupt Taken: 	 Vector = 0x0000000F
[    3.429169] Interrupt Served: 	 Vector = 0x0000000F
[    3.431420] Interrupt Taken: 	 Vector = 0x0000000F
[    3.431509] Interrupt Served: 	 Vector = 0x0000000F
[    3.433526] Interrupt Taken: 	 Vector = 0x0000000F
[    3.433616] Interrupt Served: 	 Vector = 0x0000000F
[    3.435733] Interrupt Taken: 	 Vector = 0x0000000F
[    3.435825] Interrupt Served: 	 Vector = 0x0000000F
[    3.437729] Interrupt Taken: 	 Vector = 0x0000000F
[    3.437812] Interrupt Served: 	 Vector = 0x0000000F
[    3.439724] Interrupt Taken: 	 Vector = 0x0000000F
[    3.439807] Interrupt Served: 	 Vector = 0x0000000F
[    3.441765] Interrupt Taken: 	 Vector = 0x0000000F
[    3.441884] Interrupt Served: 	 Vector = 0x0000000F
[    3.443520] Interrupt Taken: 	 Vector = 0x0000000F
[    3.443600] Interrupt Served: 	 Vector = 0x0000000F
[    3.446034] Interrupt Taken: 	 Vector = 0x0000000F
[    3.446136] Interrupt Served: 	 Vector = 0x0000000F
[    3.448257] Interrupt Taken: 	 Vector = 0x0000000F
[    3.448346] Interrupt Served: 	 Vector = 0x0000000F
[    3.450208] Interrupt Taken: 	 Vector = 0x0000000F
[    3.450295] Interrupt Served: 	 Vector = 0x0000000F
[    3.452191] Interrupt Taken: 	 Vector = 0x0000000F
[    3.452270] Interrupt Served: 	 Vector = 0x0000000F
[    3.454354] Interrupt Taken: 	 Vector = 0x0000000F
[    3.454464] Interrupt Served: 	 Vector = 0x0000000F
[    3.456351] Interrupt Taken: 	 Vector = 0x0000000F
[    3.456460] Interrupt Served: 	 Vector = 0x0000000F
[    3.458375] Interrupt Taken: 	 Vector = 0x0000000F
[    3.458442] Interrupt Served: 	 Vector = 0x0000000F
[    3.460637] Interrupt Taken: 	 Vector = 0x0000000F
[    3.460752] Interrupt Served: 	 Vector = 0x0000000F
[    3.462716] Interrupt Taken: 	 Vector = 0x0000000F
[    3.462806] Interrupt Served: 	 Vector = 0x0000000F
[    3.465221] Interrupt Taken: 	 Vector = 0x0000000F
[    3.465333] Interrupt Served: 	 Vector = 0x0000000F
[    3.467314] Interrupt Taken: 	 Vector = 0x0000000F
[    3.467425] Interrupt Served: 	 Vector = 0x0000000F
[    3.469587] Interrupt Taken: 	 Vector = 0x0000000F
[    3.469748] Interrupt Served: 	 Vector = 0x0000000F
[    3.471340] Interrupt Taken: 	 Vector = 0x0000000F
[    3.471410] Interrupt Served: 	 Vector = 0x0000000F
[    3.473816] Interrupt Taken: 	 Vector = 0x0000000F
[    3.473928] Interrupt Served: 	 Vector = 0x0000000F
[    3.475477] Interrupt Taken: 	 Vector = 0x0000000F
[    3.475536] Interrupt Served: 	 Vector = 0x0000000F
[    3.478006] Interrupt Taken: 	 Vector = 0x0000000F
[    3.478071] Interrupt Served: 	 Vector = 0x0000000F
[    3.480421] [passthrough] Read: 	 address = 0x40020414, size = 4 bytes, value = 0x00000001, pc=0x08000FF4 
[    3.480880] Interrupt Taken: 	 Vector = 0x0000000F
[    3.480941] Interrupt Served: 	 Vector = 0x0000000F
[    3.483279] [passthrough] Write: 	 address = 0x40020418, size = 4 bytes, value = 0x00010000, pc=0x0800100C 
[    3.483942] Interrupt Taken: 	 Vector = 0x0000000F
[    3.484129] Interrupt Served: 	 Vector = 0x0000000F
[    3.485712] Interrupt Taken: 	 Vector = 0x0000000F
[    3.485830] Interrupt Served: 	 Vector = 0x0000000F
[    3.488187] Interrupt Taken: 	 Vector = 0x0000000F
[    3.488319] Interrupt Served: 	 Vector = 0x0000000F
[    3.490086] Interrupt Taken: 	 Vector = 0x0000000F
[    3.490135] Interrupt Served: 	 Vector = 0x0000000F
[    3.492198] Interrupt Taken: 	 Vector = 0x0000000F
[    3.492267] Interrupt Served: 	 Vector = 0x0000000F
[    3.494227] Interrupt Taken: 	 Vector = 0x0000000F
[    3.494300] Interrupt Served: 	 Vector = 0x0000000F
[    3.496650] Interrupt Taken: 	 Vector = 0x0000000F
[    3.496800] Interrupt Served: 	 Vector = 0x0000000F
[    3.498908] Interrupt Taken: 	 Vector = 0x0000000F
[    3.499025] Interrupt Served: 	 Vector = 0x0000000F
[    3.501499] Interrupt Taken: 	 Vector = 0x0000000F
[    3.501594] Interrupt Served: 	 Vector = 0x0000000F
[    3.503599] Interrupt Taken: 	 Vector = 0x0000000F
[    3.503816] Interrupt Served: 	 Vector = 0x0000000F
[    3.505356] Interrupt Taken: 	 Vector = 0x0000000F
[    3.505427] Interrupt Served: 	 Vector = 0x0000000F
[    3.507547] Interrupt Taken: 	 Vector = 0x0000000F
[    3.507625] Interrupt Served: 	 Vector = 0x0000000F
[    3.509453] Interrupt Taken: 	 Vector = 0x0000000F
[    3.509546] Interrupt Served: 	 Vector = 0x0000000F
[    3.511545] Interrupt Taken: 	 Vector = 0x0000000F
[    3.511632] Interrupt Served: 	 Vector = 0x0000000F
[    3.514402] Interrupt Taken: 	 Vector = 0x0000000F
[    3.514538] Interrupt Served: 	 Vector = 0x0000000F
[    3.516579] Interrupt Taken: 	 Vector = 0x0000000F
[    3.516689] Interrupt Served: 	 Vector = 0x0000000F
[    3.518642] Interrupt Taken: 	 Vector = 0x0000000F
[    3.518802] Interrupt Served: 	 Vector = 0x0000000F
[    3.520423] Interrupt Taken: 	 Vector = 0x0000000F
[    3.520516] Interrupt Served: 	 Vector = 0x0000000F
[    3.522355] Interrupt Taken: 	 Vector = 0x0000000F
[    3.522419] Interrupt Served: 	 Vector = 0x0000000F
[    3.524292] Interrupt Taken: 	 Vector = 0x0000000F
[    3.524339] Interrupt Served: 	 Vector = 0x0000000F
[    3.526136] Interrupt Taken: 	 Vector = 0x0000000F
[    3.526181] Interrupt Served: 	 Vector = 0x0000000F
[    3.528447] Interrupt Taken: 	 Vector = 0x0000000F
[    3.528534] Interrupt Served: 	 Vector = 0x0000000F
[    3.530879] Interrupt Taken: 	 Vector = 0x0000000F
[    3.530982] Interrupt Served: 	 Vector = 0x0000000F
[    3.533049] Interrupt Taken: 	 Vector = 0x0000000F
[    3.533149] Interrupt Served: 	 Vector = 0x0000000F
[    3.535301] Interrupt Taken: 	 Vector = 0x0000000F
[    3.535397] Interrupt Served: 	 Vector = 0x0000000F
[    3.537335] Interrupt Taken: 	 Vector = 0x0000000F
[    3.537416] Interrupt Served: 	 Vector = 0x0000000F
[    3.539395] Interrupt Taken: 	 Vector = 0x0000000F
[    3.539469] Interrupt Served: 	 Vector = 0x0000000F
[    3.541524] Interrupt Taken: 	 Vector = 0x0000000F
[    3.541653] Interrupt Served: 	 Vector = 0x0000000F
[    3.543277] Interrupt Taken: 	 Vector = 0x0000000F
[    3.543335] Interrupt Served: 	 Vector = 0x0000000F
[    3.545291] Interrupt Taken: 	 Vector = 0x0000000F
[    3.545345] Interrupt Served: 	 Vector = 0x0000000F
[    3.547300] Interrupt Taken: 	 Vector = 0x0000000F
[    3.547391] Interrupt Served: 	 Vector = 0x0000000F
[    3.550108] Interrupt Taken: 	 Vector = 0x0000000F
[    3.550213] Interrupt Served: 	 Vector = 0x0000000F
[    3.552117] Interrupt Taken: 	 Vector = 0x0000000F
[    3.552203] Interrupt Served: 	 Vector = 0x0000000F
[    3.554206] Interrupt Taken: 	 Vector = 0x0000000F
[    3.554310] Interrupt Served: 	 Vector = 0x0000000F
[    3.556397] Interrupt Taken: 	 Vector = 0x0000000F
[    3.556493] Interrupt Served: 	 Vector = 0x0000000F
[    3.558404] Interrupt Taken: 	 Vector = 0x0000000F
[    3.558453] Interrupt Served: 	 Vector = 0x0000000F
[    3.560527] Interrupt Taken: 	 Vector = 0x0000000F
[    3.560590] Interrupt Served: 	 Vector = 0x0000000F
[    3.562567] Interrupt Taken: 	 Vector = 0x0000000F
[    3.562653] Interrupt Served: 	 Vector = 0x0000000F
[    3.565156] Interrupt Taken: 	 Vector = 0x0000000F
[    3.565342] Interrupt Served: 	 Vector = 0x0000000F
[    3.567390] Interrupt Taken: 	 Vector = 0x0000000F
[    3.567514] Interrupt Served: 	 Vector = 0x0000000F
[    3.569897] Interrupt Taken: 	 Vector = 0x0000000F
[    3.569986] Interrupt Served: 	 Vector = 0x0000000F
[    3.572015] Interrupt Taken: 	 Vector = 0x0000000F
[    3.572165] Interrupt Served: 	 Vector = 0x0000000F
[    3.573787] Interrupt Taken: 	 Vector = 0x0000000F
[    3.573850] Interrupt Served: 	 Vector = 0x0000000F
[    3.575635] Interrupt Taken: 	 Vector = 0x0000000F
[    3.575735] Interrupt Served: 	 Vector = 0x0000000F
[    3.577656] Interrupt Taken: 	 Vector = 0x0000000F
[    3.577748] Interrupt Served: 	 Vector = 0x0000000F
[    3.579610] Interrupt Taken: 	 Vector = 0x0000000F
[    3.579718] Interrupt Served: 	 Vector = 0x0000000F
[    3.582185] Interrupt Taken: 	 Vector = 0x0000000F
[    3.583186] Interrupt Served: 	 Vector = 0x0000000F
[    3.585286] Interrupt Taken: 	 Vector = 0x0000000F
[    3.585409] Interrupt Served: 	 Vector = 0x0000000F
[    3.587564] Interrupt Taken: 	 Vector = 0x0000000F
[    3.587707] Interrupt Served: 	 Vector = 0x0000000F
[    3.589793] Interrupt Taken: 	 Vector = 0x0000000F
[    3.589868] Interrupt Served: 	 Vector = 0x0000000F
[    3.591883] Interrupt Taken: 	 Vector = 0x0000000F
[    3.591942] Interrupt Served: 	 Vector = 0x0000000F
[    3.593851] Interrupt Taken: 	 Vector = 0x0000000F
[    3.593915] Interrupt Served: 	 Vector = 0x0000000F
[    3.595787] Interrupt Taken: 	 Vector = 0x0000000F
[    3.595875] Interrupt Served: 	 Vector = 0x0000000F
[    3.597784] Interrupt Taken: 	 Vector = 0x0000000F
[    3.597871] Interrupt Served: 	 Vector = 0x0000000F
[    3.600101] Interrupt Taken: 	 Vector = 0x0000000F
[    3.600218] Interrupt Served: 	 Vector = 0x0000000F
[    3.602697] Interrupt Taken: 	 Vector = 0x0000000F
[    3.602816] Interrupt Served: 	 Vector = 0x0000000F
[    3.604786] Interrupt Taken: 	 Vector = 0x0000000F
[    3.604876] Interrupt Served: 	 Vector = 0x0000000F
[    3.606799] Interrupt Taken: 	 Vector = 0x0000000F
[    3.606898] Interrupt Served: 	 Vector = 0x0000000F
[    3.608398] Interrupt Taken: 	 Vector = 0x0000000F
[    3.608455] Interrupt Served: 	 Vector = 0x0000000F
[    3.610842] Interrupt Taken: 	 Vector = 0x0000000F
[    3.610903] Interrupt Served: 	 Vector = 0x0000000F
[    3.612897] Interrupt Taken: 	 Vector = 0x0000000F
[    3.612963] Interrupt Served: 	 Vector = 0x0000000F
[    3.615007] Interrupt Taken: 	 Vector = 0x0000000F
[    3.615095] Interrupt Served: 	 Vector = 0x0000000F
[    3.617802] Interrupt Taken: 	 Vector = 0x0000000F
[    3.617928] Interrupt Served: 	 Vector = 0x0000000F
[    3.620018] Interrupt Taken: 	 Vector = 0x0000000F
[    3.620124] Interrupt Served: 	 Vector = 0x0000000F
[    3.622079] Interrupt Taken: 	 Vector = 0x0000000F
[    3.622166] Interrupt Served: 	 Vector = 0x0000000F
[    3.624071] Interrupt Taken: 	 Vector = 0x0000000F
[    3.624140] Interrupt Served: 	 Vector = 0x0000000F
[    3.625958] Interrupt Taken: 	 Vector = 0x0000000F
[    3.626008] Interrupt Served: 	 Vector = 0x0000000F
[    3.627796] Interrupt Taken: 	 Vector = 0x0000000F
[    3.627846] Interrupt Served: 	 Vector = 0x0000000F
[    3.629896] Interrupt Taken: 	 Vector = 0x0000000F
[    3.629985] Interrupt Served: 	 Vector = 0x0000000F
[    3.631953] Interrupt Taken: 	 Vector = 0x0000000F
[    3.632192] Interrupt Served: 	 Vector = 0x0000000F
[    3.633938] Interrupt Taken: 	 Vector = 0x0000000F
[    3.634035] Interrupt Served: 	 Vector = 0x0000000F
[    3.636193] Interrupt Taken: 	 Vector = 0x0000000F
[    3.636319] Interrupt Served: 	 Vector = 0x0000000F
[    3.638275] Interrupt Taken: 	 Vector = 0x0000000F
[    3.638351] Interrupt Served: 	 Vector = 0x0000000F
[    3.640126] Interrupt Taken: 	 Vector = 0x0000000F
[    3.640172] Interrupt Served: 	 Vector = 0x0000000F
[    3.642285] Interrupt Taken: 	 Vector = 0x0000000F
[    3.642356] Interrupt Served: 	 Vector = 0x0000000F
[    3.644141] Interrupt Taken: 	 Vector = 0x0000000F
[    3.644190] Interrupt Served: 	 Vector = 0x0000000F
[    3.646118] Interrupt Taken: 	 Vector = 0x0000000F
[    3.646188] Interrupt Served: 	 Vector = 0x0000000F
[    3.648892] Interrupt Taken: 	 Vector = 0x0000000F
[    3.649020] Interrupt Served: 	 Vector = 0x0000000F
[    3.651339] Interrupt Taken: 	 Vector = 0x0000000F
[    3.651479] Interrupt Served: 	 Vector = 0x0000000F
[    3.654556] Interrupt Taken: 	 Vector = 0x0000000F
[    3.654733] Interrupt Served: 	 Vector = 0x0000000F
[    3.657318] Interrupt Taken: 	 Vector = 0x0000000F
[    3.657425] Interrupt Served: 	 Vector = 0x0000000F
[    3.659342] Interrupt Taken: 	 Vector = 0x0000000F
[    3.659410] Interrupt Served: 	 Vector = 0x0000000F
[    3.661591] Interrupt Taken: 	 Vector = 0x0000000F
[    3.661759] Interrupt Served: 	 Vector = 0x0000000F
[    3.663332] Interrupt Taken: 	 Vector = 0x0000000F
[    3.663395] Interrupt Served: 	 Vector = 0x0000000F
[    3.665509] Interrupt Taken: 	 Vector = 0x0000000F
[    3.665687] Interrupt Served: 	 Vector = 0x0000000F
[    3.667234] Interrupt Taken: 	 Vector = 0x0000000F
[    3.667310] Interrupt Served: 	 Vector = 0x0000000F
[    3.669491] Interrupt Taken: 	 Vector = 0x0000000F
[    3.669632] Interrupt Served: 	 Vector = 0x0000000F
[    3.671892] Interrupt Taken: 	 Vector = 0x0000000F
[    3.671980] Interrupt Served: 	 Vector = 0x0000000F
[    3.673776] Interrupt Taken: 	 Vector = 0x0000000F
[    3.673856] Interrupt Served: 	 Vector = 0x0000000F
[    3.675624] Interrupt Taken: 	 Vector = 0x0000000F
[    3.675719] Interrupt Served: 	 Vector = 0x0000000F
[    3.677893] Interrupt Taken: 	 Vector = 0x0000000F
[    3.677953] Interrupt Served: 	 Vector = 0x0000000F
[    3.679805] Interrupt Taken: 	 Vector = 0x0000000F
[    3.679887] Interrupt Served: 	 Vector = 0x0000000F
[    3.681969] Interrupt Taken: 	 Vector = 0x0000000F
[    3.682094] Interrupt Served: 	 Vector = 0x0000000F
[    3.683782] Interrupt Taken: 	 Vector = 0x0000000F
[    3.683869] Interrupt Served: 	 Vector = 0x0000000F
[    3.686001] Interrupt Taken: 	 Vector = 0x0000000F
[    3.686116] Interrupt Served: 	 Vector = 0x0000000F
[    3.688351] Interrupt Taken: 	 Vector = 0x0000000F
[    3.688452] Interrupt Served: 	 Vector = 0x0000000F
[    3.690332] Interrupt Taken: 	 Vector = 0x0000000F
[    3.690396] Interrupt Served: 	 Vector = 0x0000000F
[    3.692083] Interrupt Taken: 	 Vector = 0x0000000F
[    3.692136] Interrupt Served: 	 Vector = 0x0000000F
[    3.694135] Interrupt Taken: 	 Vector = 0x0000000F
[    3.694199] Interrupt Served: 	 Vector = 0x0000000F
[    3.696009] Interrupt Taken: 	 Vector = 0x0000000F
[    3.696076] Interrupt Served: 	 Vector = 0x0000000F
[    3.697978] Interrupt Taken: 	 Vector = 0x0000000F
[    3.698143] Interrupt Served: 	 Vector = 0x0000000F
[    3.699793] Interrupt Taken: 	 Vector = 0x0000000F
[    3.699881] Interrupt Served: 	 Vector = 0x0000000F
[    3.701858] Interrupt Taken: 	 Vector = 0x0000000F
[    3.701982] Interrupt Served: 	 Vector = 0x0000000F
[    3.704024] Interrupt Taken: 	 Vector = 0x0000000F
[    3.704153] Interrupt Served: 	 Vector = 0x0000000F
[    3.706110] Interrupt Taken: 	 Vector = 0x0000000F
[    3.706189] Interrupt Served: 	 Vector = 0x0000000F
[    3.707968] Interrupt Taken: 	 Vector = 0x0000000F
[    3.708093] Interrupt Served: 	 Vector = 0x0000000F
[    3.709793] Interrupt Taken: 	 Vector = 0x0000000F
[    3.709868] Interrupt Served: 	 Vector = 0x0000000F
[    3.711819] Interrupt Taken: 	 Vector = 0x0000000F
[    3.711891] Interrupt Served: 	 Vector = 0x0000000F
[    3.713815] Interrupt Taken: 	 Vector = 0x0000000F
[    3.713922] Interrupt Served: 	 Vector = 0x0000000F
[    3.716074] Interrupt Taken: 	 Vector = 0x0000000F
[    3.716171] Interrupt Served: 	 Vector = 0x0000000F
[    3.718142] Interrupt Taken: 	 Vector = 0x0000000F
[    3.718276] Interrupt Served: 	 Vector = 0x0000000F
[    3.720252] Interrupt Taken: 	 Vector = 0x0000000F
[    3.720379] Interrupt Served: 	 Vector = 0x0000000F
[    3.722653] Interrupt Taken: 	 Vector = 0x0000000F
[    3.722750] Interrupt Served: 	 Vector = 0x0000000F
[    3.724756] Interrupt Taken: 	 Vector = 0x0000000F
[    3.724807] Interrupt Served: 	 Vector = 0x0000000F
[    3.726610] Interrupt Taken: 	 Vector = 0x0000000F
[    3.726652] Interrupt Served: 	 Vector = 0x0000000F
[    3.728572] Interrupt Taken: 	 Vector = 0x0000000F
[    3.728655] Interrupt Served: 	 Vector = 0x0000000F
[    3.730535] Interrupt Taken: 	 Vector = 0x0000000F
[    3.730616] Interrupt Served: 	 Vector = 0x0000000F
[    3.734371] Interrupt Taken: 	 Vector = 0x0000000F
[    3.734465] Interrupt Served: 	 Vector = 0x0000000F
[    3.736574] Interrupt Taken: 	 Vector = 0x0000000F
[    3.736726] Interrupt Served: 	 Vector = 0x0000000F
[    3.739804] Interrupt Taken: 	 Vector = 0x0000000F
[    3.739901] Interrupt Served: 	 Vector = 0x0000000F
[    3.741985] Interrupt Taken: 	 Vector = 0x0000000F
[    3.742061] Interrupt Served: 	 Vector = 0x0000000F
[    3.743930] Interrupt Taken: 	 Vector = 0x0000000F
[    3.744002] Interrupt Served: 	 Vector = 0x0000000F
[    3.745779] Interrupt Taken: 	 Vector = 0x0000000F
[    3.745890] Interrupt Served: 	 Vector = 0x0000000F
[    3.747567] Interrupt Taken: 	 Vector = 0x0000000F
[    3.747735] Interrupt Served: 	 Vector = 0x0000000F
[    3.749983] Interrupt Taken: 	 Vector = 0x0000000F
[    3.750209] Interrupt Served: 	 Vector = 0x0000000F
[    3.752112] Interrupt Taken: 	 Vector = 0x0000000F
[    3.752249] Interrupt Served: 	 Vector = 0x0000000F
[    3.754732] Interrupt Taken: 	 Vector = 0x0000000F
[    3.754858] Interrupt Served: 	 Vector = 0x0000000F
[    3.756967] Interrupt Taken: 	 Vector = 0x0000000F
[    3.757052] Interrupt Served: 	 Vector = 0x0000000F
[    3.759121] Interrupt Taken: 	 Vector = 0x0000000F
[    3.759206] Interrupt Served: 	 Vector = 0x0000000F
[    3.761104] Interrupt Taken: 	 Vector = 0x0000000F
[    3.761175] Interrupt Served: 	 Vector = 0x0000000F
[    3.763215] Interrupt Taken: 	 Vector = 0x0000000F
[    3.763296] Interrupt Served: 	 Vector = 0x0000000F
[    3.765502] Interrupt Taken: 	 Vector = 0x0000000F
[    3.765707] Interrupt Served: 	 Vector = 0x0000000F
[    3.767277] Interrupt Taken: 	 Vector = 0x0000000F
[    3.767345] Interrupt Served: 	 Vector = 0x0000000F
[    3.769494] Interrupt Taken: 	 Vector = 0x0000000F
[    3.769868] Interrupt Served: 	 Vector = 0x0000000F
[    3.772022] Interrupt Taken: 	 Vector = 0x0000000F
[    3.772151] Interrupt Served: 	 Vector = 0x0000000F
[    3.774338] Interrupt Taken: 	 Vector = 0x0000000F
[    3.774443] Interrupt Served: 	 Vector = 0x0000000F
[    3.776095] Interrupt Taken: 	 Vector = 0x0000000F
[    3.776183] Interrupt Served: 	 Vector = 0x0000000F
[    3.778080] Interrupt Taken: 	 Vector = 0x0000000F
[    3.778136] Interrupt Served: 	 Vector = 0x0000000F
[    3.779924] Interrupt Taken: 	 Vector = 0x0000000F
[    3.779990] Interrupt Served: 	 Vector = 0x0000000F
[    3.782000] Interrupt Taken: 	 Vector = 0x0000000F
[    3.782091] Interrupt Served: 	 Vector = 0x0000000F
[    3.784140] Interrupt Taken: 	 Vector = 0x0000000F
[    3.784263] Interrupt Served: 	 Vector = 0x0000000F
[    3.786390] Interrupt Taken: 	 Vector = 0x0000000F
[    3.786488] Interrupt Served: 	 Vector = 0x0000000F
[    3.788576] Interrupt Taken: 	 Vector = 0x0000000F
[    3.788714] Interrupt Served: 	 Vector = 0x0000000F
[    3.790978] Interrupt Taken: 	 Vector = 0x0000000F
[    3.791058] Interrupt Served: 	 Vector = 0x0000000F
[    3.792931] Interrupt Taken: 	 Vector = 0x0000000F
[    3.793007] Interrupt Served: 	 Vector = 0x0000000F
[    3.794910] Interrupt Taken: 	 Vector = 0x0000000F
[    3.794966] Interrupt Served: 	 Vector = 0x0000000F
[    3.797207] Interrupt Taken: 	 Vector = 0x0000000F
[    3.797416] Interrupt Served: 	 Vector = 0x0000000F
[    3.799161] Interrupt Taken: 	 Vector = 0x0000000F
[    3.799268] Interrupt Served: 	 Vector = 0x0000000F
[    3.801219] Interrupt Taken: 	 Vector = 0x0000000F
[    3.801305] Interrupt Served: 	 Vector = 0x0000000F
[    3.803843] Interrupt Taken: 	 Vector = 0x0000000F
[    3.803934] Interrupt Served: 	 Vector = 0x0000000F
[    3.805972] Interrupt Taken: 	 Vector = 0x0000000F
[    3.806161] Interrupt Served: 	 Vector = 0x0000000F
[    3.807840] Interrupt Taken: 	 Vector = 0x0000000F
[    3.807909] Interrupt Served: 	 Vector = 0x0000000F
[    3.809790] Interrupt Taken: 	 Vector = 0x0000000F
[    3.809865] Interrupt Served: 	 Vector = 0x0000000F
[    3.811870] Interrupt Taken: 	 Vector = 0x0000000F
[    3.811999] Interrupt Served: 	 Vector = 0x0000000F
[    3.813531] Interrupt Taken: 	 Vector = 0x0000000F
[    3.813593] Interrupt Served: 	 Vector = 0x0000000F
[    3.816440] Interrupt Taken: 	 Vector = 0x0000000F
[    3.816553] Interrupt Served: 	 Vector = 0x0000000F
[    3.818601] Interrupt Taken: 	 Vector = 0x0000000F
[    3.818850] Interrupt Served: 	 Vector = 0x0000000F
[    3.820511] Interrupt Taken: 	 Vector = 0x0000000F
[    3.820623] Interrupt Served: 	 Vector = 0x0000000F
[    3.822978] Interrupt Taken: 	 Vector = 0x0000000F
[    3.823087] Interrupt Served: 	 Vector = 0x0000000F
[    3.825144] Interrupt Taken: 	 Vector = 0x0000000F
[    3.825218] Interrupt Served: 	 Vector = 0x0000000F
[    3.827001] Interrupt Taken: 	 Vector = 0x0000000F
[    3.827054] Interrupt Served: 	 Vector = 0x0000000F
[    3.828909] Interrupt Taken: 	 Vector = 0x0000000F
[    3.829010] Interrupt Served: 	 Vector = 0x0000000F
[    3.831140] Interrupt Taken: 	 Vector = 0x0000000F
[    3.831230] Interrupt Served: 	 Vector = 0x0000000F
[    3.833124] Interrupt Taken: 	 Vector = 0x0000000F
[    3.833219] Interrupt Served: 	 Vector = 0x0000000F
[    3.835178] Interrupt Taken: 	 Vector = 0x0000000F
[    3.835284] Interrupt Served: 	 Vector = 0x0000000F
[    3.837444] Interrupt Taken: 	 Vector = 0x0000000F
[    3.837618] Interrupt Served: 	 Vector = 0x0000000F
[    3.839299] Interrupt Taken: 	 Vector = 0x0000000F
[    3.839383] Interrupt Served: 	 Vector = 0x0000000F
[    3.841804] Interrupt Taken: 	 Vector = 0x0000000F
[    3.842081] Interrupt Served: 	 Vector = 0x0000000F
[    3.843784] Interrupt Taken: 	 Vector = 0x0000000F
[    3.843871] Interrupt Served: 	 Vector = 0x0000000F
[    3.845942] Interrupt Taken: 	 Vector = 0x0000000F
[    3.846009] Interrupt Served: 	 Vector = 0x0000000F
[    3.848239] Interrupt Taken: 	 Vector = 0x0000000F
[    3.848445] Interrupt Served: 	 Vector = 0x0000000F
[    3.850034] Interrupt Taken: 	 Vector = 0x0000000F
[    3.850114] Interrupt Served: 	 Vector = 0x0000000F
[    3.852053] Interrupt Taken: 	 Vector = 0x0000000F
[    3.852224] Interrupt Served: 	 Vector = 0x0000000F
[    3.853876] Interrupt Taken: 	 Vector = 0x0000000F
[    3.853986] Interrupt Served: 	 Vector = 0x0000000F
[    3.856262] Interrupt Taken: 	 Vector = 0x0000000F
[    3.856328] Interrupt Served: 	 Vector = 0x0000000F
[    3.858548] Interrupt Taken: 	 Vector = 0x0000000F
[    3.858637] Interrupt Served: 	 Vector = 0x0000000F
[    3.860529] Interrupt Taken: 	 Vector = 0x0000000F
[    3.860631] Interrupt Served: 	 Vector = 0x0000000F
[    3.862251] Interrupt Taken: 	 Vector = 0x0000000F
[    3.862314] Interrupt Served: 	 Vector = 0x0000000F
[    3.864307] Interrupt Taken: 	 Vector = 0x0000000F
[    3.864416] Interrupt Served: 	 Vector = 0x0000000F
[    3.866403] Interrupt Taken: 	 Vector = 0x0000000F
[    3.866482] Interrupt Served: 	 Vector = 0x0000000F
[    3.868649] Interrupt Taken: 	 Vector = 0x0000000F
[    3.868780] Interrupt Served: 	 Vector = 0x0000000F
[    3.870819] Interrupt Taken: 	 Vector = 0x0000000F
[    3.870934] Interrupt Served: 	 Vector = 0x0000000F
[    3.872379] Interrupt Taken: 	 Vector = 0x0000000F
[    3.872428] Interrupt Served: 	 Vector = 0x0000000F
[    3.874531] Interrupt Taken: 	 Vector = 0x0000000F
[    3.874616] Interrupt Served: 	 Vector = 0x0000000F
[    3.876732] Interrupt Taken: 	 Vector = 0x0000000F
[    3.876866] Interrupt Served: 	 Vector = 0x0000000F
[    3.878424] Interrupt Taken: 	 Vector = 0x0000000F
[    3.878495] Interrupt Served: 	 Vector = 0x0000000F
[    3.881025] Interrupt Taken: 	 Vector = 0x0000000F
[    3.881149] Interrupt Served: 	 Vector = 0x0000000F
[    3.883219] Interrupt Taken: 	 Vector = 0x0000000F
[    3.883379] Interrupt Served: 	 Vector = 0x0000000F
[    3.885043] Interrupt Taken: 	 Vector = 0x0000000F
[    3.885127] Interrupt Served: 	 Vector = 0x0000000F
[    3.887143] Interrupt Taken: 	 Vector = 0x0000000F
[    3.887226] Interrupt Served: 	 Vector = 0x0000000F
[    3.889060] Interrupt Taken: 	 Vector = 0x0000000F
[    3.889130] Interrupt Served: 	 Vector = 0x0000000F
[    3.891223] Interrupt Taken: 	 Vector = 0x0000000F
[    3.891302] Interrupt Served: 	 Vector = 0x0000000F
[    3.893262] Interrupt Taken: 	 Vector = 0x0000000F
[    3.893347] Interrupt Served: 	 Vector = 0x0000000F
[    3.895335] Interrupt Taken: 	 Vector = 0x0000000F
[    3.895415] Interrupt Served: 	 Vector = 0x0000000F
[    3.897498] Interrupt Taken: 	 Vector = 0x0000000F
[    3.897797] Interrupt Served: 	 Vector = 0x0000000F
[    3.899422] Interrupt Taken: 	 Vector = 0x0000000F
[    3.899503] Interrupt Served: 	 Vector = 0x0000000F
[    3.901717] Interrupt Taken: 	 Vector = 0x0000000F
[    3.901872] Interrupt Served: 	 Vector = 0x0000000F
[    3.903544] Interrupt Taken: 	 Vector = 0x0000000F
[    3.903654] Interrupt Served: 	 Vector = 0x0000000F
[    3.905616] Interrupt Taken: 	 Vector = 0x0000000F
[    3.905723] Interrupt Served: 	 Vector = 0x0000000F
[    3.907595] Interrupt Taken: 	 Vector = 0x0000000F
[    3.907766] Interrupt Served: 	 Vector = 0x0000000F
[    3.909280] Interrupt Taken: 	 Vector = 0x0000000F
[    3.909365] Interrupt Served: 	 Vector = 0x0000000F
[    3.911827] Interrupt Taken: 	 Vector = 0x0000000F
[    3.911976] Interrupt Served: 	 Vector = 0x0000000F
[    3.913739] Interrupt Taken: 	 Vector = 0x0000000F
[    3.913813] Interrupt Served: 	 Vector = 0x0000000F
[    3.915733] [passthrough] Read: 	 address = 0x40020414, size = 4 bytes, value = 0x00000000, pc=0x08000FF4 
[    3.916373] [passthrough] Write: 	 address = 0x40020418, size = 4 bytes, value = 0x00000001, pc=0x0800100C 
[    3.917034] Interrupt Taken: 	 Vector = 0x0000000F
[    3.917183] Interrupt Served: 	 Vector = 0x0000000F
[    3.919279] Interrupt Taken: 	 Vector = 0x0000000F
[    3.919487] Interrupt Served: 	 Vector = 0x0000000F
[    3.921129] Interrupt Taken: 	 Vector = 0x0000000F
[    3.921208] Interrupt Served: 	 Vector = 0x0000000F
[    3.923009] Interrupt Taken: 	 Vector = 0x0000000F
[    3.923083] Interrupt Served: 	 Vector = 0x0000000F
[    3.925158] Interrupt Taken: 	 Vector = 0x0000000F
[    3.925241] Interrupt Served: 	 Vector = 0x0000000F
[    3.927191] Interrupt Taken: 	 Vector = 0x0000000F
[    3.927288] Interrupt Served: 	 Vector = 0x0000000F
[    3.929602] Interrupt Taken: 	 Vector = 0x0000000F
[    3.929739] Interrupt Served: 	 Vector = 0x0000000F
[    3.931784] Interrupt Taken: 	 Vector = 0x0000000F
[    3.931871] Interrupt Served: 	 Vector = 0x0000000F
[    3.933950] Interrupt Taken: 	 Vector = 0x0000000F
[    3.934128] Interrupt Served: 	 Vector = 0x0000000F
[    3.935648] Interrupt Taken: 	 Vector = 0x0000000F
[    3.935763] Interrupt Served: 	 Vector = 0x0000000F
[    3.938114] Interrupt Taken: 	 Vector = 0x0000000F
[    3.938180] Interrupt Served: 	 Vector = 0x0000000F
[    3.940041] Interrupt Taken: 	 Vector = 0x0000000F
[    3.940116] Interrupt Served: 	 Vector = 0x0000000F
[    3.942103] Interrupt Taken: 	 Vector = 0x0000000F
[    3.942156] Interrupt Served: 	 Vector = 0x0000000F
[    3.944293] Interrupt Taken: 	 Vector = 0x0000000F
[    3.944496] Interrupt Served: 	 Vector = 0x0000000F
[    3.946365] Interrupt Taken: 	 Vector = 0x0000000F
[    3.946471] Interrupt Served: 	 Vector = 0x0000000F
[    3.948720] Interrupt Taken: 	 Vector = 0x0000000F
[    3.948816] Interrupt Served: 	 Vector = 0x0000000F
[    3.951003] Interrupt Taken: 	 Vector = 0x0000000F
[    3.951100] Interrupt Served: 	 Vector = 0x0000000F
[    3.953151] Interrupt Taken: 	 Vector = 0x0000000F
[    3.953255] Interrupt Served: 	 Vector = 0x0000000F
[    3.955203] Interrupt Taken: 	 Vector = 0x0000000F
[    3.955287] Interrupt Served: 	 Vector = 0x0000000F
[    3.957462] Interrupt Taken: 	 Vector = 0x0000000F
[    3.957540] Interrupt Served: 	 Vector = 0x0000000F
[    3.959469] Interrupt Taken: 	 Vector = 0x0000000F
[    3.959518] Interrupt Served: 	 Vector = 0x0000000F
[    3.961812] Interrupt Taken: 	 Vector = 0x0000000F
[    3.961904] Interrupt Served: 	 Vector = 0x0000000F
[    3.964438] Interrupt Taken: 	 Vector = 0x0000000F
[    3.964595] Interrupt Served: 	 Vector = 0x0000000F
[    3.966289] Interrupt Taken: 	 Vector = 0x0000000F
[    3.966376] Interrupt Served: 	 Vector = 0x0000000F
[    3.968756] Interrupt Taken: 	 Vector = 0x0000000F
[    3.968852] Interrupt Served: 	 Vector = 0x0000000F
[    3.971019] Interrupt Taken: 	 Vector = 0x0000000F
[    3.971109] Interrupt Served: 	 Vector = 0x0000000F
[    3.973327] Interrupt Taken: 	 Vector = 0x0000000F
[    3.973413] Interrupt Served: 	 Vector = 0x0000000F
[    3.975596] Interrupt Taken: 	 Vector = 0x0000000F
[    3.975744] Interrupt Served: 	 Vector = 0x0000000F
[    3.977463] Interrupt Taken: 	 Vector = 0x0000000F
[    3.977587] Interrupt Served: 	 Vector = 0x0000000F
[    3.979987] Interrupt Taken: 	 Vector = 0x0000000F
[    3.980106] Interrupt Served: 	 Vector = 0x0000000F
[    3.982352] Interrupt Taken: 	 Vector = 0x0000000F
[    3.982460] Interrupt Served: 	 Vector = 0x0000000F
[    3.984487] Interrupt Taken: 	 Vector = 0x0000000F
[    3.984643] Interrupt Served: 	 Vector = 0x0000000F
[    3.986211] Interrupt Taken: 	 Vector = 0x0000000F
[    3.986309] Interrupt Served: 	 Vector = 0x0000000F
[    3.988653] Interrupt Taken: 	 Vector = 0x0000000F
[    3.988819] Interrupt Served: 	 Vector = 0x0000000F
[    3.990389] Interrupt Taken: 	 Vector = 0x0000000F
[    3.990443] Interrupt Served: 	 Vector = 0x0000000F
[    3.992646] Interrupt Taken: 	 Vector = 0x0000000F
[    3.992740] Interrupt Served: 	 Vector = 0x0000000F
[    3.995171] Interrupt Taken: 	 Vector = 0x0000000F
[    3.995273] Interrupt Served: 	 Vector = 0x0000000F
[    3.997639] Interrupt Taken: 	 Vector = 0x0000000F
[    3.997783] Interrupt Served: 	 Vector = 0x0000000F
[    4.000029] Interrupt Taken: 	 Vector = 0x0000000F
[    4.000208] Interrupt Served: 	 Vector = 0x0000000F
[    4.001822] Interrupt Taken: 	 Vector = 0x0000000F
[    4.001916] Interrupt Served: 	 Vector = 0x0000000F
[    4.004016] Interrupt Taken: 	 Vector = 0x0000000F
[    4.004119] Interrupt Served: 	 Vector = 0x0000000F
[    4.006060] Interrupt Taken: 	 Vector = 0x0000000F
[    4.006240] Interrupt Served: 	 Vector = 0x0000000F
[    4.008024] Interrupt Taken: 	 Vector = 0x0000000F
[    4.008084] Interrupt Served: 	 Vector = 0x0000000F
[    4.010144] Interrupt Taken: 	 Vector = 0x0000000F
[    4.010231] Interrupt Served: 	 Vector = 0x0000000F
[    4.011814] Interrupt Taken: 	 Vector = 0x0000000F
[    4.011907] Interrupt Served: 	 Vector = 0x0000000F
[    4.014716] Interrupt Taken: 	 Vector = 0x0000000F
[    4.014844] Interrupt Served: 	 Vector = 0x0000000F
[    4.016930] Interrupt Taken: 	 Vector = 0x0000000F
[    4.017024] Interrupt Served: 	 Vector = 0x0000000F
[    4.019224] Interrupt Taken: 	 Vector = 0x0000000F
[    4.019330] Interrupt Served: 	 Vector = 0x0000000F
[    4.021244] Interrupt Taken: 	 Vector = 0x0000000F
[    4.021324] Interrupt Served: 	 Vector = 0x0000000F
[    4.023108] Interrupt Taken: 	 Vector = 0x0000000F
[    4.023158] Interrupt Served: 	 Vector = 0x0000000F
[    4.025237] Interrupt Taken: 	 Vector = 0x0000000F
[    4.025290] Interrupt Served: 	 Vector = 0x0000000F
[    4.027112] Interrupt Taken: 	 Vector = 0x0000000F
[    4.027168] Interrupt Served: 	 Vector = 0x0000000F
[    4.029153] Interrupt Taken: 	 Vector = 0x0000000F
[    4.029255] Interrupt Served: 	 Vector = 0x0000000F
[    4.032190] Interrupt Taken: 	 Vector = 0x0000000F
[    4.032316] Interrupt Served: 	 Vector = 0x0000000F
[    4.034218] Interrupt Taken: 	 Vector = 0x0000000F
[    4.034312] Interrupt Served: 	 Vector = 0x0000000F
[    4.036439] Interrupt Taken: 	 Vector = 0x0000000F
[    4.036621] Interrupt Served: 	 Vector = 0x0000000F
[    4.038254] Interrupt Taken: 	 Vector = 0x0000000F
[    4.038355] Interrupt Served: 	 Vector = 0x0000000F
[    4.040364] Interrupt Taken: 	 Vector = 0x0000000F
[    4.040429] Interrupt Served: 	 Vector = 0x0000000F
[    4.042183] Interrupt Taken: 	 Vector = 0x0000000F
[    4.042306] Interrupt Served: 	 Vector = 0x0000000F
[    4.043874] Interrupt Taken: 	 Vector = 0x0000000F
[    4.043925] Interrupt Served: 	 Vector = 0x0000000F
[    4.045770] Interrupt Taken: 	 Vector = 0x0000000F
[    4.045889] Interrupt Served: 	 Vector = 0x0000000F
[    4.047903] Interrupt Taken: 	 Vector = 0x0000000F
[    4.048022] Interrupt Served: 	 Vector = 0x0000000F
[    4.050049] Interrupt Taken: 	 Vector = 0x0000000F
[    4.050226] Interrupt Served: 	 Vector = 0x0000000F
[    4.051912] Interrupt Taken: 	 Vector = 0x0000000F
[    4.051997] Interrupt Served: 	 Vector = 0x0000000F
[    4.054284] Interrupt Taken: 	 Vector = 0x0000000F
[    4.054368] Interrupt Served: 	 Vector = 0x0000000F
[    4.056199] Interrupt Taken: 	 Vector = 0x0000000F
[    4.056292] Interrupt Served: 	 Vector = 0x0000000F
[    4.058322] Interrupt Taken: 	 Vector = 0x0000000F
[    4.058452] Interrupt Served: 	 Vector = 0x0000000F
[    4.060062] Interrupt Taken: 	 Vector = 0x0000000F
[    4.060127] Interrupt Served: 	 Vector = 0x0000000F
[    4.062760] Interrupt Taken: 	 Vector = 0x0000000F
[    4.062838] Interrupt Served: 	 Vector = 0x0000000F
[    4.065126] Interrupt Taken: 	 Vector = 0x0000000F
[    4.065236] Interrupt Served: 	 Vector = 0x0000000F
[    4.067397] Interrupt Taken: 	 Vector = 0x0000000F
[    4.067515] Interrupt Served: 	 Vector = 0x0000000F
[    4.069620] Interrupt Taken: 	 Vector = 0x0000000F
[    4.069737] Interrupt Served: 	 Vector = 0x0000000F
[    4.071893] Interrupt Taken: 	 Vector = 0x0000000F
[    4.071984] Interrupt Served: 	 Vector = 0x0000000F
[    4.073867] Interrupt Taken: 	 Vector = 0x0000000F
[    4.073922] Interrupt Served: 	 Vector = 0x0000000F
[    4.075800] Interrupt Taken: 	 Vector = 0x0000000F
[    4.075874] Interrupt Served: 	 Vector = 0x0000000F
[    4.077800] Interrupt Taken: 	 Vector = 0x0000000F
[    4.077872] Interrupt Served: 	 Vector = 0x0000000F
[    4.079972] Interrupt Taken: 	 Vector = 0x0000000F
[    4.080078] Interrupt Served: 	 Vector = 0x0000000F
[    4.082741] Interrupt Taken: 	 Vector = 0x0000000F
[    4.082865] Interrupt Served: 	 Vector = 0x0000000F
[    4.084938] Interrupt Taken: 	 Vector = 0x0000000F
[    4.085029] Interrupt Served: 	 Vector = 0x0000000F
[    4.087043] Interrupt Taken: 	 Vector = 0x0000000F
[    4.087133] Interrupt Served: 	 Vector = 0x0000000F
[    4.089058] Interrupt Taken: 	 Vector = 0x0000000F
[    4.089129] Interrupt Served: 	 Vector = 0x0000000F
[    4.091010] Interrupt Taken: 	 Vector = 0x0000000F
[    4.091061] Interrupt Served: 	 Vector = 0x0000000F
[    4.092911] Interrupt Taken: 	 Vector = 0x0000000F
[    4.093189] Interrupt Served: 	 Vector = 0x0000000F
[    4.094621] Interrupt Taken: 	 Vector = 0x0000000F
[    4.094789] Interrupt Served: 	 Vector = 0x0000000F
[    4.096436] Interrupt Taken: 	 Vector = 0x0000000F
[    4.096535] Interrupt Served: 	 Vector = 0x0000000F
[    4.098907] Interrupt Taken: 	 Vector = 0x0000000F
[    4.099035] Interrupt Served: 	 Vector = 0x0000000F
[    4.101253] Interrupt Taken: 	 Vector = 0x0000000F
[    4.101400] Interrupt Served: 	 Vector = 0x0000000F
[    4.103101] Interrupt Taken: 	 Vector = 0x0000000F
[    4.103206] Interrupt Served: 	 Vector = 0x0000000F
[    4.105220] Interrupt Taken: 	 Vector = 0x0000000F
[    4.105303] Interrupt Served: 	 Vector = 0x0000000F
[    4.107431] Interrupt Taken: 	 Vector = 0x0000000F
[    4.107508] Interrupt Served: 	 Vector = 0x0000000F
[    4.109235] Interrupt Taken: 	 Vector = 0x0000000F
[    4.109306] Interrupt Served: 	 Vector = 0x0000000F
[    4.111127] Interrupt Taken: 	 Vector = 0x0000000F
[    4.111201] Interrupt Served: 	 Vector = 0x0000000F
[    4.113148] Interrupt Taken: 	 Vector = 0x0000000F
[    4.113245] Interrupt Served: 	 Vector = 0x0000000F
[    4.115223] Interrupt Taken: 	 Vector = 0x0000000F
[    4.115344] Interrupt Served: 	 Vector = 0x0000000F
[    4.117806] Interrupt Taken: 	 Vector = 0x0000000F
[    4.117911] Interrupt Served: 	 Vector = 0x0000000F
[    4.120006] Interrupt Taken: 	 Vector = 0x0000000F
[    4.120110] Interrupt Served: 	 Vector = 0x0000000F
[    4.121960] Interrupt Taken: 	 Vector = 0x0000000F
[    4.122079] Interrupt Served: 	 Vector = 0x0000000F
[    4.123595] Interrupt Taken: 	 Vector = 0x0000000F
[    4.123644] Interrupt Served: 	 Vector = 0x0000000F
[    4.125723] Interrupt Taken: 	 Vector = 0x0000000F
[    4.125788] Interrupt Served: 	 Vector = 0x0000000F
[    4.127706] Interrupt Taken: 	 Vector = 0x0000000F
[    4.127791] Interrupt Served: 	 Vector = 0x0000000F
[    4.129663] Interrupt Taken: 	 Vector = 0x0000000F
[    4.129768] Interrupt Served: 	 Vector = 0x0000000F
[    4.132243] Interrupt Taken: 	 Vector = 0x0000000F
[    4.132395] Interrupt Served: 	 Vector = 0x0000000F
[    4.134931] Interrupt Taken: 	 Vector = 0x0000000F
[    4.135063] Interrupt Served: 	 Vector = 0x0000000F
[    4.137188] Interrupt Taken: 	 Vector = 0x0000000F
[    4.137385] Interrupt Served: 	 Vector = 0x0000000F
[    4.139134] Interrupt Taken: 	 Vector = 0x0000000F
[    4.139223] Interrupt Served: 	 Vector = 0x0000000F
[    4.141122] Interrupt Taken: 	 Vector = 0x0000000F
[    4.141176] Interrupt Served: 	 Vector = 0x0000000F
[    4.143773] Interrupt Taken: 	 Vector = 0x0000000F
[    4.143829] Interrupt Served: 	 Vector = 0x0000000F
[    4.145662] Interrupt Taken: 	 Vector = 0x0000000F
[    4.145813] Interrupt Served: 	 Vector = 0x0000000F
[    4.147440] Interrupt Taken: 	 Vector = 0x0000000F
[    4.147745] Interrupt Served: 	 Vector = 0x0000000F
[    4.149490] Interrupt Taken: 	 Vector = 0x0000000F
[    4.149606] Interrupt Served: 	 Vector = 0x0000000F
[    4.151920] Interrupt Taken: 	 Vector = 0x0000000F
[    4.152123] Interrupt Served: 	 Vector = 0x0000000F
[    4.153798] Interrupt Taken: 	 Vector = 0x0000000F
[    4.153900] Interrupt Served: 	 Vector = 0x0000000F
[    4.155868] Interrupt Taken: 	 Vector = 0x0000000F
[    4.155978] Interrupt Served: 	 Vector = 0x0000000F
[    4.157558] Interrupt Taken: 	 Vector = 0x0000000F
[    4.157607] Interrupt Served: 	 Vector = 0x0000000F
[    4.159521] Interrupt Taken: 	 Vector = 0x0000000F
[    4.159583] Interrupt Served: 	 Vector = 0x0000000F
[    4.161421] Interrupt Taken: 	 Vector = 0x0000000F
[    4.161468] Interrupt Served: 	 Vector = 0x0000000F
[    4.163231] Interrupt Taken: 	 Vector = 0x0000000F
[    4.163400] Interrupt Served: 	 Vector = 0x0000000F
[    4.165240] Interrupt Taken: 	 Vector = 0x0000000F
[    4.165339] Interrupt Served: 	 Vector = 0x0000000F
[    4.167912] Interrupt Taken: 	 Vector = 0x0000000F
[    4.168078] Interrupt Served: 	 Vector = 0x0000000F
[    4.170260] Interrupt Taken: 	 Vector = 0x0000000F
[    4.170366] Interrupt Served: 	 Vector = 0x0000000F
[    4.172330] Interrupt Taken: 	 Vector = 0x0000000F
[    4.172392] Interrupt Served: 	 Vector = 0x0000000F
[    4.174467] Interrupt Taken: 	 Vector = 0x0000000F
[    4.174552] Interrupt Served: 	 Vector = 0x0000000F
[    4.176436] Interrupt Taken: 	 Vector = 0x0000000F
[    4.176559] Interrupt Served: 	 Vector = 0x0000000F
[    4.178187] Interrupt Taken: 	 Vector = 0x0000000F
[    4.178259] Interrupt Served: 	 Vector = 0x0000000F
[    4.180190] Interrupt Taken: 	 Vector = 0x0000000F
[    4.180273] Interrupt Served: 	 Vector = 0x0000000F
[    4.182794] Interrupt Taken: 	 Vector = 0x0000000F
[    4.182891] Interrupt Served: 	 Vector = 0x0000000F
[    4.185717] Interrupt Taken: 	 Vector = 0x0000000F
[    4.185851] Interrupt Served: 	 Vector = 0x0000000F
[    4.188109] Interrupt Taken: 	 Vector = 0x0000000F
[    4.188187] Interrupt Served: 	 Vector = 0x0000000F
[    4.189993] Interrupt Taken: 	 Vector = 0x0000000F
[    4.190045] Interrupt Served: 	 Vector = 0x0000000F
[    4.192005] Interrupt Taken: 	 Vector = 0x0000000F
[    4.192052] Interrupt Served: 	 Vector = 0x0000000F
[    4.193877] Interrupt Taken: 	 Vector = 0x0000000F
[    4.193992] Interrupt Served: 	 Vector = 0x0000000F
[    4.195486] Interrupt Taken: 	 Vector = 0x0000000F
[    4.195541] Interrupt Served: 	 Vector = 0x0000000F
[    4.197780] Interrupt Taken: 	 Vector = 0x0000000F
[    4.197873] Interrupt Served: 	 Vector = 0x0000000F
[    4.199827] Interrupt Taken: 	 Vector = 0x0000000F
[    4.199904] Interrupt Served: 	 Vector = 0x0000000F
[    4.202191] Interrupt Taken: 	 Vector = 0x0000000F
[    4.202532] Interrupt Served: 	 Vector = 0x0000000F
[    4.204439] Interrupt Taken: 	 Vector = 0x0000000F
[    4.204575] Interrupt Served: 	 Vector = 0x0000000F
[    4.206540] Interrupt Taken: 	 Vector = 0x0000000F
[    4.206702] Interrupt Served: 	 Vector = 0x0000000F
[    4.208326] Interrupt Taken: 	 Vector = 0x0000000F
[    4.208380] Interrupt Served: 	 Vector = 0x0000000F
[    4.210155] Interrupt Taken: 	 Vector = 0x0000000F
[    4.210228] Interrupt Served: 	 Vector = 0x0000000F
[    4.213988] Interrupt Taken: 	 Vector = 0x0000000F
[    4.214097] Interrupt Served: 	 Vector = 0x0000000F
[    4.216548] Interrupt Taken: 	 Vector = 0x0000000F
[    4.216715] Interrupt Served: 	 Vector = 0x0000000F
[    4.218335] Interrupt Taken: 	 Vector = 0x0000000F
[    4.218454] Interrupt Served: 	 Vector = 0x0000000F
[    4.221242] Interrupt Taken: 	 Vector = 0x0000000F
[    4.221352] Interrupt Served: 	 Vector = 0x0000000F
[    4.223133] Interrupt Taken: 	 Vector = 0x0000000F
[    4.223189] Interrupt Served: 	 Vector = 0x0000000F
[    4.225214] Interrupt Taken: 	 Vector = 0x0000000F
[    4.225264] Interrupt Served: 	 Vector = 0x0000000F
[    4.227107] Interrupt Taken: 	 Vector = 0x0000000F
[    4.227157] Interrupt Served: 	 Vector = 0x0000000F
[    4.229001] Interrupt Taken: 	 Vector = 0x0000000F
[    4.229051] Interrupt Served: 	 Vector = 0x0000000F
[    4.231255] Interrupt Taken: 	 Vector = 0x0000000F
[    4.231345] Interrupt Served: 	 Vector = 0x0000000F
[    4.233306] Interrupt Taken: 	 Vector = 0x0000000F
[    4.233388] Interrupt Served: 	 Vector = 0x0000000F
[    4.235617] Interrupt Taken: 	 Vector = 0x0000000F
[    4.235762] Interrupt Served: 	 Vector = 0x0000000F
[    4.238058] Interrupt Taken: 	 Vector = 0x0000000F
[    4.238239] Interrupt Served: 	 Vector = 0x0000000F
[    4.239794] Interrupt Taken: 	 Vector = 0x0000000F
[    4.239862] Interrupt Served: 	 Vector = 0x0000000F
[    4.241936] Interrupt Taken: 	 Vector = 0x0000000F
[    4.242011] Interrupt Served: 	 Vector = 0x0000000F
[    4.243815] Interrupt Taken: 	 Vector = 0x0000000F
[    4.243885] Interrupt Served: 	 Vector = 0x0000000F
[    4.245702] Interrupt Taken: 	 Vector = 0x0000000F
[    4.245773] Interrupt Served: 	 Vector = 0x0000000F
[    4.247634] Interrupt Taken: 	 Vector = 0x0000000F
[    4.247754] Interrupt Served: 	 Vector = 0x0000000F
[    4.249969] Interrupt Taken: 	 Vector = 0x0000000F
[    4.250150] Interrupt Served: 	 Vector = 0x0000000F
[    4.251821] Interrupt Taken: 	 Vector = 0x0000000F
[    4.251888] Interrupt Served: 	 Vector = 0x0000000F
[    4.254082] Interrupt Taken: 	 Vector = 0x0000000F
[    4.254211] Interrupt Served: 	 Vector = 0x0000000F
[    4.256254] Interrupt Taken: 	 Vector = 0x0000000F
[    4.256328] Interrupt Served: 	 Vector = 0x0000000F
[    4.258240] Interrupt Taken: 	 Vector = 0x0000000F
[    4.258312] Interrupt Served: 	 Vector = 0x0000000F
[    4.260123] Interrupt Taken: 	 Vector = 0x0000000F
[    4.260176] Interrupt Served: 	 Vector = 0x0000000F
[    4.262151] Interrupt Taken: 	 Vector = 0x0000000F
[    4.262243] Interrupt Served: 	 Vector = 0x0000000F
[    4.264197] Interrupt Taken: 	 Vector = 0x0000000F
[    4.264288] Interrupt Served: 	 Vector = 0x0000000F
[    4.266248] Interrupt Taken: 	 Vector = 0x0000000F
[    4.266365] Interrupt Served: 	 Vector = 0x0000000F
[    4.268054] Interrupt Taken: 	 Vector = 0x0000000F
[    4.268145] Interrupt Served: 	 Vector = 0x0000000F
[    4.270380] Interrupt Taken: 	 Vector = 0x0000000F
[    4.270494] Interrupt Served: 	 Vector = 0x0000000F
[    4.272525] Interrupt Taken: 	 Vector = 0x0000000F
[    4.272695] Interrupt Served: 	 Vector = 0x0000000F
[    4.274222] Interrupt Taken: 	 Vector = 0x0000000F
[    4.274286] Interrupt Served: 	 Vector = 0x0000000F
[    4.276335] Interrupt Taken: 	 Vector = 0x0000000F
[    4.276453] Interrupt Served: 	 Vector = 0x0000000F
[    4.278060] Interrupt Taken: 	 Vector = 0x0000000F
[    4.278125] Interrupt Served: 	 Vector = 0x0000000F
[    4.280055] Interrupt Taken: 	 Vector = 0x0000000F
[    4.280160] Interrupt Served: 	 Vector = 0x0000000F
[    4.281806] Interrupt Taken: 	 Vector = 0x0000000F
[    4.281889] Interrupt Served: 	 Vector = 0x0000000F
[    4.283952] Interrupt Taken: 	 Vector = 0x0000000F
[    4.284157] Interrupt Served: 	 Vector = 0x0000000F
[    4.285655] Interrupt Taken: 	 Vector = 0x0000000F
[    4.285760] Interrupt Served: 	 Vector = 0x0000000F
[    4.287896] Interrupt Taken: 	 Vector = 0x0000000F
[    4.288000] Interrupt Served: 	 Vector = 0x0000000F
[    4.290266] Interrupt Taken: 	 Vector = 0x0000000F
[    4.290696] Interrupt Served: 	 Vector = 0x0000000F
[    4.292305] Interrupt Taken: 	 Vector = 0x0000000F
[    4.292366] Interrupt Served: 	 Vector = 0x0000000F
[    4.294533] Interrupt Taken: 	 Vector = 0x0000000F
[    4.294607] Interrupt Served: 	 Vector = 0x0000000F
[    4.297207] Interrupt Taken: 	 Vector = 0x0000000F
[    4.297292] Interrupt Served: 	 Vector = 0x0000000F
[    4.299201] Interrupt Taken: 	 Vector = 0x0000000F
[    4.299316] Interrupt Served: 	 Vector = 0x0000000F
[    4.301248] Interrupt Taken: 	 Vector = 0x0000000F
[    4.301334] Interrupt Served: 	 Vector = 0x0000000F
[    4.303391] Interrupt Taken: 	 Vector = 0x0000000F
[    4.303589] Interrupt Served: 	 Vector = 0x0000000F
[    4.305107] Interrupt Taken: 	 Vector = 0x0000000F
[    4.305188] Interrupt Served: 	 Vector = 0x0000000F
[    4.307632] Interrupt Taken: 	 Vector = 0x0000000F
[    4.307749] Interrupt Served: 	 Vector = 0x0000000F
[    4.310003] Interrupt Taken: 	 Vector = 0x0000000F
[    4.310084] Interrupt Served: 	 Vector = 0x0000000F
[    4.312003] Interrupt Taken: 	 Vector = 0x0000000F
[    4.312074] Interrupt Served: 	 Vector = 0x0000000F
[    4.314179] Interrupt Taken: 	 Vector = 0x0000000F
[    4.314276] Interrupt Served: 	 Vector = 0x0000000F
[    4.316352] Interrupt Taken: 	 Vector = 0x0000000F
[    4.316450] Interrupt Served: 	 Vector = 0x0000000F
[    4.318420] Interrupt Taken: 	 Vector = 0x0000000F
[    4.318549] Interrupt Served: 	 Vector = 0x0000000F
[    4.320176] Interrupt Taken: 	 Vector = 0x0000000F
[    4.320286] Interrupt Served: 	 Vector = 0x0000000F
[    4.322238] Interrupt Taken: 	 Vector = 0x0000000F
[    4.322369] Interrupt Served: 	 Vector = 0x0000000F
[    4.324162] Interrupt Taken: 	 Vector = 0x0000000F
[    4.324279] Interrupt Served: 	 Vector = 0x0000000F
[    4.326568] Interrupt Taken: 	 Vector = 0x0000000F
[    4.326637] Interrupt Served: 	 Vector = 0x0000000F
[    4.331168] Interrupt Taken: 	 Vector = 0x0000000F
[    4.331268] Interrupt Served: 	 Vector = 0x0000000F
[    4.336927] Interrupt Taken: 	 Vector = 0x0000000F
[    4.337245] Interrupt Served: 	 Vector = 0x0000000F
[    4.339282] Interrupt Taken: 	 Vector = 0x0000000F
[    4.339399] Interrupt Served: 	 Vector = 0x0000000F
[    4.343782] Interrupt Taken: 	 Vector = 0x0000000F
[    4.344362] Interrupt Served: 	 Vector = 0x0000000F
[    4.346248] Interrupt Taken: 	 Vector = 0x0000000F
[    4.346404] Interrupt Served: 	 Vector = 0x0000000F
[    4.350189] Interrupt Taken: 	 Vector = 0x0000000F
[    4.350421] Interrupt Served: 	 Vector = 0x0000000F
[    4.354353] Interrupt Taken: 	 Vector = 0x0000000F
[    4.354477] Interrupt Served: 	 Vector = 0x0000000F
[    4.367250] Interrupt Taken: 	 Vector = 0x0000000F
[    4.367362] Interrupt Served: 	 Vector = 0x0000000F
[    4.370894] [passthrough] Read: 	 address = 0x40020414, size = 4 bytes, value = 0x00000001, pc=0x08000FF4 
[    4.375077] [passthrough] Write: 	 address = 0x40020418, size = 4 bytes, value = 0x00010000, pc=0x0800100C 
[    4.376964] Interrupt Taken: 	 Vector = 0x0000000F
[    4.377087] Interrupt Served: 	 Vector = 0x0000000F
[    4.379842] Interrupt Taken: 	 Vector = 0x0000000F
[    4.379927] Interrupt Served: 	 Vector = 0x0000000F
[    4.384897] Interrupt Taken: 	 Vector = 0x0000000F
[    4.385035] Interrupt Served: 	 Vector = 0x0000000F
[    4.391737] Interrupt Taken: 	 Vector = 0x0000000F
[    4.391855] Interrupt Served: 	 Vector = 0x0000000F
[    4.402520] Interrupt Taken: 	 Vector = 0x0000000F
[    4.402938] Interrupt Served: 	 Vector = 0x0000000F
[    4.407198] Interrupt Taken: 	 Vector = 0x0000000F
[    4.407334] Interrupt Served: 	 Vector = 0x0000000F
[    4.412741] Interrupt Taken: 	 Vector = 0x0000000F
[    4.412834] Interrupt Served: 	 Vector = 0x0000000F
[    4.415558] Interrupt Taken: 	 Vector = 0x0000000F
[    4.415659] Interrupt Served: 	 Vector = 0x0000000F
[    4.422433] Interrupt Taken: 	 Vector = 0x0000000F
[    4.422551] Interrupt Served: 	 Vector = 0x0000000F
[    4.430457] Interrupt Taken: 	 Vector = 0x0000000F
[    4.433715] Interrupt Served: 	 Vector = 0x0000000F
[    4.435440] Interrupt Taken: 	 Vector = 0x0000000F
[    4.435544] Interrupt Served: 	 Vector = 0x0000000F
[    4.437737] Interrupt Taken: 	 Vector = 0x0000000F
[    4.437838] Interrupt Served: 	 Vector = 0x0000000F
[    4.441545] Interrupt Taken: 	 Vector = 0x0000000F
[    4.441643] Interrupt Served: 	 Vector = 0x0000000F
[    4.446496] Interrupt Taken: 	 Vector = 0x0000000F
[    4.446622] Interrupt Served: 	 Vector = 0x0000000F
[    4.449103] Interrupt Taken: 	 Vector = 0x0000000F
[    4.449259] Interrupt Served: 	 Vector = 0x0000000F
[    4.452471] Interrupt Taken: 	 Vector = 0x0000000F
[    4.452598] Interrupt Served: 	 Vector = 0x0000000F
[    4.458389] Interrupt Taken: 	 Vector = 0x0000000F
[    4.458497] Interrupt Served: 	 Vector = 0x0000000F
[    4.463201] Interrupt Taken: 	 Vector = 0x0000000F
[    4.465143] Interrupt Served: 	 Vector = 0x0000000F
[    4.472173] Interrupt Taken: 	 Vector = 0x0000000F
[    4.472304] Interrupt Served: 	 Vector = 0x0000000F
[    4.485547] Interrupt Taken: 	 Vector = 0x0000000F
[    4.485692] Interrupt Served: 	 Vector = 0x0000000F
[    4.493751] Interrupt Taken: 	 Vector = 0x0000000F
[    4.494244] Interrupt Served: 	 Vector = 0x0000000F
[    4.503699] Interrupt Taken: 	 Vector = 0x0000000F
[    4.503801] Interrupt Served: 	 Vector = 0x0000000F
[    4.505897] Interrupt Taken: 	 Vector = 0x0000000F
[    4.505992] Interrupt Served: 	 Vector = 0x0000000F
[    4.508194] Interrupt Taken: 	 Vector = 0x0000000F
[    4.508285] Interrupt Served: 	 Vector = 0x0000000F
[    4.510186] Interrupt Taken: 	 Vector = 0x0000000F
[    4.510475] Interrupt Served: 	 Vector = 0x0000000F
[    4.512123] Interrupt Taken: 	 Vector = 0x0000000F
[    4.512261] Interrupt Served: 	 Vector = 0x0000000F
[    4.515861] Interrupt Taken: 	 Vector = 0x0000000F
[    4.516168] Interrupt Served: 	 Vector = 0x0000000F
[    4.518454] Interrupt Taken: 	 Vector = 0x0000000F
[    4.518614] Interrupt Served: 	 Vector = 0x0000000F
[    4.520412] Interrupt Taken: 	 Vector = 0x0000000F
[    4.520517] Interrupt Served: 	 Vector = 0x0000000F
[    4.521939] Interrupt Taken: 	 Vector = 0x0000000F
[    4.521998] Interrupt Served: 	 Vector = 0x0000000F
[    4.523784] Interrupt Taken: 	 Vector = 0x0000000F
[    4.523846] Interrupt Served: 	 Vector = 0x0000000F
[    4.525341] Interrupt Taken: 	 Vector = 0x0000000F
[    4.525419] Interrupt Served: 	 Vector = 0x0000000F
[    4.527389] Interrupt Taken: 	 Vector = 0x0000000F
[    4.527445] Interrupt Served: 	 Vector = 0x0000000F
[    4.529303] Interrupt Taken: 	 Vector = 0x0000000F
[    4.529400] Interrupt Served: 	 Vector = 0x0000000F
[    4.531158] Interrupt Taken: 	 Vector = 0x0000000F
[    4.531223] Interrupt Served: 	 Vector = 0x0000000F
[    4.533014] Interrupt Taken: 	 Vector = 0x0000000F
[    4.533119] Interrupt Served: 	 Vector = 0x0000000F
[    4.534895] Interrupt Taken: 	 Vector = 0x0000000F
[    4.534976] Interrupt Served: 	 Vector = 0x0000000F
[    4.539763] Interrupt Taken: 	 Vector = 0x0000000F
[    4.542701] Interrupt Served: 	 Vector = 0x0000000F
[    4.544448] Interrupt Taken: 	 Vector = 0x0000000F
[    4.544541] Interrupt Served: 	 Vector = 0x0000000F
[    4.548033] Interrupt Taken: 	 Vector = 0x0000000F
[    4.548141] Interrupt Served: 	 Vector = 0x0000000F
[    4.551549] Interrupt Taken: 	 Vector = 0x0000000F
[    4.551647] Interrupt Served: 	 Vector = 0x0000000F
[    4.555120] Interrupt Taken: 	 Vector = 0x0000000F
[    4.555209] Interrupt Served: 	 Vector = 0x0000000F
[    4.557401] Interrupt Taken: 	 Vector = 0x0000000F
[    4.557467] Interrupt Served: 	 Vector = 0x0000000F
[    4.559032] Interrupt Taken: 	 Vector = 0x0000000F
[    4.559069] Interrupt Served: 	 Vector = 0x0000000F
[    4.560636] Interrupt Taken: 	 Vector = 0x0000000F
[    4.560742] Interrupt Served: 	 Vector = 0x0000000F
[    4.562211] Interrupt Taken: 	 Vector = 0x0000000F
[    4.562252] Interrupt Served: 	 Vector = 0x0000000F
[    4.564062] Interrupt Taken: 	 Vector = 0x0000000F
[    4.564160] Interrupt Served: 	 Vector = 0x0000000F
[    4.565850] Interrupt Taken: 	 Vector = 0x0000000F
[    4.565968] Interrupt Served: 	 Vector = 0x0000000F
[    4.567995] Interrupt Taken: 	 Vector = 0x0000000F
[    4.568072] Interrupt Served: 	 Vector = 0x0000000F
[    4.569785] Interrupt Taken: 	 Vector = 0x0000000F
[    4.569851] Interrupt Served: 	 Vector = 0x0000000F
[    4.571512] Interrupt Taken: 	 Vector = 0x0000000F
[    4.571558] Interrupt Served: 	 Vector = 0x0000000F
[    4.573484] Interrupt Taken: 	 Vector = 0x0000000F
[    4.573533] Interrupt Served: 	 Vector = 0x0000000F
[    4.575297] Interrupt Taken: 	 Vector = 0x0000000F
[    4.575369] Interrupt Served: 	 Vector = 0x0000000F
[    4.576847] Interrupt Taken: 	 Vector = 0x0000000F
[    4.576888] Interrupt Served: 	 Vector = 0x0000000F
[    4.578800] Interrupt Taken: 	 Vector = 0x0000000F
[    4.578906] Interrupt Served: 	 Vector = 0x0000000F
[    4.580434] Interrupt Taken: 	 Vector = 0x0000000F
[    4.580506] Interrupt Served: 	 Vector = 0x0000000F
[    4.582376] Interrupt Taken: 	 Vector = 0x0000000F
[    4.582461] Interrupt Served: 	 Vector = 0x0000000F
[    4.584183] Interrupt Taken: 	 Vector = 0x0000000F
[    4.584256] Interrupt Served: 	 Vector = 0x0000000F
[    4.585890] Interrupt Taken: 	 Vector = 0x0000000F
[    4.585943] Interrupt Served: 	 Vector = 0x0000000F
[    4.587692] Interrupt Taken: 	 Vector = 0x0000000F
[    4.587749] Interrupt Served: 	 Vector = 0x0000000F
[    4.589435] Interrupt Taken: 	 Vector = 0x0000000F
[    4.589488] Interrupt Served: 	 Vector = 0x0000000F
[    4.591206] Interrupt Taken: 	 Vector = 0x0000000F
[    4.591323] Interrupt Served: 	 Vector = 0x0000000F
[    4.592906] Interrupt Taken: 	 Vector = 0x0000000F
[    4.592977] Interrupt Served: 	 Vector = 0x0000000F
[    4.594834] Interrupt Taken: 	 Vector = 0x0000000F
[    4.594974] Interrupt Served: 	 Vector = 0x0000000F
[    4.596437] Interrupt Taken: 	 Vector = 0x0000000F
[    4.596509] Interrupt Served: 	 Vector = 0x0000000F
[    4.598685] Interrupt Taken: 	 Vector = 0x0000000F
[    4.598739] Interrupt Served: 	 Vector = 0x0000000F
[    4.600459] Interrupt Taken: 	 Vector = 0x0000000F
[    4.600526] Interrupt Served: 	 Vector = 0x0000000F
[    4.602257] Interrupt Taken: 	 Vector = 0x0000000F
[    4.602357] Interrupt Served: 	 Vector = 0x0000000F
[    4.603824] Interrupt Taken: 	 Vector = 0x0000000F
[    4.603862] Interrupt Served: 	 Vector = 0x0000000F
[    4.605578] Interrupt Taken: 	 Vector = 0x0000000F
[    4.605610] Interrupt Served: 	 Vector = 0x0000000F
[    4.607267] Interrupt Taken: 	 Vector = 0x0000000F
[    4.607327] Interrupt Served: 	 Vector = 0x0000000F
[    4.609044] Interrupt Taken: 	 Vector = 0x0000000F
[    4.609104] Interrupt Served: 	 Vector = 0x0000000F
[    4.610756] Interrupt Taken: 	 Vector = 0x0000000F
[    4.610819] Interrupt Served: 	 Vector = 0x0000000F
[    4.612679] Interrupt Taken: 	 Vector = 0x0000000F
[    4.612762] Interrupt Served: 	 Vector = 0x0000000F
[    4.614426] Interrupt Taken: 	 Vector = 0x0000000F
[    4.614499] Interrupt Served: 	 Vector = 0x0000000F
[    4.616187] Interrupt Taken: 	 Vector = 0x0000000F
[    4.616229] Interrupt Served: 	 Vector = 0x0000000F
[    4.618044] Interrupt Taken: 	 Vector = 0x0000000F
[    4.618115] Interrupt Served: 	 Vector = 0x0000000F
[    4.620199] Interrupt Taken: 	 Vector = 0x0000000F
[    4.620266] Interrupt Served: 	 Vector = 0x0000000F
[    4.622136] Interrupt Taken: 	 Vector = 0x0000000F
[    4.622188] Interrupt Served: 	 Vector = 0x0000000F
[    4.623920] Interrupt Taken: 	 Vector = 0x0000000F
[    4.623989] Interrupt Served: 	 Vector = 0x0000000F
[    4.626057] Interrupt Taken: 	 Vector = 0x0000000F
[    4.626165] Interrupt Served: 	 Vector = 0x0000000F
[    4.627999] Interrupt Taken: 	 Vector = 0x0000000F
[    4.628073] Interrupt Served: 	 Vector = 0x0000000F
[    4.630131] Interrupt Taken: 	 Vector = 0x0000000F
[    4.630228] Interrupt Served: 	 Vector = 0x0000000F
[    4.632194] Interrupt Taken: 	 Vector = 0x0000000F
[    4.632280] Interrupt Served: 	 Vector = 0x0000000F
[    4.634235] Interrupt Taken: 	 Vector = 0x0000000F
[    4.634327] Interrupt Served: 	 Vector = 0x0000000F
[    4.636432] Interrupt Taken: 	 Vector = 0x0000000F
[    4.636505] Interrupt Served: 	 Vector = 0x0000000F
[    4.638490] Interrupt Taken: 	 Vector = 0x0000000F
[    4.638572] Interrupt Served: 	 Vector = 0x0000000F
[    4.640359] Interrupt Taken: 	 Vector = 0x0000000F
[    4.640427] Interrupt Served: 	 Vector = 0x0000000F
[    4.642417] Interrupt Taken: 	 Vector = 0x0000000F
[    4.642487] Interrupt Served: 	 Vector = 0x0000000F
[    4.644373] Interrupt Taken: 	 Vector = 0x0000000F
[    4.644449] Interrupt Served: 	 Vector = 0x0000000F
[    4.646388] Interrupt Taken: 	 Vector = 0x0000000F
[    4.646507] Interrupt Served: 	 Vector = 0x0000000F
[    4.648482] Interrupt Taken: 	 Vector = 0x0000000F
[    4.648555] Interrupt Served: 	 Vector = 0x0000000F
[    4.650446] Interrupt Taken: 	 Vector = 0x0000000F
[    4.650505] Interrupt Served: 	 Vector = 0x0000000F
[    4.652469] Interrupt Taken: 	 Vector = 0x0000000F
[    4.652564] Interrupt Served: 	 Vector = 0x0000000F
[    4.654519] Interrupt Taken: 	 Vector = 0x0000000F
[    4.654628] Interrupt Served: 	 Vector = 0x0000000F
[    4.656117] Interrupt Taken: 	 Vector = 0x0000000F
[    4.656179] Interrupt Served: 	 Vector = 0x0000000F
[    4.658043] Interrupt Taken: 	 Vector = 0x0000000F
[    4.658157] Interrupt Served: 	 Vector = 0x0000000F
[    4.659654] Interrupt Taken: 	 Vector = 0x0000000F
[    4.659740] Interrupt Served: 	 Vector = 0x0000000F
[    4.661702] Interrupt Taken: 	 Vector = 0x0000000F
[    4.661763] Interrupt Served: 	 Vector = 0x0000000F
[    4.663705] Interrupt Taken: 	 Vector = 0x0000000F
[    4.663820] Interrupt Served: 	 Vector = 0x0000000F
[    4.665948] Interrupt Taken: 	 Vector = 0x0000000F
[    4.666094] Interrupt Served: 	 Vector = 0x0000000F
[    4.667488] Interrupt Taken: 	 Vector = 0x0000000F
[    4.667536] Interrupt Served: 	 Vector = 0x0000000F
[    4.669420] Interrupt Taken: 	 Vector = 0x0000000F
[    4.669504] Interrupt Served: 	 Vector = 0x0000000F
[    4.671748] Interrupt Taken: 	 Vector = 0x0000000F
[    4.671848] Interrupt Served: 	 Vector = 0x0000000F
[    4.673395] Interrupt Taken: 	 Vector = 0x0000000F
[    4.673448] Interrupt Served: 	 Vector = 0x0000000F
[    4.675831] Interrupt Taken: 	 Vector = 0x0000000F
[    4.675943] Interrupt Served: 	 Vector = 0x0000000F
[    4.677909] Interrupt Taken: 	 Vector = 0x0000000F
[    4.677994] Interrupt Served: 	 Vector = 0x0000000F
[    4.680045] Interrupt Taken: 	 Vector = 0x0000000F
[    4.680120] Interrupt Served: 	 Vector = 0x0000000F
[    4.682141] Interrupt Taken: 	 Vector = 0x0000000F
[    4.682251] Interrupt Served: 	 Vector = 0x0000000F
[    4.683848] Interrupt Taken: 	 Vector = 0x0000000F
[    4.683943] Interrupt Served: 	 Vector = 0x0000000F
[    4.685997] Interrupt Taken: 	 Vector = 0x0000000F
[    4.686087] Interrupt Served: 	 Vector = 0x0000000F
[    4.688171] Interrupt Taken: 	 Vector = 0x0000000F
[    4.688251] Interrupt Served: 	 Vector = 0x0000000F
[    4.689971] Interrupt Taken: 	 Vector = 0x0000000F
[    4.690079] Interrupt Served: 	 Vector = 0x0000000F
[    4.691806] Interrupt Taken: 	 Vector = 0x0000000F
[    4.691877] Interrupt Served: 	 Vector = 0x0000000F
[    4.694271] Interrupt Taken: 	 Vector = 0x0000000F
[    4.694361] Interrupt Served: 	 Vector = 0x0000000F
[    4.696259] Interrupt Taken: 	 Vector = 0x0000000F
[    4.696332] Interrupt Served: 	 Vector = 0x0000000F
[    4.698395] Interrupt Taken: 	 Vector = 0x0000000F
[    4.698504] Interrupt Served: 	 Vector = 0x0000000F
[    4.700378] Interrupt Taken: 	 Vector = 0x0000000F
[    4.700460] Interrupt Served: 	 Vector = 0x0000000F
[    4.702435] Interrupt Taken: 	 Vector = 0x0000000F
[    4.702569] Interrupt Served: 	 Vector = 0x0000000F
[    4.704147] Interrupt Taken: 	 Vector = 0x0000000F
[    4.704230] Interrupt Served: 	 Vector = 0x0000000F
[    4.706370] Interrupt Taken: 	 Vector = 0x0000000F
[    4.706438] Interrupt Served: 	 Vector = 0x0000000F
[    4.708452] Interrupt Taken: 	 Vector = 0x0000000F
[    4.708750] Interrupt Served: 	 Vector = 0x0000000F
[    4.710454] Interrupt Taken: 	 Vector = 0x0000000F
[    4.710556] Interrupt Served: 	 Vector = 0x0000000F
[    4.712705] Interrupt Taken: 	 Vector = 0x0000000F
[    4.712797] Interrupt Served: 	 Vector = 0x0000000F
[    4.714991] Interrupt Taken: 	 Vector = 0x0000000F
[    4.715107] Interrupt Served: 	 Vector = 0x0000000F
[    4.717238] Interrupt Taken: 	 Vector = 0x0000000F
[    4.717330] Interrupt Served: 	 Vector = 0x0000000F
[    4.719151] Interrupt Taken: 	 Vector = 0x0000000F
[    4.719214] Interrupt Served: 	 Vector = 0x0000000F
[    4.721380] Interrupt Taken: 	 Vector = 0x0000000F
[    4.721489] Interrupt Served: 	 Vector = 0x0000000F
[    4.723918] Interrupt Taken: 	 Vector = 0x0000000F
[    4.724019] Interrupt Served: 	 Vector = 0x0000000F
[    4.725988] Interrupt Taken: 	 Vector = 0x0000000F
[    4.726165] Interrupt Served: 	 Vector = 0x0000000F
[    4.727879] Interrupt Taken: 	 Vector = 0x0000000F
[    4.728154] Interrupt Served: 	 Vector = 0x0000000F
[    4.729867] Interrupt Taken: 	 Vector = 0x0000000F
[    4.729959] Interrupt Served: 	 Vector = 0x0000000F
[    4.731971] Interrupt Taken: 	 Vector = 0x0000000F
[    4.732066] Interrupt Served: 	 Vector = 0x0000000F
[    4.734166] Interrupt Taken: 	 Vector = 0x0000000F
[    4.734242] Interrupt Served: 	 Vector = 0x0000000F
[    4.736163] Interrupt Taken: 	 Vector = 0x0000000F
[    4.736237] Interrupt Served: 	 Vector = 0x0000000F
[    4.738396] Interrupt Taken: 	 Vector = 0x0000000F
[    4.738493] Interrupt Served: 	 Vector = 0x0000000F
[    4.741815] Interrupt Taken: 	 Vector = 0x0000000F
[    4.741919] Interrupt Served: 	 Vector = 0x0000000F
[    4.744364] Interrupt Taken: 	 Vector = 0x0000000F
[    4.744471] Interrupt Served: 	 Vector = 0x0000000F
[    4.746658] Interrupt Taken: 	 Vector = 0x0000000F
[    4.746792] Interrupt Served: 	 Vector = 0x0000000F
[    4.748851] Interrupt Taken: 	 Vector = 0x0000000F
[    4.748953] Interrupt Served: 	 Vector = 0x0000000F
[    4.750859] Interrupt Taken: 	 Vector = 0x0000000F
[    4.750958] Interrupt Served: 	 Vector = 0x0000000F
[    4.752839] Interrupt Taken: 	 Vector = 0x0000000F
[    4.752920] Interrupt Served: 	 Vector = 0x0000000F
[    4.754861] Interrupt Taken: 	 Vector = 0x0000000F
[    4.754979] Interrupt Served: 	 Vector = 0x0000000F
[    4.756898] Interrupt Taken: 	 Vector = 0x0000000F
[    4.757084] Interrupt Served: 	 Vector = 0x0000000F
[    4.758732] Interrupt Taken: 	 Vector = 0x0000000F
[    4.758837] Interrupt Served: 	 Vector = 0x0000000F
[    4.761125] Interrupt Taken: 	 Vector = 0x0000000F
[    4.761275] Interrupt Served: 	 Vector = 0x0000000F
[    4.762958] Interrupt Taken: 	 Vector = 0x0000000F
[    4.763053] Interrupt Served: 	 Vector = 0x0000000F
[    4.765285] Interrupt Taken: 	 Vector = 0x0000000F
[    4.765396] Interrupt Served: 	 Vector = 0x0000000F
[    4.767608] Interrupt Taken: 	 Vector = 0x0000000F
[    4.767735] Interrupt Served: 	 Vector = 0x0000000F
[    4.769820] Interrupt Taken: 	 Vector = 0x0000000F
[    4.769902] Interrupt Served: 	 Vector = 0x0000000F
[    4.771699] Interrupt Taken: 	 Vector = 0x0000000F
[    4.771772] Interrupt Served: 	 Vector = 0x0000000F
[    4.773826] Interrupt Taken: 	 Vector = 0x0000000F
[    4.773937] Interrupt Served: 	 Vector = 0x0000000F
[    4.776064] Interrupt Taken: 	 Vector = 0x0000000F
[    4.776152] Interrupt Served: 	 Vector = 0x0000000F
[    4.778341] Interrupt Taken: 	 Vector = 0x0000000F
[    4.778450] Interrupt Served: 	 Vector = 0x0000000F
[    4.780657] Interrupt Taken: 	 Vector = 0x0000000F
[    4.780829] Interrupt Served: 	 Vector = 0x0000000F
[    4.783019] Interrupt Taken: 	 Vector = 0x0000000F
[    4.783132] Interrupt Served: 	 Vector = 0x0000000F
[    4.785353] Interrupt Taken: 	 Vector = 0x0000000F
[    4.785442] Interrupt Served: 	 Vector = 0x0000000F
[    4.787469] Interrupt Taken: 	 Vector = 0x0000000F
[    4.787554] Interrupt Served: 	 Vector = 0x0000000F
[    4.790004] Interrupt Taken: 	 Vector = 0x0000000F
[    4.790199] Interrupt Served: 	 Vector = 0x0000000F
[    4.791830] Interrupt Taken: 	 Vector = 0x0000000F
[    4.791912] Interrupt Served: 	 Vector = 0x0000000F
[    4.794111] Interrupt Taken: 	 Vector = 0x0000000F
[    4.794643] Interrupt Served: 	 Vector = 0x0000000F
[    4.796339] Interrupt Taken: 	 Vector = 0x0000000F
[    4.796435] Interrupt Served: 	 Vector = 0x0000000F
[    4.798592] Interrupt Taken: 	 Vector = 0x0000000F
[    4.798721] Interrupt Served: 	 Vector = 0x0000000F
[    4.800845] Interrupt Taken: 	 Vector = 0x0000000F
[    4.800932] Interrupt Served: 	 Vector = 0x0000000F
[    4.802932] Interrupt Taken: 	 Vector = 0x0000000F
[    4.803015] Interrupt Served: 	 Vector = 0x0000000F
[    4.804951] Interrupt Taken: 	 Vector = 0x0000000F
[    4.805034] Interrupt Served: 	 Vector = 0x0000000F
[    4.807147] Interrupt Taken: 	 Vector = 0x0000000F
[    4.807240] Interrupt Served: 	 Vector = 0x0000000F
[    4.810154] Interrupt Taken: 	 Vector = 0x0000000F
[    4.810310] Interrupt Served: 	 Vector = 0x0000000F
[    4.812482] Interrupt Taken: 	 Vector = 0x0000000F
[    4.812556] Interrupt Served: 	 Vector = 0x0000000F
[    4.814841] Interrupt Taken: 	 Vector = 0x0000000F
[    4.814947] Interrupt Served: 	 Vector = 0x0000000F
[    4.817222] Interrupt Taken: 	 Vector = 0x0000000F
[    4.817394] Interrupt Served: 	 Vector = 0x0000000F
[    4.819040] Interrupt Taken: 	 Vector = 0x0000000F
[    4.819108] Interrupt Served: 	 Vector = 0x0000000F
[    4.821022] Interrupt Taken: 	 Vector = 0x0000000F
[    4.821102] Interrupt Served: 	 Vector = 0x0000000F
[    4.823313] Interrupt Taken: 	 Vector = 0x0000000F
[    4.823416] Interrupt Served: 	 Vector = 0x0000000F
[    4.825644] Interrupt Taken: 	 Vector = 0x0000000F
[    4.825789] Interrupt Served: 	 Vector = 0x0000000F
[    4.829613] Interrupt Taken: 	 Vector = 0x0000000F
[    4.829745] Interrupt Served: 	 Vector = 0x0000000F
[    4.831980] Interrupt Taken: 	 Vector = 0x0000000F
[    4.832173] Interrupt Served: 	 Vector = 0x0000000F
[    4.833961] Interrupt Taken: 	 Vector = 0x0000000F
[    4.834075] Interrupt Served: 	 Vector = 0x0000000F
[    4.836193] Interrupt Taken: 	 Vector = 0x0000000F
[    4.836481] Interrupt Served: 	 Vector = 0x0000000F
[    4.838107] Interrupt Taken: 	 Vector = 0x0000000F
[    4.838171] Interrupt Served: 	 Vector = 0x0000000F
[    4.840122] Interrupt Taken: 	 Vector = 0x0000000F
[    4.840203] Interrupt Served: 	 Vector = 0x0000000F
[    4.842987] Interrupt Taken: 	 Vector = 0x0000000F
[    4.843118] Interrupt Served: 	 Vector = 0x0000000F
[    4.845919] Interrupt Taken: 	 Vector = 0x0000000F
[    4.846148] Interrupt Served: 	 Vector = 0x0000000F
[    4.847640] Interrupt Taken: 	 Vector = 0x0000000F
[    4.847750] Interrupt Served: 	 Vector = 0x0000000F
[    4.850310] Interrupt Taken: 	 Vector = 0x0000000F
[    4.850429] Interrupt Served: 	 Vector = 0x0000000F
[    4.852730] Interrupt Taken: 	 Vector = 0x0000000F
[    4.852831] Interrupt Served: 	 Vector = 0x0000000F
[    4.854942] Interrupt Taken: 	 Vector = 0x0000000F
[    4.855036] Interrupt Served: 	 Vector = 0x0000000F
[    4.857073] Interrupt Taken: 	 Vector = 0x0000000F
[    4.857180] Interrupt Served: 	 Vector = 0x0000000F
[    4.859222] Interrupt Taken: 	 Vector = 0x0000000F
[    4.859315] Interrupt Served: 	 Vector = 0x0000000F
[    4.862276] Interrupt Taken: 	 Vector = 0x0000000F
[    4.862384] Interrupt Served: 	 Vector = 0x0000000F
[    4.866253] Interrupt Taken: 	 Vector = 0x0000000F
[    4.866360] Interrupt Served: 	 Vector = 0x0000000F
[    4.868443] Interrupt Taken: 	 Vector = 0x0000000F
[    4.868606] Interrupt Served: 	 Vector = 0x0000000F
[    4.870219] Interrupt Taken: 	 Vector = 0x0000000F
[    4.870289] Interrupt Served: 	 Vector = 0x0000000F
[    4.872280] Interrupt Taken: 	 Vector = 0x0000000F
[    4.872343] Interrupt Served: 	 Vector = 0x0000000F
[    4.874423] Interrupt Taken: 	 Vector = 0x0000000F
[    4.874561] Interrupt Served: 	 Vector = 0x0000000F
[    4.876783] Interrupt Taken: 	 Vector = 0x0000000F
[    4.876910] Interrupt Served: 	 Vector = 0x0000000F
[    4.879384] Interrupt Taken: 	 Vector = 0x0000000F
[    4.879503] Interrupt Served: 	 Vector = 0x0000000F
[    4.881702] Interrupt Taken: 	 Vector = 0x0000000F
[    4.881808] Interrupt Served: 	 Vector = 0x0000000F
[    4.883888] Interrupt Taken: 	 Vector = 0x0000000F
[    4.884005] Interrupt Served: 	 Vector = 0x0000000F
[    4.886237] Interrupt Taken: 	 Vector = 0x0000000F
[    4.886378] Interrupt Served: 	 Vector = 0x0000000F
[    4.888060] Interrupt Taken: 	 Vector = 0x0000000F
[    4.888148] Interrupt Served: 	 Vector = 0x0000000F
[    4.890328] [passthrough] Read: 	 address = 0x40020414, size = 4 bytes, value = 0x00000000, pc=0x08000FF4 
[    4.890711] Interrupt Taken: 	 Vector = 0x0000000F
[    4.890902] Interrupt Served: 	 Vector = 0x0000000F
[    4.893035] Interrupt Taken: 	 Vector = 0x0000000F
[    4.893143] Interrupt Served: 	 Vector = 0x0000000F
[    4.896563] [passthrough] Write: 	 address = 0x40020418, size = 4 bytes, value = 0x00000001, pc=0x0800100C 
[    4.897604] Interrupt Taken: 	 Vector = 0x0000000F
[    4.897866] Interrupt Served: 	 Vector = 0x0000000F
[    4.899528] Interrupt Taken: 	 Vector = 0x0000000F
[    4.899626] Interrupt Served: 	 Vector = 0x0000000F
[    4.901416] Interrupt Taken: 	 Vector = 0x0000000F
[    4.901481] Interrupt Served: 	 Vector = 0x0000000F
[    4.903772] Interrupt Taken: 	 Vector = 0x0000000F
[    4.903899] Interrupt Served: 	 Vector = 0x0000000F
[    4.905614] Interrupt Taken: 	 Vector = 0x0000000F
[    4.905693] Interrupt Served: 	 Vector = 0x0000000F
[    4.907504] Interrupt Taken: 	 Vector = 0x0000000F
[    4.907565] Interrupt Served: 	 Vector = 0x0000000F
[    4.909563] Interrupt Taken: 	 Vector = 0x0000000F
[    4.909923] Interrupt Served: 	 Vector = 0x0000000F
[    4.911817] Interrupt Taken: 	 Vector = 0x0000000F
[    4.911944] Interrupt Served: 	 Vector = 0x0000000F
[    4.914722] Interrupt Taken: 	 Vector = 0x0000000F
[    4.914814] Interrupt Served: 	 Vector = 0x0000000F
[    4.917003] Interrupt Taken: 	 Vector = 0x0000000F
[    4.917125] Interrupt Served: 	 Vector = 0x0000000F
[    4.918621] Interrupt Taken: 	 Vector = 0x0000000F
[    4.918698] Interrupt Served: 	 Vector = 0x0000000F
[    4.920685] Interrupt Taken: 	 Vector = 0x0000000F
[    4.920776] Interrupt Served: 	 Vector = 0x0000000F
[    4.922598] Interrupt Taken: 	 Vector = 0x0000000F
[    4.922965] Interrupt Served: 	 Vector = 0x0000000F
[    4.924596] Interrupt Taken: 	 Vector = 0x0000000F
[    4.924707] Interrupt Served: 	 Vector = 0x0000000F
[    4.926819] Interrupt Taken: 	 Vector = 0x0000000F
[    4.926939] Interrupt Served: 	 Vector = 0x0000000F
[    4.930550] Interrupt Taken: 	 Vector = 0x0000000F
[    4.930689] Interrupt Served: 	 Vector = 0x0000000F
[    4.933060] Interrupt Taken: 	 Vector = 0x0000000F
[    4.933204] Interrupt Served: 	 Vector = 0x0000000F
[    4.934825] Interrupt Taken: 	 Vector = 0x0000000F
[    4.934897] Interrupt Served: 	 Vector = 0x0000000F
[    4.936924] Interrupt Taken: 	 Vector = 0x0000000F
[    4.937007] Interrupt Served: 	 Vector = 0x0000000F
[    4.939057] Interrupt Taken: 	 Vector = 0x0000000F
[    4.939182] Interrupt Served: 	 Vector = 0x0000000F
[    4.941094] Interrupt Taken: 	 Vector = 0x0000000F
[    4.941174] Interrupt Served: 	 Vector = 0x0000000F
[    4.943241] Interrupt Taken: 	 Vector = 0x0000000F
[    4.943402] Interrupt Served: 	 Vector = 0x0000000F
[    4.945621] Interrupt Taken: 	 Vector = 0x0000000F
[    4.945908] Interrupt Served: 	 Vector = 0x0000000F
[    4.948309] Interrupt Taken: 	 Vector = 0x0000000F
[    4.948411] Interrupt Served: 	 Vector = 0x0000000F
[    4.951396] Interrupt Taken: 	 Vector = 0x0000000F
[    4.951570] Interrupt Served: 	 Vector = 0x0000000F
[    4.953151] Interrupt Taken: 	 Vector = 0x0000000F
[    4.953223] Interrupt Served: 	 Vector = 0x0000000F
[    4.955020] Interrupt Taken: 	 Vector = 0x0000000F
[    4.955128] Interrupt Served: 	 Vector = 0x0000000F
[    4.956878] Interrupt Taken: 	 Vector = 0x0000000F
[    4.956932] Interrupt Served: 	 Vector = 0x0000000F
[    4.958905] Interrupt Taken: 	 Vector = 0x0000000F
[    4.958983] Interrupt Served: 	 Vector = 0x0000000F
[    4.960842] Interrupt Taken: 	 Vector = 0x0000000F
[    4.960933] Interrupt Served: 	 Vector = 0x0000000F
[    4.963587] Interrupt Taken: 	 Vector = 0x0000000F
[    4.963726] Interrupt Served: 	 Vector = 0x0000000F
[    4.966091] Interrupt Taken: 	 Vector = 0x0000000F
[    4.966324] Interrupt Served: 	 Vector = 0x0000000F
[    4.967987] Interrupt Taken: 	 Vector = 0x0000000F
[    4.968065] Interrupt Served: 	 Vector = 0x0000000F
[    4.970275] Interrupt Taken: 	 Vector = 0x0000000F
[    4.970346] Interrupt Served: 	 Vector = 0x0000000F
[    4.972387] Interrupt Taken: 	 Vector = 0x0000000F
[    4.972477] Interrupt Served: 	 Vector = 0x0000000F
[    4.974840] Interrupt Taken: 	 Vector = 0x0000000F
[    4.974934] Interrupt Served: 	 Vector = 0x0000000F
[    4.976963] Interrupt Taken: 	 Vector = 0x0000000F
[    4.977047] Interrupt Served: 	 Vector = 0x0000000F
[    4.980908] Interrupt Taken: 	 Vector = 0x0000000F
[    4.981068] Interrupt Served: 	 Vector = 0x0000000F
[    4.983249] Interrupt Taken: 	 Vector = 0x0000000F
[    4.983342] Interrupt Served: 	 Vector = 0x0000000F
[    4.985345] Interrupt Taken: 	 Vector = 0x0000000F
[    4.985418] Interrupt Served: 	 Vector = 0x0000000F
[    4.987382] Interrupt Taken: 	 Vector = 0x0000000F
[    4.987444] Interrupt Served: 	 Vector = 0x0000000F
[    4.989804] Interrupt Taken: 	 Vector = 0x0000000F
[    4.989892] Interrupt Served: 	 Vector = 0x0000000F
[    4.991904] Interrupt Taken: 	 Vector = 0x0000000F
[    4.991983] Interrupt Served: 	 Vector = 0x0000000F
[    4.994458] Interrupt Taken: 	 Vector = 0x0000000F
[    4.994556] Interrupt Served: 	 Vector = 0x0000000F
[    4.998583] Interrupt Taken: 	 Vector = 0x0000000F
[    4.998738] Interrupt Served: 	 Vector = 0x0000000F
[    5.000869] Interrupt Taken: 	 Vector = 0x0000000F
[    5.000974] Interrupt Served: 	 Vector = 0x0000000F
[    5.003044] Interrupt Taken: 	 Vector = 0x0000000F
[    5.003167] Interrupt Served: 	 Vector = 0x0000000F
[    5.004624] Interrupt Taken: 	 Vector = 0x0000000F
[    5.004950] Interrupt Served: 	 Vector = 0x0000000F
[    5.006684] Interrupt Taken: 	 Vector = 0x0000000F
[    5.006781] Interrupt Served: 	 Vector = 0x0000000F
[    5.008810] Interrupt Taken: 	 Vector = 0x0000000F
[    5.008972] Interrupt Served: 	 Vector = 0x0000000F
[    5.010526] Interrupt Taken: 	 Vector = 0x0000000F
[    5.010595] Interrupt Served: 	 Vector = 0x0000000F
[    5.013029] Interrupt Taken: 	 Vector = 0x0000000F
[    5.013136] Interrupt Served: 	 Vector = 0x0000000F
[    5.016867] Interrupt Taken: 	 Vector = 0x0000000F
[    5.016976] Interrupt Served: 	 Vector = 0x0000000F
[    5.018876] Interrupt Taken: 	 Vector = 0x0000000F
[    5.018964] Interrupt Served: 	 Vector = 0x0000000F
[    5.020848] Interrupt Taken: 	 Vector = 0x0000000F
[    5.020920] Interrupt Served: 	 Vector = 0x0000000F
[    5.022771] Interrupt Taken: 	 Vector = 0x0000000F
[    5.022844] Interrupt Served: 	 Vector = 0x0000000F
[    5.024884] Interrupt Taken: 	 Vector = 0x0000000F
[    5.024992] Interrupt Served: 	 Vector = 0x0000000F
[    5.027096] Interrupt Taken: 	 Vector = 0x0000000F
[    5.027215] Interrupt Served: 	 Vector = 0x0000000F
[    5.028945] Interrupt Taken: 	 Vector = 0x0000000F
[    5.029061] Interrupt Served: 	 Vector = 0x0000000F
[    5.033204] Interrupt Taken: 	 Vector = 0x0000000F
[    5.033368] Interrupt Served: 	 Vector = 0x0000000F
[    5.034965] Interrupt Taken: 	 Vector = 0x0000000F
[    5.035027] Interrupt Served: 	 Vector = 0x0000000F
[    5.036869] Interrupt Taken: 	 Vector = 0x0000000F
[    5.036923] Interrupt Served: 	 Vector = 0x0000000F
[    5.038925] Interrupt Taken: 	 Vector = 0x0000000F
[    5.039092] Interrupt Served: 	 Vector = 0x0000000F
[    5.040630] Interrupt Taken: 	 Vector = 0x0000000F
[    5.040721] Interrupt Served: 	 Vector = 0x0000000F
[    5.042746] Interrupt Taken: 	 Vector = 0x0000000F
[    5.042902] Interrupt Served: 	 Vector = 0x0000000F
[    5.044389] Interrupt Taken: 	 Vector = 0x0000000F
[    5.044457] Interrupt Served: 	 Vector = 0x0000000F
[    5.046981] Interrupt Taken: 	 Vector = 0x0000000F
[    5.047072] Interrupt Served: 	 Vector = 0x0000000F
[    5.050699] Interrupt Taken: 	 Vector = 0x0000000F
[    5.050807] Interrupt Served: 	 Vector = 0x0000000F
[    5.053496] Interrupt Taken: 	 Vector = 0x0000000F
[    5.053639] Interrupt Served: 	 Vector = 0x0000000F
[    5.055347] Interrupt Taken: 	 Vector = 0x0000000F
[    5.055452] Interrupt Served: 	 Vector = 0x0000000F
[    5.057508] Interrupt Taken: 	 Vector = 0x0000000F
[    5.057688] Interrupt Served: 	 Vector = 0x0000000F
[    5.059412] Interrupt Taken: 	 Vector = 0x0000000F
[    5.059530] Interrupt Served: 	 Vector = 0x0000000F
[    5.061861] Interrupt Taken: 	 Vector = 0x0000000F
[    5.061967] Interrupt Served: 	 Vector = 0x0000000F
[    5.064398] Interrupt Taken: 	 Vector = 0x0000000F
[    5.064517] Interrupt Served: 	 Vector = 0x0000000F
[    5.066717] Interrupt Taken: 	 Vector = 0x0000000F
[    5.066830] Interrupt Served: 	 Vector = 0x0000000F
[    5.068901] Interrupt Taken: 	 Vector = 0x0000000F
[    5.069087] Interrupt Served: 	 Vector = 0x0000000F
[    5.070648] Interrupt Taken: 	 Vector = 0x0000000F
[    5.070726] Interrupt Served: 	 Vector = 0x0000000F
[    5.072561] Interrupt Taken: 	 Vector = 0x0000000F
[    5.072631] Interrupt Served: 	 Vector = 0x0000000F
[    5.074414] Interrupt Taken: 	 Vector = 0x0000000F
[    5.074462] Interrupt Served: 	 Vector = 0x0000000F
[    5.076850] Interrupt Taken: 	 Vector = 0x0000000F
[    5.076944] Interrupt Served: 	 Vector = 0x0000000F
[    5.078937] Interrupt Taken: 	 Vector = 0x0000000F
[    5.079014] Interrupt Served: 	 Vector = 0x0000000F
[    5.081799] Interrupt Taken: 	 Vector = 0x0000000F
[    5.081906] Interrupt Served: 	 Vector = 0x0000000F
[    5.085054] Interrupt Taken: 	 Vector = 0x0000000F
[    5.085272] Interrupt Served: 	 Vector = 0x0000000F
[    5.087220] Interrupt Taken: 	 Vector = 0x0000000F
[    5.087322] Interrupt Served: 	 Vector = 0x0000000F
[    5.091813] Interrupt Taken: 	 Vector = 0x0000000F
[    5.091926] Interrupt Served: 	 Vector = 0x0000000F
[    5.095288] Interrupt Taken: 	 Vector = 0x0000000F
[    5.095800] Interrupt Served: 	 Vector = 0x0000000F
[    5.098787] Interrupt Taken: 	 Vector = 0x0000000F
[    5.098920] Interrupt Served: 	 Vector = 0x0000000F
[    5.102398] Interrupt Taken: 	 Vector = 0x0000000F
[    5.102517] Interrupt Served: 	 Vector = 0x0000000F
[    5.104543] Interrupt Taken: 	 Vector = 0x0000000F
[    5.104781] Interrupt Served: 	 Vector = 0x0000000F
[    5.106503] Interrupt Taken: 	 Vector = 0x0000000F
[    5.106597] Interrupt Served: 	 Vector = 0x0000000F
[    5.110023] Interrupt Taken: 	 Vector = 0x0000000F
[    5.110133] Interrupt Served: 	 Vector = 0x0000000F
[    5.112257] Interrupt Taken: 	 Vector = 0x0000000F
[    5.112367] Interrupt Served: 	 Vector = 0x0000000F
[    5.114557] Interrupt Taken: 	 Vector = 0x0000000F
[    5.114698] Interrupt Served: 	 Vector = 0x0000000F
[    5.118430] Interrupt Taken: 	 Vector = 0x0000000F
[    5.119076] Interrupt Served: 	 Vector = 0x0000000F
[    5.120726] Interrupt Taken: 	 Vector = 0x0000000F
[    5.120820] Interrupt Served: 	 Vector = 0x0000000F
[    5.123089] Interrupt Taken: 	 Vector = 0x0000000F
[    5.123430] Interrupt Served: 	 Vector = 0x0000000F
[    5.125110] Interrupt Taken: 	 Vector = 0x0000000F
[    5.125176] Interrupt Served: 	 Vector = 0x0000000F
[    5.127213] Interrupt Taken: 	 Vector = 0x0000000F
[    5.127283] Interrupt Served: 	 Vector = 0x0000000F
[    5.129239] Interrupt Taken: 	 Vector = 0x0000000F
[    5.129362] Interrupt Served: 	 Vector = 0x0000000F
[    5.131519] Interrupt Taken: 	 Vector = 0x0000000F
[    5.131634] Interrupt Served: 	 Vector = 0x0000000F
[    5.133920] Interrupt Taken: 	 Vector = 0x0000000F
[    5.134107] Interrupt Served: 	 Vector = 0x0000000F
[    5.136197] Interrupt Taken: 	 Vector = 0x0000000F
[    5.136295] Interrupt Served: 	 Vector = 0x0000000F
[    5.138428] Interrupt Taken: 	 Vector = 0x0000000F
[    5.138482] Interrupt Served: 	 Vector = 0x0000000F
[    5.140375] Interrupt Taken: 	 Vector = 0x0000000F
[    5.140423] Interrupt Served: 	 Vector = 0x0000000F
[    5.142372] Interrupt Taken: 	 Vector = 0x0000000F
[    5.142451] Interrupt Served: 	 Vector = 0x0000000F
[    5.145956] Interrupt Taken: 	 Vector = 0x0000000F
[    5.146073] Interrupt Served: 	 Vector = 0x0000000F
[    5.148339] Interrupt Taken: 	 Vector = 0x0000000F
[    5.148468] Interrupt Served: 	 Vector = 0x0000000F
[    5.153468] Interrupt Taken: 	 Vector = 0x0000000F
[    5.153718] Interrupt Served: 	 Vector = 0x0000000F
[    5.155371] Interrupt Taken: 	 Vector = 0x0000000F
[    5.155448] Interrupt Served: 	 Vector = 0x0000000F
[    5.157598] Interrupt Taken: 	 Vector = 0x0000000F
[    5.157694] Interrupt Served: 	 Vector = 0x0000000F
[    5.160056] Interrupt Taken: 	 Vector = 0x0000000F
[    5.160156] Interrupt Served: 	 Vector = 0x0000000F
[    5.165827] Interrupt Taken: 	 Vector = 0x0000000F
[    5.166059] Interrupt Served: 	 Vector = 0x0000000F
[    5.168873] Interrupt Taken: 	 Vector = 0x0000000F
[    5.169021] Interrupt Served: 	 Vector = 0x0000000F
[    5.175208] Interrupt Taken: 	 Vector = 0x0000000F
[    5.175319] Interrupt Served: 	 Vector = 0x0000000F
[    5.179395] Interrupt Taken: 	 Vector = 0x0000000F
[    5.179502] Interrupt Served: 	 Vector = 0x0000000F
[    5.182031] Interrupt Taken: 	 Vector = 0x0000000F
[    5.182146] Interrupt Served: 	 Vector = 0x0000000F
[    5.184972] Interrupt Taken: 	 Vector = 0x0000000F
[    5.185090] Interrupt Served: 	 Vector = 0x0000000F
[    5.189003] Interrupt Taken: 	 Vector = 0x0000000F
[    5.189113] Interrupt Served: 	 Vector = 0x0000000F
[    5.192418] Interrupt Taken: 	 Vector = 0x0000000F
[    5.192532] Interrupt Served: 	 Vector = 0x0000000F
[    5.198160] Interrupt Taken: 	 Vector = 0x0000000F
[    5.198359] Interrupt Served: 	 Vector = 0x0000000F
[    5.201498] Interrupt Taken: 	 Vector = 0x0000000F
[    5.201610] Interrupt Served: 	 Vector = 0x0000000F
[    5.204965] Interrupt Taken: 	 Vector = 0x0000000F
[    5.205065] Interrupt Served: 	 Vector = 0x0000000F
[    5.208826] Interrupt Taken: 	 Vector = 0x0000000F
[    5.208940] Interrupt Served: 	 Vector = 0x0000000F
[    5.213957] Interrupt Taken: 	 Vector = 0x0000000F
[    5.214077] Interrupt Served: 	 Vector = 0x0000000F
[    5.221263] Interrupt Taken: 	 Vector = 0x0000000F
[    5.221351] Interrupt Served: 	 Vector = 0x0000000F
[    5.223863] Interrupt Taken: 	 Vector = 0x0000000F
[    5.223954] Interrupt Served: 	 Vector = 0x0000000F
[    5.226246] Interrupt Taken: 	 Vector = 0x0000000F
[    5.226592] Interrupt Served: 	 Vector = 0x0000000F
[    5.228847] Interrupt Taken: 	 Vector = 0x0000000F
[    5.228932] Interrupt Served: 	 Vector = 0x0000000F
[    5.230650] Interrupt Taken: 	 Vector = 0x0000000F
[    5.230740] Interrupt Served: 	 Vector = 0x0000000F
[    5.232447] Interrupt Taken: 	 Vector = 0x0000000F
[    5.232544] Interrupt Served: 	 Vector = 0x0000000F
[    5.234004] Interrupt Taken: 	 Vector = 0x0000000F
[    5.234046] Interrupt Served: 	 Vector = 0x0000000F
[    5.235585] Interrupt Taken: 	 Vector = 0x0000000F
[    5.235656] Interrupt Served: 	 Vector = 0x0000000F
[    5.237083] Interrupt Taken: 	 Vector = 0x0000000F
[    5.237121] Interrupt Served: 	 Vector = 0x0000000F
[    5.238759] Interrupt Taken: 	 Vector = 0x0000000F
[    5.238806] Interrupt Served: 	 Vector = 0x0000000F
[    5.240304] Interrupt Taken: 	 Vector = 0x0000000F
[    5.240343] Interrupt Served: 	 Vector = 0x0000000F
[    5.241937] Interrupt Taken: 	 Vector = 0x0000000F
[    5.241987] Interrupt Served: 	 Vector = 0x0000000F
[    5.243466] Interrupt Taken: 	 Vector = 0x0000000F
[    5.243510] Interrupt Served: 	 Vector = 0x0000000F
[    5.245628] Interrupt Taken: 	 Vector = 0x0000000F
[    5.245694] Interrupt Served: 	 Vector = 0x0000000F
[    5.247250] Interrupt Taken: 	 Vector = 0x0000000F
[    5.247293] Interrupt Served: 	 Vector = 0x0000000F
[    5.248774] Interrupt Taken: 	 Vector = 0x0000000F
[    5.248810] Interrupt Served: 	 Vector = 0x0000000F
[    5.250386] Interrupt Taken: 	 Vector = 0x0000000F
[    5.250423] Interrupt Served: 	 Vector = 0x0000000F
[    5.251915] Interrupt Taken: 	 Vector = 0x0000000F
[    5.251946] Interrupt Served: 	 Vector = 0x0000000F
[    5.253472] Interrupt Taken: 	 Vector = 0x0000000F
[    5.253515] Interrupt Served: 	 Vector = 0x0000000F
[    5.255010] Interrupt Taken: 	 Vector = 0x0000000F
[    5.255049] Interrupt Served: 	 Vector = 0x0000000F
[    5.256647] Interrupt Taken: 	 Vector = 0x0000000F
[    5.256689] Interrupt Served: 	 Vector = 0x0000000F
[    5.258406] Interrupt Taken: 	 Vector = 0x0000000F
[    5.258457] Interrupt Served: 	 Vector = 0x0000000F
[    5.260626] Interrupt Taken: 	 Vector = 0x0000000F
[    5.260722] Interrupt Served: 	 Vector = 0x0000000F
[    5.262077] Interrupt Taken: 	 Vector = 0x0000000F
[    5.262122] Interrupt Served: 	 Vector = 0x0000000F
[    5.263558] Interrupt Taken: 	 Vector = 0x0000000F
[    5.263592] Interrupt Served: 	 Vector = 0x0000000F
[    5.265187] Interrupt Taken: 	 Vector = 0x0000000F
[    5.265222] Interrupt Served: 	 Vector = 0x0000000F
[    5.266636] Interrupt Taken: 	 Vector = 0x0000000F
[    5.266716] Interrupt Served: 	 Vector = 0x0000000F
[    5.268002] Interrupt Taken: 	 Vector = 0x0000000F
[    5.268027] Interrupt Served: 	 Vector = 0x0000000F
[    5.269444] Interrupt Taken: 	 Vector = 0x0000000F
[    5.269468] Interrupt Served: 	 Vector = 0x0000000F
[    5.270925] Interrupt Taken: 	 Vector = 0x0000000F
[    5.270955] Interrupt Served: 	 Vector = 0x0000000F
[    5.272404] Interrupt Taken: 	 Vector = 0x0000000F
[    5.272429] Interrupt Served: 	 Vector = 0x0000000F
[    5.274038] Interrupt Taken: 	 Vector = 0x0000000F
[    5.274069] Interrupt Served: 	 Vector = 0x0000000F
[    5.276332] Interrupt Taken: 	 Vector = 0x0000000F
[    5.276413] Interrupt Served: 	 Vector = 0x0000000F
[    5.278045] Interrupt Taken: 	 Vector = 0x0000000F
[    5.278134] Interrupt Served: 	 Vector = 0x0000000F
[    5.279528] Interrupt Taken: 	 Vector = 0x0000000F
[    5.279577] Interrupt Served: 	 Vector = 0x0000000F
[    5.281004] Interrupt Taken: 	 Vector = 0x0000000F
[    5.281032] Interrupt Served: 	 Vector = 0x0000000F
[    5.282491] Interrupt Taken: 	 Vector = 0x0000000F
[    5.282519] Interrupt Served: 	 Vector = 0x0000000F
[    5.284164] Interrupt Taken: 	 Vector = 0x0000000F
[    5.284233] Interrupt Served: 	 Vector = 0x0000000F
[    5.285507] Interrupt Taken: 	 Vector = 0x0000000F
[    5.285534] Interrupt Served: 	 Vector = 0x0000000F
[    5.287105] Interrupt Taken: 	 Vector = 0x0000000F
[    5.287140] Interrupt Served: 	 Vector = 0x0000000F
[    5.288592] Interrupt Taken: 	 Vector = 0x0000000F
[    5.288621] Interrupt Served: 	 Vector = 0x0000000F
[    5.290252] Interrupt Taken: 	 Vector = 0x0000000F
[    5.290321] Interrupt Served: 	 Vector = 0x0000000F
[    5.292153] Interrupt Taken: 	 Vector = 0x0000000F
[    5.292222] Interrupt Served: 	 Vector = 0x0000000F
[    5.293828] Interrupt Taken: 	 Vector = 0x0000000F
[    5.293881] Interrupt Served: 	 Vector = 0x0000000F
[    5.295462] Interrupt Taken: 	 Vector = 0x0000000F
[    5.295509] Interrupt Served: 	 Vector = 0x0000000F
[    5.297072] Interrupt Taken: 	 Vector = 0x0000000F
[    5.297106] Interrupt Served: 	 Vector = 0x0000000F
[    5.298609] Interrupt Taken: 	 Vector = 0x0000000F
[    5.298634] Interrupt Served: 	 Vector = 0x0000000F
[    5.300210] Interrupt Taken: 	 Vector = 0x0000000F
[    5.300240] Interrupt Served: 	 Vector = 0x0000000F
[    5.301684] Interrupt Taken: 	 Vector = 0x0000000F
[    5.301749] Interrupt Served: 	 Vector = 0x0000000F
[    5.303149] Interrupt Taken: 	 Vector = 0x0000000F
[    5.303176] Interrupt Served: 	 Vector = 0x0000000F
[    5.304684] Interrupt Taken: 	 Vector = 0x0000000F
[    5.304706] Interrupt Served: 	 Vector = 0x0000000F
[    5.306204] Interrupt Taken: 	 Vector = 0x0000000F
[    5.306233] Interrupt Served: 	 Vector = 0x0000000F
[    5.307772] Interrupt Taken: 	 Vector = 0x0000000F
[    5.307824] Interrupt Served: 	 Vector = 0x0000000F
[    5.309477] Interrupt Taken: 	 Vector = 0x0000000F
[    5.309560] Interrupt Served: 	 Vector = 0x0000000F
[    5.311021] Interrupt Taken: 	 Vector = 0x0000000F
[    5.311120] Interrupt Served: 	 Vector = 0x0000000F
[    5.312454] Interrupt Taken: 	 Vector = 0x0000000F
[    5.312500] Interrupt Served: 	 Vector = 0x0000000F
[    5.313951] Interrupt Taken: 	 Vector = 0x0000000F
[    5.313977] Interrupt Served: 	 Vector = 0x0000000F
[    5.315381] Interrupt Taken: 	 Vector = 0x0000000F
[    5.315402] Interrupt Served: 	 Vector = 0x0000000F
[    5.316877] Interrupt Taken: 	 Vector = 0x0000000F
[    5.316898] Interrupt Served: 	 Vector = 0x0000000F
[    5.318296] Interrupt Taken: 	 Vector = 0x0000000F
[    5.318316] Interrupt Served: 	 Vector = 0x0000000F
[    5.319717] Interrupt Taken: 	 Vector = 0x0000000F
[    5.319739] Interrupt Served: 	 Vector = 0x0000000F
[    5.321184] Interrupt Taken: 	 Vector = 0x0000000F
[    5.321212] Interrupt Served: 	 Vector = 0x0000000F
[    5.322587] Interrupt Taken: 	 Vector = 0x0000000F
[    5.322607] Interrupt Served: 	 Vector = 0x0000000F
[    5.324117] Interrupt Taken: 	 Vector = 0x0000000F
[    5.324177] Interrupt Served: 	 Vector = 0x0000000F
[    5.325647] Interrupt Taken: 	 Vector = 0x0000000F
[    5.325694] Interrupt Served: 	 Vector = 0x0000000F
[    5.327272] Interrupt Taken: 	 Vector = 0x0000000F
[    5.327316] Interrupt Served: 	 Vector = 0x0000000F
[    5.328722] Interrupt Taken: 	 Vector = 0x0000000F
[    5.328758] Interrupt Served: 	 Vector = 0x0000000F
[    5.330184] Interrupt Taken: 	 Vector = 0x0000000F
[    5.330202] Interrupt Served: 	 Vector = 0x0000000F
[    5.331654] Interrupt Taken: 	 Vector = 0x0000000F
[    5.331677] Interrupt Served: 	 Vector = 0x0000000F
[    5.333256] Interrupt Taken: 	 Vector = 0x0000000F
[    5.333276] Interrupt Served: 	 Vector = 0x0000000F
[    5.334620] Interrupt Taken: 	 Vector = 0x0000000F
[    5.334636] Interrupt Served: 	 Vector = 0x0000000F
[    5.336107] Interrupt Taken: 	 Vector = 0x0000000F
[    5.336123] Interrupt Served: 	 Vector = 0x0000000F
[    5.337694] Interrupt Taken: 	 Vector = 0x0000000F
[    5.337717] Interrupt Served: 	 Vector = 0x0000000F
[    5.339063] Interrupt Taken: 	 Vector = 0x0000000F
[    5.339080] Interrupt Served: 	 Vector = 0x0000000F
[    5.340403] Interrupt Taken: 	 Vector = 0x0000000F
[    5.340422] Interrupt Served: 	 Vector = 0x0000000F
[    5.341946] Interrupt Taken: 	 Vector = 0x0000000F
[    5.342002] Interrupt Served: 	 Vector = 0x0000000F
[    5.343262] Interrupt Taken: 	 Vector = 0x0000000F
[    5.343336] Interrupt Served: 	 Vector = 0x0000000F
[    5.344594] Interrupt Taken: 	 Vector = 0x0000000F
[    5.344652] Interrupt Served: 	 Vector = 0x0000000F
[    5.346109] [passthrough] Read: 	 address = 0x40020414, size = 4 bytes, value = 0x00000001, pc=0x08000FF4 
[    5.346414] Interrupt Taken: 	 Vector = 0x0000000F
[    5.346428] Interrupt Served: 	 Vector = 0x0000000F
[    5.347875] [passthrough] Write: 	 address = 0x40020418, size = 4 bytes, value = 0x00010000, pc=0x0800100C 
[    5.348293] Interrupt Taken: 	 Vector = 0x0000000F
[    5.348313] Interrupt Served: 	 Vector = 0x0000000F
[    5.349781] Interrupt Taken: 	 Vector = 0x0000000F
[    5.349797] Interrupt Served: 	 Vector = 0x0000000F
[    5.351204] Interrupt Taken: 	 Vector = 0x0000000F
[    5.351215] Interrupt Served: 	 Vector = 0x0000000F
[    5.352625] Interrupt Taken: 	 Vector = 0x0000000F
[    5.352635] Interrupt Served: 	 Vector = 0x0000000F
[    5.354127] Interrupt Taken: 	 Vector = 0x0000000F
[    5.354139] Interrupt Served: 	 Vector = 0x0000000F
[    5.355515] Interrupt Taken: 	 Vector = 0x0000000F
[    5.355526] Interrupt Served: 	 Vector = 0x0000000F
[    5.356972] Interrupt Taken: 	 Vector = 0x0000000F
[    5.356990] Interrupt Served: 	 Vector = 0x0000000F
[    5.358357] Interrupt Taken: 	 Vector = 0x0000000F
[    5.358423] Interrupt Served: 	 Vector = 0x0000000F
[    5.359782] Interrupt Taken: 	 Vector = 0x0000000F
[    5.359812] Interrupt Served: 	 Vector = 0x0000000F
[    5.361252] Interrupt Taken: 	 Vector = 0x0000000F
[    5.361280] Interrupt Served: 	 Vector = 0x0000000F
[    5.362709] Interrupt Taken: 	 Vector = 0x0000000F
[    5.362779] Interrupt Served: 	 Vector = 0x0000000F
[    5.364127] Interrupt Taken: 	 Vector = 0x0000000F
[    5.364146] Interrupt Served: 	 Vector = 0x0000000F
[    5.365502] Interrupt Taken: 	 Vector = 0x0000000F
[    5.365518] Interrupt Served: 	 Vector = 0x0000000F
[    5.367134] Interrupt Taken: 	 Vector = 0x0000000F
[    5.367170] Interrupt Served: 	 Vector = 0x0000000F
[    5.368587] Interrupt Taken: 	 Vector = 0x0000000F
[    5.368606] Interrupt Served: 	 Vector = 0x0000000F
[    5.370026] Interrupt Taken: 	 Vector = 0x0000000F
[    5.370068] Interrupt Served: 	 Vector = 0x0000000F
[    5.371496] Interrupt Taken: 	 Vector = 0x0000000F
[    5.371536] Interrupt Served: 	 Vector = 0x0000000F
[    5.372940] Interrupt Taken: 	 Vector = 0x0000000F
[    5.372958] Interrupt Served: 	 Vector = 0x0000000F
[    5.374439] Interrupt Taken: 	 Vector = 0x0000000F
[    5.374463] Interrupt Served: 	 Vector = 0x0000000F
[    5.375965] Interrupt Taken: 	 Vector = 0x0000000F
[    5.375995] Interrupt Served: 	 Vector = 0x0000000F
[    5.377456] Interrupt Taken: 	 Vector = 0x0000000F
[    5.377489] Interrupt Served: 	 Vector = 0x0000000F
[    5.379221] Interrupt Taken: 	 Vector = 0x0000000F
[    5.379281] Interrupt Served: 	 Vector = 0x0000000F
[    5.380787] Interrupt Taken: 	 Vector = 0x0000000F
[    5.380818] Interrupt Served: 	 Vector = 0x0000000F
[    5.382220] Interrupt Taken: 	 Vector = 0x0000000F
[    5.382250] Interrupt Served: 	 Vector = 0x0000000F
[    5.383675] Interrupt Taken: 	 Vector = 0x0000000F
[    5.383691] Interrupt Served: 	 Vector = 0x0000000F
[    5.385098] Interrupt Taken: 	 Vector = 0x0000000F
[    5.385130] Interrupt Served: 	 Vector = 0x0000000F
[    5.386531] Interrupt Taken: 	 Vector = 0x0000000F
[    5.386556] Interrupt Served: 	 Vector = 0x0000000F
[    5.387814] Interrupt Taken: 	 Vector = 0x0000000F
[    5.387826] Interrupt Served: 	 Vector = 0x0000000F
[    5.389254] Interrupt Taken: 	 Vector = 0x0000000F
[    5.389282] Interrupt Served: 	 Vector = 0x0000000F
[    5.390652] Interrupt Taken: 	 Vector = 0x0000000F
[    5.390689] Interrupt Served: 	 Vector = 0x0000000F
[    5.392128] Interrupt Taken: 	 Vector = 0x0000000F
[    5.392170] Interrupt Served: 	 Vector = 0x0000000F
[    5.393475] Interrupt Taken: 	 Vector = 0x0000000F
[    5.393496] Interrupt Served: 	 Vector = 0x0000000F
[    5.394810] Interrupt Taken: 	 Vector = 0x0000000F
[    5.394832] Interrupt Served: 	 Vector = 0x0000000F
[    5.396201] Interrupt Taken: 	 Vector = 0x0000000F
[    5.396237] Interrupt Served: 	 Vector = 0x0000000F
[    5.397659] Interrupt Taken: 	 Vector = 0x0000000F
[    5.397695] Interrupt Served: 	 Vector = 0x0000000F
[    5.399164] Interrupt Taken: 	 Vector = 0x0000000F
[    5.399181] Interrupt Served: 	 Vector = 0x0000000F
[    5.400632] Interrupt Taken: 	 Vector = 0x0000000F
[    5.400652] Interrupt Served: 	 Vector = 0x0000000F
[    5.401981] Interrupt Taken: 	 Vector = 0x0000000F
[    5.402012] Interrupt Served: 	 Vector = 0x0000000F
[    5.403437] Interrupt Taken: 	 Vector = 0x0000000F
[    5.403457] Interrupt Served: 	 Vector = 0x0000000F
[    5.404851] Interrupt Taken: 	 Vector = 0x0000000F
[    5.404869] Interrupt Served: 	 Vector = 0x0000000F
[    5.406307] Interrupt Taken: 	 Vector = 0x0000000F
[    5.406322] Interrupt Served: 	 Vector = 0x0000000F
[    5.407929] Interrupt Taken: 	 Vector = 0x0000000F
[    5.407964] Interrupt Served: 	 Vector = 0x0000000F
[    5.409378] Interrupt Taken: 	 Vector = 0x0000000F
[    5.409424] Interrupt Served: 	 Vector = 0x0000000F
[    5.410786] Interrupt Taken: 	 Vector = 0x0000000F
[    5.410807] Interrupt Served: 	 Vector = 0x0000000F
[    5.412264] Interrupt Taken: 	 Vector = 0x0000000F
[    5.412289] Interrupt Served: 	 Vector = 0x0000000F
[    5.413649] Interrupt Taken: 	 Vector = 0x0000000F
[    5.413692] Interrupt Served: 	 Vector = 0x0000000F
[    5.415192] Interrupt Taken: 	 Vector = 0x0000000F
[    5.415215] Interrupt Served: 	 Vector = 0x0000000F
[    5.416580] Interrupt Taken: 	 Vector = 0x0000000F
[    5.416595] Interrupt Served: 	 Vector = 0x0000000F
[    5.417988] Interrupt Taken: 	 Vector = 0x0000000F
[    5.418000] Interrupt Served: 	 Vector = 0x0000000F
[    5.419568] Interrupt Taken: 	 Vector = 0x0000000F
[    5.419578] Interrupt Served: 	 Vector = 0x0000000F
[    5.420928] Interrupt Taken: 	 Vector = 0x0000000F
[    5.420949] Interrupt Served: 	 Vector = 0x0000000F
[    5.422439] Interrupt Taken: 	 Vector = 0x0000000F
[    5.422451] Interrupt Served: 	 Vector = 0x0000000F
[    5.423852] Interrupt Taken: 	 Vector = 0x0000000F
[    5.423874] Interrupt Served: 	 Vector = 0x0000000F
[    5.425261] Interrupt Taken: 	 Vector = 0x0000000F
[    5.425300] Interrupt Served: 	 Vector = 0x0000000F
[    5.426611] Interrupt Taken: 	 Vector = 0x0000000F
[    5.426635] Interrupt Served: 	 Vector = 0x0000000F
[    5.428001] Interrupt Taken: 	 Vector = 0x0000000F
[    5.428020] Interrupt Served: 	 Vector = 0x0000000F
[    5.429469] Interrupt Taken: 	 Vector = 0x0000000F
[    5.429488] Interrupt Served: 	 Vector = 0x0000000F
[    5.430862] Interrupt Taken: 	 Vector = 0x0000000F
[    5.430889] Interrupt Served: 	 Vector = 0x0000000F
[    5.432282] Interrupt Taken: 	 Vector = 0x0000000F
[    5.432299] Interrupt Served: 	 Vector = 0x0000000F
[    5.433722] Interrupt Taken: 	 Vector = 0x0000000F
[    5.433736] Interrupt Served: 	 Vector = 0x0000000F
[    5.435115] Interrupt Taken: 	 Vector = 0x0000000F
[    5.435128] Interrupt Served: 	 Vector = 0x0000000F
[    5.436557] Interrupt Taken: 	 Vector = 0x0000000F
[    5.436568] Interrupt Served: 	 Vector = 0x0000000F
[    5.437979] Interrupt Taken: 	 Vector = 0x0000000F
[    5.437995] Interrupt Served: 	 Vector = 0x0000000F
[    5.439377] Interrupt Taken: 	 Vector = 0x0000000F
[    5.439389] Interrupt Served: 	 Vector = 0x0000000F
[    5.440708] Interrupt Taken: 	 Vector = 0x0000000F
[    5.440723] Interrupt Served: 	 Vector = 0x0000000F
[    5.442168] Interrupt Taken: 	 Vector = 0x0000000F
[    5.442200] Interrupt Served: 	 Vector = 0x0000000F
[    5.443652] Interrupt Taken: 	 Vector = 0x0000000F
[    5.443692] Interrupt Served: 	 Vector = 0x0000000F
[    5.445074] Interrupt Taken: 	 Vector = 0x0000000F
[    5.445093] Interrupt Served: 	 Vector = 0x0000000F
[    5.446480] Interrupt Taken: 	 Vector = 0x0000000F
[    5.446504] Interrupt Served: 	 Vector = 0x0000000F
[    5.447919] Interrupt Taken: 	 Vector = 0x0000000F
[    5.447944] Interrupt Served: 	 Vector = 0x0000000F
[    5.449334] Interrupt Taken: 	 Vector = 0x0000000F
[    5.449356] Interrupt Served: 	 Vector = 0x0000000F
[    5.450831] Interrupt Taken: 	 Vector = 0x0000000F
[    5.450848] Interrupt Served: 	 Vector = 0x0000000F
[    5.452136] Interrupt Taken: 	 Vector = 0x0000000F
[    5.452151] Interrupt Served: 	 Vector = 0x0000000F
[    5.453533] Interrupt Taken: 	 Vector = 0x0000000F
[    5.453546] Interrupt Served: 	 Vector = 0x0000000F
[    5.454906] Interrupt Taken: 	 Vector = 0x0000000F
[    5.454920] Interrupt Served: 	 Vector = 0x0000000F
[    5.456316] Interrupt Taken: 	 Vector = 0x0000000F
[    5.456335] Interrupt Served: 	 Vector = 0x0000000F
[    5.457876] Interrupt Taken: 	 Vector = 0x0000000F
[    5.457911] Interrupt Served: 	 Vector = 0x0000000F
[    5.459322] Interrupt Taken: 	 Vector = 0x0000000F
[    5.459351] Interrupt Served: 	 Vector = 0x0000000F
[    5.460897] Interrupt Taken: 	 Vector = 0x0000000F
[    5.460918] Interrupt Served: 	 Vector = 0x0000000F
[    5.462317] Interrupt Taken: 	 Vector = 0x0000000F
[    5.462346] Interrupt Served: 	 Vector = 0x0000000F
[    5.463714] Interrupt Taken: 	 Vector = 0x0000000F
[    5.463730] Interrupt Served: 	 Vector = 0x0000000F
[    5.465103] Interrupt Taken: 	 Vector = 0x0000000F
[    5.465133] Interrupt Served: 	 Vector = 0x0000000F
[    5.466394] Interrupt Taken: 	 Vector = 0x0000000F
[    5.466412] Interrupt Served: 	 Vector = 0x0000000F
[    5.467870] Interrupt Taken: 	 Vector = 0x0000000F
[    5.467897] Interrupt Served: 	 Vector = 0x0000000F
[    5.469169] Interrupt Taken: 	 Vector = 0x0000000F
[    5.469182] Interrupt Served: 	 Vector = 0x0000000F
[    5.470528] Interrupt Taken: 	 Vector = 0x0000000F
[    5.470543] Interrupt Served: 	 Vector = 0x0000000F
[    5.471918] Interrupt Taken: 	 Vector = 0x0000000F
[    5.471932] Interrupt Served: 	 Vector = 0x0000000F
[    5.473331] Interrupt Taken: 	 Vector = 0x0000000F
[    5.473345] Interrupt Served: 	 Vector = 0x0000000F
[    5.474721] Interrupt Taken: 	 Vector = 0x0000000F
[    5.474819] Interrupt Served: 	 Vector = 0x0000000F
[    5.476233] Interrupt Taken: 	 Vector = 0x0000000F
[    5.476288] Interrupt Served: 	 Vector = 0x0000000F
[    5.477727] Interrupt Taken: 	 Vector = 0x0000000F
[    5.477743] Interrupt Served: 	 Vector = 0x0000000F
[    5.479147] Interrupt Taken: 	 Vector = 0x0000000F
[    5.479189] Interrupt Served: 	 Vector = 0x0000000F
[    5.480616] Interrupt Taken: 	 Vector = 0x0000000F
[    5.480633] Interrupt Served: 	 Vector = 0x0000000F
[    5.482160] Interrupt Taken: 	 Vector = 0x0000000F
[    5.482196] Interrupt Served: 	 Vector = 0x0000000F
[    5.483658] Interrupt Taken: 	 Vector = 0x0000000F
[    5.483686] Interrupt Served: 	 Vector = 0x0000000F
[    5.485101] Interrupt Taken: 	 Vector = 0x0000000F
[    5.485140] Interrupt Served: 	 Vector = 0x0000000F
[    5.486559] Interrupt Taken: 	 Vector = 0x0000000F
[    5.486570] Interrupt Served: 	 Vector = 0x0000000F
[    5.487964] Interrupt Taken: 	 Vector = 0x0000000F
[    5.487986] Interrupt Served: 	 Vector = 0x0000000F
[    5.489361] Interrupt Taken: 	 Vector = 0x0000000F
[    5.489371] Interrupt Served: 	 Vector = 0x0000000F
[    5.490845] Interrupt Taken: 	 Vector = 0x0000000F
[    5.490896] Interrupt Served: 	 Vector = 0x0000000F
[    5.492361] Interrupt Taken: 	 Vector = 0x0000000F
[    5.492399] Interrupt Served: 	 Vector = 0x0000000F
[    5.493768] Interrupt Taken: 	 Vector = 0x0000000F
[    5.493789] Interrupt Served: 	 Vector = 0x0000000F
[    5.495205] Interrupt Taken: 	 Vector = 0x0000000F
[    5.495226] Interrupt Served: 	 Vector = 0x0000000F
[    5.496584] Interrupt Taken: 	 Vector = 0x0000000F
[    5.496613] Interrupt Served: 	 Vector = 0x0000000F
[    5.497984] Interrupt Taken: 	 Vector = 0x0000000F
[    5.498006] Interrupt Served: 	 Vector = 0x0000000F
[    5.499370] Interrupt Taken: 	 Vector = 0x0000000F
[    5.499398] Interrupt Served: 	 Vector = 0x0000000F
[    5.500857] Interrupt Taken: 	 Vector = 0x0000000F
[    5.500874] Interrupt Served: 	 Vector = 0x0000000F
[    5.502373] Interrupt Taken: 	 Vector = 0x0000000F
[    5.502390] Interrupt Served: 	 Vector = 0x0000000F
[    5.503853] Interrupt Taken: 	 Vector = 0x0000000F
[    5.503868] Interrupt Served: 	 Vector = 0x0000000F
[    5.505186] Interrupt Taken: 	 Vector = 0x0000000F
[    5.505199] Interrupt Served: 	 Vector = 0x0000000F
[    5.506518] Interrupt Taken: 	 Vector = 0x0000000F
[    5.506531] Interrupt Served: 	 Vector = 0x0000000F
[    5.508075] Interrupt Taken: 	 Vector = 0x0000000F
[    5.508119] Interrupt Served: 	 Vector = 0x0000000F
[    5.509577] Interrupt Taken: 	 Vector = 0x0000000F
[    5.509614] Interrupt Served: 	 Vector = 0x0000000F
[    5.511003] Interrupt Taken: 	 Vector = 0x0000000F
[    5.511019] Interrupt Served: 	 Vector = 0x0000000F
[    5.512386] Interrupt Taken: 	 Vector = 0x0000000F
[    5.512407] Interrupt Served: 	 Vector = 0x0000000F
[    5.513706] Interrupt Taken: 	 Vector = 0x0000000F
[    5.513728] Interrupt Served: 	 Vector = 0x0000000F
[    5.515084] Interrupt Taken: 	 Vector = 0x0000000F
[    5.515108] Interrupt Served: 	 Vector = 0x0000000F
[    5.516484] Interrupt Taken: 	 Vector = 0x0000000F
[    5.516510] Interrupt Served: 	 Vector = 0x0000000F
[    5.517876] Interrupt Taken: 	 Vector = 0x0000000F
[    5.517892] Interrupt Served: 	 Vector = 0x0000000F
[    5.519200] Interrupt Taken: 	 Vector = 0x0000000F
[    5.519216] Interrupt Served: 	 Vector = 0x0000000F
[    5.520562] Interrupt Taken: 	 Vector = 0x0000000F
[    5.520574] Interrupt Served: 	 Vector = 0x0000000F
[    5.521999] Interrupt Taken: 	 Vector = 0x0000000F
[    5.522011] Interrupt Served: 	 Vector = 0x0000000F
[    5.523393] Interrupt Taken: 	 Vector = 0x0000000F
[    5.523421] Interrupt Served: 	 Vector = 0x0000000F
[    5.524829] Interrupt Taken: 	 Vector = 0x0000000F
[    5.524887] Interrupt Served: 	 Vector = 0x0000000F
[    5.526254] Interrupt Taken: 	 Vector = 0x0000000F
[    5.526295] Interrupt Served: 	 Vector = 0x0000000F
[    5.527518] Interrupt Taken: 	 Vector = 0x0000000F
[    5.527536] Interrupt Served: 	 Vector = 0x0000000F
[    5.528885] Interrupt Taken: 	 Vector = 0x0000000F
[    5.528915] Interrupt Served: 	 Vector = 0x0000000F
[    5.530383] Interrupt Taken: 	 Vector = 0x0000000F
[    5.530402] Interrupt Served: 	 Vector = 0x0000000F
[    5.531752] Interrupt Taken: 	 Vector = 0x0000000F
[    5.531778] Interrupt Served: 	 Vector = 0x0000000F
[    5.533249] Interrupt Taken: 	 Vector = 0x0000000F
[    5.533285] Interrupt Served: 	 Vector = 0x0000000F
[    5.534674] Interrupt Taken: 	 Vector = 0x0000000F
[    5.534688] Interrupt Served: 	 Vector = 0x0000000F
[    5.536163] Interrupt Taken: 	 Vector = 0x0000000F
[    5.536280] Interrupt Served: 	 Vector = 0x0000000F
[    5.537576] Interrupt Taken: 	 Vector = 0x0000000F
[    5.537597] Interrupt Served: 	 Vector = 0x0000000F
[    5.538963] Interrupt Taken: 	 Vector = 0x0000000F
[    5.538980] Interrupt Served: 	 Vector = 0x0000000F
[    5.540440] Interrupt Taken: 	 Vector = 0x0000000F
[    5.540479] Interrupt Served: 	 Vector = 0x0000000F
[    5.541788] Interrupt Taken: 	 Vector = 0x0000000F
[    5.541843] Interrupt Served: 	 Vector = 0x0000000F
[    5.543581] Interrupt Taken: 	 Vector = 0x0000000F
[    5.543626] Interrupt Served: 	 Vector = 0x0000000F
[    5.544933] Interrupt Taken: 	 Vector = 0x0000000F
[    5.544975] Interrupt Served: 	 Vector = 0x0000000F
[    5.546438] Interrupt Taken: 	 Vector = 0x0000000F
[    5.546482] Interrupt Served: 	 Vector = 0x0000000F
[    5.547905] Interrupt Taken: 	 Vector = 0x0000000F
[    5.547921] Interrupt Served: 	 Vector = 0x0000000F
[    5.549351] Interrupt Taken: 	 Vector = 0x0000000F
[    5.549404] Interrupt Served: 	 Vector = 0x0000000F
[    5.550810] Interrupt Taken: 	 Vector = 0x0000000F
[    5.550836] Interrupt Served: 	 Vector = 0x0000000F
[    5.552270] Interrupt Taken: 	 Vector = 0x0000000F
[    5.552298] Interrupt Served: 	 Vector = 0x0000000F
[    5.553880] Interrupt Taken: 	 Vector = 0x0000000F
[    5.553890] Interrupt Served: 	 Vector = 0x0000000F
[    5.555314] Interrupt Taken: 	 Vector = 0x0000000F
[    5.555329] Interrupt Served: 	 Vector = 0x0000000F
[    5.556617] Interrupt Taken: 	 Vector = 0x0000000F
[    5.556638] Interrupt Served: 	 Vector = 0x0000000F
[    5.558103] Interrupt Taken: 	 Vector = 0x0000000F
[    5.558147] Interrupt Served: 	 Vector = 0x0000000F
[    5.559519] Interrupt Taken: 	 Vector = 0x0000000F
[    5.559546] Interrupt Served: 	 Vector = 0x0000000F
[    5.561006] Interrupt Taken: 	 Vector = 0x0000000F
[    5.561020] Interrupt Served: 	 Vector = 0x0000000F
[    5.562314] Interrupt Taken: 	 Vector = 0x0000000F
[    5.562336] Interrupt Served: 	 Vector = 0x0000000F
[    5.563685] Interrupt Taken: 	 Vector = 0x0000000F
[    5.563701] Interrupt Served: 	 Vector = 0x0000000F
[    5.565060] Interrupt Taken: 	 Vector = 0x0000000F
[    5.565080] Interrupt Served: 	 Vector = 0x0000000F
[    5.566438] Interrupt Taken: 	 Vector = 0x0000000F
[    5.566473] Interrupt Served: 	 Vector = 0x0000000F
[    5.567745] Interrupt Taken: 	 Vector = 0x0000000F
[    5.567771] Interrupt Served: 	 Vector = 0x0000000F
[    5.569127] Interrupt Taken: 	 Vector = 0x0000000F
[    5.569140] Interrupt Served: 	 Vector = 0x0000000F
[    5.570516] Interrupt Taken: 	 Vector = 0x0000000F
[    5.570534] Interrupt Served: 	 Vector = 0x0000000F
[    5.571852] Interrupt Taken: 	 Vector = 0x0000000F
[    5.571865] Interrupt Served: 	 Vector = 0x0000000F
[    5.573215] Interrupt Taken: 	 Vector = 0x0000000F
[    5.573231] Interrupt Served: 	 Vector = 0x0000000F
[    5.574623] Interrupt Taken: 	 Vector = 0x0000000F
[    5.574663] Interrupt Served: 	 Vector = 0x0000000F
[    5.576013] Interrupt Taken: 	 Vector = 0x0000000F
[    5.576123] Interrupt Served: 	 Vector = 0x0000000F
[    5.577437] Interrupt Taken: 	 Vector = 0x0000000F
[    5.577450] Interrupt Served: 	 Vector = 0x0000000F
[    5.578883] Interrupt Taken: 	 Vector = 0x0000000F
[    5.578909] Interrupt Served: 	 Vector = 0x0000000F
[    5.580388] Interrupt Taken: 	 Vector = 0x0000000F
[    5.580403] Interrupt Served: 	 Vector = 0x0000000F
[    5.581829] Interrupt Taken: 	 Vector = 0x0000000F
[    5.581839] Interrupt Served: 	 Vector = 0x0000000F
[    5.583240] Interrupt Taken: 	 Vector = 0x0000000F
[    5.583261] Interrupt Served: 	 Vector = 0x0000000F
[    5.584835] Interrupt Taken: 	 Vector = 0x0000000F
[    5.584866] Interrupt Served: 	 Vector = 0x0000000F
[    5.586156] Interrupt Taken: 	 Vector = 0x0000000F
[    5.586168] Interrupt Served: 	 Vector = 0x0000000F
[    5.587831] Interrupt Taken: 	 Vector = 0x0000000F
[    5.587843] Interrupt Served: 	 Vector = 0x0000000F
[    5.589210] Interrupt Taken: 	 Vector = 0x0000000F
[    5.589223] Interrupt Served: 	 Vector = 0x0000000F
[    5.590578] Interrupt Taken: 	 Vector = 0x0000000F
[    5.590610] Interrupt Served: 	 Vector = 0x0000000F
[    5.592030] Interrupt Taken: 	 Vector = 0x0000000F
[    5.592076] Interrupt Served: 	 Vector = 0x0000000F
[    5.593445] Interrupt Taken: 	 Vector = 0x0000000F
[    5.593463] Interrupt Served: 	 Vector = 0x0000000F
[    5.595020] Interrupt Taken: 	 Vector = 0x0000000F
[    5.595046] Interrupt Served: 	 Vector = 0x0000000F
[    5.596504] Interrupt Taken: 	 Vector = 0x0000000F
[    5.596522] Interrupt Served: 	 Vector = 0x0000000F
[    5.597901] Interrupt Taken: 	 Vector = 0x0000000F
[    5.597920] Interrupt Served: 	 Vector = 0x0000000F
[    5.599498] Interrupt Taken: 	 Vector = 0x0000000F
[    5.599530] Interrupt Served: 	 Vector = 0x0000000F
[    5.600802] Interrupt Taken: 	 Vector = 0x0000000F
[    5.600878] Interrupt Served: 	 Vector = 0x0000000F
[    5.602195] Interrupt Taken: 	 Vector = 0x0000000F
[    5.602216] Interrupt Served: 	 Vector = 0x0000000F
[    5.603617] Interrupt Taken: 	 Vector = 0x0000000F
[    5.603631] Interrupt Served: 	 Vector = 0x0000000F
[    5.605075] Interrupt Taken: 	 Vector = 0x0000000F
[    5.605094] Interrupt Served: 	 Vector = 0x0000000F
[    5.606488] Interrupt Taken: 	 Vector = 0x0000000F
[    5.606505] Interrupt Served: 	 Vector = 0x0000000F
[    5.607901] Interrupt Taken: 	 Vector = 0x0000000F
[    5.607931] Interrupt Served: 	 Vector = 0x0000000F
[    5.609363] Interrupt Taken: 	 Vector = 0x0000000F
[    5.609389] Interrupt Served: 	 Vector = 0x0000000F
[    5.610680] Interrupt Taken: 	 Vector = 0x0000000F
[    5.610696] Interrupt Served: 	 Vector = 0x0000000F
[    5.612157] Interrupt Taken: 	 Vector = 0x0000000F
[    5.612184] Interrupt Served: 	 Vector = 0x0000000F
[    5.613694] Interrupt Taken: 	 Vector = 0x0000000F
[    5.613765] Interrupt Served: 	 Vector = 0x0000000F
[    5.615082] Interrupt Taken: 	 Vector = 0x0000000F
[    5.615095] Interrupt Served: 	 Vector = 0x0000000F
[    5.616551] Interrupt Taken: 	 Vector = 0x0000000F
[    5.616569] Interrupt Served: 	 Vector = 0x0000000F
[    5.617961] Interrupt Taken: 	 Vector = 0x0000000F
[    5.618065] Interrupt Served: 	 Vector = 0x0000000F
[    5.619416] Interrupt Taken: 	 Vector = 0x0000000F
[    5.619435] Interrupt Served: 	 Vector = 0x0000000F
[    5.620970] Interrupt Taken: 	 Vector = 0x0000000F
[    5.620982] Interrupt Served: 	 Vector = 0x0000000F
[    5.622366] Interrupt Taken: 	 Vector = 0x0000000F
[    5.622400] Interrupt Served: 	 Vector = 0x0000000F
[    5.623741] Interrupt Taken: 	 Vector = 0x0000000F
[    5.623771] Interrupt Served: 	 Vector = 0x0000000F
[    5.625438] Interrupt Taken: 	 Vector = 0x0000000F
[    5.625470] Interrupt Served: 	 Vector = 0x0000000F
[    5.626893] Interrupt Taken: 	 Vector = 0x0000000F
[    5.626912] Interrupt Served: 	 Vector = 0x0000000F
[    5.628232] Interrupt Taken: 	 Vector = 0x0000000F
[    5.628258] Interrupt Served: 	 Vector = 0x0000000F
[    5.629636] Interrupt Taken: 	 Vector = 0x0000000F
[    5.629656] Interrupt Served: 	 Vector = 0x0000000F
[    5.631041] Interrupt Taken: 	 Vector = 0x0000000F
[    5.631057] Interrupt Served: 	 Vector = 0x0000000F
[    5.632478] Interrupt Taken: 	 Vector = 0x0000000F
[    5.632494] Interrupt Served: 	 Vector = 0x0000000F
[    5.633854] Interrupt Taken: 	 Vector = 0x0000000F
[    5.633870] Interrupt Served: 	 Vector = 0x0000000F
[    5.635266] Interrupt Taken: 	 Vector = 0x0000000F
[    5.635295] Interrupt Served: 	 Vector = 0x0000000F
[    5.636713] Interrupt Taken: 	 Vector = 0x0000000F
[    5.636727] Interrupt Served: 	 Vector = 0x0000000F
[    5.638038] Interrupt Taken: 	 Vector = 0x0000000F
[    5.638057] Interrupt Served: 	 Vector = 0x0000000F
[    5.639366] [passthrough] Read: 	 address = 0x40020414, size = 4 bytes, value = 0x00000000, pc=0x08000FF4 
[    5.639693] [passthrough] Write: 	 address = 0x40020418, size = 4 bytes, value = 0x00000001, pc=0x0800100C 
[    5.640131] Interrupt Taken: 	 Vector = 0x0000000F
[    5.640144] Interrupt Served: 	 Vector = 0x0000000F
[    5.641463] Interrupt Taken: 	 Vector = 0x0000000F
[    5.641515] Interrupt Served: 	 Vector = 0x0000000F
[    5.642771] Interrupt Taken: 	 Vector = 0x0000000F
[    5.642797] Interrupt Served: 	 Vector = 0x0000000F
[    5.644319] Interrupt Taken: 	 Vector = 0x0000000F
[    5.644337] Interrupt Served: 	 Vector = 0x0000000F
[    5.645749] Interrupt Taken: 	 Vector = 0x0000000F
[    5.645777] Interrupt Served: 	 Vector = 0x0000000F
[    5.647158] Interrupt Taken: 	 Vector = 0x0000000F
[    5.647174] Interrupt Served: 	 Vector = 0x0000000F
[    5.648580] Interrupt Taken: 	 Vector = 0x0000000F
[    5.648590] Interrupt Served: 	 Vector = 0x0000000F
[    5.650004] Interrupt Taken: 	 Vector = 0x0000000F
[    5.650015] Interrupt Served: 	 Vector = 0x0000000F
[    5.651376] Interrupt Taken: 	 Vector = 0x0000000F
[    5.651393] Interrupt Served: 	 Vector = 0x0000000F
[    5.652739] Interrupt Taken: 	 Vector = 0x0000000F
[    5.652772] Interrupt Served: 	 Vector = 0x0000000F
[    5.654169] Interrupt Taken: 	 Vector = 0x0000000F
[    5.654186] Interrupt Served: 	 Vector = 0x0000000F
[    5.655531] Interrupt Taken: 	 Vector = 0x0000000F
[    5.655550] Interrupt Served: 	 Vector = 0x0000000F
[    5.656919] Interrupt Taken: 	 Vector = 0x0000000F
[    5.656960] Interrupt Served: 	 Vector = 0x0000000F
[    5.658252] Interrupt Taken: 	 Vector = 0x0000000F
[    5.658349] Interrupt Served: 	 Vector = 0x0000000F
[    5.659609] Interrupt Taken: 	 Vector = 0x0000000F
[    5.659650] Interrupt Served: 	 Vector = 0x0000000F
[    5.661131] Interrupt Taken: 	 Vector = 0x0000000F
[    5.661156] Interrupt Served: 	 Vector = 0x0000000F
[    5.662573] Interrupt Taken: 	 Vector = 0x0000000F
[    5.662601] Interrupt Served: 	 Vector = 0x0000000F
[    5.664014] Interrupt Taken: 	 Vector = 0x0000000F
[    5.664035] Interrupt Served: 	 Vector = 0x0000000F
[    5.665750] Interrupt Taken: 	 Vector = 0x0000000F
[    5.665771] Interrupt Served: 	 Vector = 0x0000000F
[    5.667089] Interrupt Taken: 	 Vector = 0x0000000F
[    5.667101] Interrupt Served: 	 Vector = 0x0000000F
[    5.668482] Interrupt Taken: 	 Vector = 0x0000000F
[    5.668494] Interrupt Served: 	 Vector = 0x0000000F
[    5.669836] Interrupt Taken: 	 Vector = 0x0000000F
[    5.669862] Interrupt Served: 	 Vector = 0x0000000F
[    5.671171] Interrupt Taken: 	 Vector = 0x0000000F
[    5.671192] Interrupt Served: 	 Vector = 0x0000000F
[    5.672639] Interrupt Taken: 	 Vector = 0x0000000F
[    5.672664] Interrupt Served: 	 Vector = 0x0000000F
[    5.673990] Interrupt Taken: 	 Vector = 0x0000000F
[    5.674087] Interrupt Served: 	 Vector = 0x0000000F
[    5.675338] Interrupt Taken: 	 Vector = 0x0000000F
[    5.675372] Interrupt Served: 	 Vector = 0x0000000F
[    5.676726] Interrupt Taken: 	 Vector = 0x0000000F
[    5.676751] Interrupt Served: 	 Vector = 0x0000000F
[    5.678107] Interrupt Taken: 	 Vector = 0x0000000F
[    5.678128] Interrupt Served: 	 Vector = 0x0000000F
[    5.679495] Interrupt Taken: 	 Vector = 0x0000000F
[    5.679550] Interrupt Served: 	 Vector = 0x0000000F
[    5.680843] Interrupt Taken: 	 Vector = 0x0000000F
[    5.680860] Interrupt Served: 	 Vector = 0x0000000F
[    5.682200] Interrupt Taken: 	 Vector = 0x0000000F
[    5.682216] Interrupt Served: 	 Vector = 0x0000000F
[    5.683740] Interrupt Taken: 	 Vector = 0x0000000F
[    5.683758] Interrupt Served: 	 Vector = 0x0000000F
[    5.685119] Interrupt Taken: 	 Vector = 0x0000000F
[    5.685139] Interrupt Served: 	 Vector = 0x0000000F
[    5.686583] Interrupt Taken: 	 Vector = 0x0000000F
[    5.686605] Interrupt Served: 	 Vector = 0x0000000F
[    5.687939] Interrupt Taken: 	 Vector = 0x0000000F
[    5.687989] Interrupt Served: 	 Vector = 0x0000000F
[    5.689304] Interrupt Taken: 	 Vector = 0x0000000F
[    5.689329] Interrupt Served: 	 Vector = 0x0000000F
[    5.690854] Interrupt Taken: 	 Vector = 0x0000000F
[    5.690890] Interrupt Served: 	 Vector = 0x0000000F
[    5.692346] Interrupt Taken: 	 Vector = 0x0000000F
[    5.692395] Interrupt Served: 	 Vector = 0x0000000F
[    5.693650] Interrupt Taken: 	 Vector = 0x0000000F
[    5.693705] Interrupt Served: 	 Vector = 0x0000000F
[    5.695116] Interrupt Taken: 	 Vector = 0x0000000F
[    5.695137] Interrupt Served: 	 Vector = 0x0000000F
[    5.696466] Interrupt Taken: 	 Vector = 0x0000000F
[    5.696500] Interrupt Served: 	 Vector = 0x0000000F
[    5.697851] Interrupt Taken: 	 Vector = 0x0000000F
[    5.697901] Interrupt Served: 	 Vector = 0x0000000F
[    5.699101] Interrupt Taken: 	 Vector = 0x0000000F
[    5.699114] Interrupt Served: 	 Vector = 0x0000000F
[    5.700518] Interrupt Taken: 	 Vector = 0x0000000F
[    5.700534] Interrupt Served: 	 Vector = 0x0000000F
[    5.701961] Interrupt Taken: 	 Vector = 0x0000000F
[    5.701987] Interrupt Served: 	 Vector = 0x0000000F
[    5.703470] Interrupt Taken: 	 Vector = 0x0000000F
[    5.703496] Interrupt Served: 	 Vector = 0x0000000F
[    5.704953] Interrupt Taken: 	 Vector = 0x0000000F
[    5.704982] Interrupt Served: 	 Vector = 0x0000000F
[    5.706448] Interrupt Taken: 	 Vector = 0x0000000F
[    5.706473] Interrupt Served: 	 Vector = 0x0000000F
[    5.707802] Interrupt Taken: 	 Vector = 0x0000000F
[    5.707834] Interrupt Served: 	 Vector = 0x0000000F
[    5.709276] Interrupt Taken: 	 Vector = 0x0000000F
[    5.709298] Interrupt Served: 	 Vector = 0x0000000F
[    5.710689] Interrupt Taken: 	 Vector = 0x0000000F
[    5.710704] Interrupt Served: 	 Vector = 0x0000000F
[    5.712263] Interrupt Taken: 	 Vector = 0x0000000F
[    5.712305] Interrupt Served: 	 Vector = 0x0000000F
[    5.713567] Interrupt Taken: 	 Vector = 0x0000000F
[    5.713592] Interrupt Served: 	 Vector = 0x0000000F
[    5.715035] Interrupt Taken: 	 Vector = 0x0000000F
[    5.715054] Interrupt Served: 	 Vector = 0x0000000F
[    5.716488] Interrupt Taken: 	 Vector = 0x0000000F
[    5.716510] Interrupt Served: 	 Vector = 0x0000000F
[    5.717936] Interrupt Taken: 	 Vector = 0x0000000F
[    5.717961] Interrupt Served: 	 Vector = 0x0000000F
[    5.719777] Interrupt Taken: 	 Vector = 0x0000000F
[    5.719809] Interrupt Served: 	 Vector = 0x0000000F
[    5.724660] Interrupt Taken: 	 Vector = 0x0000000F
[    5.724735] Interrupt Served: 	 Vector = 0x0000000F
[    5.728699] Interrupt Taken: 	 Vector = 0x0000000F
[    5.728751] Interrupt Served: 	 Vector = 0x0000000F
[    5.737069] Interrupt Taken: 	 Vector = 0x0000000F
[    5.737246] Interrupt Served: 	 Vector = 0x0000000F
[    5.738621] Interrupt Taken: 	 Vector = 0x0000000F
[    5.738773] Interrupt Served: 	 Vector = 0x0000000F
[    5.741839] Interrupt Taken: 	 Vector = 0x0000000F
[    5.741898] Interrupt Served: 	 Vector = 0x0000000F
[    5.745264] Interrupt Taken: 	 Vector = 0x0000000F
[    5.745323] Interrupt Served: 	 Vector = 0x0000000F
[    5.747249] Interrupt Taken: 	 Vector = 0x0000000F
[    5.747288] Interrupt Served: 	 Vector = 0x0000000F
[    5.757773] Interrupt Taken: 	 Vector = 0x0000000F
[    5.757872] Interrupt Served: 	 Vector = 0x0000000F
[    5.759209] Interrupt Taken: 	 Vector = 0x0000000F
[    5.759278] Interrupt Served: 	 Vector = 0x0000000F
[    5.760759] Interrupt Taken: 	 Vector = 0x0000000F
[    5.760870] Interrupt Served: 	 Vector = 0x0000000F
[    5.762258] Interrupt Taken: 	 Vector = 0x0000000F
[    5.762485] Interrupt Served: 	 Vector = 0x0000000F
[    5.763785] Interrupt Taken: 	 Vector = 0x0000000F
[    5.763871] Interrupt Served: 	 Vector = 0x0000000F
[    5.765853] Interrupt Taken: 	 Vector = 0x0000000F
[    5.765895] Interrupt Served: 	 Vector = 0x0000000F
[    5.767275] Interrupt Taken: 	 Vector = 0x0000000F
[    5.767297] Interrupt Served: 	 Vector = 0x0000000F
[    5.768637] Interrupt Taken: 	 Vector = 0x0000000F
[    5.768704] Interrupt Served: 	 Vector = 0x0000000F
[    5.770002] Interrupt Taken: 	 Vector = 0x0000000F
[    5.770041] Interrupt Served: 	 Vector = 0x0000000F
[    5.771445] Interrupt Taken: 	 Vector = 0x0000000F
[    5.771485] Interrupt Served: 	 Vector = 0x0000000F
[    5.773096] Interrupt Taken: 	 Vector = 0x0000000F
[    5.773134] Interrupt Served: 	 Vector = 0x0000000F
[    5.780224] Interrupt Taken: 	 Vector = 0x0000000F
[    5.780315] Interrupt Served: 	 Vector = 0x0000000F
[    5.781631] Interrupt Taken: 	 Vector = 0x0000000F
[    5.781675] Interrupt Served: 	 Vector = 0x0000000F
[    5.783274] Interrupt Taken: 	 Vector = 0x0000000F
[    5.783317] Interrupt Served: 	 Vector = 0x0000000F
[    5.784706] Interrupt Taken: 	 Vector = 0x0000000F
[    5.784739] Interrupt Served: 	 Vector = 0x0000000F
[    5.786185] Interrupt Taken: 	 Vector = 0x0000000F
[    5.786206] Interrupt Served: 	 Vector = 0x0000000F
[    5.787628] Interrupt Taken: 	 Vector = 0x0000000F
[    5.787647] Interrupt Served: 	 Vector = 0x0000000F
[    5.789146] Interrupt Taken: 	 Vector = 0x0000000F
[    5.789165] Interrupt Served: 	 Vector = 0x0000000F
[    5.790630] Interrupt Taken: 	 Vector = 0x0000000F
[    5.790697] Interrupt Served: 	 Vector = 0x0000000F
[    5.792179] Interrupt Taken: 	 Vector = 0x0000000F
[    5.792254] Interrupt Served: 	 Vector = 0x0000000F
[    5.793569] Interrupt Taken: 	 Vector = 0x0000000F
[    5.793598] Interrupt Served: 	 Vector = 0x0000000F
[    5.795144] Interrupt Taken: 	 Vector = 0x0000000F
[    5.795179] Interrupt Served: 	 Vector = 0x0000000F
[    5.796573] Interrupt Taken: 	 Vector = 0x0000000F
[    5.796594] Interrupt Served: 	 Vector = 0x0000000F
[    5.798054] Interrupt Taken: 	 Vector = 0x0000000F
[    5.798083] Interrupt Served: 	 Vector = 0x0000000F
[    5.799468] Interrupt Taken: 	 Vector = 0x0000000F
[    5.799486] Interrupt Served: 	 Vector = 0x0000000F
[    5.800933] Interrupt Taken: 	 Vector = 0x0000000F
[    5.800951] Interrupt Served: 	 Vector = 0x0000000F
[    5.802564] Interrupt Taken: 	 Vector = 0x0000000F
[    5.802580] Interrupt Served: 	 Vector = 0x0000000F
[    5.804116] Interrupt Taken: 	 Vector = 0x0000000F
[    5.804133] Interrupt Served: 	 Vector = 0x0000000F
[    5.805684] Interrupt Taken: 	 Vector = 0x0000000F
[    5.805700] Interrupt Served: 	 Vector = 0x0000000F
[    5.807152] Interrupt Taken: 	 Vector = 0x0000000F
[    5.807205] Interrupt Served: 	 Vector = 0x0000000F
[    5.808788] Interrupt Taken: 	 Vector = 0x0000000F
[    5.808858] Interrupt Served: 	 Vector = 0x0000000F
[    5.810225] Interrupt Taken: 	 Vector = 0x0000000F
[    5.810266] Interrupt Served: 	 Vector = 0x0000000F
[    5.811637] Interrupt Taken: 	 Vector = 0x0000000F
[    5.811681] Interrupt Served: 	 Vector = 0x0000000F
[    5.813110] Interrupt Taken: 	 Vector = 0x0000000F
[    5.813169] Interrupt Served: 	 Vector = 0x0000000F
[    5.814548] Interrupt Taken: 	 Vector = 0x0000000F
[    5.814569] Interrupt Served: 	 Vector = 0x0000000F
[    5.816135] Interrupt Taken: 	 Vector = 0x0000000F
[    5.816154] Interrupt Served: 	 Vector = 0x0000000F
[    5.817733] Interrupt Taken: 	 Vector = 0x0000000F
[    5.817756] Interrupt Served: 	 Vector = 0x0000000F
[    5.819101] Interrupt Taken: 	 Vector = 0x0000000F
[    5.819125] Interrupt Served: 	 Vector = 0x0000000F
[    5.820548] Interrupt Taken: 	 Vector = 0x0000000F
[    5.820572] Interrupt Served: 	 Vector = 0x0000000F
[    5.822032] Interrupt Taken: 	 Vector = 0x0000000F
[    5.822055] Interrupt Served: 	 Vector = 0x0000000F
[    5.823563] Interrupt Taken: 	 Vector = 0x0000000F
[    5.823586] Interrupt Served: 	 Vector = 0x0000000F
[    5.825556] Interrupt Taken: 	 Vector = 0x0000000F
[    5.825774] Interrupt Served: 	 Vector = 0x0000000F
[    5.827129] Interrupt Taken: 	 Vector = 0x0000000F
[    5.827166] Interrupt Served: 	 Vector = 0x0000000F
[    5.828980] Interrupt Taken: 	 Vector = 0x0000000F
[    5.829021] Interrupt Served: 	 Vector = 0x0000000F
[    5.830706] Interrupt Taken: 	 Vector = 0x0000000F
[    5.830737] Interrupt Served: 	 Vector = 0x0000000F
[    5.832100] Interrupt Taken: 	 Vector = 0x0000000F
[    5.832117] Interrupt Served: 	 Vector = 0x0000000F
[    5.833741] Interrupt Taken: 	 Vector = 0x0000000F
[    5.833776] Interrupt Served: 	 Vector = 0x0000000F
[    5.835355] Interrupt Taken: 	 Vector = 0x0000000F
[    5.835383] Interrupt Served: 	 Vector = 0x0000000F
[    5.836960] Interrupt Taken: 	 Vector = 0x0000000F
[    5.836987] Interrupt Served: 	 Vector = 0x0000000F
[    5.838593] Interrupt Taken: 	 Vector = 0x0000000F
[    5.838620] Interrupt Served: 	 Vector = 0x0000000F
[    5.840243] Interrupt Taken: 	 Vector = 0x0000000F
[    5.840297] Interrupt Served: 	 Vector = 0x0000000F
[    5.842363] Interrupt Taken: 	 Vector = 0x0000000F
[    5.842441] Interrupt Served: 	 Vector = 0x0000000F
[    5.844413] Interrupt Taken: 	 Vector = 0x0000000F
[    5.844475] Interrupt Served: 	 Vector = 0x0000000F
[    5.846085] Interrupt Taken: 	 Vector = 0x0000000F
[    5.846155] Interrupt Served: 	 Vector = 0x0000000F
[    5.847608] Interrupt Taken: 	 Vector = 0x0000000F
[    5.847644] Interrupt Served: 	 Vector = 0x0000000F
[    5.849231] Interrupt Taken: 	 Vector = 0x0000000F
[    5.849289] Interrupt Served: 	 Vector = 0x0000000F
[    5.850939] Interrupt Taken: 	 Vector = 0x0000000F
[    5.850992] Interrupt Served: 	 Vector = 0x0000000F
[    5.852530] Interrupt Taken: 	 Vector = 0x0000000F
[    5.852575] Interrupt Served: 	 Vector = 0x0000000F
[    5.854134] Interrupt Taken: 	 Vector = 0x0000000F
[    5.854167] Interrupt Served: 	 Vector = 0x0000000F
[    5.855797] Interrupt Taken: 	 Vector = 0x0000000F
[    5.855832] Interrupt Served: 	 Vector = 0x0000000F
[    5.857379] Interrupt Taken: 	 Vector = 0x0000000F
[    5.857448] Interrupt Served: 	 Vector = 0x0000000F
[    5.859782] Interrupt Taken: 	 Vector = 0x0000000F
[    5.859880] Interrupt Served: 	 Vector = 0x0000000F
[    5.861738] Interrupt Taken: 	 Vector = 0x0000000F
[    5.861833] Interrupt Served: 	 Vector = 0x0000000F
[    5.863882] Interrupt Taken: 	 Vector = 0x0000000F
[    5.864023] Interrupt Served: 	 Vector = 0x0000000F
[    5.865606] Interrupt Taken: 	 Vector = 0x0000000F
[    5.865729] Interrupt Served: 	 Vector = 0x0000000F
[    5.867705] Interrupt Taken: 	 Vector = 0x0000000F
[    5.867780] Interrupt Served: 	 Vector = 0x0000000F
[    5.869608] Interrupt Taken: 	 Vector = 0x0000000F
[    5.869735] Interrupt Served: 	 Vector = 0x0000000F
[    5.871228] Interrupt Taken: 	 Vector = 0x0000000F
[    5.871289] Interrupt Served: 	 Vector = 0x0000000F
[    5.873083] Interrupt Taken: 	 Vector = 0x0000000F
[    5.873142] Interrupt Served: 	 Vector = 0x0000000F
[    5.877029] Interrupt Taken: 	 Vector = 0x0000000F
[    5.877165] Interrupt Served: 	 Vector = 0x0000000F
[    5.879229] Interrupt Taken: 	 Vector = 0x0000000F
[    5.879318] Interrupt Served: 	 Vector = 0x0000000F
[    5.881336] Interrupt Taken: 	 Vector = 0x0000000F
[    5.881432] Interrupt Served: 	 Vector = 0x0000000F
[    5.883466] Interrupt Taken: 	 Vector = 0x0000000F
[    5.883610] Interrupt Served: 	 Vector = 0x0000000F
[    5.885417] Interrupt Taken: 	 Vector = 0x0000000F
[    5.885508] Interrupt Served: 	 Vector = 0x0000000F
[    5.887897] Interrupt Taken: 	 Vector = 0x0000000F
[    5.887976] Interrupt Served: 	 Vector = 0x0000000F
[    5.889921] Interrupt Taken: 	 Vector = 0x0000000F
[    5.889991] Interrupt Served: 	 Vector = 0x0000000F
[    5.892139] Interrupt Taken: 	 Vector = 0x0000000F
[    5.892262] Interrupt Served: 	 Vector = 0x0000000F
[    5.895740] Interrupt Taken: 	 Vector = 0x0000000F
[    5.895935] Interrupt Served: 	 Vector = 0x0000000F
[    5.897473] Interrupt Taken: 	 Vector = 0x0000000F
[    5.897596] Interrupt Served: 	 Vector = 0x0000000F
[    5.899840] Interrupt Taken: 	 Vector = 0x0000000F
[    5.899971] Interrupt Served: 	 Vector = 0x0000000F
[    5.901451] Interrupt Taken: 	 Vector = 0x0000000F
[    5.901515] Interrupt Served: 	 Vector = 0x0000000F
[    5.903307] Interrupt Taken: 	 Vector = 0x0000000F
[    5.903362] Interrupt Served: 	 Vector = 0x0000000F
[    5.905043] Interrupt Taken: 	 Vector = 0x0000000F
[    5.905088] Interrupt Served: 	 Vector = 0x0000000F
[    5.906844] Interrupt Taken: 	 Vector = 0x0000000F
[    5.906893] Interrupt Served: 	 Vector = 0x0000000F
[    5.908855] Interrupt Taken: 	 Vector = 0x0000000F
[    5.908960] Interrupt Served: 	 Vector = 0x0000000F
[    5.911387] Interrupt Taken: 	 Vector = 0x0000000F
[    5.911523] Interrupt Served: 	 Vector = 0x0000000F
[    5.913824] Interrupt Taken: 	 Vector = 0x0000000F
[    5.913985] Interrupt Served: 	 Vector = 0x0000000F
[    5.915542] Interrupt Taken: 	 Vector = 0x0000000F
[    5.915614] Interrupt Served: 	 Vector = 0x0000000F
[    5.917701] Interrupt Taken: 	 Vector = 0x0000000F
[    5.917789] Interrupt Served: 	 Vector = 0x0000000F
[    5.919818] Interrupt Taken: 	 Vector = 0x0000000F
[    5.919934] Interrupt Served: 	 Vector = 0x0000000F
[    5.922012] Interrupt Taken: 	 Vector = 0x0000000F
[    5.922094] Interrupt Served: 	 Vector = 0x0000000F
[    5.924170] Interrupt Taken: 	 Vector = 0x0000000F
[    5.924388] Interrupt Served: 	 Vector = 0x0000000F
[    5.926288] Interrupt Taken: 	 Vector = 0x0000000F
[    5.926435] Interrupt Served: 	 Vector = 0x0000000F
[    5.929065] Interrupt Taken: 	 Vector = 0x0000000F
[    5.929185] Interrupt Served: 	 Vector = 0x0000000F
[    5.932388] Interrupt Taken: 	 Vector = 0x0000000F
[    5.932508] Interrupt Served: 	 Vector = 0x0000000F
[    5.934599] Interrupt Taken: 	 Vector = 0x0000000F
[    5.934815] Interrupt Served: 	 Vector = 0x0000000F
[    5.936653] Interrupt Taken: 	 Vector = 0x0000000F
[    5.936729] Interrupt Served: 	 Vector = 0x0000000F
[    5.938608] Interrupt Taken: 	 Vector = 0x0000000F
[    5.938703] Interrupt Served: 	 Vector = 0x0000000F
[    5.940665] Interrupt Taken: 	 Vector = 0x0000000F
[    5.940758] Interrupt Served: 	 Vector = 0x0000000F
[    5.942609] Interrupt Taken: 	 Vector = 0x0000000F
[    5.942718] Interrupt Served: 	 Vector = 0x0000000F
[    5.946953] Interrupt Taken: 	 Vector = 0x0000000F
[    5.947087] Interrupt Served: 	 Vector = 0x0000000F
[    5.949315] Interrupt Taken: 	 Vector = 0x0000000F
[    5.949418] Interrupt Served: 	 Vector = 0x0000000F
[    5.951503] Interrupt Taken: 	 Vector = 0x0000000F
[    5.951593] Interrupt Served: 	 Vector = 0x0000000F
[    5.953449] Interrupt Taken: 	 Vector = 0x0000000F
[    5.953520] Interrupt Served: 	 Vector = 0x0000000F
[    5.955553] Interrupt Taken: 	 Vector = 0x0000000F
[    5.955745] Interrupt Served: 	 Vector = 0x0000000F
[    5.957384] Interrupt Taken: 	 Vector = 0x0000000F
[    5.957454] Interrupt Served: 	 Vector = 0x0000000F
[    5.959496] Interrupt Taken: 	 Vector = 0x0000000F
[    5.959573] Interrupt Served: 	 Vector = 0x0000000F
[    5.962466] Interrupt Taken: 	 Vector = 0x0000000F
[    5.962601] Interrupt Served: 	 Vector = 0x0000000F
[    5.964723] Interrupt Taken: 	 Vector = 0x0000000F
[    5.964838] Interrupt Served: 	 Vector = 0x0000000F
[    5.967014] Interrupt Taken: 	 Vector = 0x0000000F
[    5.967100] Interrupt Served: 	 Vector = 0x0000000F
[    5.969057] Interrupt Taken: 	 Vector = 0x0000000F
[    5.969182] Interrupt Served: 	 Vector = 0x0000000F
[    5.970911] Interrupt Taken: 	 Vector = 0x0000000F
[    5.970981] Interrupt Served: 	 Vector = 0x0000000F
[    5.972724] Interrupt Taken: 	 Vector = 0x0000000F
[    5.972814] Interrupt Served: 	 Vector = 0x0000000F
[    5.974237] Interrupt Taken: 	 Vector = 0x0000000F
[    5.974283] Interrupt Served: 	 Vector = 0x0000000F
[    5.976177] Interrupt Taken: 	 Vector = 0x0000000F
[    5.976247] Interrupt Served: 	 Vector = 0x0000000F
[    5.978707] Interrupt Taken: 	 Vector = 0x0000000F
[    5.978836] Interrupt Served: 	 Vector = 0x0000000F
[    5.980873] Interrupt Taken: 	 Vector = 0x0000000F
[    5.980980] Interrupt Served: 	 Vector = 0x0000000F
[    5.983232] Interrupt Taken: 	 Vector = 0x0000000F
[    5.983399] Interrupt Served: 	 Vector = 0x0000000F
[    5.985308] Interrupt Taken: 	 Vector = 0x0000000F
[    5.985391] Interrupt Served: 	 Vector = 0x0000000F
[    5.987343] Interrupt Taken: 	 Vector = 0x0000000F
[    5.987413] Interrupt Served: 	 Vector = 0x0000000F
[    5.989465] Interrupt Taken: 	 Vector = 0x0000000F
[    5.989660] Interrupt Served: 	 Vector = 0x0000000F
[    5.991230] Interrupt Taken: 	 Vector = 0x0000000F
[    5.991293] Interrupt Served: 	 Vector = 0x0000000F
[    5.993110] Interrupt Taken: 	 Vector = 0x0000000F
[    5.993183] Interrupt Served: 	 Vector = 0x0000000F
[    5.995298] Interrupt Taken: 	 Vector = 0x0000000F
[    5.995406] Interrupt Served: 	 Vector = 0x0000000F
[    5.998963] Interrupt Taken: 	 Vector = 0x0000000F
[    5.999092] Interrupt Served: 	 Vector = 0x0000000F
[    6.001221] Interrupt Taken: 	 Vector = 0x0000000F
[    6.001319] Interrupt Served: 	 Vector = 0x0000000F
[    6.003120] Interrupt Taken: 	 Vector = 0x0000000F
[    6.003200] Interrupt Served: 	 Vector = 0x0000000F
[    6.005246] Interrupt Taken: 	 Vector = 0x0000000F
[    6.005334] Interrupt Served: 	 Vector = 0x0000000F
[    6.007387] Interrupt Taken: 	 Vector = 0x0000000F
[    6.007438] Interrupt Served: 	 Vector = 0x0000000F
[    6.009521] Interrupt Taken: 	 Vector = 0x0000000F
[    6.009606] Interrupt Served: 	 Vector = 0x0000000F
[    6.011885] Interrupt Taken: 	 Vector = 0x0000000F
[    6.011989] Interrupt Served: 	 Vector = 0x0000000F
[    6.014022] Interrupt Taken: 	 Vector = 0x0000000F
[    6.014142] Interrupt Served: 	 Vector = 0x0000000F
[    6.016510] Interrupt Taken: 	 Vector = 0x0000000F
[    6.016633] Interrupt Served: 	 Vector = 0x0000000F
[    6.018817] Interrupt Taken: 	 Vector = 0x0000000F
[    6.018997] Interrupt Served: 	 Vector = 0x0000000F
[    6.020548] Interrupt Taken: 	 Vector = 0x0000000F
[    6.020614] Interrupt Served: 	 Vector = 0x0000000F
[    6.022422] Interrupt Taken: 	 Vector = 0x0000000F
[    6.022522] Interrupt Served: 	 Vector = 0x0000000F
[    6.024112] Interrupt Taken: 	 Vector = 0x0000000F
[    6.024171] Interrupt Served: 	 Vector = 0x0000000F
[    6.026170] Interrupt Taken: 	 Vector = 0x0000000F
[    6.026285] Interrupt Served: 	 Vector = 0x0000000F
[    6.027990] Interrupt Taken: 	 Vector = 0x0000000F
[    6.028088] Interrupt Served: 	 Vector = 0x0000000F
[    6.030394] [passthrough] Read: 	 address = 0x40020414, size = 4 bytes, value = 0x00000001, pc=0x08000FF4 
[    6.030842] Interrupt Taken: 	 Vector = 0x0000000F
[    6.031066] Interrupt Served: 	 Vector = 0x0000000F
[    6.033941] Interrupt Taken: 	 Vector = 0x0000000F
[    6.034067] Interrupt Served: 	 Vector = 0x0000000F
[    6.036241] [passthrough] Write: 	 address = 0x40020418, size = 4 bytes, value = 0x00010000, pc=0x0800100C 
[    6.037140] Interrupt Taken: 	 Vector = 0x0000000F
[    6.037184] Interrupt Served: 	 Vector = 0x0000000F
[    6.039468] Interrupt Taken: 	 Vector = 0x0000000F
[    6.039525] Interrupt Served: 	 Vector = 0x0000000F
[    6.041357] Interrupt Taken: 	 Vector = 0x0000000F
[    6.041428] Interrupt Served: 	 Vector = 0x0000000F
[    6.044001] Interrupt Taken: 	 Vector = 0x0000000F
[    6.044156] Interrupt Served: 	 Vector = 0x0000000F
[    6.045844] Interrupt Taken: 	 Vector = 0x0000000F
[    6.045929] Interrupt Served: 	 Vector = 0x0000000F
[    6.047872] Interrupt Taken: 	 Vector = 0x0000000F
[    6.047959] Interrupt Served: 	 Vector = 0x0000000F
[    6.050509] Interrupt Taken: 	 Vector = 0x0000000F
[    6.050635] Interrupt Served: 	 Vector = 0x0000000F
[    6.053012] Interrupt Taken: 	 Vector = 0x0000000F
[    6.053167] Interrupt Served: 	 Vector = 0x0000000F
[    6.054870] Interrupt Taken: 	 Vector = 0x0000000F
[    6.054919] Interrupt Served: 	 Vector = 0x0000000F
[    6.056709] Interrupt Taken: 	 Vector = 0x0000000F
[    6.056769] Interrupt Served: 	 Vector = 0x0000000F
[    6.058749] Interrupt Taken: 	 Vector = 0x0000000F
[    6.058806] Interrupt Served: 	 Vector = 0x0000000F
[    6.060785] Interrupt Taken: 	 Vector = 0x0000000F
[    6.060865] Interrupt Served: 	 Vector = 0x0000000F
[    6.062928] Interrupt Taken: 	 Vector = 0x0000000F
[    6.063053] Interrupt Served: 	 Vector = 0x0000000F
[    6.065218] Interrupt Taken: 	 Vector = 0x0000000F
[    6.065338] Interrupt Served: 	 Vector = 0x0000000F
[    6.067606] Interrupt Taken: 	 Vector = 0x0000000F
[    6.067775] Interrupt Served: 	 Vector = 0x0000000F
[    6.069421] Interrupt Taken: 	 Vector = 0x0000000F
[    6.069496] Interrupt Served: 	 Vector = 0x0000000F
[    6.071625] Interrupt Taken: 	 Vector = 0x0000000F
[    6.071715] Interrupt Served: 	 Vector = 0x0000000F
[    6.073713] Interrupt Taken: 	 Vector = 0x0000000F
[    6.073785] Interrupt Served: 	 Vector = 0x0000000F
[    6.075585] Interrupt Taken: 	 Vector = 0x0000000F
[    6.075650] Interrupt Served: 	 Vector = 0x0000000F
[    6.077656] Interrupt Taken: 	 Vector = 0x0000000F
[    6.077750] Interrupt Served: 	 Vector = 0x0000000F
[    6.079951] Interrupt Taken: 	 Vector = 0x0000000F
[    6.080040] Interrupt Served: 	 Vector = 0x0000000F
[    6.082078] Interrupt Taken: 	 Vector = 0x0000000F
[    6.082251] Interrupt Served: 	 Vector = 0x0000000F
[    6.085123] Interrupt Taken: 	 Vector = 0x0000000F
[    6.085231] Interrupt Served: 	 Vector = 0x0000000F
[    6.087313] Interrupt Taken: 	 Vector = 0x0000000F
[    6.087386] Interrupt Served: 	 Vector = 0x0000000F
[    6.089398] Interrupt Taken: 	 Vector = 0x0000000F
[    6.089449] Interrupt Served: 	 Vector = 0x0000000F
[    6.091458] Interrupt Taken: 	 Vector = 0x0000000F
[    6.091535] Interrupt Served: 	 Vector = 0x0000000F
[    6.093498] Interrupt Taken: 	 Vector = 0x0000000F
[    6.093572] Interrupt Served: 	 Vector = 0x0000000F
[    6.095622] Interrupt Taken: 	 Vector = 0x0000000F
[    6.095739] Interrupt Served: 	 Vector = 0x0000000F
[    6.097818] Interrupt Taken: 	 Vector = 0x0000000F
[    6.097926] Interrupt Served: 	 Vector = 0x0000000F
[    6.100261] Interrupt Taken: 	 Vector = 0x0000000F
[    6.100397] Interrupt Served: 	 Vector = 0x0000000F
[    6.102722] Interrupt Taken: 	 Vector = 0x0000000F
[    6.102815] Interrupt Served: 	 Vector = 0x0000000F
[    6.105133] Interrupt Taken: 	 Vector = 0x0000000F
[    6.105213] Interrupt Served: 	 Vector = 0x0000000F
[    6.107023] Interrupt Taken: 	 Vector = 0x0000000F
[    6.107073] Interrupt Served: 	 Vector = 0x0000000F
[    6.108829] Interrupt Taken: 	 Vector = 0x0000000F
[    6.108881] Interrupt Served: 	 Vector = 0x0000000F
[    6.110640] Interrupt Taken: 	 Vector = 0x0000000F
[    6.110713] Interrupt Served: 	 Vector = 0x0000000F
[    6.112721] Interrupt Taken: 	 Vector = 0x0000000F
[    6.112847] Interrupt Served: 	 Vector = 0x0000000F
[    6.114945] Interrupt Taken: 	 Vector = 0x0000000F
[    6.115092] Interrupt Served: 	 Vector = 0x0000000F
[    6.117952] Interrupt Taken: 	 Vector = 0x0000000F
[    6.118087] Interrupt Served: 	 Vector = 0x0000000F
[    6.120157] Interrupt Taken: 	 Vector = 0x0000000F
[    6.120352] Interrupt Served: 	 Vector = 0x0000000F
[    6.121903] Interrupt Taken: 	 Vector = 0x0000000F
[    6.121956] Interrupt Served: 	 Vector = 0x0000000F
[    6.123807] Interrupt Taken: 	 Vector = 0x0000000F
[    6.123857] Interrupt Served: 	 Vector = 0x0000000F
[    6.125705] Interrupt Taken: 	 Vector = 0x0000000F
[    6.125754] Interrupt Served: 	 Vector = 0x0000000F
[    6.127777] Interrupt Taken: 	 Vector = 0x0000000F
[    6.127937] Interrupt Served: 	 Vector = 0x0000000F
[    6.129733] Interrupt Taken: 	 Vector = 0x0000000F
[    6.129837] Interrupt Served: 	 Vector = 0x0000000F
[    6.131999] Interrupt Taken: 	 Vector = 0x0000000F
[    6.132096] Interrupt Served: 	 Vector = 0x0000000F
[    6.134358] Interrupt Taken: 	 Vector = 0x0000000F
[    6.134559] Interrupt Served: 	 Vector = 0x0000000F
[    6.136267] Interrupt Taken: 	 Vector = 0x0000000F
[    6.136344] Interrupt Served: 	 Vector = 0x0000000F
[    6.138272] Interrupt Taken: 	 Vector = 0x0000000F
[    6.138354] Interrupt Served: 	 Vector = 0x0000000F
[    6.140268] Interrupt Taken: 	 Vector = 0x0000000F
[    6.140330] Interrupt Served: 	 Vector = 0x0000000F
[    6.142237] Interrupt Taken: 	 Vector = 0x0000000F
[    6.142327] Interrupt Served: 	 Vector = 0x0000000F
[    6.143918] Interrupt Taken: 	 Vector = 0x0000000F
[    6.143983] Interrupt Served: 	 Vector = 0x0000000F
[    6.146254] Interrupt Taken: 	 Vector = 0x0000000F
[    6.146379] Interrupt Served: 	 Vector = 0x0000000F
[    6.148535] Interrupt Taken: 	 Vector = 0x0000000F
[    6.148809] Interrupt Served: 	 Vector = 0x0000000F
[    6.150445] Interrupt Taken: 	 Vector = 0x0000000F
[    6.150556] Interrupt Served: 	 Vector = 0x0000000F
[    6.152645] Interrupt Taken: 	 Vector = 0x0000000F
[    6.152771] Interrupt Served: 	 Vector = 0x0000000F
[    6.154756] Interrupt Taken: 	 Vector = 0x0000000F
[    6.154820] Interrupt Served: 	 Vector = 0x0000000F
[    6.156648] Interrupt Taken: 	 Vector = 0x0000000F
[    6.156718] Interrupt Served: 	 Vector = 0x0000000F
[    6.158657] Interrupt Taken: 	 Vector = 0x0000000F
[    6.158749] Interrupt Served: 	 Vector = 0x0000000F
[    6.160756] Interrupt Taken: 	 Vector = 0x0000000F
[    6.160843] Interrupt Served: 	 Vector = 0x0000000F
[    6.162722] Interrupt Taken: 	 Vector = 0x0000000F
[    6.162806] Interrupt Served: 	 Vector = 0x0000000F
[    6.164868] Interrupt Taken: 	 Vector = 0x0000000F
[    6.164986] Interrupt Served: 	 Vector = 0x0000000F
[    6.167101] Interrupt Taken: 	 Vector = 0x0000000F
[    6.167246] Interrupt Served: 	 Vector = 0x0000000F
[    6.168943] Interrupt Taken: 	 Vector = 0x0000000F
[    6.169067] Interrupt Served: 	 Vector = 0x0000000F
[    6.171452] Interrupt Taken: 	 Vector = 0x0000000F
[    6.171554] Interrupt Served: 	 Vector = 0x0000000F
[    6.173567] Interrupt Taken: 	 Vector = 0x0000000F
[    6.173623] Interrupt Served: 	 Vector = 0x0000000F
[    6.175499] Interrupt Taken: 	 Vector = 0x0000000F
[    6.175558] Interrupt Served: 	 Vector = 0x0000000F
[    6.177989] Interrupt Taken: 	 Vector = 0x0000000F
[    6.178145] Interrupt Served: 	 Vector = 0x0000000F
[    6.179795] Interrupt Taken: 	 Vector = 0x0000000F
[    6.179887] Interrupt Served: 	 Vector = 0x0000000F
[    6.181827] Interrupt Taken: 	 Vector = 0x0000000F
[    6.181927] Interrupt Served: 	 Vector = 0x0000000F
[    6.184078] Interrupt Taken: 	 Vector = 0x0000000F
[    6.184159] Interrupt Served: 	 Vector = 0x0000000F
[    6.186059] Interrupt Taken: 	 Vector = 0x0000000F
[    6.186140] Interrupt Served: 	 Vector = 0x0000000F
[    6.188162] Interrupt Taken: 	 Vector = 0x0000000F
[    6.188254] Interrupt Served: 	 Vector = 0x0000000F
[    6.190179] Interrupt Taken: 	 Vector = 0x0000000F
[    6.190233] Interrupt Served: 	 Vector = 0x0000000F
[    6.192293] Interrupt Taken: 	 Vector = 0x0000000F
[    6.192366] Interrupt Served: 	 Vector = 0x0000000F
[    6.194778] Interrupt Taken: 	 Vector = 0x0000000F
[    6.194879] Interrupt Served: 	 Vector = 0x0000000F
[    6.197480] Interrupt Taken: 	 Vector = 0x0000000F
[    6.197654] Interrupt Served: 	 Vector = 0x0000000F
[    6.199458] Interrupt Taken: 	 Vector = 0x0000000F
[    6.199566] Interrupt Served: 	 Vector = 0x0000000F
[    6.201555] Interrupt Taken: 	 Vector = 0x0000000F
[    6.201727] Interrupt Served: 	 Vector = 0x0000000F
[    6.203353] Interrupt Taken: 	 Vector = 0x0000000F
[    6.203448] Interrupt Served: 	 Vector = 0x0000000F
[    6.205522] Interrupt Taken: 	 Vector = 0x0000000F
[    6.205658] Interrupt Served: 	 Vector = 0x0000000F
[    6.207454] Interrupt Taken: 	 Vector = 0x0000000F
[    6.207504] Interrupt Served: 	 Vector = 0x0000000F
[    6.209458] Interrupt Taken: 	 Vector = 0x0000000F
[    6.209504] Interrupt Served: 	 Vector = 0x0000000F
[    6.211475] Interrupt Taken: 	 Vector = 0x0000000F
[    6.211727] Interrupt Served: 	 Vector = 0x0000000F
[    6.213976] Interrupt Taken: 	 Vector = 0x0000000F
[    6.214054] Interrupt Served: 	 Vector = 0x0000000F
[    6.216479] Interrupt Taken: 	 Vector = 0x0000000F
[    6.216599] Interrupt Served: 	 Vector = 0x0000000F
[    6.218568] Interrupt Taken: 	 Vector = 0x0000000F
[    6.218660] Interrupt Served: 	 Vector = 0x0000000F
[    6.220654] Interrupt Taken: 	 Vector = 0x0000000F
[    6.220764] Interrupt Served: 	 Vector = 0x0000000F
[    6.222713] Interrupt Taken: 	 Vector = 0x0000000F
[    6.222784] Interrupt Served: 	 Vector = 0x0000000F
[    6.225079] Interrupt Taken: 	 Vector = 0x0000000F
[    6.225133] Interrupt Served: 	 Vector = 0x0000000F
[    6.227037] Interrupt Taken: 	 Vector = 0x0000000F
[    6.227427] Interrupt Served: 	 Vector = 0x0000000F
[    6.229507] Interrupt Taken: 	 Vector = 0x0000000F
[    6.229617] Interrupt Served: 	 Vector = 0x0000000F
[    6.231528] Interrupt Taken: 	 Vector = 0x0000000F
[    6.231622] Interrupt Served: 	 Vector = 0x0000000F
[    6.233724] Interrupt Taken: 	 Vector = 0x0000000F
[    6.233822] Interrupt Served: 	 Vector = 0x0000000F
[    6.235860] Interrupt Taken: 	 Vector = 0x0000000F
[    6.236019] Interrupt Served: 	 Vector = 0x0000000F
[    6.238225] Interrupt Taken: 	 Vector = 0x0000000F
[    6.238332] Interrupt Served: 	 Vector = 0x0000000F
[    6.240481] Interrupt Taken: 	 Vector = 0x0000000F
[    6.240568] Interrupt Served: 	 Vector = 0x0000000F
[    6.242704] Interrupt Taken: 	 Vector = 0x0000000F
[    6.242807] Interrupt Served: 	 Vector = 0x0000000F
[    6.244689] Interrupt Taken: 	 Vector = 0x0000000F
[    6.244768] Interrupt Served: 	 Vector = 0x0000000F
[    6.246872] Interrupt Taken: 	 Vector = 0x0000000F
[    6.247154] Interrupt Served: 	 Vector = 0x0000000F
[    6.248693] Interrupt Taken: 	 Vector = 0x0000000F
[    6.248775] Interrupt Served: 	 Vector = 0x0000000F
[    6.250960] Interrupt Taken: 	 Vector = 0x0000000F
[    6.251046] Interrupt Served: 	 Vector = 0x0000000F
[    6.252973] Interrupt Taken: 	 Vector = 0x0000000F
[    6.253059] Interrupt Served: 	 Vector = 0x0000000F
[    6.255497] Interrupt Taken: 	 Vector = 0x0000000F
[    6.255593] Interrupt Served: 	 Vector = 0x0000000F
[    6.257573] Interrupt Taken: 	 Vector = 0x0000000F
[    6.257633] Interrupt Served: 	 Vector = 0x0000000F
[    6.259983] Interrupt Taken: 	 Vector = 0x0000000F
[    6.260070] Interrupt Served: 	 Vector = 0x0000000F
[    6.262353] Interrupt Taken: 	 Vector = 0x0000000F
[    6.262500] Interrupt Served: 	 Vector = 0x0000000F
[    6.265906] Interrupt Taken: 	 Vector = 0x0000000F
[    6.266026] Interrupt Served: 	 Vector = 0x0000000F
[    6.268062] Interrupt Taken: 	 Vector = 0x0000000F
[    6.268152] Interrupt Served: 	 Vector = 0x0000000F
[    6.269984] Interrupt Taken: 	 Vector = 0x0000000F
[    6.270065] Interrupt Served: 	 Vector = 0x0000000F
[    6.272320] Interrupt Taken: 	 Vector = 0x0000000F
[    6.272426] Interrupt Served: 	 Vector = 0x0000000F
[    6.274594] Interrupt Taken: 	 Vector = 0x0000000F
[    6.274706] Interrupt Served: 	 Vector = 0x0000000F
[    6.276797] Interrupt Taken: 	 Vector = 0x0000000F
[    6.276882] Interrupt Served: 	 Vector = 0x0000000F
[    6.279191] Interrupt Taken: 	 Vector = 0x0000000F
[    6.279302] Interrupt Served: 	 Vector = 0x0000000F
[    6.281322] Interrupt Taken: 	 Vector = 0x0000000F
[    6.281436] Interrupt Served: 	 Vector = 0x0000000F
[    6.283582] Interrupt Taken: 	 Vector = 0x0000000F
[    6.283800] Interrupt Served: 	 Vector = 0x0000000F
[    6.285445] Interrupt Taken: 	 Vector = 0x0000000F
[    6.285523] Interrupt Served: 	 Vector = 0x0000000F
[    6.287621] Interrupt Taken: 	 Vector = 0x0000000F
[    6.287759] Interrupt Served: 	 Vector = 0x0000000F
[    6.289838] Interrupt Taken: 	 Vector = 0x0000000F
[    6.289929] Interrupt Served: 	 Vector = 0x0000000F
[    6.291850] Interrupt Taken: 	 Vector = 0x0000000F
[    6.291930] Interrupt Served: 	 Vector = 0x0000000F
[    6.294206] Interrupt Taken: 	 Vector = 0x0000000F
[    6.294300] Interrupt Served: 	 Vector = 0x0000000F
[    6.296500] Interrupt Taken: 	 Vector = 0x0000000F
[    6.296735] Interrupt Served: 	 Vector = 0x0000000F
[    6.298346] Interrupt Taken: 	 Vector = 0x0000000F
[    6.298439] Interrupt Served: 	 Vector = 0x0000000F
[    6.300656] Interrupt Taken: 	 Vector = 0x0000000F
[    6.300811] Interrupt Served: 	 Vector = 0x0000000F
[    6.302822] Interrupt Taken: 	 Vector = 0x0000000F
[    6.302900] Interrupt Served: 	 Vector = 0x0000000F
[    6.304707] Interrupt Taken: 	 Vector = 0x0000000F
[    6.304779] Interrupt Served: 	 Vector = 0x0000000F
[    6.306919] Interrupt Taken: 	 Vector = 0x0000000F
[    6.307045] Interrupt Served: 	 Vector = 0x0000000F
[    6.308559] Interrupt Taken: 	 Vector = 0x0000000F
[    6.308625] Interrupt Served: 	 Vector = 0x0000000F
[    6.310947] Interrupt Taken: 	 Vector = 0x0000000F
[    6.311029] Interrupt Served: 	 Vector = 0x0000000F
[    6.313874] Interrupt Taken: 	 Vector = 0x0000000F
[    6.314022] Interrupt Served: 	 Vector = 0x0000000F
[    6.315599] Interrupt Taken: 	 Vector = 0x0000000F
[    6.315743] Interrupt Served: 	 Vector = 0x0000000F
[    6.317900] Interrupt Taken: 	 Vector = 0x0000000F
[    6.317976] Interrupt Served: 	 Vector = 0x0000000F
[    6.319818] Interrupt Taken: 	 Vector = 0x0000000F
[    6.319892] Interrupt Served: 	 Vector = 0x0000000F
[    6.321841] Interrupt Taken: 	 Vector = 0x0000000F
[    6.321930] Interrupt Served: 	 Vector = 0x0000000F
[    6.323950] Interrupt Taken: 	 Vector = 0x0000000F
[    6.324045] Interrupt Served: 	 Vector = 0x0000000F
[    6.325888] Interrupt Taken: 	 Vector = 0x0000000F
[    6.325991] Interrupt Served: 	 Vector = 0x0000000F
[    6.328094] Interrupt Taken: 	 Vector = 0x0000000F
[    6.328193] Interrupt Served: 	 Vector = 0x0000000F
[    6.330166] Interrupt Taken: 	 Vector = 0x0000000F
[    6.330261] Interrupt Served: 	 Vector = 0x0000000F
[    6.332292] Interrupt Taken: 	 Vector = 0x0000000F
[    6.332639] Interrupt Served: 	 Vector = 0x0000000F
[    6.334317] Interrupt Taken: 	 Vector = 0x0000000F
[    6.334415] Interrupt Served: 	 Vector = 0x0000000F
[    6.336331] Interrupt Taken: 	 Vector = 0x0000000F
[    6.336383] Interrupt Served: 	 Vector = 0x0000000F
[    6.338476] Interrupt Taken: 	 Vector = 0x0000000F
[    6.338560] Interrupt Served: 	 Vector = 0x0000000F
[    6.340588] Interrupt Taken: 	 Vector = 0x0000000F
[    6.340703] Interrupt Served: 	 Vector = 0x0000000F
[    6.342640] Interrupt Taken: 	 Vector = 0x0000000F
[    6.342719] Interrupt Served: 	 Vector = 0x0000000F
[    6.345034] Interrupt Taken: 	 Vector = 0x0000000F
[    6.345135] Interrupt Served: 	 Vector = 0x0000000F
[    6.347143] Interrupt Taken: 	 Vector = 0x0000000F
[    6.347224] Interrupt Served: 	 Vector = 0x0000000F
[    6.349217] Interrupt Taken: 	 Vector = 0x0000000F
[    6.349336] Interrupt Served: 	 Vector = 0x0000000F
[    6.351148] Interrupt Taken: 	 Vector = 0x0000000F
[    6.351216] Interrupt Served: 	 Vector = 0x0000000F
[    6.353292] Interrupt Taken: 	 Vector = 0x0000000F
[    6.353383] Interrupt Served: 	 Vector = 0x0000000F
[    6.354925] Interrupt Taken: 	 Vector = 0x0000000F
[    6.354979] Interrupt Served: 	 Vector = 0x0000000F
[    6.356959] Interrupt Taken: 	 Vector = 0x0000000F
[    6.357053] Interrupt Served: 	 Vector = 0x0000000F
[    6.359432] Interrupt Taken: 	 Vector = 0x0000000F
[    6.359540] Interrupt Served: 	 Vector = 0x0000000F
[    6.361500] Interrupt Taken: 	 Vector = 0x0000000F
[    6.361584] Interrupt Served: 	 Vector = 0x0000000F
[    6.363601] Interrupt Taken: 	 Vector = 0x0000000F
[    6.363791] Interrupt Served: 	 Vector = 0x0000000F
[    6.365538] Interrupt Taken: 	 Vector = 0x0000000F
[    6.365626] Interrupt Served: 	 Vector = 0x0000000F
[    6.367542] Interrupt Taken: 	 Vector = 0x0000000F
[    6.367731] Interrupt Served: 	 Vector = 0x0000000F
[    6.369348] Interrupt Taken: 	 Vector = 0x0000000F
[    6.369417] Interrupt Served: 	 Vector = 0x0000000F
[    6.371323] Interrupt Taken: 	 Vector = 0x0000000F
[    6.371372] Interrupt Served: 	 Vector = 0x0000000F
[    6.373302] Interrupt Taken: 	 Vector = 0x0000000F
[    6.373359] Interrupt Served: 	 Vector = 0x0000000F
[    6.375410] Interrupt Taken: 	 Vector = 0x0000000F
[    6.375525] Interrupt Served: 	 Vector = 0x0000000F
[    6.377510] Interrupt Taken: 	 Vector = 0x0000000F
[    6.377609] Interrupt Served: 	 Vector = 0x0000000F
[    6.379629] Interrupt Taken: 	 Vector = 0x0000000F
[    6.379741] Interrupt Served: 	 Vector = 0x0000000F
[    6.381819] Interrupt Taken: 	 Vector = 0x0000000F
[    6.381898] Interrupt Served: 	 Vector = 0x0000000F
[    6.383886] Interrupt Taken: 	 Vector = 0x0000000F
[    6.384015] Interrupt Served: 	 Vector = 0x0000000F
[    6.386251] Interrupt Taken: 	 Vector = 0x0000000F
[    6.386351] Interrupt Served: 	 Vector = 0x0000000F
[    6.388471] Interrupt Taken: 	 Vector = 0x0000000F
[    6.388546] Interrupt Served: 	 Vector = 0x0000000F
[    6.390411] Interrupt Taken: 	 Vector = 0x0000000F
[    6.390473] Interrupt Served: 	 Vector = 0x0000000F
[    6.393434] Interrupt Taken: 	 Vector = 0x0000000F
[    6.393537] Interrupt Served: 	 Vector = 0x0000000F
[    6.395399] Interrupt Taken: 	 Vector = 0x0000000F
[    6.395467] Interrupt Served: 	 Vector = 0x0000000F
[    6.397291] Interrupt Taken: 	 Vector = 0x0000000F
[    6.397411] Interrupt Served: 	 Vector = 0x0000000F
[    6.399192] Interrupt Taken: 	 Vector = 0x0000000F
[    6.399286] Interrupt Served: 	 Vector = 0x0000000F
[    6.401214] Interrupt Taken: 	 Vector = 0x0000000F
[    6.401430] Interrupt Served: 	 Vector = 0x0000000F
[    6.403176] Interrupt Taken: 	 Vector = 0x0000000F
[    6.403268] Interrupt Served: 	 Vector = 0x0000000F
[    6.405186] Interrupt Taken: 	 Vector = 0x0000000F
[    6.405245] Interrupt Served: 	 Vector = 0x0000000F
[    6.407243] Interrupt Taken: 	 Vector = 0x0000000F
[    6.407309] Interrupt Served: 	 Vector = 0x0000000F
[    6.409390] Interrupt Taken: 	 Vector = 0x0000000F
[    6.409552] Interrupt Served: 	 Vector = 0x0000000F
[    6.411219] Interrupt Taken: 	 Vector = 0x0000000F
[    6.411318] Interrupt Served: 	 Vector = 0x0000000F
[    6.413614] Interrupt Taken: 	 Vector = 0x0000000F
[    6.413744] Interrupt Served: 	 Vector = 0x0000000F
[    6.415663] Interrupt Taken: 	 Vector = 0x0000000F
[    6.415928] Interrupt Served: 	 Vector = 0x0000000F
[    6.417810] Interrupt Taken: 	 Vector = 0x0000000F
[    6.417911] Interrupt Served: 	 Vector = 0x0000000F
[    6.419789] Interrupt Taken: 	 Vector = 0x0000000F
[    6.419863] Interrupt Served: 	 Vector = 0x0000000F
[    6.421806] Interrupt Taken: 	 Vector = 0x0000000F
[    6.421876] Interrupt Served: 	 Vector = 0x0000000F
[    6.423615] Interrupt Taken: 	 Vector = 0x0000000F
[    6.423743] Interrupt Served: 	 Vector = 0x0000000F
[    6.425326] Interrupt Taken: 	 Vector = 0x0000000F
[    6.425406] Interrupt Served: 	 Vector = 0x0000000F
[    6.427912] Interrupt Taken: 	 Vector = 0x0000000F
[    6.428046] Interrupt Served: 	 Vector = 0x0000000F
[    6.430288] Interrupt Taken: 	 Vector = 0x0000000F
[    6.430427] Interrupt Served: 	 Vector = 0x0000000F
[    6.432022] Interrupt Taken: 	 Vector = 0x0000000F
[    6.432086] Interrupt Served: 	 Vector = 0x0000000F
[    6.434381] Interrupt Taken: 	 Vector = 0x0000000F
[    6.434529] Interrupt Served: 	 Vector = 0x0000000F
[    6.436167] Interrupt Taken: 	 Vector = 0x0000000F
[    6.436229] Interrupt Served: 	 Vector = 0x0000000F
[    6.438263] Interrupt Taken: 	 Vector = 0x0000000F
[    6.438314] Interrupt Served: 	 Vector = 0x0000000F
[    6.440209] Interrupt Taken: 	 Vector = 0x0000000F
[    6.440273] Interrupt Served: 	 Vector = 0x0000000F
[    6.442195] Interrupt Taken: 	 Vector = 0x0000000F
[    6.442270] Interrupt Served: 	 Vector = 0x0000000F
[    6.444722] Interrupt Taken: 	 Vector = 0x0000000F
[    6.444826] Interrupt Served: 	 Vector = 0x0000000F
[    6.447383] Interrupt Taken: 	 Vector = 0x0000000F
[    6.447482] Interrupt Served: 	 Vector = 0x0000000F
[    6.449630] Interrupt Taken: 	 Vector = 0x0000000F
[    6.449765] Interrupt Served: 	 Vector = 0x0000000F
[    6.451818] Interrupt Taken: 	 Vector = 0x0000000F
[    6.451974] Interrupt Served: 	 Vector = 0x0000000F
[    6.453683] Interrupt Taken: 	 Vector = 0x0000000F
[    6.453758] Interrupt Served: 	 Vector = 0x0000000F
[    6.455590] Interrupt Taken: 	 Vector = 0x0000000F
[    6.455762] Interrupt Served: 	 Vector = 0x0000000F
[    6.457191] Interrupt Taken: 	 Vector = 0x0000000F
[    6.457237] Interrupt Served: 	 Vector = 0x0000000F
[    6.459032] Interrupt Taken: 	 Vector = 0x0000000F
[    6.459127] Interrupt Served: 	 Vector = 0x0000000F
[    6.461276] Interrupt Taken: 	 Vector = 0x0000000F
[    6.461464] Interrupt Served: 	 Vector = 0x0000000F
[    6.463877] Interrupt Taken: 	 Vector = 0x0000000F
[    6.463982] Interrupt Served: 	 Vector = 0x0000000F
[    6.466005] Interrupt Taken: 	 Vector = 0x0000000F
[    6.466103] Interrupt Served: 	 Vector = 0x0000000F
[    6.468334] [passthrough] Read: 	 address = 0x40020414, size = 4 bytes, value = 0x00000000, pc=0x08000FF4 
[    6.468789] Interrupt Taken: 	 Vector = 0x0000000F
[    6.468922] Interrupt Served: 	 Vector = 0x0000000F
[    6.470530] Interrupt Taken: 	 Vector = 0x0000000F
[    6.470591] Interrupt Served: 	 Vector = 0x0000000F
[    6.472716] [passthrough] Write: 	 address = 0x40020418, size = 4 bytes, value = 0x00000001, pc=0x0800100C 
[    6.473716] Interrupt Taken: 	 Vector = 0x0000000F
[    6.473791] Interrupt Served: 	 Vector = 0x0000000F
[    6.475640] Interrupt Taken: 	 Vector = 0x0000000F
[    6.475732] Interrupt Served: 	 Vector = 0x0000000F
[    6.477617] Interrupt Taken: 	 Vector = 0x0000000F
[    6.477724] Interrupt Served: 	 Vector = 0x0000000F
[    6.480437] Interrupt Taken: 	 Vector = 0x0000000F
[    6.480581] Interrupt Served: 	 Vector = 0x0000000F
[    6.482708] Interrupt Taken: 	 Vector = 0x0000000F
[    6.482813] Interrupt Served: 	 Vector = 0x0000000F
[    6.485003] Interrupt Taken: 	 Vector = 0x0000000F
[    6.485196] Interrupt Served: 	 Vector = 0x0000000F
[    6.486704] Interrupt Taken: 	 Vector = 0x0000000F
[    6.486761] Interrupt Served: 	 Vector = 0x0000000F
[    6.488616] Interrupt Taken: 	 Vector = 0x0000000F
[    6.488685] Interrupt Served: 	 Vector = 0x0000000F
[    6.490662] Interrupt Taken: 	 Vector = 0x0000000F
[    6.490797] Interrupt Served: 	 Vector = 0x0000000F
[    6.492372] Interrupt Taken: 	 Vector = 0x0000000F
[    6.492437] Interrupt Served: 	 Vector = 0x0000000F
[    6.494637] Interrupt Taken: 	 Vector = 0x0000000F
[    6.494747] Interrupt Served: 	 Vector = 0x0000000F
[    6.497770] Interrupt Taken: 	 Vector = 0x0000000F
[    6.497893] Interrupt Served: 	 Vector = 0x0000000F
[    6.499986] Interrupt Taken: 	 Vector = 0x0000000F
[    6.500082] Interrupt Served: 	 Vector = 0x0000000F
[    6.502324] Interrupt Taken: 	 Vector = 0x0000000F
[    6.502481] Interrupt Served: 	 Vector = 0x0000000F
[    6.504073] Interrupt Taken: 	 Vector = 0x0000000F
[    6.504134] Interrupt Served: 	 Vector = 0x0000000F
[    6.506346] Interrupt Taken: 	 Vector = 0x0000000F
[    6.506455] Interrupt Served: 	 Vector = 0x0000000F
[    6.508111] Interrupt Taken: 	 Vector = 0x0000000F
[    6.508181] Interrupt Served: 	 Vector = 0x0000000F
[    6.510193] Interrupt Taken: 	 Vector = 0x0000000F
[    6.510280] Interrupt Served: 	 Vector = 0x0000000F
[    6.513413] Interrupt Taken: 	 Vector = 0x0000000F
[    6.513696] Interrupt Served: 	 Vector = 0x0000000F
[    6.515829] Interrupt Taken: 	 Vector = 0x0000000F
[    6.515943] Interrupt Served: 	 Vector = 0x0000000F
[    6.518263] Interrupt Taken: 	 Vector = 0x0000000F
[    6.518340] Interrupt Served: 	 Vector = 0x0000000F
[    6.520129] Interrupt Taken: 	 Vector = 0x0000000F
[    6.520176] Interrupt Served: 	 Vector = 0x0000000F
[    6.522219] Interrupt Taken: 	 Vector = 0x0000000F
[    6.522267] Interrupt Served: 	 Vector = 0x0000000F
[    6.524109] Interrupt Taken: 	 Vector = 0x0000000F
[    6.524158] Interrupt Served: 	 Vector = 0x0000000F
[    6.526210] Interrupt Taken: 	 Vector = 0x0000000F
[    6.526298] Interrupt Served: 	 Vector = 0x0000000F
[    6.528456] Interrupt Taken: 	 Vector = 0x0000000F
[    6.528637] Interrupt Served: 	 Vector = 0x0000000F
[    6.530359] Interrupt Taken: 	 Vector = 0x0000000F
[    6.530486] Interrupt Served: 	 Vector = 0x0000000F
[    6.533396] Interrupt Taken: 	 Vector = 0x0000000F
[    6.533501] Interrupt Served: 	 Vector = 0x0000000F
[    6.535502] Interrupt Taken: 	 Vector = 0x0000000F
[    6.535684] Interrupt Served: 	 Vector = 0x0000000F
[    6.537220] Interrupt Taken: 	 Vector = 0x0000000F
[    6.537272] Interrupt Served: 	 Vector = 0x0000000F
[    6.539323] Interrupt Taken: 	 Vector = 0x0000000F
[    6.539394] Interrupt Served: 	 Vector = 0x0000000F
[    6.541080] Interrupt Taken: 	 Vector = 0x0000000F
[    6.541183] Interrupt Served: 	 Vector = 0x0000000F
[    6.542658] Interrupt Taken: 	 Vector = 0x0000000F
[    6.542733] Interrupt Served: 	 Vector = 0x0000000F
[    6.544838] Interrupt Taken: 	 Vector = 0x0000000F
[    6.544950] Interrupt Served: 	 Vector = 0x0000000F
[    6.547147] Interrupt Taken: 	 Vector = 0x0000000F
[    6.547271] Interrupt Served: 	 Vector = 0x0000000F
[    6.550193] Interrupt Taken: 	 Vector = 0x0000000F
[    6.550440] Interrupt Served: 	 Vector = 0x0000000F
[    6.552145] Interrupt Taken: 	 Vector = 0x0000000F
[    6.552217] Interrupt Served: 	 Vector = 0x0000000F
[    6.554399] Interrupt Taken: 	 Vector = 0x0000000F
[    6.554476] Interrupt Served: 	 Vector = 0x0000000F
[    6.556385] Interrupt Taken: 	 Vector = 0x0000000F
[    6.556448] Interrupt Served: 	 Vector = 0x0000000F
[    6.558355] Interrupt Taken: 	 Vector = 0x0000000F
[    6.558444] Interrupt Served: 	 Vector = 0x0000000F
[    6.560183] Interrupt Taken: 	 Vector = 0x0000000F
[    6.560261] Interrupt Served: 	 Vector = 0x0000000F
[    6.562322] Interrupt Taken: 	 Vector = 0x0000000F
[    6.562456] Interrupt Served: 	 Vector = 0x0000000F
[    6.563980] Interrupt Taken: 	 Vector = 0x0000000F
[    6.564047] Interrupt Served: 	 Vector = 0x0000000F
[    6.566655] Interrupt Taken: 	 Vector = 0x0000000F
[    6.566866] Interrupt Served: 	 Vector = 0x0000000F
[    6.569033] Interrupt Taken: 	 Vector = 0x0000000F
[    6.569162] Interrupt Served: 	 Vector = 0x0000000F
[    6.570637] Interrupt Taken: 	 Vector = 0x0000000F
[    6.570717] Interrupt Served: 	 Vector = 0x0000000F
[    6.572544] Interrupt Taken: 	 Vector = 0x0000000F
[    6.572640] Interrupt Served: 	 Vector = 0x0000000F
[    6.574204] Interrupt Taken: 	 Vector = 0x0000000F
[    6.574262] Interrupt Served: 	 Vector = 0x0000000F
[    6.576092] Interrupt Taken: 	 Vector = 0x0000000F
[    6.576158] Interrupt Served: 	 Vector = 0x0000000F
[    6.577979] Interrupt Taken: 	 Vector = 0x0000000F
[    6.578054] Interrupt Served: 	 Vector = 0x0000000F
[    6.580079] Interrupt Taken: 	 Vector = 0x0000000F
[    6.580220] Interrupt Served: 	 Vector = 0x0000000F
[    6.581811] Interrupt Taken: 	 Vector = 0x0000000F
[    6.581899] Interrupt Served: 	 Vector = 0x0000000F
[    6.584564] Interrupt Taken: 	 Vector = 0x0000000F
[    6.584835] Interrupt Served: 	 Vector = 0x0000000F
[    6.586389] Interrupt Taken: 	 Vector = 0x0000000F
[    6.586470] Interrupt Served: 	 Vector = 0x0000000F
[    6.588461] Interrupt Taken: 	 Vector = 0x0000000F
[    6.588538] Interrupt Served: 	 Vector = 0x0000000F
[    6.590446] Interrupt Taken: 	 Vector = 0x0000000F
[    6.590524] Interrupt Served: 	 Vector = 0x0000000F
[    6.592386] Interrupt Taken: 	 Vector = 0x0000000F
[    6.592455] Interrupt Served: 	 Vector = 0x0000000F
[    6.594356] Interrupt Taken: 	 Vector = 0x0000000F
[    6.594474] Interrupt Served: 	 Vector = 0x0000000F
[    6.596044] Interrupt Taken: 	 Vector = 0x0000000F
[    6.596142] Interrupt Served: 	 Vector = 0x0000000F
[    6.598321] Interrupt Taken: 	 Vector = 0x0000000F
[    6.598405] Interrupt Served: 	 Vector = 0x0000000F
[    6.601412] Interrupt Taken: 	 Vector = 0x0000000F
[    6.601554] Interrupt Served: 	 Vector = 0x0000000F
[    6.603888] Interrupt Taken: 	 Vector = 0x0000000F
[    6.603991] Interrupt Served: 	 Vector = 0x0000000F
[    6.605990] Interrupt Taken: 	 Vector = 0x0000000F
[    6.606057] Interrupt Served: 	 Vector = 0x0000000F
[    6.608008] Interrupt Taken: 	 Vector = 0x0000000F
[    6.608100] Interrupt Served: 	 Vector = 0x0000000F
[    6.609890] Interrupt Taken: 	 Vector = 0x0000000F
[    6.609958] Interrupt Served: 	 Vector = 0x0000000F
[    6.611826] Interrupt Taken: 	 Vector = 0x0000000F
[    6.611914] Interrupt Served: 	 Vector = 0x0000000F
[    6.613797] Interrupt Taken: 	 Vector = 0x0000000F
[    6.613858] Interrupt Served: 	 Vector = 0x0000000F
[    6.615768] Interrupt Taken: 	 Vector = 0x0000000F
[    6.615872] Interrupt Served: 	 Vector = 0x0000000F
[    6.618275] Interrupt Taken: 	 Vector = 0x0000000F
[    6.618389] Interrupt Served: 	 Vector = 0x0000000F
[    6.620520] Interrupt Taken: 	 Vector = 0x0000000F
[    6.620630] Interrupt Served: 	 Vector = 0x0000000F
[    6.622270] Interrupt Taken: 	 Vector = 0x0000000F
[    6.622317] Interrupt Served: 	 Vector = 0x0000000F
[    6.624234] Interrupt Taken: 	 Vector = 0x0000000F
[    6.624279] Interrupt Served: 	 Vector = 0x0000000F
[    6.626342] Interrupt Taken: 	 Vector = 0x0000000F
[    6.626416] Interrupt Served: 	 Vector = 0x0000000F
[    6.628446] Interrupt Taken: 	 Vector = 0x0000000F
[    6.628524] Interrupt Served: 	 Vector = 0x0000000F
[    6.630485] Interrupt Taken: 	 Vector = 0x0000000F
[    6.630638] Interrupt Served: 	 Vector = 0x0000000F
[    6.632504] Interrupt Taken: 	 Vector = 0x0000000F
[    6.632637] Interrupt Served: 	 Vector = 0x0000000F
[    6.634733] Interrupt Taken: 	 Vector = 0x0000000F
[    6.634887] Interrupt Served: 	 Vector = 0x0000000F
[    6.637043] Interrupt Taken: 	 Vector = 0x0000000F
[    6.637123] Interrupt Served: 	 Vector = 0x0000000F
[    6.639306] Interrupt Taken: 	 Vector = 0x0000000F
[    6.639383] Interrupt Served: 	 Vector = 0x0000000F
[    6.641296] Interrupt Taken: 	 Vector = 0x0000000F
[    6.641460] Interrupt Served: 	 Vector = 0x0000000F
[    6.642960] Interrupt Taken: 	 Vector = 0x0000000F
[    6.643023] Interrupt Served: 	 Vector = 0x0000000F
[    6.645317] Interrupt Taken: 	 Vector = 0x0000000F
[    6.645426] Interrupt Served: 	 Vector = 0x0000000F
[    6.647482] Interrupt Taken: 	 Vector = 0x0000000F
[    6.648150] Interrupt Served: 	 Vector = 0x0000000F
[    6.650131] Interrupt Taken: 	 Vector = 0x0000000F
[    6.650230] Interrupt Served: 	 Vector = 0x0000000F
[    6.652473] Interrupt Taken: 	 Vector = 0x0000000F
[    6.652588] Interrupt Served: 	 Vector = 0x0000000F
[    6.654502] Interrupt Taken: 	 Vector = 0x0000000F
[    6.654597] Interrupt Served: 	 Vector = 0x0000000F
[    6.656554] Interrupt Taken: 	 Vector = 0x0000000F
[    6.656723] Interrupt Served: 	 Vector = 0x0000000F
[    6.658267] Interrupt Taken: 	 Vector = 0x0000000F
[    6.658326] Interrupt Served: 	 Vector = 0x0000000F
[    6.660534] Interrupt Taken: 	 Vector = 0x0000000F
[    6.660616] Interrupt Served: 	 Vector = 0x0000000F
[    6.662753] Interrupt Taken: 	 Vector = 0x0000000F
[    6.662846] Interrupt Served: 	 Vector = 0x0000000F
[    6.664796] Interrupt Taken: 	 Vector = 0x0000000F
[    6.664910] Interrupt Served: 	 Vector = 0x0000000F
[    6.666504] Interrupt Taken: 	 Vector = 0x0000000F
[    6.666608] Interrupt Served: 	 Vector = 0x0000000F
[    6.668858] Interrupt Taken: 	 Vector = 0x0000000F
[    6.669044] Interrupt Served: 	 Vector = 0x0000000F
[    6.670660] Interrupt Taken: 	 Vector = 0x0000000F
[    6.670760] Interrupt Served: 	 Vector = 0x0000000F
[    6.672570] Interrupt Taken: 	 Vector = 0x0000000F
[    6.672643] Interrupt Served: 	 Vector = 0x0000000F
[    6.674503] Interrupt Taken: 	 Vector = 0x0000000F
[    6.674573] Interrupt Served: 	 Vector = 0x0000000F
[    6.676621] Interrupt Taken: 	 Vector = 0x0000000F
[    6.676713] Interrupt Served: 	 Vector = 0x0000000F
[    6.678707] Interrupt Taken: 	 Vector = 0x0000000F
[    6.678800] Interrupt Served: 	 Vector = 0x0000000F
[    6.680784] Interrupt Taken: 	 Vector = 0x0000000F
[    6.680874] Interrupt Served: 	 Vector = 0x0000000F
[    6.683118] Interrupt Taken: 	 Vector = 0x0000000F
[    6.683294] Interrupt Served: 	 Vector = 0x0000000F
[    6.685079] Interrupt Taken: 	 Vector = 0x0000000F
[    6.685171] Interrupt Served: 	 Vector = 0x0000000F
[    6.687315] Interrupt Taken: 	 Vector = 0x0000000F
[    6.687450] Interrupt Served: 	 Vector = 0x0000000F
[    6.689521] Interrupt Taken: 	 Vector = 0x0000000F
[    6.689594] Interrupt Served: 	 Vector = 0x0000000F
[    6.691798] Interrupt Taken: 	 Vector = 0x0000000F
[    6.691871] Interrupt Served: 	 Vector = 0x0000000F
[    6.693728] Interrupt Taken: 	 Vector = 0x0000000F
[    6.693806] Interrupt Served: 	 Vector = 0x0000000F
[    6.695985] Interrupt Taken: 	 Vector = 0x0000000F
[    6.696087] Interrupt Served: 	 Vector = 0x0000000F
[    6.698057] Interrupt Taken: 	 Vector = 0x0000000F
[    6.698141] Interrupt Served: 	 Vector = 0x0000000F
[    6.700201] Interrupt Taken: 	 Vector = 0x0000000F
[    6.700430] Interrupt Served: 	 Vector = 0x0000000F
[    6.702188] Interrupt Taken: 	 Vector = 0x0000000F
[    6.702276] Interrupt Served: 	 Vector = 0x0000000F
[    6.704391] Interrupt Taken: 	 Vector = 0x0000000F
[    6.704549] Interrupt Served: 	 Vector = 0x0000000F
[    6.706124] Interrupt Taken: 	 Vector = 0x0000000F
[    6.706201] Interrupt Served: 	 Vector = 0x0000000F
[    6.708506] Interrupt Taken: 	 Vector = 0x0000000F
[    6.708631] Interrupt Served: 	 Vector = 0x0000000F
[    6.710230] Interrupt Taken: 	 Vector = 0x0000000F
[    6.710300] Interrupt Served: 	 Vector = 0x0000000F
[    6.712305] Interrupt Taken: 	 Vector = 0x0000000F
[    6.712395] Interrupt Served: 	 Vector = 0x0000000F
[    6.714370] Interrupt Taken: 	 Vector = 0x0000000F
[    6.714486] Interrupt Served: 	 Vector = 0x0000000F
[    6.716582] Interrupt Taken: 	 Vector = 0x0000000F
[    6.716812] Interrupt Served: 	 Vector = 0x0000000F
[    6.718441] Interrupt Taken: 	 Vector = 0x0000000F
[    6.718538] Interrupt Served: 	 Vector = 0x0000000F
[    6.720870] Interrupt Taken: 	 Vector = 0x0000000F
[    6.721017] Interrupt Served: 	 Vector = 0x0000000F
[    6.723151] Interrupt Taken: 	 Vector = 0x0000000F
[    6.723220] Interrupt Served: 	 Vector = 0x0000000F
[    6.725131] Interrupt Taken: 	 Vector = 0x0000000F
[    6.725176] Interrupt Served: 	 Vector = 0x0000000F
[    6.727331] Interrupt Taken: 	 Vector = 0x0000000F
[    6.727431] Interrupt Served: 	 Vector = 0x0000000F
[    6.729467] Interrupt Taken: 	 Vector = 0x0000000F
[    6.729588] Interrupt Served: 	 Vector = 0x0000000F
[    6.731770] Interrupt Taken: 	 Vector = 0x0000000F
[    6.731896] Interrupt Served: 	 Vector = 0x0000000F
[    6.733428] Interrupt Taken: 	 Vector = 0x0000000F
[    6.733526] Interrupt Served: 	 Vector = 0x0000000F
[    6.735706] Interrupt Taken: 	 Vector = 0x0000000F
[    6.735822] Interrupt Served: 	 Vector = 0x0000000F
[    6.737991] Interrupt Taken: 	 Vector = 0x0000000F
[    6.738087] Interrupt Served: 	 Vector = 0x0000000F
[    6.740265] Interrupt Taken: 	 Vector = 0x0000000F
[    6.740426] Interrupt Served: 	 Vector = 0x0000000F
[    6.742145] Interrupt Taken: 	 Vector = 0x0000000F
[    6.742207] Interrupt Served: 	 Vector = 0x0000000F
[    6.744169] Interrupt Taken: 	 Vector = 0x0000000F
[    6.744250] Interrupt Served: 	 Vector = 0x0000000F
[    6.746258] Interrupt Taken: 	 Vector = 0x0000000F
[    6.746441] Interrupt Served: 	 Vector = 0x0000000F
[    6.748100] Interrupt Taken: 	 Vector = 0x0000000F
[    6.748189] Interrupt Served: 	 Vector = 0x0000000F
[    6.750371] Interrupt Taken: 	 Vector = 0x0000000F
[    6.750466] Interrupt Served: 	 Vector = 0x0000000F
[    6.752477] Interrupt Taken: 	 Vector = 0x0000000F
[    6.752555] Interrupt Served: 	 Vector = 0x0000000F
[    6.754714] Interrupt Taken: 	 Vector = 0x0000000F
[    6.754791] Interrupt Served: 	 Vector = 0x0000000F
[    6.756930] Interrupt Taken: 	 Vector = 0x0000000F
[    6.757068] Interrupt Served: 	 Vector = 0x0000000F
[    6.758708] Interrupt Taken: 	 Vector = 0x0000000F
[    6.758773] Interrupt Served: 	 Vector = 0x0000000F
[    6.760655] Interrupt Taken: 	 Vector = 0x0000000F
[    6.760807] Interrupt Served: 	 Vector = 0x0000000F
[    6.762455] Interrupt Taken: 	 Vector = 0x0000000F
[    6.762575] Interrupt Served: 	 Vector = 0x0000000F
[    6.765468] Interrupt Taken: 	 Vector = 0x0000000F
[    6.765610] Interrupt Served: 	 Vector = 0x0000000F
[    6.767174] Interrupt Taken: 	 Vector = 0x0000000F
[    6.767268] Interrupt Served: 	 Vector = 0x0000000F
[    6.769151] Interrupt Taken: 	 Vector = 0x0000000F
[    6.769220] Interrupt Served: 	 Vector = 0x0000000F
[    6.771479] Interrupt Taken: 	 Vector = 0x0000000F
[    6.771566] Interrupt Served: 	 Vector = 0x0000000F
[    6.773604] Interrupt Taken: 	 Vector = 0x0000000F
[    6.773726] Interrupt Served: 	 Vector = 0x0000000F
[    6.775598] Interrupt Taken: 	 Vector = 0x0000000F
[    6.775661] Interrupt Served: 	 Vector = 0x0000000F
[    6.777498] Interrupt Taken: 	 Vector = 0x0000000F
[    6.777821] Interrupt Served: 	 Vector = 0x0000000F
[    6.779502] Interrupt Taken: 	 Vector = 0x0000000F
[    6.779587] Interrupt Served: 	 Vector = 0x0000000F
[    6.781798] Interrupt Taken: 	 Vector = 0x0000000F
[    6.781883] Interrupt Served: 	 Vector = 0x0000000F
[    6.783883] Interrupt Taken: 	 Vector = 0x0000000F
[    6.784042] Interrupt Served: 	 Vector = 0x0000000F
[    6.785569] Interrupt Taken: 	 Vector = 0x0000000F
[    6.785626] Interrupt Served: 	 Vector = 0x0000000F
[    6.787337] Interrupt Taken: 	 Vector = 0x0000000F
[    6.787387] Interrupt Served: 	 Vector = 0x0000000F
[    6.789588] Interrupt Taken: 	 Vector = 0x0000000F
[    6.789699] Interrupt Served: 	 Vector = 0x0000000F
[    6.791706] Interrupt Taken: 	 Vector = 0x0000000F
[    6.791780] Interrupt Served: 	 Vector = 0x0000000F
[    6.793805] Interrupt Taken: 	 Vector = 0x0000000F
[    6.793898] Interrupt Served: 	 Vector = 0x0000000F
[    6.795983] Interrupt Taken: 	 Vector = 0x0000000F
[    6.796159] Interrupt Served: 	 Vector = 0x0000000F
[    6.797735] Interrupt Taken: 	 Vector = 0x0000000F
[    6.797818] Interrupt Served: 	 Vector = 0x0000000F
[    6.799917] Interrupt Taken: 	 Vector = 0x0000000F
[    6.800018] Interrupt Served: 	 Vector = 0x0000000F
[    6.801976] Interrupt Taken: 	 Vector = 0x0000000F
[    6.802041] Interrupt Served: 	 Vector = 0x0000000F
[    6.803960] Interrupt Taken: 	 Vector = 0x0000000F
[    6.804102] Interrupt Served: 	 Vector = 0x0000000F
[    6.805758] Interrupt Taken: 	 Vector = 0x0000000F
[    6.805836] Interrupt Served: 	 Vector = 0x0000000F
[    6.808062] Interrupt Taken: 	 Vector = 0x0000000F
[    6.808156] Interrupt Served: 	 Vector = 0x0000000F
[    6.809981] Interrupt Taken: 	 Vector = 0x0000000F
[    6.810060] Interrupt Served: 	 Vector = 0x0000000F
[    6.812368] Interrupt Taken: 	 Vector = 0x0000000F
[    6.812526] Interrupt Served: 	 Vector = 0x0000000F
[    6.814099] Interrupt Taken: 	 Vector = 0x0000000F
[    6.814166] Interrupt Served: 	 Vector = 0x0000000F
[    6.816928] Interrupt Taken: 	 Vector = 0x0000000F
[    6.817106] Interrupt Served: 	 Vector = 0x0000000F
[    6.818634] Interrupt Taken: 	 Vector = 0x0000000F
[    6.818715] Interrupt Served: 	 Vector = 0x0000000F
[    6.820542] Interrupt Taken: 	 Vector = 0x0000000F
[    6.820592] Interrupt Served: 	 Vector = 0x0000000F
[    6.822557] Interrupt Taken: 	 Vector = 0x0000000F
[    6.822619] Interrupt Served: 	 Vector = 0x0000000F
[    6.824544] Interrupt Taken: 	 Vector = 0x0000000F
[    6.824710] Interrupt Served: 	 Vector = 0x0000000F
[    6.826699] Interrupt Taken: 	 Vector = 0x0000000F
[    6.826780] Interrupt Served: 	 Vector = 0x0000000F
[    6.828830] Interrupt Taken: 	 Vector = 0x0000000F
[    6.828936] Interrupt Served: 	 Vector = 0x0000000F
[    6.830812] Interrupt Taken: 	 Vector = 0x0000000F
[    6.830918] Interrupt Served: 	 Vector = 0x0000000F
[    6.833178] Interrupt Taken: 	 Vector = 0x0000000F
[    6.833291] Interrupt Served: 	 Vector = 0x0000000F
[    6.835171] Interrupt Taken: 	 Vector = 0x0000000F
[    6.835254] Interrupt Served: 	 Vector = 0x0000000F
[    6.837352] Interrupt Taken: 	 Vector = 0x0000000F
[    6.837455] Interrupt Served: 	 Vector = 0x0000000F
[    6.839537] Interrupt Taken: 	 Vector = 0x0000000F
[    6.839614] Interrupt Served: 	 Vector = 0x0000000F
[    6.841690] Interrupt Taken: 	 Vector = 0x0000000F
[    6.841795] Interrupt Served: 	 Vector = 0x0000000F
[    6.843696] Interrupt Taken: 	 Vector = 0x0000000F
[    6.843764] Interrupt Served: 	 Vector = 0x0000000F
[    6.845698] Interrupt Taken: 	 Vector = 0x0000000F
[    6.845798] Interrupt Served: 	 Vector = 0x0000000F
[    6.847617] Interrupt Taken: 	 Vector = 0x0000000F
[    6.847721] Interrupt Served: 	 Vector = 0x0000000F
[    6.849779] Interrupt Taken: 	 Vector = 0x0000000F
[    6.849947] Interrupt Served: 	 Vector = 0x0000000F
[    6.851526] Interrupt Taken: 	 Vector = 0x0000000F
[    6.851594] Interrupt Served: 	 Vector = 0x0000000F
[    6.853582] Interrupt Taken: 	 Vector = 0x0000000F
[    6.853714] Interrupt Served: 	 Vector = 0x0000000F
[    6.855367] Interrupt Taken: 	 Vector = 0x0000000F
[    6.855425] Interrupt Served: 	 Vector = 0x0000000F
[    6.857516] Interrupt Taken: 	 Vector = 0x0000000F
[    6.857592] Interrupt Served: 	 Vector = 0x0000000F
[    6.859617] Interrupt Taken: 	 Vector = 0x0000000F
[    6.859780] Interrupt Served: 	 Vector = 0x0000000F
[    6.861899] Interrupt Taken: 	 Vector = 0x0000000F
[    6.862021] Interrupt Served: 	 Vector = 0x0000000F
[    6.863958] Interrupt Taken: 	 Vector = 0x0000000F
[    6.864023] Interrupt Served: 	 Vector = 0x0000000F
[    6.866164] Interrupt Taken: 	 Vector = 0x0000000F
[    6.866291] Interrupt Served: 	 Vector = 0x0000000F
[    6.868424] Interrupt Taken: 	 Vector = 0x0000000F
[    6.868600] Interrupt Served: 	 Vector = 0x0000000F
[    6.870271] Interrupt Taken: 	 Vector = 0x0000000F
[    6.870326] Interrupt Served: 	 Vector = 0x0000000F
[    6.872176] Interrupt Taken: 	 Vector = 0x0000000F
[    6.872244] Interrupt Served: 	 Vector = 0x0000000F
[    6.874151] Interrupt Taken: 	 Vector = 0x0000000F
[    6.874255] Interrupt Served: 	 Vector = 0x0000000F
[    6.876512] Interrupt Taken: 	 Vector = 0x0000000F
[    6.876628] Interrupt Served: 	 Vector = 0x0000000F
[    6.878768] Interrupt Taken: 	 Vector = 0x0000000F
[    6.878915] Interrupt Served: 	 Vector = 0x0000000F
[    6.880515] Interrupt Taken: 	 Vector = 0x0000000F
[    6.880592] Interrupt Served: 	 Vector = 0x0000000F
[    6.882565] Interrupt Taken: 	 Vector = 0x0000000F
[    6.882824] Interrupt Served: 	 Vector = 0x0000000F
[    6.884379] Interrupt Taken: 	 Vector = 0x0000000F
[    6.884468] Interrupt Served: 	 Vector = 0x0000000F
[    6.886356] Interrupt Taken: 	 Vector = 0x0000000F
[    6.886441] Interrupt Served: 	 Vector = 0x0000000F
[    6.888725] Interrupt Taken: 	 Vector = 0x0000000F
[    6.888802] Interrupt Served: 	 Vector = 0x0000000F
[    6.890835] Interrupt Taken: 	 Vector = 0x0000000F
[    6.890911] Interrupt Served: 	 Vector = 0x0000000F
[    6.893017] Interrupt Taken: 	 Vector = 0x0000000F
[    6.893126] Interrupt Served: 	 Vector = 0x0000000F
[    6.895639] [passthrough] Read: 	 address = 0x40020414, size = 4 bytes, value = 0x00000001, pc=0x08000FF4 
[    6.896385] [passthrough] Write: 	 address = 0x40020418, size = 4 bytes, value = 0x00010000, pc=0x0800100C 
[    6.897053] Interrupt Taken: 	 Vector = 0x0000000F
[    6.897111] Interrupt Served: 	 Vector = 0x0000000F
[    6.899340] Interrupt Taken: 	 Vector = 0x0000000F
[    6.899440] Interrupt Served: 	 Vector = 0x0000000F
[    6.901408] Interrupt Taken: 	 Vector = 0x0000000F
[    6.901507] Interrupt Served: 	 Vector = 0x0000000F
[    6.903448] Interrupt Taken: 	 Vector = 0x0000000F
[    6.903530] Interrupt Served: 	 Vector = 0x0000000F
[    6.905607] Interrupt Taken: 	 Vector = 0x0000000F
[    6.905798] Interrupt Served: 	 Vector = 0x0000000F
[    6.907259] Interrupt Taken: 	 Vector = 0x0000000F
[    6.907313] Interrupt Served: 	 Vector = 0x0000000F
[    6.909268] Interrupt Taken: 	 Vector = 0x0000000F
[    6.909710] Interrupt Served: 	 Vector = 0x0000000F
[    6.911407] Interrupt Taken: 	 Vector = 0x0000000F
[    6.911521] Interrupt Served: 	 Vector = 0x0000000F
[    6.913795] Interrupt Taken: 	 Vector = 0x0000000F
[    6.913866] Interrupt Served: 	 Vector = 0x0000000F
[    6.915811] Interrupt Taken: 	 Vector = 0x0000000F
[    6.915919] Interrupt Served: 	 Vector = 0x0000000F
[    6.917997] Interrupt Taken: 	 Vector = 0x0000000F
[    6.918090] Interrupt Served: 	 Vector = 0x0000000F
[    6.919966] Interrupt Taken: 	 Vector = 0x0000000F
[    6.920082] Interrupt Served: 	 Vector = 0x0000000F
[    6.921585] Interrupt Taken: 	 Vector = 0x0000000F
[    6.921636] Interrupt Served: 	 Vector = 0x0000000F
[    6.923581] Interrupt Taken: 	 Vector = 0x0000000F
[    6.923768] Interrupt Served: 	 Vector = 0x0000000F
[    6.925376] Interrupt Taken: 	 Vector = 0x0000000F
[    6.925442] Interrupt Served: 	 Vector = 0x0000000F
[    6.927381] Interrupt Taken: 	 Vector = 0x0000000F
[    6.927528] Interrupt Served: 	 Vector = 0x0000000F
[    6.929807] Interrupt Taken: 	 Vector = 0x0000000F
[    6.929914] Interrupt Served: 	 Vector = 0x0000000F
[    6.931847] Interrupt Taken: 	 Vector = 0x0000000F
[    6.931941] Interrupt Served: 	 Vector = 0x0000000F
[    6.933849] Interrupt Taken: 	 Vector = 0x0000000F
[    6.933917] Interrupt Served: 	 Vector = 0x0000000F
[    6.935901] Interrupt Taken: 	 Vector = 0x0000000F
[    6.936035] Interrupt Served: 	 Vector = 0x0000000F
[    6.938067] Interrupt Taken: 	 Vector = 0x0000000F
[    6.938134] Interrupt Served: 	 Vector = 0x0000000F
[    6.940149] Interrupt Taken: 	 Vector = 0x0000000F
[    6.940256] Interrupt Served: 	 Vector = 0x0000000F
[    6.941817] Interrupt Taken: 	 Vector = 0x0000000F
[    6.941862] Interrupt Served: 	 Vector = 0x0000000F
[    6.943802] Interrupt Taken: 	 Vector = 0x0000000F
[    6.943879] Interrupt Served: 	 Vector = 0x0000000F
[    6.946997] Interrupt Taken: 	 Vector = 0x0000000F
[    6.947128] Interrupt Served: 	 Vector = 0x0000000F
[    6.949152] Interrupt Taken: 	 Vector = 0x0000000F
[    6.949256] Interrupt Served: 	 Vector = 0x0000000F
[    6.951399] Interrupt Taken: 	 Vector = 0x0000000F
[    6.951552] Interrupt Served: 	 Vector = 0x0000000F
[    6.953045] Interrupt Taken: 	 Vector = 0x0000000F
[    6.953106] Interrupt Served: 	 Vector = 0x0000000F
[    6.954996] Interrupt Taken: 	 Vector = 0x0000000F
[    6.955089] Interrupt Served: 	 Vector = 0x0000000F
[    6.956620] Interrupt Taken: 	 Vector = 0x0000000F
[    6.956733] Interrupt Served: 	 Vector = 0x0000000F
[    6.958345] Interrupt Taken: 	 Vector = 0x0000000F
[    6.958415] Interrupt Served: 	 Vector = 0x0000000F
[    6.960155] Interrupt Taken: 	 Vector = 0x0000000F
[    6.960330] Interrupt Served: 	 Vector = 0x0000000F
[    6.962351] Interrupt Taken: 	 Vector = 0x0000000F
[    6.962505] Interrupt Served: 	 Vector = 0x0000000F
[    6.965104] Interrupt Taken: 	 Vector = 0x0000000F
[    6.965241] Interrupt Served: 	 Vector = 0x0000000F
[    6.967233] Interrupt Taken: 	 Vector = 0x0000000F
[    6.967348] Interrupt Served: 	 Vector = 0x0000000F
[    6.969580] Interrupt Taken: 	 Vector = 0x0000000F
[    6.969690] Interrupt Served: 	 Vector = 0x0000000F
[    6.971768] Interrupt Taken: 	 Vector = 0x0000000F
[    6.971882] Interrupt Served: 	 Vector = 0x0000000F
[    6.973396] Interrupt Taken: 	 Vector = 0x0000000F
[    6.973450] Interrupt Served: 	 Vector = 0x0000000F
[    6.975398] Interrupt Taken: 	 Vector = 0x0000000F
[    6.975472] Interrupt Served: 	 Vector = 0x0000000F
[    6.977513] Interrupt Taken: 	 Vector = 0x0000000F
[    6.977615] Interrupt Served: 	 Vector = 0x0000000F
[    6.979759] Interrupt Taken: 	 Vector = 0x0000000F
[    6.979874] Interrupt Served: 	 Vector = 0x0000000F
[    6.982060] Interrupt Taken: 	 Vector = 0x0000000F
[    6.982219] Interrupt Served: 	 Vector = 0x0000000F
[    6.983824] Interrupt Taken: 	 Vector = 0x0000000F
[    6.983909] Interrupt Served: 	 Vector = 0x0000000F
[    6.985920] Interrupt Taken: 	 Vector = 0x0000000F
[    6.986018] Interrupt Served: 	 Vector = 0x0000000F
[    6.987927] Interrupt Taken: 	 Vector = 0x0000000F
[    6.988005] Interrupt Served: 	 Vector = 0x0000000F
[    6.989861] Interrupt Taken: 	 Vector = 0x0000000F
[    6.989962] Interrupt Served: 	 Vector = 0x0000000F
[    6.991618] Interrupt Taken: 	 Vector = 0x0000000F
[    6.991702] Interrupt Served: 	 Vector = 0x0000000F
[    6.993681] Interrupt Taken: 	 Vector = 0x0000000F
[    6.993858] Interrupt Served: 	 Vector = 0x0000000F
[    6.995512] Interrupt Taken: 	 Vector = 0x0000000F
[    6.995622] Interrupt Served: 	 Vector = 0x0000000F
[    6.998380] Interrupt Taken: 	 Vector = 0x0000000F
[    6.998597] Interrupt Served: 	 Vector = 0x0000000F
[    7.000211] Interrupt Taken: 	 Vector = 0x0000000F
[    7.000297] Interrupt Served: 	 Vector = 0x0000000F
[    7.002209] Interrupt Taken: 	 Vector = 0x0000000F
[    7.002296] Interrupt Served: 	 Vector = 0x0000000F
[    7.004178] Interrupt Taken: 	 Vector = 0x0000000F
[    7.004265] Interrupt Served: 	 Vector = 0x0000000F
[    7.006314] Interrupt Taken: 	 Vector = 0x0000000F
[    7.006373] Interrupt Served: 	 Vector = 0x0000000F
[    7.008270] Interrupt Taken: 	 Vector = 0x0000000F
[    7.008331] Interrupt Served: 	 Vector = 0x0000000F
[    7.010174] Interrupt Taken: 	 Vector = 0x0000000F
[    7.010226] Interrupt Served: 	 Vector = 0x0000000F
[    7.012306] Interrupt Taken: 	 Vector = 0x0000000F
[    7.012402] Interrupt Served: 	 Vector = 0x0000000F
[    7.015082] Interrupt Taken: 	 Vector = 0x0000000F
[    7.015693] Interrupt Served: 	 Vector = 0x0000000F
[    7.017659] Interrupt Taken: 	 Vector = 0x0000000F
[    7.017858] Interrupt Served: 	 Vector = 0x0000000F
[    7.020446] Interrupt Taken: 	 Vector = 0x0000000F
[    7.020565] Interrupt Served: 	 Vector = 0x0000000F
[    7.023156] Interrupt Taken: 	 Vector = 0x0000000F
