[    1.867719] IO Read Access NOT Handled: 	 address=0xe000ed88, size=4 bytes, pc=0x08006d54
[    1.868098] IO Write Access NOT Handled: 	 address = 0xE000ED88, size = 4 bytes, value = 0x00f00000, pc=0x08006D5E 
[    1.868395] [passthrough] Read: 	 address = 0x58024400, size = 4 bytes, value = 0x00004025, pc=0x08006D64 
[    1.869118] [passthrough] Write: 	 address = 0x58024400, size = 4 bytes, value = 0x00004025, pc=0x08006D6A 
[    1.869948] [passthrough] Write: 	 address = 0x58024410, size = 4 bytes, value = 0x00000000, pc=0x08006D6E 
[    1.870746] [passthrough] Read: 	 address = 0x58024400, size = 4 bytes, value = 0x00004025, pc=0x08006D70 
[    1.871341] [passthrough] Write: 	 address = 0x58024400, size = 4 bytes, value = 0x00004025, pc=0x08006D74 
[    1.872070] [passthrough] Write: 	 address = 0x58024418, size = 4 bytes, value = 0x00000000, pc=0x08006D76 
[    1.872738] [passthrough] Write: 	 address = 0x5802441C, size = 4 bytes, value = 0x00000000, pc=0x08006D78 
[    1.873419] [passthrough] Write: 	 address = 0x58024420, size = 4 bytes, value = 0x00000000, pc=0x08006D7A 
[    1.874105] [passthrough] Write: 	 address = 0x58024428, size = 4 bytes, value = 0x00000000, pc=0x08006D7C 
[    1.874773] [passthrough] Write: 	 address = 0x5802442C, size = 4 bytes, value = 0x00000000, pc=0x08006D7E 
[    1.875444] [passthrough] Write: 	 address = 0x58024430, size = 4 bytes, value = 0x00000000, pc=0x08006D80 
[    1.876207] [passthrough] Write: 	 address = 0x58024434, size = 4 bytes, value = 0x00000000, pc=0x08006D82 
[    1.876883] [passthrough] Write: 	 address = 0x58024438, size = 4 bytes, value = 0x00000000, pc=0x08006D84 
[    1.877488] [passthrough] Write: 	 address = 0x5802443C, size = 4 bytes, value = 0x00000000, pc=0x08006D86 
[    1.878109] [passthrough] Write: 	 address = 0x58024440, size = 4 bytes, value = 0x00000000, pc=0x08006D88 
[    1.878816] [passthrough] Write: 	 address = 0x58024444, size = 4 bytes, value = 0x00000000, pc=0x08006D8A 
[    1.879457] [passthrough] Read: 	 address = 0x58024400, size = 4 bytes, value = 0x00004025, pc=0x08006D8C 
[    1.879969] [passthrough] Write: 	 address = 0x58024400, size = 4 bytes, value = 0x00004025, pc=0x08006D92 
[    1.880554] [passthrough] Write: 	 address = 0x58024460, size = 4 bytes, value = 0x00000000, pc=0x08006D94 
[    1.881237] [passthrough] Write: 	 address = 0x51008108, size = 4 bytes, value = 0x00000001, pc=0x08006D9A 
[    1.881839] IO Write Access NOT Handled: 	 address = 0xE000ED08, size = 4 bytes, value = 0x08000000, pc=0x08006DA2 
[    1.884024] IO Read Access NOT Handled: 	 address=0xe000ed24, size=4 bytes, pc=0x080005e6
[    1.884153] IO Write Access NOT Handled: 	 address = 0xE000ED24, size = 4 bytes, value = 0x00000000, pc=0x080005EC 
[    1.884252] IO Write Access NOT Handled: 	 address = 0xE000ED94, size = 4 bytes, value = 0x00000000, pc=0x080005F0 
[    1.884548] IO Write Access NOT Handled: 	 address = 0xE000ED98, size = 4 bytes, value = 0x00000000, pc=0x08000622 
[    1.884856] IO Write Access NOT Handled: 	 address = 0xE000ED9C, size = 4 bytes, value = 0x30040000, pc=0x0800062C 
[    1.885117] IO Write Access NOT Handled: 	 address = 0xE000EDA0, size = 4 bytes, value = 0x0301000f, pc=0x08000660 
[    1.885316] IO Write Access NOT Handled: 	 address = 0xE000ED98, size = 4 bytes, value = 0x00000001, pc=0x08000622 
[    1.885329] IO Write Access NOT Handled: 	 address = 0xE000ED9C, size = 4 bytes, value = 0x30044000, pc=0x0800062C 
[    1.885350] IO Write Access NOT Handled: 	 address = 0xE000EDA0, size = 4 bytes, value = 0x0002001b, pc=0x08000660 
[    1.885520] IO Write Access NOT Handled: 	 address = 0xE000ED94, size = 4 bytes, value = 0x00000005, pc=0x08000602 
[    1.885632] IO Read Access NOT Handled: 	 address=0xe000ed24, size=4 bytes, pc=0x08000606
[    1.885720] IO Write Access NOT Handled: 	 address = 0xE000ED24, size = 4 bytes, value = 0x00010000, pc=0x0800060C 
[    1.885903] IO Write Access NOT Handled: 	 address = 0xE000EF50, size = 4 bytes, value = 0x00000000, pc=0x08006C14 
[    1.886035] IO Read Access NOT Handled: 	 address=0xe000ed14, size=4 bytes, pc=0x08006c20
[    1.886123] IO Write Access NOT Handled: 	 address = 0xE000ED14, size = 4 bytes, value = 0x00020200, pc=0x08006C26 
[    1.886310] IO Write Access NOT Handled: 	 address = 0xE000ED84, size = 4 bytes, value = 0x00000000, pc=0x08006C30 
[    1.886453] IO Read Access NOT Handled: 	 address=0xe000ed80, size=4 bytes, pc=0x08006c38
[    1.886603] IO Write Access NOT Handled: 	 address = 0xE000EF60, size = 4 bytes, value = 0x00000000, pc=0x08006C56 
[    1.886789] IO Read Access NOT Handled: 	 address=0xe000ed14, size=4 bytes, pc=0x08006c68
[    1.886872] IO Write Access NOT Handled: 	 address = 0xE000ED14, size = 4 bytes, value = 0x00010200, pc=0x08006C6E 
[    1.887156] IO Read Access NOT Handled: 	 address=0xe000ed0c, size=4 bytes, pc=0x08000534
[    1.887285] IO Write Access NOT Handled: 	 address = 0xE000ED0C, size = 4 bytes, value = 0x05fa0300, pc=0x0800054C 
[    1.887691] IO Write Access NOT Handled: 	 address = 0xE000E014, size = 4 bytes, value = 0x0000f9ff, pc=0x080005C8 
[    1.887703] IO Write Access NOT Handled (Unknown Region): 	 address = 0x00000004, size = 4 bytes, value = 0x0000f9ff, pc=0x080005C8 
[    1.887820] IO Write Access NOT Handled: 	 address = 0xE000ED23, size = 1 bytes, value = 0xf0, pc=0x080005CC 
[    1.887923] IO Write Access NOT Handled: 	 address = 0xE000E018, size = 4 bytes, value = 0x00000000, pc=0x080005D2 
[    1.887933] IO Write Access NOT Handled (Unknown Region): 	 address = 0x00000008, size = 4 bytes, value = 0x00000000, pc=0x080005D2 
[    1.888014] IO Write Access NOT Handled: 	 address = 0xE000E010, size = 4 bytes, value = 0x00000007, pc=0x080005D4 
[    1.888023] IO Write Access NOT Handled (Unknown Region): 	 address = 0x00000000, size = 4 bytes, value = 0x00000007, pc=0x080005D4 
[    1.888460] IO Read Access NOT Handled: 	 address=0xe000ed0c, size=4 bytes, pc=0x08000558
[    1.888646] Interrupt Taken: 	 Vector = 0x0000000F
[    1.888786] Interrupt Served: 	 Vector = 0x0000000F
[    1.891774] Interrupt Taken: 	 Vector = 0x0000000F
[    1.891784] Interrupt Served: 	 Vector = 0x0000000F
[    1.894939] IO Write Access NOT Handled: 	 address = 0xE000ED23, size = 1 bytes, value = 0x00, pc=0x080005AC 
[    1.894954] Interrupt Taken: 	 Vector = 0x0000000F
[    1.894962] Interrupt Served: 	 Vector = 0x0000000F
[    1.897642] Interrupt Taken: 	 Vector = 0x0000000F
[    1.897653] Interrupt Served: 	 Vector = 0x0000000F
[    1.900385] Interrupt Taken: 	 Vector = 0x0000000F
[    1.900407] Interrupt Served: 	 Vector = 0x0000000F
[    1.903357] Interrupt Taken: 	 Vector = 0x0000000F
[    1.903419] Interrupt Served: 	 Vector = 0x0000000F
[    1.906420] Interrupt Taken: 	 Vector = 0x0000000F
[    1.906445] Interrupt Served: 	 Vector = 0x0000000F
[    1.909182] Interrupt Taken: 	 Vector = 0x0000000F
[    1.909198] Interrupt Served: 	 Vector = 0x0000000F
[    1.912322] Interrupt Taken: 	 Vector = 0x0000000F
[    1.912341] Interrupt Served: 	 Vector = 0x0000000F
[    1.915184] [passthrough] Read: 	 address = 0x580244F4, size = 4 bytes, value = 0x00010000, pc=0x08006D2C 
[    1.915511] Interrupt Taken: 	 Vector = 0x0000000F
[    1.915604] Interrupt Served: 	 Vector = 0x0000000F
[    1.918091] Interrupt Taken: 	 Vector = 0x0000000F
[    1.918145] Interrupt Served: 	 Vector = 0x0000000F
[    1.921127] Interrupt Taken: 	 Vector = 0x0000000F
[    1.921153] Interrupt Served: 	 Vector = 0x0000000F
[    1.923871] [passthrough] Write: 	 address = 0x580244F4, size = 4 bytes, value = 0x00010002, pc=0x08006D34 
[    1.924420] Interrupt Taken: 	 Vector = 0x0000000F
[    1.924434] Interrupt Served: 	 Vector = 0x0000000F
[    1.927325] Interrupt Taken: 	 Vector = 0x0000000F
[    1.927341] Interrupt Served: 	 Vector = 0x0000000F
[    1.930316] [passthrough] Read: 	 address = 0x580244F4, size = 4 bytes, value = 0x00010002, pc=0x08006D38 
[    1.930746] Interrupt Taken: 	 Vector = 0x0000000F
[    1.930761] Interrupt Served: 	 Vector = 0x0000000F
[    1.933623] Interrupt Taken: 	 Vector = 0x0000000F
[    1.933648] Interrupt Served: 	 Vector = 0x0000000F
[    1.936787] Interrupt Taken: 	 Vector = 0x0000000F
[    1.936848] Interrupt Served: 	 Vector = 0x0000000F
[    1.939464] Interrupt Taken: 	 Vector = 0x0000000F
[    1.939517] Interrupt Served: 	 Vector = 0x0000000F
[    1.942396] Interrupt Taken: 	 Vector = 0x0000000F
[    1.942420] Interrupt Served: 	 Vector = 0x0000000F
[    1.945486] Interrupt Taken: 	 Vector = 0x0000000F
[    1.945514] Interrupt Served: 	 Vector = 0x0000000F
[    1.948575] Interrupt Taken: 	 Vector = 0x0000000F
[    1.948603] Interrupt Served: 	 Vector = 0x0000000F
[    1.952125] Interrupt Taken: 	 Vector = 0x0000000F
[    1.952159] Interrupt Served: 	 Vector = 0x0000000F
[    1.955123] [passthrough] Read: 	 address = 0x5802480C, size = 4 bytes, value = 0x00000042, pc=0x08006B3A 
[    1.955572] Interrupt Taken: 	 Vector = 0x0000000F
[    1.955595] Interrupt Served: 	 Vector = 0x0000000F
[    1.959298] Interrupt Taken: 	 Vector = 0x0000000F
[    1.959400] Interrupt Served: 	 Vector = 0x0000000F
[    1.962188] Interrupt Taken: 	 Vector = 0x0000000F
[    1.962267] Interrupt Served: 	 Vector = 0x0000000F
[    1.965420] [passthrough] Write: 	 address = 0x5802480C, size = 4 bytes, value = 0x00000042, pc=0x08006B40 
[    1.965983] Interrupt Taken: 	 Vector = 0x0000000F
[    1.966032] Interrupt Served: 	 Vector = 0x0000000F
[    1.969820] Interrupt Taken: 	 Vector = 0x0000000F
[    1.969876] Interrupt Served: 	 Vector = 0x0000000F
[    1.973140] [passthrough] Read: 	 address = 0x58024818, size = 4 bytes, value = 0x00006000, pc=0x08006B46 
[    1.973619] Interrupt Taken: 	 Vector = 0x0000000F
[    1.973697] Interrupt Served: 	 Vector = 0x0000000F
[    1.976418] Interrupt Taken: 	 Vector = 0x0000000F
[    1.976503] Interrupt Served: 	 Vector = 0x0000000F
[    1.980536] Interrupt Taken: 	 Vector = 0x0000000F
[    1.980627] Interrupt Served: 	 Vector = 0x0000000F
[    1.984168] [passthrough] Write: 	 address = 0x58024818, size = 4 bytes, value = 0x0000e000, pc=0x08006B4C 
[    1.984777] Interrupt Taken: 	 Vector = 0x0000000F
[    1.984813] Interrupt Served: 	 Vector = 0x0000000F
[    1.988552] Interrupt Taken: 	 Vector = 0x0000000F
[    1.988604] Interrupt Served: 	 Vector = 0x0000000F
[    1.992194] [passthrough] Read: 	 address = 0x58024818, size = 4 bytes, value = 0x0000e000, pc=0x08006B4E 
[    1.992727] Interrupt Taken: 	 Vector = 0x0000000F
[    1.992781] Interrupt Served: 	 Vector = 0x0000000F
[    1.996432] Interrupt Taken: 	 Vector = 0x0000000F
[    1.996519] Interrupt Served: 	 Vector = 0x0000000F
[    1.999994] [passthrough] Read: 	 address = 0x58024818, size = 4 bytes, value = 0x0000e000, pc=0x08006B58 
[    2.000479] Interrupt Taken: 	 Vector = 0x0000000F
[    2.000542] Interrupt Served: 	 Vector = 0x0000000F
[    2.004178] Interrupt Taken: 	 Vector = 0x0000000F
[    2.004256] Interrupt Served: 	 Vector = 0x0000000F
[    2.008314] Interrupt Taken: 	 Vector = 0x0000000F
[    2.008373] Interrupt Served: 	 Vector = 0x0000000F
[    2.012333] Interrupt Taken: 	 Vector = 0x0000000F
[    2.012383] Interrupt Served: 	 Vector = 0x0000000F
[    2.016091] Interrupt Taken: 	 Vector = 0x0000000F
[    2.016153] Interrupt Served: 	 Vector = 0x0000000F
[    2.019671] [passthrough] Read: 	 address = 0x58024410, size = 4 bytes, value = 0x00000000, pc=0x080014AA 
[    2.020195] Interrupt Taken: 	 Vector = 0x0000000F
[    2.020263] Interrupt Served: 	 Vector = 0x0000000F
[    2.023783] Interrupt Taken: 	 Vector = 0x0000000F
[    2.023837] Interrupt Served: 	 Vector = 0x0000000F
[    2.027790] Interrupt Taken: 	 Vector = 0x0000000F
[    2.027859] Interrupt Served: 	 Vector = 0x0000000F
[    2.031794] [passthrough] Read: 	 address = 0x58024410, size = 4 bytes, value = 0x00000000, pc=0x080014B4 
[    2.032283] Interrupt Taken: 	 Vector = 0x0000000F
[    2.032341] Interrupt Served: 	 Vector = 0x0000000F
[    2.035840] Interrupt Taken: 	 Vector = 0x0000000F
[    2.035938] Interrupt Served: 	 Vector = 0x0000000F
[    2.039729] Interrupt Taken: 	 Vector = 0x0000000F
[    2.039806] Interrupt Served: 	 Vector = 0x0000000F
[    2.043578] Interrupt Taken: 	 Vector = 0x0000000F
[    2.043640] Interrupt Served: 	 Vector = 0x0000000F
[    2.047345] [passthrough] Read: 	 address = 0x58024400, size = 4 bytes, value = 0x00004025, pc=0x080014E4 
[    2.047946] Interrupt Taken: 	 Vector = 0x0000000F
[    2.048030] Interrupt Served: 	 Vector = 0x0000000F
[    2.051651] Interrupt Taken: 	 Vector = 0x0000000F
[    2.051717] Interrupt Served: 	 Vector = 0x0000000F
[    2.055233] [passthrough] Write: 	 address = 0x58024400, size = 4 bytes, value = 0x00014025, pc=0x080014EA 
[    2.055943] Interrupt Taken: 	 Vector = 0x0000000F
[    2.056007] Interrupt Served: 	 Vector = 0x0000000F
[    2.059723] Interrupt Taken: 	 Vector = 0x0000000F
[    2.059791] Interrupt Served: 	 Vector = 0x0000000F
[    2.063466] Interrupt Taken: 	 Vector = 0x0000000F
[    2.063554] Interrupt Served: 	 Vector = 0x0000000F
[    2.067389] Interrupt Taken: 	 Vector = 0x0000000F
[    2.067466] Interrupt Served: 	 Vector = 0x0000000F
[    2.071104] [passthrough] Read: 	 address = 0x58024400, size = 4 bytes, value = 0x00034025, pc=0x080014F4 
[    2.071670] Interrupt Taken: 	 Vector = 0x0000000F
[    2.071930] Interrupt Served: 	 Vector = 0x0000000F
[    2.074832] Interrupt Taken: 	 Vector = 0x0000000F
[    2.074951] Interrupt Served: 	 Vector = 0x0000000F
[    2.078317] Interrupt Taken: 	 Vector = 0x0000000F
[    2.078396] Interrupt Served: 	 Vector = 0x0000000F
[    2.082197] Interrupt Taken: 	 Vector = 0x0000000F
[    2.082258] Interrupt Served: 	 Vector = 0x0000000F
[    2.085772] Interrupt Taken: 	 Vector = 0x0000000F
[    2.085930] Interrupt Served: 	 Vector = 0x0000000F
[    2.088875] Interrupt Taken: 	 Vector = 0x0000000F
[    2.089016] Interrupt Served: 	 Vector = 0x0000000F
[    2.092789] Interrupt Taken: 	 Vector = 0x0000000F
[    2.092860] Interrupt Served: 	 Vector = 0x0000000F
[    2.097148] Interrupt Taken: 	 Vector = 0x0000000F
[    2.097306] Interrupt Served: 	 Vector = 0x0000000F
[    2.100117] Interrupt Taken: 	 Vector = 0x0000000F
[    2.100250] Interrupt Served: 	 Vector = 0x0000000F
[    2.103842] Interrupt Taken: 	 Vector = 0x0000000F
[    2.103938] Interrupt Served: 	 Vector = 0x0000000F
[    2.107487] Interrupt Taken: 	 Vector = 0x0000000F
[    2.107562] Interrupt Served: 	 Vector = 0x0000000F
[    2.111429] Interrupt Taken: 	 Vector = 0x0000000F
[    2.111523] Interrupt Served: 	 Vector = 0x0000000F
[    2.115021] [passthrough] Read: 	 address = 0x58024410, size = 4 bytes, value = 0x00000000, pc=0x0800176E 
[    2.115504] Interrupt Taken: 	 Vector = 0x0000000F
[    2.115547] Interrupt Served: 	 Vector = 0x0000000F
[    2.119053] Interrupt Taken: 	 Vector = 0x0000000F
[    2.119119] Interrupt Served: 	 Vector = 0x0000000F
[    2.123055] Interrupt Taken: 	 Vector = 0x0000000F
[    2.123158] Interrupt Served: 	 Vector = 0x0000000F
[    2.126152] Interrupt Taken: 	 Vector = 0x0000000F
[    2.126228] Interrupt Served: 	 Vector = 0x0000000F
[    2.129937] [passthrough] Read: 	 address = 0x58024400, size = 4 bytes, value = 0x00034025, pc=0x0800177A 
[    2.130557] Interrupt Taken: 	 Vector = 0x0000000F
[    2.130624] Interrupt Served: 	 Vector = 0x0000000F
[    2.134692] Interrupt Taken: 	 Vector = 0x0000000F
[    2.134763] Interrupt Served: 	 Vector = 0x0000000F
[    2.138293] [passthrough] Write: 	 address = 0x58024400, size = 4 bytes, value = 0x00034025, pc=0x08001782 
[    2.138997] Interrupt Taken: 	 Vector = 0x0000000F
[    2.139045] Interrupt Served: 	 Vector = 0x0000000F
[    2.142437] Interrupt Taken: 	 Vector = 0x0000000F
[    2.142477] Interrupt Served: 	 Vector = 0x0000000F
[    2.146000] Interrupt Taken: 	 Vector = 0x0000000F
[    2.146078] Interrupt Served: 	 Vector = 0x0000000F
[    2.150233] Interrupt Taken: 	 Vector = 0x0000000F
[    2.150299] Interrupt Served: 	 Vector = 0x0000000F
[    2.154062] [passthrough] Read: 	 address = 0x58024400, size = 4 bytes, value = 0x00034025, pc=0x0800178C 
[    2.154525] Interrupt Taken: 	 Vector = 0x0000000F
[    2.154670] Interrupt Served: 	 Vector = 0x0000000F
[    2.157560] Interrupt Taken: 	 Vector = 0x0000000F
[    2.157662] Interrupt Served: 	 Vector = 0x0000000F
[    2.161439] Interrupt Taken: 	 Vector = 0x0000000F
[    2.161524] Interrupt Served: 	 Vector = 0x0000000F
[    2.168071] Interrupt Taken: 	 Vector = 0x0000000F
[    2.168179] Interrupt Served: 	 Vector = 0x0000000F
[    2.171715] [passthrough] Read: 	 address = 0x58024428, size = 4 bytes, value = 0x00000000, pc=0x08001792 
[    2.172214] Interrupt Taken: 	 Vector = 0x0000000F
[    2.172276] Interrupt Served: 	 Vector = 0x0000000F
[    2.176791] Interrupt Taken: 	 Vector = 0x0000000F
[    2.176843] Interrupt Served: 	 Vector = 0x0000000F
[    2.180343] [passthrough] Write: 	 address = 0x58024428, size = 4 bytes, value = 0x00000012, pc=0x080017A6 
[    2.181162] Interrupt Taken: 	 Vector = 0x0000000F
[    2.181225] Interrupt Served: 	 Vector = 0x0000000F
[    2.186860] Interrupt Taken: 	 Vector = 0x0000000F
[    2.186964] Interrupt Served: 	 Vector = 0x0000000F
[    2.190766] [passthrough] Write: 	 address = 0x58024430, size = 4 bytes, value = 0x01030263, pc=0x080017D6 
[    2.191602] Interrupt Taken: 	 Vector = 0x0000000F
[    2.191662] Interrupt Served: 	 Vector = 0x0000000F
[    2.196250] Interrupt Taken: 	 Vector = 0x0000000F
[    2.196357] Interrupt Served: 	 Vector = 0x0000000F
[    2.199951] [passthrough] Read: 	 address = 0x58024434, size = 4 bytes, value = 0x00000000, pc=0x080017D8 
[    2.200486] Interrupt Taken: 	 Vector = 0x0000000F
[    2.200540] Interrupt Served: 	 Vector = 0x0000000F
[    2.204761] Interrupt Taken: 	 Vector = 0x0000000F
[    2.204836] Interrupt Served: 	 Vector = 0x0000000F
[    2.208330] [passthrough] Write: 	 address = 0x58024434, size = 4 bytes, value = 0x00000000, pc=0x080017F0 
[    2.209000] Interrupt Taken: 	 Vector = 0x0000000F
[    2.209119] Interrupt Served: 	 Vector = 0x0000000F
[    2.212080] Interrupt Taken: 	 Vector = 0x0000000F
[    2.212147] Interrupt Served: 	 Vector = 0x0000000F
[    2.216040] Interrupt Taken: 	 Vector = 0x0000000F
[    2.216410] Interrupt Served: 	 Vector = 0x0000000F
[    2.219422] Interrupt Taken: 	 Vector = 0x0000000F
[    2.219525] Interrupt Served: 	 Vector = 0x0000000F
[    2.222958] [passthrough] Read: 	 address = 0x5802442C, size = 4 bytes, value = 0x00000000, pc=0x080017F2 
[    2.223428] Interrupt Taken: 	 Vector = 0x0000000F
[    2.223471] Interrupt Served: 	 Vector = 0x0000000F
[    2.227017] Interrupt Taken: 	 Vector = 0x0000000F
[    2.227068] Interrupt Served: 	 Vector = 0x0000000F
[    2.230585] [passthrough] Write: 	 address = 0x5802442C, size = 4 bytes, value = 0x0000000c, pc=0x080017FC 
[    2.231270] Interrupt Taken: 	 Vector = 0x0000000F
[    2.231316] Interrupt Served: 	 Vector = 0x0000000F
[    2.234868] Interrupt Taken: 	 Vector = 0x0000000F
[    2.234959] Interrupt Served: 	 Vector = 0x0000000F
[    2.238554] [passthrough] Read: 	 address = 0x5802442C, size = 4 bytes, value = 0x0000000c, pc=0x080017FE 
[    2.240585] Interrupt Taken: 	 Vector = 0x0000000F
[    2.240645] Interrupt Served: 	 Vector = 0x0000000F
[    2.244033] [passthrough] Write: 	 address = 0x5802442C, size = 4 bytes, value = 0x0000000c, pc=0x08001808 
[    2.244756] Interrupt Taken: 	 Vector = 0x0000000F
[    2.244823] Interrupt Served: 	 Vector = 0x0000000F
[    2.249171] Interrupt Taken: 	 Vector = 0x0000000F
[    2.249313] Interrupt Served: 	 Vector = 0x0000000F
[    2.252229] Interrupt Taken: 	 Vector = 0x0000000F
[    2.252334] Interrupt Served: 	 Vector = 0x0000000F
[    2.256124] [passthrough] Read: 	 address = 0x5802442C, size = 4 bytes, value = 0x0000000c, pc=0x0800180A 
[    2.256581] Interrupt Taken: 	 Vector = 0x0000000F
[    2.256707] Interrupt Served: 	 Vector = 0x0000000F
[    2.259934] Interrupt Taken: 	 Vector = 0x0000000F
[    2.260001] Interrupt Served: 	 Vector = 0x0000000F
[    2.263985] Interrupt Taken: 	 Vector = 0x0000000F
[    2.264057] Interrupt Served: 	 Vector = 0x0000000F
[    2.267683] [passthrough] Write: 	 address = 0x5802442C, size = 4 bytes, value = 0x0001000c, pc=0x08001810 
[    2.268299] Interrupt Taken: 	 Vector = 0x0000000F
[    2.268358] Interrupt Served: 	 Vector = 0x0000000F
[    2.272439] Interrupt Taken: 	 Vector = 0x0000000F
[    2.272528] Interrupt Served: 	 Vector = 0x0000000F
[    2.275943] [passthrough] Read: 	 address = 0x5802442C, size = 4 bytes, value = 0x0001000c, pc=0x08001812 
[    2.276470] Interrupt Taken: 	 Vector = 0x0000000F
[    2.276593] Interrupt Served: 	 Vector = 0x0000000F
[    2.279520] Interrupt Taken: 	 Vector = 0x0000000F
[    2.279654] Interrupt Served: 	 Vector = 0x0000000F
[    2.284126] Interrupt Taken: 	 Vector = 0x0000000F
[    2.284199] Interrupt Served: 	 Vector = 0x0000000F
[    2.288261] [passthrough] Write: 	 address = 0x5802442C, size = 4 bytes, value = 0x0003000c, pc=0x08001818 
[    2.289020] Interrupt Taken: 	 Vector = 0x0000000F
[    2.289077] Interrupt Served: 	 Vector = 0x0000000F
[    2.293147] Interrupt Taken: 	 Vector = 0x0000000F
[    2.293207] Interrupt Served: 	 Vector = 0x0000000F
[    2.296679] [passthrough] Read: 	 address = 0x5802442C, size = 4 bytes, value = 0x0003000c, pc=0x0800181A 
[    2.297602] Interrupt Taken: 	 Vector = 0x0000000F
[    2.297697] Interrupt Served: 	 Vector = 0x0000000F
[    2.302044] Interrupt Taken: 	 Vector = 0x0000000F
[    2.302107] Interrupt Served: 	 Vector = 0x0000000F
[    2.305402] [passthrough] Write: 	 address = 0x5802442C, size = 4 bytes, value = 0x0007000c, pc=0x08001820 
[    2.306199] Interrupt Taken: 	 Vector = 0x0000000F
[    2.306260] Interrupt Served: 	 Vector = 0x0000000F
[    2.310296] Interrupt Taken: 	 Vector = 0x0000000F
[    2.310350] Interrupt Served: 	 Vector = 0x0000000F
[    2.314240] [passthrough] Read: 	 address = 0x5802442C, size = 4 bytes, value = 0x0007000c, pc=0x08001822 
[    2.314822] Interrupt Taken: 	 Vector = 0x0000000F
[    2.315244] Interrupt Served: 	 Vector = 0x0000000F
[    2.318104] Interrupt Taken: 	 Vector = 0x0000000F
[    2.318194] Interrupt Served: 	 Vector = 0x0000000F
[    2.321955] Interrupt Taken: 	 Vector = 0x0000000F
[    2.322039] Interrupt Served: 	 Vector = 0x0000000F
[    2.325544] [passthrough] Write: 	 address = 0x5802442C, size = 4 bytes, value = 0x0007000d, pc=0x08001828 
[    2.326357] Interrupt Taken: 	 Vector = 0x0000000F
[    2.326416] Interrupt Served: 	 Vector = 0x0000000F
[    2.330261] Interrupt Taken: 	 Vector = 0x0000000F
[    2.330337] Interrupt Served: 	 Vector = 0x0000000F
[    2.333833] [passthrough] Read: 	 address = 0x58024400, size = 4 bytes, value = 0x00034025, pc=0x0800182A 
[    2.334289] Interrupt Taken: 	 Vector = 0x0000000F
[    2.334346] Interrupt Served: 	 Vector = 0x0000000F
[    2.337844] Interrupt Taken: 	 Vector = 0x0000000F
[    2.337933] Interrupt Served: 	 Vector = 0x0000000F
[    2.341391] [passthrough] Write: 	 address = 0x58024400, size = 4 bytes, value = 0x01034025, pc=0x08001830 
[    2.342005] Interrupt Taken: 	 Vector = 0x0000000F
[    2.342046] Interrupt Served: 	 Vector = 0x0000000F
[    2.345480] Interrupt Taken: 	 Vector = 0x0000000F
[    2.345556] Interrupt Served: 	 Vector = 0x0000000F
[    2.349377] Interrupt Taken: 	 Vector = 0x0000000F
[    2.349535] Interrupt Served: 	 Vector = 0x0000000F
[    2.352392] Interrupt Taken: 	 Vector = 0x0000000F
[    2.352494] Interrupt Served: 	 Vector = 0x0000000F
[    2.356067] [passthrough] Read: 	 address = 0x58024400, size = 4 bytes, value = 0x03034025, pc=0x0800183A 
[    2.356596] Interrupt Taken: 	 Vector = 0x0000000F
[    2.356655] Interrupt Served: 	 Vector = 0x0000000F
[    2.360671] Interrupt Taken: 	 Vector = 0x0000000F
[    2.360728] Interrupt Served: 	 Vector = 0x0000000F
[    2.364198] Interrupt Taken: 	 Vector = 0x0000000F
[    2.364268] Interrupt Served: 	 Vector = 0x0000000F
[    2.368091] Interrupt Taken: 	 Vector = 0x0000000F
[    2.368243] Interrupt Served: 	 Vector = 0x0000000F
[    2.371091] Interrupt Taken: 	 Vector = 0x0000000F
[    2.371182] Interrupt Served: 	 Vector = 0x0000000F
[    2.375356] Interrupt Taken: 	 Vector = 0x0000000F
[    2.375426] Interrupt Served: 	 Vector = 0x0000000F
[    2.379372] Interrupt Taken: 	 Vector = 0x0000000F
[    2.379441] Interrupt Served: 	 Vector = 0x0000000F
[    2.383489] [passthrough] Read: 	 address = 0x52002000, size = 4 bytes, value = 0x00000037, pc=0x080019A2 
[    2.384021] Interrupt Taken: 	 Vector = 0x0000000F
[    2.384111] Interrupt Served: 	 Vector = 0x0000000F
[    2.388113] Interrupt Taken: 	 Vector = 0x0000000F
[    2.388192] Interrupt Served: 	 Vector = 0x0000000F
[    2.392209] Interrupt Taken: 	 Vector = 0x0000000F
[    2.392281] Interrupt Served: 	 Vector = 0x0000000F
[    2.396156] Interrupt Taken: 	 Vector = 0x0000000F
[    2.396229] Interrupt Served: 	 Vector = 0x0000000F
[    2.400926] [passthrough] Read: 	 address = 0x58024418, size = 4 bytes, value = 0x00000000, pc=0x08001A56 
[    2.401407] Interrupt Taken: 	 Vector = 0x0000000F
[    2.401466] Interrupt Served: 	 Vector = 0x0000000F
[    2.405189] Interrupt Taken: 	 Vector = 0x0000000F
[    2.405274] Interrupt Served: 	 Vector = 0x0000000F
[    2.408703] [passthrough] Write: 	 address = 0x58024418, size = 4 bytes, value = 0x00000008, pc=0x08001A5E 
[    2.409418] Interrupt Taken: 	 Vector = 0x0000000F
[    2.409528] Interrupt Served: 	 Vector = 0x0000000F
[    2.412392] Interrupt Taken: 	 Vector = 0x0000000F
[    2.412488] Interrupt Served: 	 Vector = 0x0000000F
[    2.416368] Interrupt Taken: 	 Vector = 0x0000000F
[    2.416428] Interrupt Served: 	 Vector = 0x0000000F
[    2.419946] Interrupt Taken: 	 Vector = 0x0000000F
[    2.420016] Interrupt Served: 	 Vector = 0x0000000F
[    2.424255] Interrupt Taken: 	 Vector = 0x0000000F
[    2.424321] Interrupt Served: 	 Vector = 0x0000000F
[    2.427826] [passthrough] Read: 	 address = 0x58024418, size = 4 bytes, value = 0x00000008, pc=0x08001A66 
[    2.428317] Interrupt Taken: 	 Vector = 0x0000000F
[    2.428372] Interrupt Served: 	 Vector = 0x0000000F
[    2.432552] Interrupt Taken: 	 Vector = 0x0000000F
[    2.432626] Interrupt Served: 	 Vector = 0x0000000F
[    2.437168] [passthrough] Write: 	 address = 0x58024418, size = 4 bytes, value = 0x00000008, pc=0x08001A6E 
[    2.438164] Interrupt Taken: 	 Vector = 0x0000000F
[    2.438243] Interrupt Served: 	 Vector = 0x0000000F
[    2.442054] Interrupt Taken: 	 Vector = 0x0000000F
[    2.442124] Interrupt Served: 	 Vector = 0x0000000F
[    2.445514] [passthrough] Read: 	 address = 0x58024400, size = 4 bytes, value = 0x03034025, pc=0x08001A72 
[    2.446024] Interrupt Taken: 	 Vector = 0x0000000F
[    2.446081] Interrupt Served: 	 Vector = 0x0000000F
[    2.450358] Interrupt Taken: 	 Vector = 0x0000000F
[    2.450431] Interrupt Served: 	 Vector = 0x0000000F
[    2.454821] Interrupt Taken: 	 Vector = 0x0000000F
[    2.454886] Interrupt Served: 	 Vector = 0x0000000F
[    2.458310] Interrupt Taken: 	 Vector = 0x0000000F
[    2.458465] Interrupt Served: 	 Vector = 0x0000000F
[    2.461447] Interrupt Taken: 	 Vector = 0x0000000F
[    2.461532] Interrupt Served: 	 Vector = 0x0000000F
[    2.465346] Interrupt Taken: 	 Vector = 0x0000000F
[    2.465414] Interrupt Served: 	 Vector = 0x0000000F
[    2.469395] Interrupt Taken: 	 Vector = 0x0000000F
[    2.469867] Interrupt Served: 	 Vector = 0x0000000F
[    2.473381] Interrupt Taken: 	 Vector = 0x0000000F
[    2.473482] Interrupt Served: 	 Vector = 0x0000000F
[    2.476804] [passthrough] Read: 	 address = 0x58024410, size = 4 bytes, value = 0x00000000, pc=0x08001A7E 
[    2.477265] Interrupt Taken: 	 Vector = 0x0000000F
[    2.477328] Interrupt Served: 	 Vector = 0x0000000F
[    2.481066] Interrupt Taken: 	 Vector = 0x0000000F
[    2.481135] Interrupt Served: 	 Vector = 0x0000000F
[    2.484828] [passthrough] Write: 	 address = 0x58024410, size = 4 bytes, value = 0x00000003, pc=0x08001A8C 
[    2.485739] Interrupt Taken: 	 Vector = 0x0000000F
[    2.486063] Interrupt Served: 	 Vector = 0x0000000F
[    2.488929] Interrupt Taken: 	 Vector = 0x0000000F
[    2.489013] Interrupt Served: 	 Vector = 0x0000000F
[    2.492086] Interrupt Taken: 	 Vector = 0x0000000F
[    2.492128] Interrupt Served: 	 Vector = 0x0000000F
[    2.495427] Interrupt Taken: 	 Vector = 0x0000000F
[    2.495478] Interrupt Served: 	 Vector = 0x0000000F
[    2.498552] Interrupt Taken: 	 Vector = 0x0000000F
[    2.498597] Interrupt Served: 	 Vector = 0x0000000F
[    2.501675] Interrupt Taken: 	 Vector = 0x0000000F
[    2.501719] Interrupt Served: 	 Vector = 0x0000000F
[    2.504764] [passthrough] Read: 	 address = 0x58024410, size = 4 bytes, value = 0x0000001b, pc=0x08001AD0 
[    2.505222] Interrupt Taken: 	 Vector = 0x0000000F
[    2.505282] Interrupt Served: 	 Vector = 0x0000000F
[    2.507771] Interrupt Taken: 	 Vector = 0x0000000F
[    2.507819] Interrupt Served: 	 Vector = 0x0000000F
[    2.510798] Interrupt Taken: 	 Vector = 0x0000000F
[    2.510820] Interrupt Served: 	 Vector = 0x0000000F
[    2.513907] Interrupt Taken: 	 Vector = 0x0000000F
[    2.513942] Interrupt Served: 	 Vector = 0x0000000F
[    2.517063] [passthrough] Read: 	 address = 0x52002000, size = 4 bytes, value = 0x00000037, pc=0x080019C0 
[    2.517453] Interrupt Taken: 	 Vector = 0x0000000F
[    2.517504] Interrupt Served: 	 Vector = 0x0000000F
[    2.519929] Interrupt Taken: 	 Vector = 0x0000000F
[    2.519970] Interrupt Served: 	 Vector = 0x0000000F
[    2.522960] Interrupt Taken: 	 Vector = 0x0000000F
[    2.522990] Interrupt Served: 	 Vector = 0x0000000F
[    2.526001] Interrupt Taken: 	 Vector = 0x0000000F
[    2.526029] Interrupt Served: 	 Vector = 0x0000000F
[    2.528922] [passthrough] Read: 	 address = 0x52002000, size = 4 bytes, value = 0x00000037, pc=0x08001B18 
[    2.529285] Interrupt Taken: 	 Vector = 0x0000000F
[    2.529333] Interrupt Served: 	 Vector = 0x0000000F
[    2.531825] Interrupt Taken: 	 Vector = 0x0000000F
[    2.531876] Interrupt Served: 	 Vector = 0x0000000F
[    2.534983] Interrupt Taken: 	 Vector = 0x0000000F
[    2.535003] Interrupt Served: 	 Vector = 0x0000000F
[    2.538070] [passthrough] Write: 	 address = 0x52002000, size = 4 bytes, value = 0x00000032, pc=0x08001B20 
[    2.538654] Interrupt Taken: 	 Vector = 0x0000000F
[    2.538666] Interrupt Served: 	 Vector = 0x0000000F
[    2.541477] Interrupt Taken: 	 Vector = 0x0000000F
[    2.541495] Interrupt Served: 	 Vector = 0x0000000F
[    2.544391] [passthrough] Read: 	 address = 0x52002000, size = 4 bytes, value = 0x00000032, pc=0x08001B22 
[    2.544783] Interrupt Taken: 	 Vector = 0x0000000F
[    2.544799] Interrupt Served: 	 Vector = 0x0000000F
[    2.547707] Interrupt Taken: 	 Vector = 0x0000000F
[    2.547737] Interrupt Served: 	 Vector = 0x0000000F
[    2.550651] Interrupt Taken: 	 Vector = 0x0000000F
[    2.550681] Interrupt Served: 	 Vector = 0x0000000F
[    2.553696] Interrupt Taken: 	 Vector = 0x0000000F
[    2.553721] Interrupt Served: 	 Vector = 0x0000000F
[    2.556661] Interrupt Taken: 	 Vector = 0x0000000F
[    2.556686] Interrupt Served: 	 Vector = 0x0000000F
[    2.559653] [passthrough] Read: 	 address = 0x58024418, size = 4 bytes, value = 0x00000008, pc=0x08001B32 
[    2.560042] Interrupt Taken: 	 Vector = 0x0000000F
[    2.560062] Interrupt Served: 	 Vector = 0x0000000F
[    2.563195] Interrupt Taken: 	 Vector = 0x0000000F
[    2.563231] Interrupt Served: 	 Vector = 0x0000000F
[    2.566333] [passthrough] Write: 	 address = 0x58024418, size = 4 bytes, value = 0x00000048, pc=0x08001B3A 
[    2.566843] Interrupt Taken: 	 Vector = 0x0000000F
[    2.566874] Interrupt Served: 	 Vector = 0x0000000F
[    2.569820] Interrupt Taken: 	 Vector = 0x0000000F
[    2.569856] Interrupt Served: 	 Vector = 0x0000000F
[    2.573015] Interrupt Taken: 	 Vector = 0x0000000F
[    2.573055] Interrupt Served: 	 Vector = 0x0000000F
[    2.576398] Interrupt Taken: 	 Vector = 0x0000000F
[    2.576441] Interrupt Served: 	 Vector = 0x0000000F
[    2.579627] [passthrough] Read: 	 address = 0x5802441C, size = 4 bytes, value = 0x00000000, pc=0x080019DC 
[    2.580361] Interrupt Taken: 	 Vector = 0x0000000F
[    2.580483] Interrupt Served: 	 Vector = 0x0000000F
[    2.583327] Interrupt Taken: 	 Vector = 0x0000000F
[    2.583413] Interrupt Served: 	 Vector = 0x0000000F
[    2.586835] Interrupt Taken: 	 Vector = 0x0000000F
[    2.586880] Interrupt Served: 	 Vector = 0x0000000F
[    2.590323] [passthrough] Write: 	 address = 0x5802441C, size = 4 bytes, value = 0x00000040, pc=0x080019E4 
[    2.590919] Interrupt Taken: 	 Vector = 0x0000000F
[    2.591011] Interrupt Served: 	 Vector = 0x0000000F
[    2.594049] Interrupt Taken: 	 Vector = 0x0000000F
[    2.594176] Interrupt Served: 	 Vector = 0x0000000F
[    2.597822] Interrupt Taken: 	 Vector = 0x0000000F
[    2.597999] Interrupt Served: 	 Vector = 0x0000000F
[    2.600849] Interrupt Taken: 	 Vector = 0x0000000F
[    2.600973] Interrupt Served: 	 Vector = 0x0000000F
[    2.605089] Interrupt Taken: 	 Vector = 0x0000000F
[    2.605157] Interrupt Served: 	 Vector = 0x0000000F
[    2.608654] [passthrough] Read: 	 address = 0x5802441C, size = 4 bytes, value = 0x00000040, pc=0x080019EE 
[    2.609129] Interrupt Taken: 	 Vector = 0x0000000F
[    2.609185] Interrupt Served: 	 Vector = 0x0000000F
[    2.612944] Interrupt Taken: 	 Vector = 0x0000000F
[    2.613014] Interrupt Served: 	 Vector = 0x0000000F
[    2.616658] [passthrough] Write: 	 address = 0x5802441C, size = 4 bytes, value = 0x00000440, pc=0x080019F6 
[    2.617307] Interrupt Taken: 	 Vector = 0x0000000F
[    2.617364] Interrupt Served: 	 Vector = 0x0000000F
[    2.620800] Interrupt Taken: 	 Vector = 0x0000000F
[    2.620862] Interrupt Served: 	 Vector = 0x0000000F
[    2.624751] Interrupt Taken: 	 Vector = 0x0000000F
[    2.624817] Interrupt Served: 	 Vector = 0x0000000F
[    2.628218] [passthrough] Read: 	 address = 0x58024420, size = 4 bytes, value = 0x00000000, pc=0x08001A00 
[    2.628711] Interrupt Taken: 	 Vector = 0x0000000F
[    2.628771] Interrupt Served: 	 Vector = 0x0000000F
[    2.632618] Interrupt Taken: 	 Vector = 0x0000000F
[    2.632870] Interrupt Served: 	 Vector = 0x0000000F
[    2.635726] Interrupt Taken: 	 Vector = 0x0000000F
[    2.635848] Interrupt Served: 	 Vector = 0x0000000F
[    2.639167] [passthrough] Write: 	 address = 0x58024420, size = 4 bytes, value = 0x00000040, pc=0x08001A08 
[    2.639788] Interrupt Taken: 	 Vector = 0x0000000F
[    2.639877] Interrupt Served: 	 Vector = 0x0000000F
[    2.642647] Interrupt Taken: 	 Vector = 0x0000000F
[    2.642697] Interrupt Served: 	 Vector = 0x0000000F
[    2.647047] Interrupt Taken: 	 Vector = 0x0000000F
[    2.647162] Interrupt Served: 	 Vector = 0x0000000F
[    2.651208] Interrupt Taken: 	 Vector = 0x0000000F
[    2.651281] Interrupt Served: 	 Vector = 0x0000000F
[    2.654924] [passthrough] Read: 	 address = 0x58024410, size = 4 bytes, value = 0x0000001b, pc=0x0800187A 
[    2.655492] Interrupt Taken: 	 Vector = 0x0000000F
[    2.655617] Interrupt Served: 	 Vector = 0x0000000F
[    2.658615] Interrupt Taken: 	 Vector = 0x0000000F
[    2.658703] Interrupt Served: 	 Vector = 0x0000000F
[    2.662955] Interrupt Taken: 	 Vector = 0x0000000F
[    2.663071] Interrupt Served: 	 Vector = 0x0000000F
[    2.667234] Interrupt Taken: 	 Vector = 0x0000000F
[    2.667305] Interrupt Served: 	 Vector = 0x0000000F
[    2.671672] Interrupt Taken: 	 Vector = 0x0000000F
[    2.671747] Interrupt Served: 	 Vector = 0x0000000F
[    2.675255] [passthrough] Read: 	 address = 0x58024428, size = 4 bytes, value = 0x00000012, pc=0x080018A2 
[    2.675711] Interrupt Taken: 	 Vector = 0x0000000F
[    2.675756] Interrupt Served: 	 Vector = 0x0000000F
[    2.680388] Interrupt Taken: 	 Vector = 0x0000000F
[    2.680531] Interrupt Served: 	 Vector = 0x0000000F
[    2.684312] [passthrough] Read: 	 address = 0x58024428, size = 4 bytes, value = 0x00000012, pc=0x080018A8 
[    2.684927] Interrupt Taken: 	 Vector = 0x0000000F
[    2.685959] Interrupt Served: 	 Vector = 0x0000000F
[    2.688824] Interrupt Taken: 	 Vector = 0x0000000F
[    2.688961] Interrupt Served: 	 Vector = 0x0000000F
[    2.693245] Interrupt Taken: 	 Vector = 0x0000000F
[    2.693311] Interrupt Served: 	 Vector = 0x0000000F
[    2.696880] [passthrough] Read: 	 address = 0x5802442C, size = 4 bytes, value = 0x0007000d, pc=0x080018AA 
[    2.697502] Interrupt Taken: 	 Vector = 0x0000000F
[    2.697568] Interrupt Served: 	 Vector = 0x0000000F
[    2.702301] Interrupt Taken: 	 Vector = 0x0000000F
[    2.702383] Interrupt Served: 	 Vector = 0x0000000F
[    2.705798] [passthrough] Read: 	 address = 0x58024434, size = 4 bytes, value = 0x00000000, pc=0x080018B0 
[    2.706231] Interrupt Taken: 	 Vector = 0x0000000F
[    2.706276] Interrupt Served: 	 Vector = 0x0000000F
[    2.709920] Interrupt Taken: 	 Vector = 0x0000000F
[    2.709984] Interrupt Served: 	 Vector = 0x0000000F
[    2.713545] Interrupt Taken: 	 Vector = 0x0000000F
[    2.713603] Interrupt Served: 	 Vector = 0x0000000F
[    2.717788] Interrupt Taken: 	 Vector = 0x0000000F
[    2.717885] Interrupt Served: 	 Vector = 0x0000000F
[    2.721503] [passthrough] Read: 	 address = 0x58024430, size = 4 bytes, value = 0x01030263, pc=0x08001960 
[    2.722008] Interrupt Taken: 	 Vector = 0x0000000F
[    2.722112] Interrupt Served: 	 Vector = 0x0000000F
[    2.725050] Interrupt Taken: 	 Vector = 0x0000000F
[    2.725129] Interrupt Served: 	 Vector = 0x0000000F
[    2.729162] Interrupt Taken: 	 Vector = 0x0000000F
[    2.729281] Interrupt Served: 	 Vector = 0x0000000F
[    2.732315] Interrupt Taken: 	 Vector = 0x0000000F
[    2.732421] Interrupt Served: 	 Vector = 0x0000000F
[    2.736301] Interrupt Taken: 	 Vector = 0x0000000F
[    2.736399] Interrupt Served: 	 Vector = 0x0000000F
[    2.740295] Interrupt Taken: 	 Vector = 0x0000000F
[    2.740403] Interrupt Served: 	 Vector = 0x0000000F
[    2.743314] Interrupt Taken: 	 Vector = 0x0000000F
[    2.743393] Interrupt Served: 	 Vector = 0x0000000F
[    2.747375] [passthrough] Read: 	 address = 0x58024430, size = 4 bytes, value = 0x01030263, pc=0x08001940 
[    2.747918] Interrupt Taken: 	 Vector = 0x0000000F
[    2.748084] Interrupt Served: 	 Vector = 0x0000000F
[    2.750963] Interrupt Taken: 	 Vector = 0x0000000F
[    2.751058] Interrupt Served: 	 Vector = 0x0000000F
[    2.754960] Interrupt Taken: 	 Vector = 0x0000000F
[    2.755027] Interrupt Served: 	 Vector = 0x0000000F
[    2.758311] Interrupt Taken: 	 Vector = 0x0000000F
[    2.758359] Interrupt Served: 	 Vector = 0x0000000F
[    2.762297] Interrupt Taken: 	 Vector = 0x0000000F
[    2.762345] Interrupt Served: 	 Vector = 0x0000000F
[    2.765808] [passthrough] Read: 	 address = 0x58024418, size = 4 bytes, value = 0x00000048, pc=0x08001A14 
[    2.766320] Interrupt Taken: 	 Vector = 0x0000000F
[    2.766388] Interrupt Served: 	 Vector = 0x0000000F
[    2.770503] Interrupt Taken: 	 Vector = 0x0000000F
[    2.770582] Interrupt Served: 	 Vector = 0x0000000F
[    2.774429] Interrupt Taken: 	 Vector = 0x0000000F
[    2.774477] Interrupt Served: 	 Vector = 0x0000000F
[    2.777991] Interrupt Taken: 	 Vector = 0x0000000F
[    2.778045] Interrupt Served: 	 Vector = 0x0000000F
[    2.782253] Interrupt Taken: 	 Vector = 0x0000000F
[    2.782326] Interrupt Served: 	 Vector = 0x0000000F
[    2.785712] IO Write Access NOT Handled: 	 address = 0xE000E014, size = 4 bytes, value = 0x00061a7f, pc=0x080005C8 
[    2.785786] IO Write Access NOT Handled (Unknown Region): 	 address = 0x00000004, size = 4 bytes, value = 0x00061a7f, pc=0x080005C8 
[    2.785849] Interrupt Taken: 	 Vector = 0x0000000F
[    2.785931] Interrupt Served: 	 Vector = 0x0000000F
[    2.789852] Interrupt Taken: 	 Vector = 0x0000000F
[    2.789941] Interrupt Served: 	 Vector = 0x0000000F
[    2.793427] IO Write Access NOT Handled: 	 address = 0xE000ED23, size = 1 bytes, value = 0xf0, pc=0x080005CC 
[    2.793506] Interrupt Taken: 	 Vector = 0x0000000F
[    2.793546] Interrupt Served: 	 Vector = 0x0000000F
[    2.797238] Interrupt Taken: 	 Vector = 0x0000000F
[    2.797315] Interrupt Served: 	 Vector = 0x0000000F
[    2.800732] IO Write Access NOT Handled: 	 address = 0xE000E018, size = 4 bytes, value = 0x00000000, pc=0x080005D2 
[    2.800871] IO Write Access NOT Handled (Unknown Region): 	 address = 0x00000008, size = 4 bytes, value = 0x00000000, pc=0x080005D2 
[    2.800974] Interrupt Taken: 	 Vector = 0x0000000F
[    2.801042] Interrupt Served: 	 Vector = 0x0000000F
[    2.804530] Interrupt Taken: 	 Vector = 0x0000000F
[    2.804598] Interrupt Served: 	 Vector = 0x0000000F
[    2.808126] IO Write Access NOT Handled: 	 address = 0xE000E010, size = 4 bytes, value = 0x00000007, pc=0x080005D4 
[    2.808218] IO Write Access NOT Handled (Unknown Region): 	 address = 0x00000000, size = 4 bytes, value = 0x00000007, pc=0x080005D4 
[    2.808313] Interrupt Taken: 	 Vector = 0x0000000F
[    2.808369] Interrupt Served: 	 Vector = 0x0000000F
[    2.811613] Interrupt Taken: 	 Vector = 0x0000000F
[    2.811658] Interrupt Served: 	 Vector = 0x0000000F
[    2.815390] Interrupt Taken: 	 Vector = 0x0000000F
[    2.815463] Interrupt Served: 	 Vector = 0x0000000F
[    2.819049] Interrupt Taken: 	 Vector = 0x0000000F
[    2.819107] Interrupt Served: 	 Vector = 0x0000000F
[    2.822518] Interrupt Taken: 	 Vector = 0x0000000F
[    2.822564] Interrupt Served: 	 Vector = 0x0000000F
[    2.827232] Interrupt Taken: 	 Vector = 0x0000000F
[    2.827301] Interrupt Served: 	 Vector = 0x0000000F
[    2.830841] IO Read Access NOT Handled: 	 address=0xe000ed0c, size=4 bytes, pc=0x08000558
[    2.830953] Interrupt Taken: 	 Vector = 0x0000000F
[    2.831021] Interrupt Served: 	 Vector = 0x0000000F
[    2.835231] Interrupt Taken: 	 Vector = 0x0000000F
[    2.835315] Interrupt Served: 	 Vector = 0x0000000F
[    2.838876] Interrupt Taken: 	 Vector = 0x0000000F
[    2.838957] Interrupt Served: 	 Vector = 0x0000000F
[    2.842554] IO Write Access NOT Handled: 	 address = 0xE000ED23, size = 1 bytes, value = 0x00, pc=0x080005AC 
[    2.842643] Interrupt Taken: 	 Vector = 0x0000000F
[    2.842694] Interrupt Served: 	 Vector = 0x0000000F
[    2.846429] Interrupt Taken: 	 Vector = 0x0000000F
[    2.846583] Interrupt Served: 	 Vector = 0x0000000F
[    2.850456] Interrupt Taken: 	 Vector = 0x0000000F
[    2.850521] Interrupt Served: 	 Vector = 0x0000000F
[    2.854414] Interrupt Taken: 	 Vector = 0x0000000F
[    2.854477] Interrupt Served: 	 Vector = 0x0000000F
[    2.857949] Interrupt Taken: 	 Vector = 0x0000000F
[    2.858008] Interrupt Served: 	 Vector = 0x0000000F
[    2.861822] Interrupt Taken: 	 Vector = 0x0000000F
[    2.861923] Interrupt Served: 	 Vector = 0x0000000F
[    2.865738] Interrupt Taken: 	 Vector = 0x0000000F
[    2.865803] Interrupt Served: 	 Vector = 0x0000000F
[    2.871088] Interrupt Taken: 	 Vector = 0x0000000F
[    2.871147] Interrupt Served: 	 Vector = 0x0000000F
[    2.874572] [passthrough] Read: 	 address = 0x580244E0, size = 4 bytes, value = 0x00000000, pc=0x08006C82 
[    2.875033] Interrupt Taken: 	 Vector = 0x0000000F
[    2.875068] Interrupt Served: 	 Vector = 0x0000000F
[    2.879995] Interrupt Taken: 	 Vector = 0x0000000F
[    2.880066] Interrupt Served: 	 Vector = 0x0000000F
[    2.883747] [passthrough] Write: 	 address = 0x580244E0, size = 4 bytes, value = 0x00000080, pc=0x08006C8A 
[    2.884544] Interrupt Taken: 	 Vector = 0x0000000F
[    2.884609] Interrupt Served: 	 Vector = 0x0000000F
[    2.889188] Interrupt Taken: 	 Vector = 0x0000000F
[    2.889251] Interrupt Served: 	 Vector = 0x0000000F
[    2.892759] [passthrough] Read: 	 address = 0x580244E0, size = 4 bytes, value = 0x00000080, pc=0x08006C8E 
[    2.893237] Interrupt Taken: 	 Vector = 0x0000000F
[    2.893275] Interrupt Served: 	 Vector = 0x0000000F
[    2.898537] Interrupt Taken: 	 Vector = 0x0000000F
[    2.898652] Interrupt Served: 	 Vector = 0x0000000F
[    2.902116] [passthrough] Read: 	 address = 0x580244E0, size = 4 bytes, value = 0x00000080, pc=0x08006C9A 
[    2.902868] Interrupt Taken: 	 Vector = 0x0000000F
[    2.902953] Interrupt Served: 	 Vector = 0x0000000F
[    2.907196] Interrupt Taken: 	 Vector = 0x0000000F
[    2.907249] Interrupt Served: 	 Vector = 0x0000000F
[    2.910809] [passthrough] Write: 	 address = 0x580244E0, size = 4 bytes, value = 0x00000084, pc=0x08006CA2 
[    2.911545] Interrupt Taken: 	 Vector = 0x0000000F
[    2.911594] Interrupt Served: 	 Vector = 0x0000000F
[    2.916693] Interrupt Taken: 	 Vector = 0x0000000F
[    2.916763] Interrupt Served: 	 Vector = 0x0000000F
[    2.920280] [passthrough] Read: 	 address = 0x580244E0, size = 4 bytes, value = 0x00000084, pc=0x08006CA6 
[    2.920756] Interrupt Taken: 	 Vector = 0x0000000F
[    2.920818] Interrupt Served: 	 Vector = 0x0000000F
[    2.924758] Interrupt Taken: 	 Vector = 0x0000000F
[    2.924814] Interrupt Served: 	 Vector = 0x0000000F
[    2.928360] [passthrough] Read: 	 address = 0x580244E0, size = 4 bytes, value = 0x00000084, pc=0x08006CB2 
[    2.928848] Interrupt Taken: 	 Vector = 0x0000000F
[    2.928935] Interrupt Served: 	 Vector = 0x0000000F
[    2.933600] Interrupt Taken: 	 Vector = 0x0000000F
[    2.933681] Interrupt Served: 	 Vector = 0x0000000F
[    2.937310] [passthrough] Write: 	 address = 0x580244E0, size = 4 bytes, value = 0x00000085, pc=0x08006CBA 
[    2.937967] Interrupt Taken: 	 Vector = 0x0000000F
[    2.938023] Interrupt Served: 	 Vector = 0x0000000F
[    2.942224] Interrupt Taken: 	 Vector = 0x0000000F
[    2.942301] Interrupt Served: 	 Vector = 0x0000000F
[    2.945932] [passthrough] Read: 	 address = 0x580244E0, size = 4 bytes, value = 0x00000085, pc=0x08006CBE 
[    2.946483] Interrupt Taken: 	 Vector = 0x0000000F
[    2.946550] Interrupt Served: 	 Vector = 0x0000000F
[    2.950962] Interrupt Taken: 	 Vector = 0x0000000F
[    2.951062] Interrupt Served: 	 Vector = 0x0000000F
[    2.954885] [passthrough] Read: 	 address = 0x580244E0, size = 4 bytes, value = 0x00000085, pc=0x08006CCA 
[    2.955358] Interrupt Taken: 	 Vector = 0x0000000F
[    2.955406] Interrupt Served: 	 Vector = 0x0000000F
[    2.959312] Interrupt Taken: 	 Vector = 0x0000000F
[    2.959369] Interrupt Served: 	 Vector = 0x0000000F
[    2.962693] [passthrough] Write: 	 address = 0x580244E0, size = 4 bytes, value = 0x00000087, pc=0x08006CD2 
[    2.963337] Interrupt Taken: 	 Vector = 0x0000000F
[    2.963387] Interrupt Served: 	 Vector = 0x0000000F
[    2.968168] Interrupt Taken: 	 Vector = 0x0000000F
[    2.968245] Interrupt Served: 	 Vector = 0x0000000F
[    2.971727] [passthrough] Read: 	 address = 0x580244E0, size = 4 bytes, value = 0x00000087, pc=0x08006CD6 
[    2.972229] Interrupt Taken: 	 Vector = 0x0000000F
[    2.972269] Interrupt Served: 	 Vector = 0x0000000F
[    2.976154] Interrupt Taken: 	 Vector = 0x0000000F
[    2.976202] Interrupt Served: 	 Vector = 0x0000000F
[    2.979835] [passthrough] Read: 	 address = 0x580244E0, size = 4 bytes, value = 0x00000087, pc=0x08006CE2 
[    2.980412] Interrupt Taken: 	 Vector = 0x0000000F
[    2.980464] Interrupt Served: 	 Vector = 0x0000000F
[    2.984439] Interrupt Taken: 	 Vector = 0x0000000F
[    2.984514] Interrupt Served: 	 Vector = 0x0000000F
[    2.987970] [passthrough] Write: 	 address = 0x580244E0, size = 4 bytes, value = 0x000000c7, pc=0x08006CEA 
[    2.988610] Interrupt Taken: 	 Vector = 0x0000000F
[    2.988650] Interrupt Served: 	 Vector = 0x0000000F
[    2.992337] Interrupt Taken: 	 Vector = 0x0000000F
[    2.992399] Interrupt Served: 	 Vector = 0x0000000F
[    2.996162] [passthrough] Read: 	 address = 0x580244E0, size = 4 bytes, value = 0x000000c7, pc=0x08006CEE 
[    2.996706] Interrupt Taken: 	 Vector = 0x0000000F
[    2.996768] Interrupt Served: 	 Vector = 0x0000000F
[    3.000580] Interrupt Taken: 	 Vector = 0x0000000F
[    3.000644] Interrupt Served: 	 Vector = 0x0000000F
[    3.005351] Interrupt Taken: 	 Vector = 0x0000000F
[    3.005427] Interrupt Served: 	 Vector = 0x0000000F
[    3.009001] Interrupt Taken: 	 Vector = 0x0000000F
[    3.009051] Interrupt Served: 	 Vector = 0x0000000F
[    3.013184] Interrupt Taken: 	 Vector = 0x0000000F
[    3.013243] Interrupt Served: 	 Vector = 0x0000000F
[    3.016919] Interrupt Taken: 	 Vector = 0x0000000F
[    3.016997] Interrupt Served: 	 Vector = 0x0000000F
[    3.021260] Interrupt Taken: 	 Vector = 0x0000000F
[    3.021336] Interrupt Served: 	 Vector = 0x0000000F
[    3.024754] Interrupt Taken: 	 Vector = 0x0000000F
[    3.024880] Interrupt Served: 	 Vector = 0x0000000F
[    3.027828] Interrupt Taken: 	 Vector = 0x0000000F
[    3.027924] Interrupt Served: 	 Vector = 0x0000000F
[    3.032286] Interrupt Taken: 	 Vector = 0x0000000F
[    3.032356] Interrupt Served: 	 Vector = 0x0000000F
[    3.036778] Interrupt Taken: 	 Vector = 0x0000000F
[    3.036956] Interrupt Served: 	 Vector = 0x0000000F
[    3.040869] Interrupt Taken: 	 Vector = 0x0000000F
[    3.040962] Interrupt Served: 	 Vector = 0x0000000F
[    3.044507] Interrupt Taken: 	 Vector = 0x0000000F
[    3.044564] Interrupt Served: 	 Vector = 0x0000000F
[    3.048242] Interrupt Taken: 	 Vector = 0x0000000F
[    3.048368] Interrupt Served: 	 Vector = 0x0000000F
[    3.052327] Interrupt Taken: 	 Vector = 0x0000000F
[    3.052401] Interrupt Served: 	 Vector = 0x0000000F
[    3.056236] Interrupt Taken: 	 Vector = 0x0000000F
[    3.056289] Interrupt Served: 	 Vector = 0x0000000F
[    3.059823] Interrupt Taken: 	 Vector = 0x0000000F
[    3.059886] Interrupt Served: 	 Vector = 0x0000000F
[    3.063450] Interrupt Taken: 	 Vector = 0x0000000F
[    3.063545] Interrupt Served: 	 Vector = 0x0000000F
[    3.066808] Interrupt Taken: 	 Vector = 0x0000000F
[    3.066922] Interrupt Served: 	 Vector = 0x0000000F
[    3.070206] Interrupt Taken: 	 Vector = 0x0000000F
[    3.070278] Interrupt Served: 	 Vector = 0x0000000F
[    3.073438] Interrupt Taken: 	 Vector = 0x0000000F
[    3.073516] Interrupt Served: 	 Vector = 0x0000000F
[    3.077718] Interrupt Taken: 	 Vector = 0x0000000F
[    3.077792] Interrupt Served: 	 Vector = 0x0000000F
[    3.081393] Interrupt Taken: 	 Vector = 0x0000000F
[    3.081443] Interrupt Served: 	 Vector = 0x0000000F
[    3.084834] Interrupt Taken: 	 Vector = 0x0000000F
[    3.084933] Interrupt Served: 	 Vector = 0x0000000F
[    3.088398] Interrupt Taken: 	 Vector = 0x0000000F
[    3.088445] Interrupt Served: 	 Vector = 0x0000000F
[    3.091982] Interrupt Taken: 	 Vector = 0x0000000F
[    3.092052] Interrupt Served: 	 Vector = 0x0000000F
[    3.095418] Interrupt Taken: 	 Vector = 0x0000000F
[    3.095460] Interrupt Served: 	 Vector = 0x0000000F
[    3.099936] Interrupt Taken: 	 Vector = 0x0000000F
[    3.100011] Interrupt Served: 	 Vector = 0x0000000F
[    3.103641] Interrupt Taken: 	 Vector = 0x0000000F
[    3.103705] Interrupt Served: 	 Vector = 0x0000000F
[    3.107779] Interrupt Taken: 	 Vector = 0x0000000F
[    3.107832] Interrupt Served: 	 Vector = 0x0000000F
[    3.111810] Interrupt Taken: 	 Vector = 0x0000000F
[    3.111925] Interrupt Served: 	 Vector = 0x0000000F
[    3.115823] Interrupt Taken: 	 Vector = 0x0000000F
[    3.115920] Interrupt Served: 	 Vector = 0x0000000F
[    3.119613] Interrupt Taken: 	 Vector = 0x0000000F
[    3.119683] Interrupt Served: 	 Vector = 0x0000000F
[    3.123558] Interrupt Taken: 	 Vector = 0x0000000F
[    3.123603] Interrupt Served: 	 Vector = 0x0000000F
[    3.127314] Interrupt Taken: 	 Vector = 0x0000000F
[    3.127379] Interrupt Served: 	 Vector = 0x0000000F
[    3.131346] Interrupt Taken: 	 Vector = 0x0000000F
[    3.131407] Interrupt Served: 	 Vector = 0x0000000F
[    3.134767] Interrupt Taken: 	 Vector = 0x0000000F
[    3.134824] Interrupt Served: 	 Vector = 0x0000000F
[    3.138488] Interrupt Taken: 	 Vector = 0x0000000F
[    3.138563] Interrupt Served: 	 Vector = 0x0000000F
[    3.142367] Interrupt Taken: 	 Vector = 0x0000000F
[    3.142426] Interrupt Served: 	 Vector = 0x0000000F
[    3.146278] Interrupt Taken: 	 Vector = 0x0000000F
[    3.146364] Interrupt Served: 	 Vector = 0x0000000F
[    3.150088] Interrupt Taken: 	 Vector = 0x0000000F
[    3.150157] Interrupt Served: 	 Vector = 0x0000000F
[    3.153985] Interrupt Taken: 	 Vector = 0x0000000F
[    3.154055] Interrupt Served: 	 Vector = 0x0000000F
[    3.157662] Interrupt Taken: 	 Vector = 0x0000000F
[    3.157729] Interrupt Served: 	 Vector = 0x0000000F
[    3.161659] Interrupt Taken: 	 Vector = 0x0000000F
[    3.161744] Interrupt Served: 	 Vector = 0x0000000F
[    3.166784] Interrupt Taken: 	 Vector = 0x0000000F
[    3.166853] Interrupt Served: 	 Vector = 0x0000000F
[    3.170646] Interrupt Taken: 	 Vector = 0x0000000F
[    3.170722] Interrupt Served: 	 Vector = 0x0000000F
[    3.174572] Interrupt Taken: 	 Vector = 0x0000000F
[    3.174637] Interrupt Served: 	 Vector = 0x0000000F
[    3.178513] Interrupt Taken: 	 Vector = 0x0000000F
[    3.178585] Interrupt Served: 	 Vector = 0x0000000F
[    3.182717] Interrupt Taken: 	 Vector = 0x0000000F
[    3.182818] Interrupt Served: 	 Vector = 0x0000000F
[    3.186863] Interrupt Taken: 	 Vector = 0x0000000F
[    3.186959] Interrupt Served: 	 Vector = 0x0000000F
[    3.190535] Interrupt Taken: 	 Vector = 0x0000000F
[    3.190594] Interrupt Served: 	 Vector = 0x0000000F
[    3.194601] Interrupt Taken: 	 Vector = 0x0000000F
[    3.194658] Interrupt Served: 	 Vector = 0x0000000F
[    3.198639] Interrupt Taken: 	 Vector = 0x0000000F
[    3.198846] Interrupt Served: 	 Vector = 0x0000000F
[    3.202815] Interrupt Taken: 	 Vector = 0x0000000F
[    3.203686] Interrupt Served: 	 Vector = 0x0000000F
[    3.206594] Interrupt Taken: 	 Vector = 0x0000000F
[    3.206720] Interrupt Served: 	 Vector = 0x0000000F
[    3.211017] Interrupt Taken: 	 Vector = 0x0000000F
[    3.211085] Interrupt Served: 	 Vector = 0x0000000F
[    3.215350] Interrupt Taken: 	 Vector = 0x0000000F
[    3.215631] Interrupt Served: 	 Vector = 0x0000000F
[    3.219698] Interrupt Taken: 	 Vector = 0x0000000F
[    3.219819] Interrupt Served: 	 Vector = 0x0000000F
[    3.224650] Interrupt Taken: 	 Vector = 0x0000000F
[    3.224748] Interrupt Served: 	 Vector = 0x0000000F
[    3.228802] Interrupt Taken: 	 Vector = 0x0000000F
[    3.228878] Interrupt Served: 	 Vector = 0x0000000F
[    3.233285] Interrupt Taken: 	 Vector = 0x0000000F
[    3.233362] Interrupt Served: 	 Vector = 0x0000000F
[    3.236986] Interrupt Taken: 	 Vector = 0x0000000F
[    3.237058] Interrupt Served: 	 Vector = 0x0000000F
[    3.241275] Interrupt Taken: 	 Vector = 0x0000000F
[    3.241366] Interrupt Served: 	 Vector = 0x0000000F
[    3.245023] Interrupt Taken: 	 Vector = 0x0000000F
[    3.245075] Interrupt Served: 	 Vector = 0x0000000F
[    3.249186] Interrupt Taken: 	 Vector = 0x0000000F
[    3.249267] Interrupt Served: 	 Vector = 0x0000000F
[    3.253174] Interrupt Taken: 	 Vector = 0x0000000F
[    3.253259] Interrupt Served: 	 Vector = 0x0000000F
[    3.257045] Interrupt Taken: 	 Vector = 0x0000000F
[    3.257115] Interrupt Served: 	 Vector = 0x0000000F
[    3.261116] Interrupt Taken: 	 Vector = 0x0000000F
[    3.261195] Interrupt Served: 	 Vector = 0x0000000F
[    3.265386] Interrupt Taken: 	 Vector = 0x0000000F
[    3.265513] Interrupt Served: 	 Vector = 0x0000000F
[    3.269383] Interrupt Taken: 	 Vector = 0x0000000F
[    3.269451] Interrupt Served: 	 Vector = 0x0000000F
[    3.273337] Interrupt Taken: 	 Vector = 0x0000000F
[    3.273420] Interrupt Served: 	 Vector = 0x0000000F
[    3.277010] Interrupt Taken: 	 Vector = 0x0000000F
[    3.277066] Interrupt Served: 	 Vector = 0x0000000F
[    3.281038] Interrupt Taken: 	 Vector = 0x0000000F
[    3.281119] Interrupt Served: 	 Vector = 0x0000000F
[    3.284773] Interrupt Taken: 	 Vector = 0x0000000F
[    3.284842] Interrupt Served: 	 Vector = 0x0000000F
[    3.288691] Interrupt Taken: 	 Vector = 0x0000000F
[    3.288760] Interrupt Served: 	 Vector = 0x0000000F
[    3.292749] Interrupt Taken: 	 Vector = 0x0000000F
[    3.292814] Interrupt Served: 	 Vector = 0x0000000F
[    3.296682] Interrupt Taken: 	 Vector = 0x0000000F
[    3.296762] Interrupt Served: 	 Vector = 0x0000000F
[    3.300359] Interrupt Taken: 	 Vector = 0x0000000F
[    3.300437] Interrupt Served: 	 Vector = 0x0000000F
[    3.304138] Interrupt Taken: 	 Vector = 0x0000000F
[    3.304209] Interrupt Served: 	 Vector = 0x0000000F
[    3.307354] Interrupt Taken: 	 Vector = 0x0000000F
[    3.307392] Interrupt Served: 	 Vector = 0x0000000F
[    3.312445] Interrupt Taken: 	 Vector = 0x0000000F
[    3.312551] Interrupt Served: 	 Vector = 0x0000000F
[    3.316391] Interrupt Taken: 	 Vector = 0x0000000F
[    3.316458] Interrupt Served: 	 Vector = 0x0000000F
[    3.320654] Interrupt Taken: 	 Vector = 0x0000000F
[    3.320729] Interrupt Served: 	 Vector = 0x0000000F
[    3.325579] Interrupt Taken: 	 Vector = 0x0000000F
[    3.325655] Interrupt Served: 	 Vector = 0x0000000F
[    3.329952] Interrupt Taken: 	 Vector = 0x0000000F
[    3.330024] Interrupt Served: 	 Vector = 0x0000000F
[    3.333610] Interrupt Taken: 	 Vector = 0x0000000F
[    3.333666] Interrupt Served: 	 Vector = 0x0000000F
[    3.337260] Interrupt Taken: 	 Vector = 0x0000000F
[    3.337330] Interrupt Served: 	 Vector = 0x0000000F
[    3.341224] Interrupt Taken: 	 Vector = 0x0000000F
[    3.341282] Interrupt Served: 	 Vector = 0x0000000F
[    3.345767] Interrupt Taken: 	 Vector = 0x0000000F
[    3.345878] Interrupt Served: 	 Vector = 0x0000000F
[    3.349823] [passthrough] Read: 	 address = 0x580244D8, size = 4 bytes, value = 0x00000000, pc=0x080067E4 
[    3.350533] Interrupt Taken: 	 Vector = 0x0000000F
[    3.350584] Interrupt Served: 	 Vector = 0x0000000F
[    3.354864] Interrupt Taken: 	 Vector = 0x0000000F
[    3.354981] Interrupt Served: 	 Vector = 0x0000000F
[    3.358629] [passthrough] Write: 	 address = 0x580244D8, size = 4 bytes, value = 0x00008000, pc=0x080067F0 
[    3.359290] Interrupt Taken: 	 Vector = 0x0000000F
[    3.359332] Interrupt Served: 	 Vector = 0x0000000F
[    3.362882] Interrupt Taken: 	 Vector = 0x0000000F
[    3.362981] Interrupt Served: 	 Vector = 0x0000000F
[    3.366821] [passthrough] Read: 	 address = 0x580244D8, size = 4 bytes, value = 0x00008000, pc=0x080067F4 
[    3.367327] Interrupt Taken: 	 Vector = 0x0000000F
[    3.367383] Interrupt Served: 	 Vector = 0x0000000F
[    3.370983] Interrupt Taken: 	 Vector = 0x0000000F
[    3.371058] Interrupt Served: 	 Vector = 0x0000000F
[    3.375544] Interrupt Taken: 	 Vector = 0x0000000F
[    3.375602] Interrupt Served: 	 Vector = 0x0000000F
[    3.379104] [passthrough] Read: 	 address = 0x580244D8, size = 4 bytes, value = 0x00008000, pc=0x08006800 
[    3.379683] Interrupt Taken: 	 Vector = 0x0000000F
[    3.379757] Interrupt Served: 	 Vector = 0x0000000F
[    3.385215] Interrupt Taken: 	 Vector = 0x0000000F
[    3.385327] Interrupt Served: 	 Vector = 0x0000000F
[    3.388976] [passthrough] Write: 	 address = 0x580244D8, size = 4 bytes, value = 0x00018000, pc=0x08006808 
[    3.389642] Interrupt Taken: 	 Vector = 0x0000000F
[    3.389772] Interrupt Served: 	 Vector = 0x0000000F
[    3.392651] Interrupt Taken: 	 Vector = 0x0000000F
[    3.392728] Interrupt Served: 	 Vector = 0x0000000F
[    3.397063] Interrupt Taken: 	 Vector = 0x0000000F
[    3.397144] Interrupt Served: 	 Vector = 0x0000000F
[    3.400671] [passthrough] Read: 	 address = 0x580244D8, size = 4 bytes, value = 0x00018000, pc=0x0800680C 
[    3.402443] Interrupt Taken: 	 Vector = 0x0000000F
[    3.402533] Interrupt Served: 	 Vector = 0x0000000F
[    3.406451] [passthrough] Read: 	 address = 0x580244D8, size = 4 bytes, value = 0x00018000, pc=0x08006818 
[    3.407017] Interrupt Taken: 	 Vector = 0x0000000F
[    3.407067] Interrupt Served: 	 Vector = 0x0000000F
[    3.411297] Interrupt Taken: 	 Vector = 0x0000000F
[    3.411758] Interrupt Served: 	 Vector = 0x0000000F
[    3.415478] [passthrough] Write: 	 address = 0x580244D8, size = 4 bytes, value = 0x00038000, pc=0x08006820 
[    3.416334] Interrupt Taken: 	 Vector = 0x0000000F
[    3.416389] Interrupt Served: 	 Vector = 0x0000000F
[    3.420393] Interrupt Taken: 	 Vector = 0x0000000F
[    3.420468] Interrupt Served: 	 Vector = 0x0000000F
[    3.423887] [passthrough] Read: 	 address = 0x580244D8, size = 4 bytes, value = 0x00038000, pc=0x08006824 
[    3.424450] Interrupt Taken: 	 Vector = 0x0000000F
[    3.424488] Interrupt Served: 	 Vector = 0x0000000F
[    3.428366] Interrupt Taken: 	 Vector = 0x0000000F
[    3.428443] Interrupt Served: 	 Vector = 0x0000000F
[    3.432871] Interrupt Taken: 	 Vector = 0x0000000F
[    3.432973] Interrupt Served: 	 Vector = 0x0000000F
[    3.436624] Interrupt Taken: 	 Vector = 0x0000000F
[    3.436779] Interrupt Served: 	 Vector = 0x0000000F
[    3.439784] Interrupt Taken: 	 Vector = 0x0000000F
[    3.439862] Interrupt Served: 	 Vector = 0x0000000F
[    3.443783] Interrupt Taken: 	 Vector = 0x0000000F
[    3.443879] Interrupt Served: 	 Vector = 0x0000000F
[    3.446710] Interrupt Taken: 	 Vector = 0x0000000F
[    3.446805] Interrupt Served: 	 Vector = 0x0000000F
[    3.450579] Interrupt Taken: 	 Vector = 0x0000000F
[    3.450641] Interrupt Served: 	 Vector = 0x0000000F
[    3.455327] Interrupt Taken: 	 Vector = 0x0000000F
[    3.455413] Interrupt Served: 	 Vector = 0x0000000F
[    3.458867] [passthrough] Read: 	 address = 0x58020820, size = 4 bytes, value = 0x00000000, pc=0x0800125C 
[    3.459384] Interrupt Taken: 	 Vector = 0x0000000F
[    3.459418] Interrupt Served: 	 Vector = 0x0000000F
[    3.464083] Interrupt Taken: 	 Vector = 0x0000000F
[    3.464161] Interrupt Served: 	 Vector = 0x0000000F
[    3.467770] [passthrough] Write: 	 address = 0x58020820, size = 4 bytes, value = 0x000000b0, pc=0x08001270 
[    3.468498] Interrupt Taken: 	 Vector = 0x0000000F
[    3.468556] Interrupt Served: 	 Vector = 0x0000000F
[    3.473148] Interrupt Taken: 	 Vector = 0x0000000F
[    3.473231] Interrupt Served: 	 Vector = 0x0000000F
[    3.476652] [passthrough] Read: 	 address = 0x58020800, size = 4 bytes, value = 0xffffffff, pc=0x08001278 
[    3.477325] Interrupt Taken: 	 Vector = 0x0000000F
[    3.477378] Interrupt Served: 	 Vector = 0x0000000F
[    3.481524] Interrupt Taken: 	 Vector = 0x0000000F
[    3.481601] Interrupt Served: 	 Vector = 0x0000000F
[    3.485171] [passthrough] Write: 	 address = 0x58020800, size = 4 bytes, value = 0xfffffffb, pc=0x0800129C 
[    3.485863] Interrupt Taken: 	 Vector = 0x0000000F
[    3.485926] Interrupt Served: 	 Vector = 0x0000000F
[    3.489597] Interrupt Taken: 	 Vector = 0x0000000F
[    3.489663] Interrupt Served: 	 Vector = 0x0000000F
[    3.494251] Interrupt Taken: 	 Vector = 0x0000000F
[    3.494671] Interrupt Served: 	 Vector = 0x0000000F
[    3.498311] [passthrough] Read: 	 address = 0x58020808, size = 4 bytes, value = 0x00000000, pc=0x080012A0 
[    3.498782] Interrupt Taken: 	 Vector = 0x0000000F
[    3.498917] Interrupt Served: 	 Vector = 0x0000000F
[    3.501760] Interrupt Taken: 	 Vector = 0x0000000F
[    3.501868] Interrupt Served: 	 Vector = 0x0000000F
[    3.506237] Interrupt Taken: 	 Vector = 0x0000000F
[    3.506296] Interrupt Served: 	 Vector = 0x0000000F
[    3.509805] [passthrough] Write: 	 address = 0x58020808, size = 4 bytes, value = 0x00000000, pc=0x080012B0 
[    3.510405] Interrupt Taken: 	 Vector = 0x0000000F
[    3.510446] Interrupt Served: 	 Vector = 0x0000000F
[    3.514729] Interrupt Taken: 	 Vector = 0x0000000F
[    3.514815] Interrupt Served: 	 Vector = 0x0000000F
[    3.518264] [passthrough] Read: 	 address = 0x58020804, size = 4 bytes, value = 0x00000000, pc=0x080012B2 
[    3.518818] Interrupt Taken: 	 Vector = 0x0000000F
[    3.518887] Interrupt Served: 	 Vector = 0x0000000F
[    3.522987] Interrupt Taken: 	 Vector = 0x0000000F
[    3.523039] Interrupt Served: 	 Vector = 0x0000000F
[    3.526536] [passthrough] Write: 	 address = 0x58020804, size = 4 bytes, value = 0x00000000, pc=0x080012C0 
[    3.527206] Interrupt Taken: 	 Vector = 0x0000000F
[    3.527263] Interrupt Served: 	 Vector = 0x0000000F
[    3.531218] Interrupt Taken: 	 Vector = 0x0000000F
[    3.531288] Interrupt Served: 	 Vector = 0x0000000F
[    3.534875] [passthrough] Read: 	 address = 0x5802080C, size = 4 bytes, value = 0x00000000, pc=0x080012C2 
[    3.535413] Interrupt Taken: 	 Vector = 0x0000000F
[    3.535456] Interrupt Served: 	 Vector = 0x0000000F
[    3.539235] Interrupt Taken: 	 Vector = 0x0000000F
[    3.539289] Interrupt Served: 	 Vector = 0x0000000F
[    3.542886] [passthrough] Write: 	 address = 0x5802080C, size = 4 bytes, value = 0x00000000, pc=0x080012CE 
[    3.543603] Interrupt Taken: 	 Vector = 0x0000000F
[    3.543652] Interrupt Served: 	 Vector = 0x0000000F
[    3.547527] Interrupt Taken: 	 Vector = 0x0000000F
[    3.547598] Interrupt Served: 	 Vector = 0x0000000F
[    3.551594] Interrupt Taken: 	 Vector = 0x0000000F
[    3.551663] Interrupt Served: 	 Vector = 0x0000000F
[    3.555593] Interrupt Taken: 	 Vector = 0x0000000F
[    3.555653] Interrupt Served: 	 Vector = 0x0000000F
[    3.558697] [passthrough] Read: 	 address = 0x58020020, size = 4 bytes, value = 0x00000000, pc=0x0800125C 
[    3.559208] Interrupt Taken: 	 Vector = 0x0000000F
[    3.559246] Interrupt Served: 	 Vector = 0x0000000F
[    3.562512] [passthrough] Write: 	 address = 0x58020020, size = 4 bytes, value = 0x000000b0, pc=0x08001270 
[    3.563251] [passthrough] Read: 	 address = 0x58020000, size = 4 bytes, value = 0xabffffff, pc=0x08001278 
[    3.563918] [passthrough] Write: 	 address = 0x58020000, size = 4 bytes, value = 0xabfffffb, pc=0x0800129C 
[    3.564592] Interrupt Taken: 	 Vector = 0x0000000F
[    3.564668] Interrupt Served: 	 Vector = 0x0000000F
[    3.567718] [passthrough] Read: 	 address = 0x58020008, size = 4 bytes, value = 0x0c000000, pc=0x080012A0 
[    3.568260] [passthrough] Write: 	 address = 0x58020008, size = 4 bytes, value = 0x0c000008, pc=0x080012B0 
[    3.569153] [passthrough] Read: 	 address = 0x58020004, size = 4 bytes, value = 0x00000000, pc=0x080012B2 
[    3.569673] Interrupt Taken: 	 Vector = 0x0000000F
[    3.569729] Interrupt Served: 	 Vector = 0x0000000F
[    3.572774] [passthrough] Write: 	 address = 0x58020004, size = 4 bytes, value = 0x00000000, pc=0x080012C0 
[    3.573559] [passthrough] Read: 	 address = 0x5802000C, size = 4 bytes, value = 0x64000000, pc=0x080012C2 
[    3.574048] Interrupt Taken: 	 Vector = 0x0000000F
[    3.574086] Interrupt Served: 	 Vector = 0x0000000F
[    3.577673] [passthrough] Write: 	 address = 0x5802000C, size = 4 bytes, value = 0x64000000, pc=0x080012CE 
[    3.578555] [passthrough] Read: 	 address = 0x58020020, size = 4 bytes, value = 0x000000b0, pc=0x0800125C 
[    3.579054] Interrupt Taken: 	 Vector = 0x0000000F
[    3.579108] Interrupt Served: 	 Vector = 0x0000000F
[    3.582523] [passthrough] Write: 	 address = 0x58020020, size = 4 bytes, value = 0x00000bb0, pc=0x08001270 
[    3.583184] Interrupt Taken: 	 Vector = 0x0000000F
[    3.583224] Interrupt Served: 	 Vector = 0x0000000F
[    3.586365] [passthrough] Read: 	 address = 0x58020000, size = 4 bytes, value = 0xabfffffb, pc=0x08001278 
[    3.587068] [passthrough] Write: 	 address = 0x58020000, size = 4 bytes, value = 0xabffffeb, pc=0x0800129C 
[    3.587736] Interrupt Taken: 	 Vector = 0x0000000F
[    3.587792] Interrupt Served: 	 Vector = 0x0000000F
[    3.591068] [passthrough] Read: 	 address = 0x58020008, size = 4 bytes, value = 0x0c000008, pc=0x080012A0 
[    3.591565] [passthrough] Write: 	 address = 0x58020008, size = 4 bytes, value = 0x0c000028, pc=0x080012B0 
[    3.592215] [passthrough] Read: 	 address = 0x58020004, size = 4 bytes, value = 0x00000000, pc=0x080012B2 
[    3.592643] [passthrough] Write: 	 address = 0x58020004, size = 4 bytes, value = 0x00000000, pc=0x080012C0 
[    3.593218] [passthrough] Read: 	 address = 0x5802000C, size = 4 bytes, value = 0x64000000, pc=0x080012C2 
[    3.593677] [passthrough] Write: 	 address = 0x5802000C, size = 4 bytes, value = 0x64000000, pc=0x080012CE 
[    3.594268] [passthrough] Read: 	 address = 0x58020020, size = 4 bytes, value = 0x00000bb0, pc=0x0800125C 
[    3.594705] [passthrough] Write: 	 address = 0x58020020, size = 4 bytes, value = 0xb0000bb0, pc=0x08001270 
[    3.595396] [passthrough] Read: 	 address = 0x58020000, size = 4 bytes, value = 0xabffffeb, pc=0x08001278 
[    3.596109] [passthrough] Write: 	 address = 0x58020000, size = 4 bytes, value = 0xabffbfeb, pc=0x0800129C 
[    3.596816] Interrupt Taken: 	 Vector = 0x0000000F
[    3.596881] Interrupt Served: 	 Vector = 0x0000000F
[    3.600405] [passthrough] Read: 	 address = 0x58020008, size = 4 bytes, value = 0x0c000028, pc=0x080012A0 
[    3.600917] Interrupt Taken: 	 Vector = 0x0000000F
[    3.601036] Interrupt Served: 	 Vector = 0x0000000F
[    3.603815] Interrupt Taken: 	 Vector = 0x0000000F
[    3.603942] Interrupt Served: 	 Vector = 0x0000000F
[    3.607140] [passthrough] Write: 	 address = 0x58020008, size = 4 bytes, value = 0x0c008028, pc=0x080012B0 
[    3.607728] [passthrough] Read: 	 address = 0x58020004, size = 4 bytes, value = 0x00000000, pc=0x080012B2 
[    3.608139] [passthrough] Write: 	 address = 0x58020004, size = 4 bytes, value = 0x00000000, pc=0x080012C0 
[    3.608745] [passthrough] Read: 	 address = 0x5802000C, size = 4 bytes, value = 0x64000000, pc=0x080012C2 
[    3.609201] [passthrough] Write: 	 address = 0x5802000C, size = 4 bytes, value = 0x64000000, pc=0x080012CE 
[    3.610403] Interrupt Taken: 	 Vector = 0x0000000F
[    3.610448] Interrupt Served: 	 Vector = 0x0000000F
[    3.614019] [passthrough] Read: 	 address = 0x58020820, size = 4 bytes, value = 0x000000b0, pc=0x0800125C 
[    3.614623] [passthrough] Write: 	 address = 0x58020820, size = 4 bytes, value = 0x000b00b0, pc=0x08001270 
[    3.615558] [passthrough] Read: 	 address = 0x58020800, size = 4 bytes, value = 0xfffffffb, pc=0x08001278 
[    3.616103] [passthrough] Write: 	 address = 0x58020800, size = 4 bytes, value = 0xfffffefb, pc=0x0800129C 
[    3.617237] [passthrough] Read: 	 address = 0x58020808, size = 4 bytes, value = 0x00000000, pc=0x080012A0 
[    3.617755] Interrupt Taken: 	 Vector = 0x0000000F
[    3.617882] Interrupt Served: 	 Vector = 0x0000000F
[    3.620873] Interrupt Taken: 	 Vector = 0x0000000F
[    3.620982] Interrupt Served: 	 Vector = 0x0000000F
[    3.624230] [passthrough] Write: 	 address = 0x58020808, size = 4 bytes, value = 0x00000200, pc=0x080012B0 
[    3.624935] Interrupt Taken: 	 Vector = 0x0000000F
[    3.624986] Interrupt Served: 	 Vector = 0x0000000F
[    3.628395] [passthrough] Read: 	 address = 0x58020804, size = 4 bytes, value = 0x00000000, pc=0x080012B2 
[    3.628966] Interrupt Taken: 	 Vector = 0x0000000F
[    3.629038] Interrupt Served: 	 Vector = 0x0000000F
[    3.632381] [passthrough] Write: 	 address = 0x58020804, size = 4 bytes, value = 0x00000000, pc=0x080012C0 
[    3.633200] Interrupt Taken: 	 Vector = 0x0000000F
[    3.633253] Interrupt Served: 	 Vector = 0x0000000F
[    3.636406] [passthrough] Read: 	 address = 0x5802080C, size = 4 bytes, value = 0x00000000, pc=0x080012C2 
[    3.636925] Interrupt Taken: 	 Vector = 0x0000000F
[    3.636978] Interrupt Served: 	 Vector = 0x0000000F
[    3.640373] [passthrough] Write: 	 address = 0x5802080C, size = 4 bytes, value = 0x00000000, pc=0x080012CE 
[    3.641151] [passthrough] Read: 	 address = 0x58020820, size = 4 bytes, value = 0x000b00b0, pc=0x0800125C 
[    3.641602] [passthrough] Write: 	 address = 0x58020820, size = 4 bytes, value = 0x00bb00b0, pc=0x08001270 
[    3.642307] [passthrough] Read: 	 address = 0x58020800, size = 4 bytes, value = 0xfffffefb, pc=0x08001278 
[    3.642788] [passthrough] Write: 	 address = 0x58020800, size = 4 bytes, value = 0xfffffafb, pc=0x0800129C 
[    3.643359] [passthrough] Read: 	 address = 0x58020808, size = 4 bytes, value = 0x00000200, pc=0x080012A0 
[    3.643817] [passthrough] Write: 	 address = 0x58020808, size = 4 bytes, value = 0x00000a00, pc=0x080012B0 
[    3.644625] [passthrough] Read: 	 address = 0x58020804, size = 4 bytes, value = 0x00000000, pc=0x080012B2 
[    3.645202] [passthrough] Write: 	 address = 0x58020804, size = 4 bytes, value = 0x00000000, pc=0x080012C0 
[    3.646072] [passthrough] Read: 	 address = 0x5802080C, size = 4 bytes, value = 0x00000000, pc=0x080012C2 
[    3.646582] Interrupt Taken: 	 Vector = 0x0000000F
[    3.646649] Interrupt Served: 	 Vector = 0x0000000F
[    3.649702] [passthrough] Write: 	 address = 0x5802080C, size = 4 bytes, value = 0x00000000, pc=0x080012CE 
[    3.651202] Interrupt Taken: 	 Vector = 0x0000000F
[    3.651291] Interrupt Served: 	 Vector = 0x0000000F
[    3.654517] [passthrough] Read: 	 address = 0x58020424, size = 4 bytes, value = 0x00000000, pc=0x0800125C 
[    3.654978] Interrupt Taken: 	 Vector = 0x0000000F
[    3.655023] Interrupt Served: 	 Vector = 0x0000000F
[    3.658228] [passthrough] Write: 	 address = 0x58020424, size = 4 bytes, value = 0x00b00000, pc=0x08001270 
[    3.659189] Interrupt Taken: 	 Vector = 0x0000000F
[    3.659238] Interrupt Served: 	 Vector = 0x0000000F
[    3.662631] [passthrough] Read: 	 address = 0x58020400, size = 4 bytes, value = 0xfffffebf, pc=0x08001278 
[    3.663138] Interrupt Taken: 	 Vector = 0x0000000F
[    3.663205] Interrupt Served: 	 Vector = 0x0000000F
[    3.666457] [passthrough] Write: 	 address = 0x58020400, size = 4 bytes, value = 0xfbfffebf, pc=0x0800129C 
[    3.667255] Interrupt Taken: 	 Vector = 0x0000000F
[    3.667319] Interrupt Served: 	 Vector = 0x0000000F
[    3.670611] [passthrough] Read: 	 address = 0x58020408, size = 4 bytes, value = 0x000000c0, pc=0x080012A0 
[    3.671075] Interrupt Taken: 	 Vector = 0x0000000F
[    3.671116] Interrupt Served: 	 Vector = 0x0000000F
[    3.674118] [passthrough] Write: 	 address = 0x58020408, size = 4 bytes, value = 0x080000c0, pc=0x080012B0 
[    3.674923] [passthrough] Read: 	 address = 0x58020404, size = 4 bytes, value = 0x00000000, pc=0x080012B2 
[    3.675368] Interrupt Taken: 	 Vector = 0x0000000F
[    3.675401] Interrupt Served: 	 Vector = 0x0000000F
[    3.678681] [passthrough] Write: 	 address = 0x58020404, size = 4 bytes, value = 0x00000000, pc=0x080012C0 
[    3.679459] [passthrough] Read: 	 address = 0x5802040C, size = 4 bytes, value = 0x00000100, pc=0x080012C2 
[    3.680080] [passthrough] Write: 	 address = 0x5802040C, size = 4 bytes, value = 0x00000100, pc=0x080012CE 
[    3.681730] Interrupt Taken: 	 Vector = 0x0000000F
[    3.681804] Interrupt Served: 	 Vector = 0x0000000F
[    3.685038] [passthrough] Read: 	 address = 0x58021824, size = 4 bytes, value = 0x00000000, pc=0x0800125C 
[    3.685626] Interrupt Taken: 	 Vector = 0x0000000F
[    3.685687] Interrupt Served: 	 Vector = 0x0000000F
[    3.689168] [passthrough] Write: 	 address = 0x58021824, size = 4 bytes, value = 0x0000b000, pc=0x08001270 
[    3.689749] Interrupt Taken: 	 Vector = 0x0000000F
[    3.689834] Interrupt Served: 	 Vector = 0x0000000F
[    3.692625] Interrupt Taken: 	 Vector = 0x0000000F
[    3.692685] Interrupt Served: 	 Vector = 0x0000000F
[    3.695967] [passthrough] Read: 	 address = 0x58021800, size = 4 bytes, value = 0xffffffff, pc=0x08001278 
[    3.696523] [passthrough] Write: 	 address = 0x58021800, size = 4 bytes, value = 0xffbfffff, pc=0x0800129C 
[    3.697164] [passthrough] Read: 	 address = 0x58021808, size = 4 bytes, value = 0x00000000, pc=0x080012A0 
[    3.697671] [passthrough] Write: 	 address = 0x58021808, size = 4 bytes, value = 0x00800000, pc=0x080012B0 
[    3.698298] [passthrough] Read: 	 address = 0x58021804, size = 4 bytes, value = 0x00000000, pc=0x080012B2 
[    3.698789] [passthrough] Write: 	 address = 0x58021804, size = 4 bytes, value = 0x00000000, pc=0x080012C0 
[    3.699872] [passthrough] Read: 	 address = 0x5802180C, size = 4 bytes, value = 0x00000000, pc=0x080012C2 
[    3.700506] [passthrough] Write: 	 address = 0x5802180C, size = 4 bytes, value = 0x00000000, pc=0x080012CE 
[    3.701173] Interrupt Taken: 	 Vector = 0x0000000F
[    3.701294] Interrupt Served: 	 Vector = 0x0000000F
[    3.704216] Interrupt Taken: 	 Vector = 0x0000000F
[    3.704314] Interrupt Served: 	 Vector = 0x0000000F
[    3.707503] [passthrough] Read: 	 address = 0x58021824, size = 4 bytes, value = 0x0000b000, pc=0x0800125C 
[    3.708070] Interrupt Taken: 	 Vector = 0x0000000F
[    3.708173] Interrupt Served: 	 Vector = 0x0000000F
[    3.711235] Interrupt Taken: 	 Vector = 0x0000000F
[    3.711326] Interrupt Served: 	 Vector = 0x0000000F
[    3.714588] [passthrough] Write: 	 address = 0x58021824, size = 4 bytes, value = 0x00b0b000, pc=0x08001270 
[    3.715301] Interrupt Taken: 	 Vector = 0x0000000F
[    3.715440] Interrupt Served: 	 Vector = 0x0000000F
[    3.718544] Interrupt Taken: 	 Vector = 0x0000000F
[    3.718659] Interrupt Served: 	 Vector = 0x0000000F
[    3.721840] [passthrough] Read: 	 address = 0x58021800, size = 4 bytes, value = 0xffbfffff, pc=0x08001278 
[    3.722399] [passthrough] Write: 	 address = 0x58021800, size = 4 bytes, value = 0xfbbfffff, pc=0x0800129C 
[    3.723161] [passthrough] Read: 	 address = 0x58021808, size = 4 bytes, value = 0x00800000, pc=0x080012A0 
[    3.723684] [passthrough] Write: 	 address = 0x58021808, size = 4 bytes, value = 0x08800000, pc=0x080012B0 
[    3.724336] [passthrough] Read: 	 address = 0x58021804, size = 4 bytes, value = 0x00000000, pc=0x080012B2 
[    3.725011] [passthrough] Write: 	 address = 0x58021804, size = 4 bytes, value = 0x00000000, pc=0x080012C0 
[    3.725649] Interrupt Taken: 	 Vector = 0x0000000F
[    3.725692] Interrupt Served: 	 Vector = 0x0000000F
[    3.729072] [passthrough] Read: 	 address = 0x5802180C, size = 4 bytes, value = 0x00000000, pc=0x080012C2 
[    3.729644] [passthrough] Write: 	 address = 0x5802180C, size = 4 bytes, value = 0x00000000, pc=0x080012CE 
[    3.731219] Interrupt Taken: 	 Vector = 0x0000000F
[    3.731291] Interrupt Served: 	 Vector = 0x0000000F
[    3.735188] Interrupt Taken: 	 Vector = 0x0000000F
[    3.735278] Interrupt Served: 	 Vector = 0x0000000F
[    3.738550] [passthrough] Read: 	 address = 0x580244F4, size = 4 bytes, value = 0x00010002, pc=0x08000FEE 
[    3.739001] Interrupt Taken: 	 Vector = 0x0000000F
[    3.739051] Interrupt Served: 	 Vector = 0x0000000F
[    3.742745] Interrupt Taken: 	 Vector = 0x0000000F
[    3.742816] Interrupt Served: 	 Vector = 0x0000000F
[    3.746743] [passthrough] Write: 	 address = 0x580244F4, size = 4 bytes, value = 0x00010002, pc=0x08000FF6 
[    3.747368] Interrupt Taken: 	 Vector = 0x0000000F
[    3.747418] Interrupt Served: 	 Vector = 0x0000000F
[    3.750953] Interrupt Taken: 	 Vector = 0x0000000F
[    3.751035] Interrupt Served: 	 Vector = 0x0000000F
[    3.754254] [passthrough] Read: 	 address = 0x580244F4, size = 4 bytes, value = 0x00010002, pc=0x08000FFA 
[    3.754718] Interrupt Taken: 	 Vector = 0x0000000F
[    3.754753] Interrupt Served: 	 Vector = 0x0000000F
[    3.758058] Interrupt Taken: 	 Vector = 0x0000000F
[    3.758122] Interrupt Served: 	 Vector = 0x0000000F
[    3.761939] Interrupt Taken: 	 Vector = 0x0000000F
[    3.762006] Interrupt Served: 	 Vector = 0x0000000F
[    3.765354] Interrupt Taken: 	 Vector = 0x0000000F
[    3.765400] Interrupt Served: 	 Vector = 0x0000000F
[    3.768811] Interrupt Taken: 	 Vector = 0x0000000F
[    3.768867] Interrupt Served: 	 Vector = 0x0000000F
[    3.772458] Interrupt Taken: 	 Vector = 0x0000000F
[    3.772505] Interrupt Served: 	 Vector = 0x0000000F
[    3.775853] [passthrough] Read: 	 address = 0x58000404, size = 4 bytes, value = 0x03000000, pc=0x0800051E 
[    3.776395] Interrupt Taken: 	 Vector = 0x0000000F
[    3.776436] Interrupt Served: 	 Vector = 0x0000000F
[    3.780242] Interrupt Taken: 	 Vector = 0x0000000F
[    3.780310] Interrupt Served: 	 Vector = 0x0000000F
[    3.783778] [passthrough] Write: 	 address = 0x58000404, size = 4 bytes, value = 0x03800000, pc=0x08000526 
[    3.784397] Interrupt Taken: 	 Vector = 0x0000000F
[    3.784540] Interrupt Served: 	 Vector = 0x0000000F
[    3.787461] Interrupt Taken: 	 Vector = 0x0000000F
[    3.787550] Interrupt Served: 	 Vector = 0x0000000F
[    3.791090] Interrupt Taken: 	 Vector = 0x0000000F
[    3.791133] Interrupt Served: 	 Vector = 0x0000000F
[    3.794960] Interrupt Taken: 	 Vector = 0x0000000F
[    3.795045] Interrupt Served: 	 Vector = 0x0000000F
[    3.798849] [passthrough] Read: 	 address = 0x40029000, size = 4 bytes, value = 0x00000000, pc=0x08001018 
[    3.799364] Interrupt Taken: 	 Vector = 0x0000000F
[    3.799484] Interrupt Served: 	 Vector = 0x0000000F
[    3.803103] Interrupt Taken: 	 Vector = 0x0000000F
[    3.803171] Interrupt Served: 	 Vector = 0x0000000F
[    3.806218] [passthrough] Write: 	 address = 0x40029000, size = 4 bytes, value = 0x00000001, pc=0x0800101E 
[    3.806786] Interrupt Taken: 	 Vector = 0x0000000F
[    3.806819] Interrupt Served: 	 Vector = 0x0000000F
[    3.810191] Interrupt Taken: 	 Vector = 0x0000000F
[    3.810250] Interrupt Served: 	 Vector = 0x0000000F
[    3.814062] Interrupt Taken: 	 Vector = 0x0000000F
[    3.814134] Interrupt Served: 	 Vector = 0x0000000F
[    3.817540] [passthrough] Read: 	 address = 0x40029000, size = 4 bytes, value = 0x00000000, pc=0x0800102C 
[    3.818017] Interrupt Taken: 	 Vector = 0x0000000F
[    3.818064] Interrupt Served: 	 Vector = 0x0000000F
[    3.821577] Interrupt Taken: 	 Vector = 0x0000000F
[    3.821626] Interrupt Served: 	 Vector = 0x0000000F
[    3.825235] Interrupt Taken: 	 Vector = 0x0000000F
[    3.825304] Interrupt Served: 	 Vector = 0x0000000F
[    3.829372] Interrupt Taken: 	 Vector = 0x0000000F
[    3.829480] Interrupt Served: 	 Vector = 0x0000000F
[    3.833105] [passthrough] Read: 	 address = 0x40028200, size = 4 bytes, value = 0x00000000, pc=0x08000F5E 
[    3.833621] Interrupt Taken: 	 Vector = 0x0000000F
[    3.833676] Interrupt Served: 	 Vector = 0x0000000F
[    3.837154] Interrupt Taken: 	 Vector = 0x0000000F
[    3.837226] Interrupt Served: 	 Vector = 0x0000000F
[    3.840851] Interrupt Taken: 	 Vector = 0x0000000F
[    3.840957] Interrupt Served: 	 Vector = 0x0000000F
[    3.844464] Interrupt Taken: 	 Vector = 0x0000000F
[    3.844517] Interrupt Served: 	 Vector = 0x0000000F
[    3.848642] Interrupt Taken: 	 Vector = 0x0000000F
[    3.848718] Interrupt Served: 	 Vector = 0x0000000F
[    3.852355] [passthrough] Read: 	 address = 0x58024410, size = 4 bytes, value = 0x0000001b, pc=0x0800187A 
[    3.852949] Interrupt Taken: 	 Vector = 0x0000000F
[    3.853001] Interrupt Served: 	 Vector = 0x0000000F
[    3.856403] Interrupt Taken: 	 Vector = 0x0000000F
[    3.856447] Interrupt Served: 	 Vector = 0x0000000F
[    3.859618] Interrupt Taken: 	 Vector = 0x0000000F
[    3.859657] Interrupt Served: 	 Vector = 0x0000000F
[    3.863851] Interrupt Taken: 	 Vector = 0x0000000F
[    3.863956] Interrupt Served: 	 Vector = 0x0000000F
[    3.867948] [passthrough] Read: 	 address = 0x58024428, size = 4 bytes, value = 0x00000012, pc=0x080018A2 
[    3.868730] Interrupt Taken: 	 Vector = 0x0000000F
[    3.868829] Interrupt Served: 	 Vector = 0x0000000F
[    3.872929] Interrupt Taken: 	 Vector = 0x0000000F
[    3.872989] Interrupt Served: 	 Vector = 0x0000000F
[    3.876323] [passthrough] Read: 	 address = 0x58024428, size = 4 bytes, value = 0x00000012, pc=0x080018A8 
[    3.876857] [passthrough] Read: 	 address = 0x5802442C, size = 4 bytes, value = 0x0007000d, pc=0x080018AA 
[    3.877381] [passthrough] Read: 	 address = 0x58024434, size = 4 bytes, value = 0x00000000, pc=0x080018B0 
[    3.877953] [passthrough] Read: 	 address = 0x58024430, size = 4 bytes, value = 0x01030263, pc=0x08001960 
[    3.878541] [passthrough] Read: 	 address = 0x58024430, size = 4 bytes, value = 0x01030263, pc=0x08001940 
[    3.879016] Interrupt Taken: 	 Vector = 0x0000000F
[    3.879056] Interrupt Served: 	 Vector = 0x0000000F
[    3.883518] Interrupt Taken: 	 Vector = 0x0000000F
[    3.883606] Interrupt Served: 	 Vector = 0x0000000F
[    3.886954] [passthrough] Read: 	 address = 0x58024418, size = 4 bytes, value = 0x00000048, pc=0x08001B90 
[    3.887438] Interrupt Taken: 	 Vector = 0x0000000F
[    3.887487] Interrupt Served: 	 Vector = 0x0000000F
[    3.891239] Interrupt Taken: 	 Vector = 0x0000000F
[    3.891290] Interrupt Served: 	 Vector = 0x0000000F
[    3.895263] Interrupt Taken: 	 Vector = 0x0000000F
[    3.895321] Interrupt Served: 	 Vector = 0x0000000F
[    3.899065] [passthrough] Read: 	 address = 0x58024418, size = 4 bytes, value = 0x00000048, pc=0x08001B5A 
[    3.899602] Interrupt Taken: 	 Vector = 0x0000000F
[    3.899662] Interrupt Served: 	 Vector = 0x0000000F
[    3.903647] Interrupt Taken: 	 Vector = 0x0000000F
[    3.903716] Interrupt Served: 	 Vector = 0x0000000F
[    3.907422] Interrupt Taken: 	 Vector = 0x0000000F
[    3.907481] Interrupt Served: 	 Vector = 0x0000000F
[    3.911669] Interrupt Taken: 	 Vector = 0x0000000F
[    3.911738] Interrupt Served: 	 Vector = 0x0000000F
[    3.915503] Interrupt Taken: 	 Vector = 0x0000000F
[    3.915588] Interrupt Served: 	 Vector = 0x0000000F
[    3.919615] Interrupt Taken: 	 Vector = 0x0000000F
[    3.919695] Interrupt Served: 	 Vector = 0x0000000F
[    3.923174] Interrupt Taken: 	 Vector = 0x0000000F
[    3.923219] Interrupt Served: 	 Vector = 0x0000000F
[    3.926463] [passthrough] Write: 	 address = 0x40028200, size = 4 bytes, value = 0x00000400, pc=0x08000F7A 
[    3.927074] Interrupt Taken: 	 Vector = 0x0000000F
[    3.927108] Interrupt Served: 	 Vector = 0x0000000F
[    3.931069] Interrupt Taken: 	 Vector = 0x0000000F
[    3.931148] Interrupt Served: 	 Vector = 0x0000000F
[    3.934773] Interrupt Taken: 	 Vector = 0x0000000F
[    3.934848] Interrupt Served: 	 Vector = 0x0000000F
[    3.938297] [passthrough] Read: 	 address = 0x58024410, size = 4 bytes, value = 0x0000001b, pc=0x0800187A 
[    3.938753] Interrupt Taken: 	 Vector = 0x0000000F
[    3.938792] Interrupt Served: 	 Vector = 0x0000000F
[    3.941724] [passthrough] Read: 	 address = 0x58024428, size = 4 bytes, value = 0x00000012, pc=0x080018A2 
[    3.942296] [passthrough] Read: 	 address = 0x58024428, size = 4 bytes, value = 0x00000012, pc=0x080018A8 
[    3.942833] [passthrough] Read: 	 address = 0x5802442C, size = 4 bytes, value = 0x0007000d, pc=0x080018AA 
[    3.943297] [passthrough] Read: 	 address = 0x58024434, size = 4 bytes, value = 0x00000000, pc=0x080018B0 
[    3.943802] [passthrough] Read: 	 address = 0x58024430, size = 4 bytes, value = 0x01030263, pc=0x08001960 
[    3.944315] [passthrough] Read: 	 address = 0x58024430, size = 4 bytes, value = 0x01030263, pc=0x08001940 
[    3.944813] [passthrough] Read: 	 address = 0x58024418, size = 4 bytes, value = 0x00000048, pc=0x08001B90 
[    3.945344] [passthrough] Read: 	 address = 0x58024418, size = 4 bytes, value = 0x00000048, pc=0x08001B5A 
[    3.949337] Interrupt Taken: 	 Vector = 0x0000000F
[    3.949457] Interrupt Served: 	 Vector = 0x0000000F
[    3.953354] [passthrough] Write: 	 address = 0x400280DC, size = 4 bytes, value = 0x000000c7, pc=0x0800109A 
[    3.956632] Interrupt Taken: 	 Vector = 0x0000000F
[    3.956706] Interrupt Served: 	 Vector = 0x0000000F
[    3.966445] Interrupt Taken: 	 Vector = 0x0000000F
[    3.966558] Interrupt Served: 	 Vector = 0x0000000F
[    3.970392] [passthrough] Read: 	 address = 0x40028000, size = 4 bytes, value = 0x00008000, pc=0x0800067C 
[    3.970970] Interrupt Taken: 	 Vector = 0x0000000F
[    3.971025] Interrupt Served: 	 Vector = 0x0000000F
[    3.981427] Interrupt Taken: 	 Vector = 0x0000000F
[    3.981544] Interrupt Served: 	 Vector = 0x0000000F
[    3.985183] [passthrough] Write: 	 address = 0x40028000, size = 4 bytes, value = 0x3830e000, pc=0x08000714 
[    3.985827] Interrupt Taken: 	 Vector = 0x0000000F
[    3.985881] Interrupt Served: 	 Vector = 0x0000000F
[    3.992265] Interrupt Taken: 	 Vector = 0x0000000F
[    3.992338] Interrupt Served: 	 Vector = 0x0000000F
[    3.995809] [passthrough] Read: 	 address = 0x40028004, size = 4 bytes, value = 0x00000000, pc=0x08000716 
[    3.996309] Interrupt Taken: 	 Vector = 0x0000000F
[    3.996356] Interrupt Served: 	 Vector = 0x0000000F
[    4.003638] Interrupt Taken: 	 Vector = 0x0000000F
[    4.003720] Interrupt Served: 	 Vector = 0x0000000F
[    4.007240] [passthrough] Write: 	 address = 0x40028004, size = 4 bytes, value = 0x00000618, pc=0x08000756 
[    4.008010] Interrupt Taken: 	 Vector = 0x0000000F
[    4.008057] Interrupt Served: 	 Vector = 0x0000000F
[    4.014634] Interrupt Taken: 	 Vector = 0x0000000F
[    4.014729] Interrupt Served: 	 Vector = 0x0000000F
[    4.018380] [passthrough] Read: 	 address = 0x4002800C, size = 4 bytes, value = 0x00000000, pc=0x08000758 
[    4.018874] Interrupt Taken: 	 Vector = 0x0000000F
[    4.018961] Interrupt Served: 	 Vector = 0x0000000F
[    4.024652] Interrupt Taken: 	 Vector = 0x0000000F
[    4.024737] Interrupt Served: 	 Vector = 0x0000000F
[    4.028506] [passthrough] Write: 	 address = 0x4002800C, size = 4 bytes, value = 0x00000000, pc=0x08000770 
[    4.029120] Interrupt Taken: 	 Vector = 0x0000000F
[    4.029173] Interrupt Served: 	 Vector = 0x0000000F
[    4.034343] Interrupt Taken: 	 Vector = 0x0000000F
[    4.034451] Interrupt Served: 	 Vector = 0x0000000F
[    4.038010] [passthrough] Read: 	 address = 0x40028070, size = 4 bytes, value = 0x00000000, pc=0x08000772 
[    4.038516] Interrupt Taken: 	 Vector = 0x0000000F
[    4.038571] Interrupt Served: 	 Vector = 0x0000000F
[    4.043614] Interrupt Taken: 	 Vector = 0x0000000F
[    4.043701] Interrupt Served: 	 Vector = 0x0000000F
[    4.047179] [passthrough] Write: 	 address = 0x40028070, size = 4 bytes, value = 0x00000000, pc=0x0800079A 
[    4.047825] Interrupt Taken: 	 Vector = 0x0000000F
[    4.047871] Interrupt Served: 	 Vector = 0x0000000F
[    4.052847] Interrupt Taken: 	 Vector = 0x0000000F
[    4.052934] Interrupt Served: 	 Vector = 0x0000000F
[    4.056253] [passthrough] Read: 	 address = 0x40028090, size = 4 bytes, value = 0x00000000, pc=0x0800079C 
[    4.056693] Interrupt Taken: 	 Vector = 0x0000000F
[    4.056729] Interrupt Served: 	 Vector = 0x0000000F
[    4.062147] [passthrough] Write: 	 address = 0x40028090, size = 4 bytes, value = 0x00000000, pc=0x080007B4 
[    4.062994] Interrupt Taken: 	 Vector = 0x0000000F
[    4.063133] Interrupt Served: 	 Vector = 0x0000000F
[    4.068364] Interrupt Taken: 	 Vector = 0x0000000F
[    4.068463] Interrupt Served: 	 Vector = 0x0000000F
[    4.071963] [passthrough] Read: 	 address = 0x40028D00, size = 4 bytes, value = 0x00070008, pc=0x080007B8 
[    4.072476] Interrupt Taken: 	 Vector = 0x0000000F
[    4.072615] Interrupt Served: 	 Vector = 0x0000000F
[    4.075529] Interrupt Taken: 	 Vector = 0x0000000F
[    4.075645] Interrupt Served: 	 Vector = 0x0000000F
[    4.080537] Interrupt Taken: 	 Vector = 0x0000000F
[    4.080625] Interrupt Served: 	 Vector = 0x0000000F
[    4.084435] [passthrough] Write: 	 address = 0x40028D00, size = 4 bytes, value = 0x0007000a, pc=0x080007C4 
[    4.086131] Interrupt Taken: 	 Vector = 0x0000000F
[    4.086212] Interrupt Served: 	 Vector = 0x0000000F
[    4.090481] Interrupt Taken: 	 Vector = 0x0000000F
[    4.090537] Interrupt Served: 	 Vector = 0x0000000F
[    4.094490] [passthrough] Read: 	 address = 0x40028D30, size = 4 bytes, value = 0x00700000, pc=0x080007C8 
[    4.095070] Interrupt Taken: 	 Vector = 0x0000000F
[    4.095137] Interrupt Served: 	 Vector = 0x0000000F
[    4.099862] Interrupt Taken: 	 Vector = 0x0000000F
[    4.100078] Interrupt Served: 	 Vector = 0x0000000F
[    4.103495] [passthrough] Write: 	 address = 0x40028D30, size = 4 bytes, value = 0x00700020, pc=0x080007F0 
[    4.104153] Interrupt Taken: 	 Vector = 0x0000000F
[    4.104204] Interrupt Served: 	 Vector = 0x0000000F
[    4.107709] Interrupt Taken: 	 Vector = 0x0000000F
[    4.107753] Interrupt Served: 	 Vector = 0x0000000F
[    4.111682] Interrupt Taken: 	 Vector = 0x0000000F
[    4.111763] Interrupt Served: 	 Vector = 0x0000000F
[    4.115970] Interrupt Taken: 	 Vector = 0x0000000F
[    4.116041] Interrupt Served: 	 Vector = 0x0000000F
[    4.122163] Interrupt Taken: 	 Vector = 0x0000000F
[    4.122230] Interrupt Served: 	 Vector = 0x0000000F
[    4.125695] [passthrough] Read: 	 address = 0x40029000, size = 4 bytes, value = 0x00000000, pc=0x08000800 
[    4.126199] Interrupt Taken: 	 Vector = 0x0000000F
[    4.126236] Interrupt Served: 	 Vector = 0x0000000F
[    4.132082] Interrupt Taken: 	 Vector = 0x0000000F
[    4.132171] Interrupt Served: 	 Vector = 0x0000000F
[    4.135719] [passthrough] Write: 	 address = 0x40029000, size = 4 bytes, value = 0x00000000, pc=0x0800080E 
[    4.136408] Interrupt Taken: 	 Vector = 0x0000000F
[    4.136467] Interrupt Served: 	 Vector = 0x0000000F
[    4.141042] Interrupt Taken: 	 Vector = 0x0000000F
[    4.141093] Interrupt Served: 	 Vector = 0x0000000F
[    4.144832] [passthrough] Read: 	 address = 0x40029004, size = 4 bytes, value = 0x00000000, pc=0x08000812 
[    4.145303] Interrupt Taken: 	 Vector = 0x0000000F
[    4.145346] Interrupt Served: 	 Vector = 0x0000000F
[    4.150989] Interrupt Taken: 	 Vector = 0x0000000F
[    4.151090] Interrupt Served: 	 Vector = 0x0000000F
[    4.154534] [passthrough] Write: 	 address = 0x40029004, size = 4 bytes, value = 0x00001001, pc=0x0800082A 
[    4.155187] Interrupt Taken: 	 Vector = 0x0000000F
[    4.155230] Interrupt Served: 	 Vector = 0x0000000F
[    4.159655] Interrupt Taken: 	 Vector = 0x0000000F
[    4.159703] Interrupt Served: 	 Vector = 0x0000000F
[    4.163948] [passthrough] Read: 	 address = 0x40029100, size = 4 bytes, value = 0x00000000, pc=0x08000830 
[    4.164505] Interrupt Taken: 	 Vector = 0x0000000F
[    4.164547] Interrupt Served: 	 Vector = 0x0000000F
[    4.169729] Interrupt Taken: 	 Vector = 0x0000000F
[    4.169830] Interrupt Served: 	 Vector = 0x0000000F
[    4.173340] [passthrough] Write: 	 address = 0x40029100, size = 4 bytes, value = 0x00000218, pc=0x0800083E 
[    4.173905] Interrupt Taken: 	 Vector = 0x0000000F
[    4.173944] Interrupt Served: 	 Vector = 0x0000000F
[    4.178775] Interrupt Taken: 	 Vector = 0x0000000F
[    4.178921] Interrupt Served: 	 Vector = 0x0000000F
[    4.182614] [passthrough] Read: 	 address = 0x40029104, size = 4 bytes, value = 0x00000000, pc=0x08000848 
[    4.184608] Interrupt Taken: 	 Vector = 0x0000000F
[    4.184719] Interrupt Served: 	 Vector = 0x0000000F
[    4.188171] [passthrough] Write: 	 address = 0x40029104, size = 4 bytes, value = 0x00200000, pc=0x0800085A 
[    4.188762] Interrupt Taken: 	 Vector = 0x0000000F
[    4.188803] Interrupt Served: 	 Vector = 0x0000000F
[    4.192566] Interrupt Taken: 	 Vector = 0x0000000F
[    4.192619] Interrupt Served: 	 Vector = 0x0000000F
[    4.196302] [passthrough] Read: 	 address = 0x40029108, size = 4 bytes, value = 0x00000000, pc=0x0800085E 
[    4.197730] Interrupt Taken: 	 Vector = 0x0000000F
[    4.197808] Interrupt Served: 	 Vector = 0x0000000F
[    4.201413] [passthrough] Write: 	 address = 0x40029108, size = 4 bytes, value = 0x00200000, pc=0x08000874 
[    4.202061] Interrupt Taken: 	 Vector = 0x0000000F
[    4.202099] Interrupt Served: 	 Vector = 0x0000000F
[    4.205834] Interrupt Taken: 	 Vector = 0x0000000F
[    4.205911] Interrupt Served: 	 Vector = 0x0000000F
[    4.209379] Interrupt Taken: 	 Vector = 0x0000000F
[    4.209424] Interrupt Served: 	 Vector = 0x0000000F
[    4.213358] [passthrough] Read: 	 address = 0x40029100, size = 4 bytes, value = 0x00000218, pc=0x080010FA 
[    4.213853] Interrupt Taken: 	 Vector = 0x0000000F
[    4.213932] Interrupt Served: 	 Vector = 0x0000000F
[    4.217671] Interrupt Taken: 	 Vector = 0x0000000F
[    4.217759] Interrupt Served: 	 Vector = 0x0000000F
[    4.221218] [passthrough] Write: 	 address = 0x40029100, size = 4 bytes, value = 0x00080218, pc=0x0800110A 
[    4.221961] Interrupt Taken: 	 Vector = 0x0000000F
[    4.222036] Interrupt Served: 	 Vector = 0x0000000F
[    4.225511] Interrupt Taken: 	 Vector = 0x0000000F
[    4.225555] Interrupt Served: 	 Vector = 0x0000000F
[    4.231005] Interrupt Taken: 	 Vector = 0x0000000F
[    4.231071] Interrupt Served: 	 Vector = 0x0000000F
[    4.234598] [passthrough] Read: 	 address = 0x40029108, size = 4 bytes, value = 0x00200000, pc=0x08001138 
[    4.235557] Interrupt Taken: 	 Vector = 0x0000000F
[    4.235612] Interrupt Served: 	 Vector = 0x0000000F
[    4.240263] Interrupt Taken: 	 Vector = 0x0000000F
[    4.240318] Interrupt Served: 	 Vector = 0x0000000F
[    4.243941] [passthrough] Write: 	 address = 0x40029108, size = 4 bytes, value = 0x00200be8, pc=0x0800114A 
[    4.244627] Interrupt Taken: 	 Vector = 0x0000000F
[    4.244752] Interrupt Served: 	 Vector = 0x0000000F
[    4.249092] Interrupt Taken: 	 Vector = 0x0000000F
[    4.249163] Interrupt Served: 	 Vector = 0x0000000F
[    4.252491] Interrupt Taken: 	 Vector = 0x0000000F
[    4.252625] Interrupt Served: 	 Vector = 0x0000000F
[    4.257244] Interrupt Taken: 	 Vector = 0x0000000F
[    4.257296] Interrupt Served: 	 Vector = 0x0000000F
[    4.260541] Interrupt Taken: 	 Vector = 0x0000000F
[    4.260619] Interrupt Served: 	 Vector = 0x0000000F
[    4.263870] Interrupt Taken: 	 Vector = 0x0000000F
[    4.264016] Interrupt Served: 	 Vector = 0x0000000F
[    4.267295] Interrupt Taken: 	 Vector = 0x0000000F
[    4.267393] Interrupt Served: 	 Vector = 0x0000000F
[    4.272802] Interrupt Taken: 	 Vector = 0x0000000F
[    4.272869] Interrupt Served: 	 Vector = 0x0000000F
[    4.276464] [passthrough] Write: 	 address = 0x4002912C, size = 4 bytes, value = 0x00000003, pc=0x08001186 
[    4.277114] Interrupt Taken: 	 Vector = 0x0000000F
[    4.277154] Interrupt Served: 	 Vector = 0x0000000F
[    4.281794] Interrupt Taken: 	 Vector = 0x0000000F
[    4.281855] Interrupt Served: 	 Vector = 0x0000000F
[    4.285422] [passthrough] Write: 	 address = 0x40029114, size = 4 bytes, value = 0x30040060, pc=0x0800118C 
[    4.286097] Interrupt Taken: 	 Vector = 0x0000000F
[    4.286161] Interrupt Served: 	 Vector = 0x0000000F
[    4.291576] Interrupt Taken: 	 Vector = 0x0000000F
[    4.291677] Interrupt Served: 	 Vector = 0x0000000F
[    4.295347] [passthrough] Write: 	 address = 0x40029120, size = 4 bytes, value = 0x30040060, pc=0x08001190 
[    4.296083] Interrupt Taken: 	 Vector = 0x0000000F
[    4.296369] Interrupt Served: 	 Vector = 0x0000000F
[    4.302211] Interrupt Taken: 	 Vector = 0x0000000F
[    4.302286] Interrupt Served: 	 Vector = 0x0000000F
[    4.305604] Interrupt Taken: 	 Vector = 0x0000000F
[    4.305673] Interrupt Served: 	 Vector = 0x0000000F
[    4.311026] Interrupt Taken: 	 Vector = 0x0000000F
[    4.311092] Interrupt Served: 	 Vector = 0x0000000F
[    4.314304] Interrupt Taken: 	 Vector = 0x0000000F
[    4.314390] Interrupt Served: 	 Vector = 0x0000000F
[    4.317659] Interrupt Taken: 	 Vector = 0x0000000F
[    4.317827] Interrupt Served: 	 Vector = 0x0000000F
[    4.320782] Interrupt Taken: 	 Vector = 0x0000000F
[    4.320870] Interrupt Served: 	 Vector = 0x0000000F
[    4.324247] Interrupt Taken: 	 Vector = 0x0000000F
[    4.324355] Interrupt Served: 	 Vector = 0x0000000F
[    4.328838] Interrupt Taken: 	 Vector = 0x0000000F
[    4.328939] Interrupt Served: 	 Vector = 0x0000000F
[    4.332459] [passthrough] Write: 	 address = 0x40029130, size = 4 bytes, value = 0x00000003, pc=0x080011E2 
[    4.333367] Interrupt Taken: 	 Vector = 0x0000000F
[    4.333427] Interrupt Served: 	 Vector = 0x0000000F
[    4.337515] Interrupt Taken: 	 Vector = 0x0000000F
[    4.337587] Interrupt Served: 	 Vector = 0x0000000F
[    4.341167] [passthrough] Write: 	 address = 0x4002911C, size = 4 bytes, value = 0x30040000, pc=0x080011E6 
[    4.341915] Interrupt Taken: 	 Vector = 0x0000000F
[    4.341986] Interrupt Served: 	 Vector = 0x0000000F
[    4.346336] Interrupt Taken: 	 Vector = 0x0000000F
[    4.346442] Interrupt Served: 	 Vector = 0x0000000F
[    4.350248] [passthrough] Write: 	 address = 0x40029128, size = 4 bytes, value = 0x30040048, pc=0x080011EE 
[    4.350857] Interrupt Taken: 	 Vector = 0x0000000F
[    4.350927] Interrupt Served: 	 Vector = 0x0000000F
[    4.354530] Interrupt Taken: 	 Vector = 0x0000000F
[    4.354577] Interrupt Served: 	 Vector = 0x0000000F
[    4.357936] [passthrough] Write: 	 address = 0x40028300, size = 4 bytes, value = 0x00000000, pc=0x080011F6 
[    4.358580] Interrupt Taken: 	 Vector = 0x0000000F
[    4.358644] Interrupt Served: 	 Vector = 0x0000000F
[    4.362142] Interrupt Taken: 	 Vector = 0x0000000F
[    4.362290] Interrupt Served: 	 Vector = 0x0000000F
[    4.366364] Interrupt Taken: 	 Vector = 0x0000000F
[    4.366443] Interrupt Served: 	 Vector = 0x0000000F
[    4.370178] [passthrough] Write: 	 address = 0x40028304, size = 4 bytes, value = 0x00e18000, pc=0x080011FC 
[    4.371022] Interrupt Taken: 	 Vector = 0x0000000F
[    4.371090] Interrupt Served: 	 Vector = 0x0000000F
[    4.374744] Interrupt Taken: 	 Vector = 0x0000000F
[    4.374838] Interrupt Served: 	 Vector = 0x0000000F
[    4.377749] Interrupt Taken: 	 Vector = 0x0000000F
[    4.377885] Interrupt Served: 	 Vector = 0x0000000F
[    4.381878] Interrupt Taken: 	 Vector = 0x0000000F
[    4.381990] Interrupt Served: 	 Vector = 0x0000000F
[    4.385382] Interrupt Taken: 	 Vector = 0x0000000F
[    4.385435] Interrupt Served: 	 Vector = 0x0000000F
[    4.388877] Interrupt Taken: 	 Vector = 0x0000000F
[    4.388955] Interrupt Served: 	 Vector = 0x0000000F
[    4.392575] Interrupt Taken: 	 Vector = 0x0000000F
[    4.392638] Interrupt Served: 	 Vector = 0x0000000F
[    4.396652] Interrupt Taken: 	 Vector = 0x0000000F
[    4.396729] Interrupt Served: 	 Vector = 0x0000000F
[    4.400311] Interrupt Taken: 	 Vector = 0x0000000F
[    4.400371] Interrupt Served: 	 Vector = 0x0000000F
[    4.404113] Interrupt Taken: 	 Vector = 0x0000000F
[    4.404176] Interrupt Served: 	 Vector = 0x0000000F
[    4.407885] Interrupt Taken: 	 Vector = 0x0000000F
[    4.407962] Interrupt Served: 	 Vector = 0x0000000F
[    4.411486] Interrupt Taken: 	 Vector = 0x0000000F
[    4.411554] Interrupt Served: 	 Vector = 0x0000000F
[    4.415432] Interrupt Taken: 	 Vector = 0x0000000F
[    4.415505] Interrupt Served: 	 Vector = 0x0000000F
[    4.419234] Interrupt Taken: 	 Vector = 0x0000000F
[    4.419321] Interrupt Served: 	 Vector = 0x0000000F
[    4.422857] Interrupt Taken: 	 Vector = 0x0000000F
[    4.422932] Interrupt Served: 	 Vector = 0x0000000F
[    4.426684] Interrupt Taken: 	 Vector = 0x0000000F
[    4.426743] Interrupt Served: 	 Vector = 0x0000000F
[    4.430851] Interrupt Taken: 	 Vector = 0x0000000F
[    4.430977] Interrupt Served: 	 Vector = 0x0000000F
[    4.434964] Interrupt Taken: 	 Vector = 0x0000000F
[    4.435047] Interrupt Served: 	 Vector = 0x0000000F
[    4.438288] Interrupt Taken: 	 Vector = 0x0000000F
[    4.438376] Interrupt Served: 	 Vector = 0x0000000F
[    4.441587] Interrupt Taken: 	 Vector = 0x0000000F
[    4.441660] Interrupt Served: 	 Vector = 0x0000000F
[    4.445348] Interrupt Taken: 	 Vector = 0x0000000F
[    4.445450] Interrupt Served: 	 Vector = 0x0000000F
[    4.450981] Interrupt Taken: 	 Vector = 0x0000000F
[    4.451087] Interrupt Served: 	 Vector = 0x0000000F
[    4.454791] Interrupt Taken: 	 Vector = 0x0000000F
[    4.454863] Interrupt Served: 	 Vector = 0x0000000F
[    4.458301] Interrupt Taken: 	 Vector = 0x0000000F
[    4.458371] Interrupt Served: 	 Vector = 0x0000000F
[    4.462057] Interrupt Taken: 	 Vector = 0x0000000F
[    4.462140] Interrupt Served: 	 Vector = 0x0000000F
[    4.466604] Interrupt Taken: 	 Vector = 0x0000000F
[    4.466677] Interrupt Served: 	 Vector = 0x0000000F
[    4.470913] Interrupt Taken: 	 Vector = 0x0000000F
[    4.470976] Interrupt Served: 	 Vector = 0x0000000F
[    4.474372] Interrupt Taken: 	 Vector = 0x0000000F
[    4.474429] Interrupt Served: 	 Vector = 0x0000000F
[    4.478349] Interrupt Taken: 	 Vector = 0x0000000F
[    4.478406] Interrupt Served: 	 Vector = 0x0000000F
[    4.481935] Interrupt Taken: 	 Vector = 0x0000000F
[    4.482005] Interrupt Served: 	 Vector = 0x0000000F
[    4.485475] Interrupt Taken: 	 Vector = 0x0000000F
[    4.485545] Interrupt Served: 	 Vector = 0x0000000F
[    4.489202] Interrupt Taken: 	 Vector = 0x0000000F
[    4.489257] Interrupt Served: 	 Vector = 0x0000000F
[    4.492413] [passthrough] Read: 	 address = 0x40028200, size = 4 bytes, value = 0x00000400, pc=0x08000F5E 
[    4.492974] [passthrough] Read: 	 address = 0x58024410, size = 4 bytes, value = 0x0000001b, pc=0x0800187A 
[    4.493504] [passthrough] Read: 	 address = 0x58024428, size = 4 bytes, value = 0x00000012, pc=0x080018A2 
[    4.494125] [passthrough] Read: 	 address = 0x58024428, size = 4 bytes, value = 0x00000012, pc=0x080018A8 
[    4.494641] [passthrough] Read: 	 address = 0x5802442C, size = 4 bytes, value = 0x0007000d, pc=0x080018AA 
[    4.495698] [passthrough] Read: 	 address = 0x58024434, size = 4 bytes, value = 0x00000000, pc=0x080018B0 
[    4.496178] Interrupt Taken: 	 Vector = 0x0000000F
[    4.496280] Interrupt Served: 	 Vector = 0x0000000F
[    4.499169] Interrupt Taken: 	 Vector = 0x0000000F
[    4.499392] Interrupt Served: 	 Vector = 0x0000000F
[    4.502373] Interrupt Taken: 	 Vector = 0x0000000F
[    4.502500] Interrupt Served: 	 Vector = 0x0000000F
[    4.505967] [passthrough] Read: 	 address = 0x58024430, size = 4 bytes, value = 0x01030263, pc=0x08001960 
[    4.506448] Interrupt Taken: 	 Vector = 0x0000000F
[    4.506486] Interrupt Served: 	 Vector = 0x0000000F
[    4.509782] [passthrough] Read: 	 address = 0x58024430, size = 4 bytes, value = 0x01030263, pc=0x08001940 
[    4.510231] Interrupt Taken: 	 Vector = 0x0000000F
[    4.510265] Interrupt Served: 	 Vector = 0x0000000F
[    4.513606] [passthrough] Read: 	 address = 0x58024418, size = 4 bytes, value = 0x00000048, pc=0x08001B90 
[    4.514092] Interrupt Taken: 	 Vector = 0x0000000F
[    4.514134] Interrupt Served: 	 Vector = 0x0000000F
[    4.517296] [passthrough] Read: 	 address = 0x58024418, size = 4 bytes, value = 0x00000048, pc=0x08001B5A 
[    4.517973] [passthrough] Write: 	 address = 0x40028200, size = 4 bytes, value = 0x00000400, pc=0x08000F7A 
[    4.518622] Interrupt Taken: 	 Vector = 0x0000000F
[    4.518669] Interrupt Served: 	 Vector = 0x0000000F
[    4.522368] Interrupt Taken: 	 Vector = 0x0000000F
[    4.522422] Interrupt Served: 	 Vector = 0x0000000F
[    4.525990] Interrupt Taken: 	 Vector = 0x0000000F
[    4.526045] Interrupt Served: 	 Vector = 0x0000000F
[    4.529853] Interrupt Taken: 	 Vector = 0x0000000F
[    4.529959] Interrupt Served: 	 Vector = 0x0000000F
[    4.534410] Interrupt Taken: 	 Vector = 0x0000000F
[    4.534471] Interrupt Served: 	 Vector = 0x0000000F
[    4.538130] [passthrough] Read: 	 address = 0x40028200, size = 4 bytes, value = 0x00000400, pc=0x08000EA6 
[    4.538623] Interrupt Taken: 	 Vector = 0x0000000F
[    4.538662] Interrupt Served: 	 Vector = 0x0000000F
[    4.542256] Interrupt Taken: 	 Vector = 0x0000000F
[    4.542317] Interrupt Served: 	 Vector = 0x0000000F
[    4.546402] Interrupt Taken: 	 Vector = 0x0000000F
[    4.546471] Interrupt Served: 	 Vector = 0x0000000F
[    4.549949] [passthrough] Read: 	 address = 0x40028200, size = 4 bytes, value = 0x00000400, pc=0x08000EB2 
[    4.550465] Interrupt Taken: 	 Vector = 0x0000000F
[    4.550511] Interrupt Served: 	 Vector = 0x0000000F
[    4.553939] Interrupt Taken: 	 Vector = 0x0000000F
[    4.554017] Interrupt Served: 	 Vector = 0x0000000F
[    4.557413] [passthrough] Write: 	 address = 0x40028200, size = 4 bytes, value = 0x0012040d, pc=0x08000ECA 
[    4.558097] Interrupt Taken: 	 Vector = 0x0000000F
[    4.558157] Interrupt Served: 	 Vector = 0x0000000F
[    4.561556] Interrupt Taken: 	 Vector = 0x0000000F
[    4.561603] Interrupt Served: 	 Vector = 0x0000000F
[    4.565267] Interrupt Taken: 	 Vector = 0x0000000F
[    4.565348] Interrupt Served: 	 Vector = 0x0000000F
[    4.569032] [passthrough] Read: 	 address = 0x40028200, size = 4 bytes, value = 0x0012040c, pc=0x08000ED6 
[    4.569507] Interrupt Taken: 	 Vector = 0x0000000F
[    4.569556] Interrupt Served: 	 Vector = 0x0000000F
[    4.572978] Interrupt Taken: 	 Vector = 0x0000000F
[    4.573043] Interrupt Served: 	 Vector = 0x0000000F
[    4.576500] Interrupt Taken: 	 Vector = 0x0000000F
[    4.576547] Interrupt Served: 	 Vector = 0x0000000F
[    4.580070] [passthrough] Read: 	 address = 0x40028204, size = 4 bytes, value = 0x000060e0, pc=0x08000EE0 
[    4.580514] Interrupt Taken: 	 Vector = 0x0000000F
[    4.580554] Interrupt Served: 	 Vector = 0x0000000F
[    4.584154] Interrupt Taken: 	 Vector = 0x0000000F
[    4.584225] Interrupt Served: 	 Vector = 0x0000000F
[    4.588102] Interrupt Taken: 	 Vector = 0x0000000F
[    4.588169] Interrupt Served: 	 Vector = 0x0000000F
[    4.591976] Interrupt Taken: 	 Vector = 0x0000000F
[    4.592044] Interrupt Served: 	 Vector = 0x0000000F
[    4.595825] Interrupt Taken: 	 Vector = 0x0000000F
[    4.595941] Interrupt Served: 	 Vector = 0x0000000F
[    4.599715] Interrupt Taken: 	 Vector = 0x0000000F
[    4.599788] Interrupt Served: 	 Vector = 0x0000000F
[    4.603437] Interrupt Taken: 	 Vector = 0x0000000F
[    4.603501] Interrupt Served: 	 Vector = 0x0000000F
[    4.606777] Interrupt Taken: 	 Vector = 0x0000000F
[    4.606844] Interrupt Served: 	 Vector = 0x0000000F
[    4.610348] Interrupt Taken: 	 Vector = 0x0000000F
[    4.610409] Interrupt Served: 	 Vector = 0x0000000F
[    4.614174] Interrupt Taken: 	 Vector = 0x0000000F
[    4.614247] Interrupt Served: 	 Vector = 0x0000000F
[    4.618005] Interrupt Taken: 	 Vector = 0x0000000F
[    4.618077] Interrupt Served: 	 Vector = 0x0000000F
[    4.622261] Interrupt Taken: 	 Vector = 0x0000000F
[    4.622327] Interrupt Served: 	 Vector = 0x0000000F
[    4.625820] [passthrough] Read: 	 address = 0x40028200, size = 4 bytes, value = 0x0012040c, pc=0x08000EFE 
[    4.626556] Interrupt Taken: 	 Vector = 0x0000000F
[    4.626607] Interrupt Served: 	 Vector = 0x0000000F
[    4.630453] Interrupt Taken: 	 Vector = 0x0000000F
[    4.630528] Interrupt Served: 	 Vector = 0x0000000F
[    4.634602] Interrupt Taken: 	 Vector = 0x0000000F
[    4.634661] Interrupt Served: 	 Vector = 0x0000000F
[    4.637979] [passthrough] Read: 	 address = 0x40028200, size = 4 bytes, value = 0x0012040c, pc=0x08000F0A 
[    4.638438] Interrupt Taken: 	 Vector = 0x0000000F
[    4.638476] Interrupt Served: 	 Vector = 0x0000000F
[    4.642402] Interrupt Taken: 	 Vector = 0x0000000F
[    4.642481] Interrupt Served: 	 Vector = 0x0000000F
[    4.646063] [passthrough] Write: 	 address = 0x40028204, size = 4 bytes, value = 0x00008000, pc=0x08000F26 
[    4.646833] Interrupt Taken: 	 Vector = 0x0000000F
[    4.646938] Interrupt Served: 	 Vector = 0x0000000F
[    4.650324] Interrupt Taken: 	 Vector = 0x0000000F
[    4.650392] Interrupt Served: 	 Vector = 0x0000000F
[    4.653721] [passthrough] Write: 	 address = 0x40028200, size = 4 bytes, value = 0x00000405, pc=0x08000F2E 
[    4.654297] Interrupt Taken: 	 Vector = 0x0000000F
[    4.654337] Interrupt Served: 	 Vector = 0x0000000F
[    4.657819] Interrupt Taken: 	 Vector = 0x0000000F
[    4.657861] Interrupt Served: 	 Vector = 0x0000000F
[    4.668239] [passthrough] Read: 	 address = 0x40028200, size = 4 bytes, value = 0x00000404, pc=0x08000F3A 
[    4.672510] Interrupt Taken: 	 Vector = 0x0000000F
[    4.672584] Interrupt Served: 	 Vector = 0x0000000F
[    4.677555] Interrupt Taken: 	 Vector = 0x0000000F
[    4.677626] Interrupt Served: 	 Vector = 0x0000000F
[    4.684686] Interrupt Taken: 	 Vector = 0x0000000F
[    4.685148] Interrupt Served: 	 Vector = 0x0000000F
[    4.689923] Interrupt Taken: 	 Vector = 0x0000000F
[    4.689995] Interrupt Served: 	 Vector = 0x0000000F
[    4.693862] Interrupt Taken: 	 Vector = 0x0000000F
[    4.693950] Interrupt Served: 	 Vector = 0x0000000F
[    4.699719] [passthrough] Read: 	 address = 0x40028200, size = 4 bytes, value = 0x00000404, pc=0x08000EA6 
[    4.701657] [passthrough] Read: 	 address = 0x40028200, size = 4 bytes, value = 0x00000404, pc=0x08000EB2 
[    4.702559] [passthrough] Write: 	 address = 0x40028200, size = 4 bytes, value = 0x0000040d, pc=0x08000ECA 
[    4.703491] [passthrough] Read: 	 address = 0x40028200, size = 4 bytes, value = 0x0000040c, pc=0x08000ED6 
[    4.704993] [passthrough] Read: 	 address = 0x40028204, size = 4 bytes, value = 0x00003000, pc=0x08000EE0 
[    4.705517] Interrupt Taken: 	 Vector = 0x0000000F
[    4.705579] Interrupt Served: 	 Vector = 0x0000000F
[    4.710985] Interrupt Taken: 	 Vector = 0x0000000F
[    4.711069] Interrupt Served: 	 Vector = 0x0000000F
[    4.715305] Interrupt Taken: 	 Vector = 0x0000000F
[    4.715383] Interrupt Served: 	 Vector = 0x0000000F
[    4.719329] Interrupt Taken: 	 Vector = 0x0000000F
[    4.719394] Interrupt Served: 	 Vector = 0x0000000F
[    4.724441] Interrupt Taken: 	 Vector = 0x0000000F
[    4.724548] Interrupt Served: 	 Vector = 0x0000000F
[    4.729369] Interrupt Taken: 	 Vector = 0x0000000F
[    4.729447] Interrupt Served: 	 Vector = 0x0000000F
[    4.734209] Interrupt Taken: 	 Vector = 0x0000000F
[    4.734281] Interrupt Served: 	 Vector = 0x0000000F
[    4.737569] Interrupt Taken: 	 Vector = 0x0000000F
[    4.737675] Interrupt Served: 	 Vector = 0x0000000F
[    4.743285] Interrupt Taken: 	 Vector = 0x0000000F
[    4.743394] Interrupt Served: 	 Vector = 0x0000000F
[    4.747188] Interrupt Taken: 	 Vector = 0x0000000F
[    4.747260] Interrupt Served: 	 Vector = 0x0000000F
[    4.751229] Interrupt Taken: 	 Vector = 0x0000000F
[    4.751326] Interrupt Served: 	 Vector = 0x0000000F
[    4.755120] Interrupt Taken: 	 Vector = 0x0000000F
[    4.755687] Interrupt Served: 	 Vector = 0x0000000F
[    4.759554] Interrupt Taken: 	 Vector = 0x0000000F
[    4.759654] Interrupt Served: 	 Vector = 0x0000000F
[    4.763130] Interrupt Taken: 	 Vector = 0x0000000F
[    4.763247] Interrupt Served: 	 Vector = 0x0000000F
[    4.766688] Interrupt Taken: 	 Vector = 0x0000000F
[    4.766792] Interrupt Served: 	 Vector = 0x0000000F
[    4.769958] Interrupt Taken: 	 Vector = 0x0000000F
[    4.770127] Interrupt Served: 	 Vector = 0x0000000F
[    4.773075] Interrupt Taken: 	 Vector = 0x0000000F
[    4.773184] Interrupt Served: 	 Vector = 0x0000000F
[    4.776474] Interrupt Taken: 	 Vector = 0x0000000F
[    4.776569] Interrupt Served: 	 Vector = 0x0000000F
[    4.779921] Interrupt Taken: 	 Vector = 0x0000000F
[    4.780022] Interrupt Served: 	 Vector = 0x0000000F
[    4.784652] Interrupt Taken: 	 Vector = 0x0000000F
[    4.784768] Interrupt Served: 	 Vector = 0x0000000F
[    4.788072] Interrupt Taken: 	 Vector = 0x0000000F
[    4.788175] Interrupt Served: 	 Vector = 0x0000000F
[    4.791277] Interrupt Taken: 	 Vector = 0x0000000F
[    4.791373] Interrupt Served: 	 Vector = 0x0000000F
[    4.794677] Interrupt Taken: 	 Vector = 0x0000000F
[    4.794773] Interrupt Served: 	 Vector = 0x0000000F
[    4.798109] Interrupt Taken: 	 Vector = 0x0000000F
[    4.798203] Interrupt Served: 	 Vector = 0x0000000F
[    4.802137] Interrupt Taken: 	 Vector = 0x0000000F
[    4.802261] Interrupt Served: 	 Vector = 0x0000000F
[    4.805747] Interrupt Taken: 	 Vector = 0x0000000F
[    4.805948] Interrupt Served: 	 Vector = 0x0000000F
[    4.808817] Interrupt Taken: 	 Vector = 0x0000000F
[    4.808927] Interrupt Served: 	 Vector = 0x0000000F
[    4.814036] Interrupt Taken: 	 Vector = 0x0000000F
[    4.814184] Interrupt Served: 	 Vector = 0x0000000F
[    4.818034] Interrupt Taken: 	 Vector = 0x0000000F
[    4.818135] Interrupt Served: 	 Vector = 0x0000000F
[    4.821754] Interrupt Taken: 	 Vector = 0x0000000F
[    4.821858] Interrupt Served: 	 Vector = 0x0000000F
[    4.825073] Interrupt Taken: 	 Vector = 0x0000000F
[    4.825158] Interrupt Served: 	 Vector = 0x0000000F
[    4.828707] Interrupt Taken: 	 Vector = 0x0000000F
[    4.828813] Interrupt Served: 	 Vector = 0x0000000F
[    4.832102] Interrupt Taken: 	 Vector = 0x0000000F
[    4.832214] Interrupt Served: 	 Vector = 0x0000000F
[    4.835418] Interrupt Taken: 	 Vector = 0x0000000F
[    4.835525] Interrupt Served: 	 Vector = 0x0000000F
[    4.839062] Interrupt Taken: 	 Vector = 0x0000000F
[    4.839175] Interrupt Served: 	 Vector = 0x0000000F
[    4.842330] Interrupt Taken: 	 Vector = 0x0000000F
[    4.842422] Interrupt Served: 	 Vector = 0x0000000F
[    4.845675] Interrupt Taken: 	 Vector = 0x0000000F
[    4.845785] Interrupt Served: 	 Vector = 0x0000000F
[    4.849088] Interrupt Taken: 	 Vector = 0x0000000F
[    4.849190] Interrupt Served: 	 Vector = 0x0000000F
[    4.852376] Interrupt Taken: 	 Vector = 0x0000000F
[    4.852474] Interrupt Served: 	 Vector = 0x0000000F
[    4.855564] Interrupt Taken: 	 Vector = 0x0000000F
[    4.855655] Interrupt Served: 	 Vector = 0x0000000F
[    4.858721] Interrupt Taken: 	 Vector = 0x0000000F
[    4.858802] Interrupt Served: 	 Vector = 0x0000000F
[    4.862259] Interrupt Taken: 	 Vector = 0x0000000F
[    4.862374] Interrupt Served: 	 Vector = 0x0000000F
[    4.865626] Interrupt Taken: 	 Vector = 0x0000000F
[    4.865730] Interrupt Served: 	 Vector = 0x0000000F
[    4.869312] Interrupt Taken: 	 Vector = 0x0000000F
[    4.869419] Interrupt Served: 	 Vector = 0x0000000F
[    4.872543] Interrupt Taken: 	 Vector = 0x0000000F
[    4.872604] Interrupt Served: 	 Vector = 0x0000000F
[    4.875664] Interrupt Taken: 	 Vector = 0x0000000F
[    4.875729] Interrupt Served: 	 Vector = 0x0000000F
[    4.879137] Interrupt Taken: 	 Vector = 0x0000000F
[    4.879240] Interrupt Served: 	 Vector = 0x0000000F
[    4.882720] Interrupt Taken: 	 Vector = 0x0000000F
[    4.882829] Interrupt Served: 	 Vector = 0x0000000F
[    4.886243] Interrupt Taken: 	 Vector = 0x0000000F
[    4.886346] Interrupt Served: 	 Vector = 0x0000000F
[    4.889726] Interrupt Taken: 	 Vector = 0x0000000F
[    4.889816] Interrupt Served: 	 Vector = 0x0000000F
[    4.893217] Interrupt Taken: 	 Vector = 0x0000000F
[    4.893315] Interrupt Served: 	 Vector = 0x0000000F
[    4.896594] Interrupt Taken: 	 Vector = 0x0000000F
[    4.896696] Interrupt Served: 	 Vector = 0x0000000F
[    4.899845] Interrupt Taken: 	 Vector = 0x0000000F
[    4.899949] Interrupt Served: 	 Vector = 0x0000000F
[    4.903330] Interrupt Taken: 	 Vector = 0x0000000F
[    4.903499] Interrupt Served: 	 Vector = 0x0000000F
[    4.906757] Interrupt Taken: 	 Vector = 0x0000000F
[    4.906828] Interrupt Served: 	 Vector = 0x0000000F
[    4.910652] Interrupt Taken: 	 Vector = 0x0000000F
[    4.910760] Interrupt Served: 	 Vector = 0x0000000F
[    4.913861] Interrupt Taken: 	 Vector = 0x0000000F
[    4.913964] Interrupt Served: 	 Vector = 0x0000000F
[    4.917142] Interrupt Taken: 	 Vector = 0x0000000F
[    4.917223] Interrupt Served: 	 Vector = 0x0000000F
[    4.920422] Interrupt Taken: 	 Vector = 0x0000000F
[    4.920500] Interrupt Served: 	 Vector = 0x0000000F
[    4.923723] Interrupt Taken: 	 Vector = 0x0000000F
[    4.923817] Interrupt Served: 	 Vector = 0x0000000F
[    4.926957] Interrupt Taken: 	 Vector = 0x0000000F
[    4.927040] Interrupt Served: 	 Vector = 0x0000000F
[    4.930263] Interrupt Taken: 	 Vector = 0x0000000F
[    4.930351] Interrupt Served: 	 Vector = 0x0000000F
[    4.933425] Interrupt Taken: 	 Vector = 0x0000000F
[    4.933523] Interrupt Served: 	 Vector = 0x0000000F
[    4.937172] Interrupt Taken: 	 Vector = 0x0000000F
[    4.937275] Interrupt Served: 	 Vector = 0x0000000F
[    4.940384] Interrupt Taken: 	 Vector = 0x0000000F
[    4.940457] Interrupt Served: 	 Vector = 0x0000000F
[    4.943641] Interrupt Taken: 	 Vector = 0x0000000F
[    4.943742] Interrupt Served: 	 Vector = 0x0000000F
[    4.946965] Interrupt Taken: 	 Vector = 0x0000000F
[    4.947101] Interrupt Served: 	 Vector = 0x0000000F
[    4.950234] Interrupt Taken: 	 Vector = 0x0000000F
[    4.950319] Interrupt Served: 	 Vector = 0x0000000F
[    4.953486] Interrupt Taken: 	 Vector = 0x0000000F
[    4.953585] Interrupt Served: 	 Vector = 0x0000000F
[    4.956674] Interrupt Taken: 	 Vector = 0x0000000F
[    4.956760] Interrupt Served: 	 Vector = 0x0000000F
[    4.959793] Interrupt Taken: 	 Vector = 0x0000000F
[    4.959869] Interrupt Served: 	 Vector = 0x0000000F
[    4.964056] Interrupt Taken: 	 Vector = 0x0000000F
[    4.964162] Interrupt Served: 	 Vector = 0x0000000F
[    4.967481] Interrupt Taken: 	 Vector = 0x0000000F
[    4.967578] Interrupt Served: 	 Vector = 0x0000000F
[    4.970685] Interrupt Taken: 	 Vector = 0x0000000F
[    4.970763] Interrupt Served: 	 Vector = 0x0000000F
[    4.974344] Interrupt Taken: 	 Vector = 0x0000000F
[    4.974441] Interrupt Served: 	 Vector = 0x0000000F
[    4.977653] Interrupt Taken: 	 Vector = 0x0000000F
[    4.977743] Interrupt Served: 	 Vector = 0x0000000F
[    4.980970] Interrupt Taken: 	 Vector = 0x0000000F
[    4.981066] Interrupt Served: 	 Vector = 0x0000000F
[    4.984498] Interrupt Taken: 	 Vector = 0x0000000F
[    4.984587] Interrupt Served: 	 Vector = 0x0000000F
[    4.987769] Interrupt Taken: 	 Vector = 0x0000000F
[    4.987842] Interrupt Served: 	 Vector = 0x0000000F
[    4.991108] Interrupt Taken: 	 Vector = 0x0000000F
[    4.991214] Interrupt Served: 	 Vector = 0x0000000F
[    4.994591] Interrupt Taken: 	 Vector = 0x0000000F
[    4.995028] Interrupt Served: 	 Vector = 0x0000000F
[    4.998478] Interrupt Taken: 	 Vector = 0x0000000F
[    4.998585] Interrupt Served: 	 Vector = 0x0000000F
[    5.001709] Interrupt Taken: 	 Vector = 0x0000000F
[    5.001866] Interrupt Served: 	 Vector = 0x0000000F
[    5.005176] Interrupt Taken: 	 Vector = 0x0000000F
[    5.005242] Interrupt Served: 	 Vector = 0x0000000F
[    5.008577] Interrupt Taken: 	 Vector = 0x0000000F
[    5.008667] Interrupt Served: 	 Vector = 0x0000000F
[    5.012233] Interrupt Taken: 	 Vector = 0x0000000F
[    5.012327] Interrupt Served: 	 Vector = 0x0000000F
[    5.015630] Interrupt Taken: 	 Vector = 0x0000000F
[    5.015719] Interrupt Served: 	 Vector = 0x0000000F
[    5.019076] Interrupt Taken: 	 Vector = 0x0000000F
[    5.019169] Interrupt Served: 	 Vector = 0x0000000F
[    5.022381] Interrupt Taken: 	 Vector = 0x0000000F
[    5.022461] Interrupt Served: 	 Vector = 0x0000000F
[    5.025697] Interrupt Taken: 	 Vector = 0x0000000F
[    5.025803] Interrupt Served: 	 Vector = 0x0000000F
[    5.029050] Interrupt Taken: 	 Vector = 0x0000000F
[    5.029143] Interrupt Served: 	 Vector = 0x0000000F
[    5.032400] Interrupt Taken: 	 Vector = 0x0000000F
[    5.032488] Interrupt Served: 	 Vector = 0x0000000F
[    5.035682] Interrupt Taken: 	 Vector = 0x0000000F
[    5.035786] Interrupt Served: 	 Vector = 0x0000000F
[    5.039144] Interrupt Taken: 	 Vector = 0x0000000F
[    5.039251] Interrupt Served: 	 Vector = 0x0000000F
[    5.042501] Interrupt Taken: 	 Vector = 0x0000000F
[    5.042581] Interrupt Served: 	 Vector = 0x0000000F
[    5.045966] Interrupt Taken: 	 Vector = 0x0000000F
[    5.046075] Interrupt Served: 	 Vector = 0x0000000F
[    5.049260] Interrupt Taken: 	 Vector = 0x0000000F
[    5.049349] Interrupt Served: 	 Vector = 0x0000000F
[    5.052966] Interrupt Taken: 	 Vector = 0x0000000F
[    5.053046] Interrupt Served: 	 Vector = 0x0000000F
[    5.056304] Interrupt Taken: 	 Vector = 0x0000000F
[    5.056390] Interrupt Served: 	 Vector = 0x0000000F
[    5.059662] Interrupt Taken: 	 Vector = 0x0000000F
[    5.059726] Interrupt Served: 	 Vector = 0x0000000F
[    5.063201] Interrupt Taken: 	 Vector = 0x0000000F
[    5.063314] Interrupt Served: 	 Vector = 0x0000000F
[    5.066508] Interrupt Taken: 	 Vector = 0x0000000F
[    5.066596] Interrupt Served: 	 Vector = 0x0000000F
[    5.069747] Interrupt Taken: 	 Vector = 0x0000000F
[    5.069816] Interrupt Served: 	 Vector = 0x0000000F
[    5.073079] Interrupt Taken: 	 Vector = 0x0000000F
[    5.073166] Interrupt Served: 	 Vector = 0x0000000F
[    5.076232] Interrupt Taken: 	 Vector = 0x0000000F
[    5.076294] Interrupt Served: 	 Vector = 0x0000000F
[    5.080056] Interrupt Taken: 	 Vector = 0x0000000F
[    5.080169] Interrupt Served: 	 Vector = 0x0000000F
[    5.083476] Interrupt Taken: 	 Vector = 0x0000000F
[    5.083565] Interrupt Served: 	 Vector = 0x0000000F
[    5.086997] Interrupt Taken: 	 Vector = 0x0000000F
[    5.087110] Interrupt Served: 	 Vector = 0x0000000F
[    5.090638] Interrupt Taken: 	 Vector = 0x0000000F
[    5.090733] Interrupt Served: 	 Vector = 0x0000000F
[    5.094020] Interrupt Taken: 	 Vector = 0x0000000F
[    5.094108] Interrupt Served: 	 Vector = 0x0000000F
[    5.097844] Interrupt Taken: 	 Vector = 0x0000000F
[    5.097965] Interrupt Served: 	 Vector = 0x0000000F
[    5.101480] Interrupt Taken: 	 Vector = 0x0000000F
[    5.101587] Interrupt Served: 	 Vector = 0x0000000F
[    5.104998] Interrupt Taken: 	 Vector = 0x0000000F
[    5.105079] Interrupt Served: 	 Vector = 0x0000000F
[    5.108351] Interrupt Taken: 	 Vector = 0x0000000F
[    5.108429] Interrupt Served: 	 Vector = 0x0000000F
[    5.111701] Interrupt Taken: 	 Vector = 0x0000000F
[    5.111815] Interrupt Served: 	 Vector = 0x0000000F
[    5.116875] Interrupt Taken: 	 Vector = 0x0000000F
[    5.116992] Interrupt Served: 	 Vector = 0x0000000F
[    5.120198] Interrupt Taken: 	 Vector = 0x0000000F
[    5.120289] Interrupt Served: 	 Vector = 0x0000000F
[    5.123481] Interrupt Taken: 	 Vector = 0x0000000F
[    5.123558] Interrupt Served: 	 Vector = 0x0000000F
[    5.126721] Interrupt Taken: 	 Vector = 0x0000000F
[    5.126781] Interrupt Served: 	 Vector = 0x0000000F
[    5.130086] Interrupt Taken: 	 Vector = 0x0000000F
[    5.130190] Interrupt Served: 	 Vector = 0x0000000F
[    5.133598] Interrupt Taken: 	 Vector = 0x0000000F
[    5.133712] Interrupt Served: 	 Vector = 0x0000000F
[    5.137067] Interrupt Taken: 	 Vector = 0x0000000F
[    5.137149] Interrupt Served: 	 Vector = 0x0000000F
[    5.140400] Interrupt Taken: 	 Vector = 0x0000000F
[    5.140458] Interrupt Served: 	 Vector = 0x0000000F
[    5.143799] Interrupt Taken: 	 Vector = 0x0000000F
[    5.143955] Interrupt Served: 	 Vector = 0x0000000F
[    5.146969] Interrupt Taken: 	 Vector = 0x0000000F
[    5.147075] Interrupt Served: 	 Vector = 0x0000000F
[    5.150361] Interrupt Taken: 	 Vector = 0x0000000F
[    5.150445] Interrupt Served: 	 Vector = 0x0000000F
[    5.153940] Interrupt Taken: 	 Vector = 0x0000000F
[    5.154040] Interrupt Served: 	 Vector = 0x0000000F
[    5.157063] Interrupt Taken: 	 Vector = 0x0000000F
[    5.157129] Interrupt Served: 	 Vector = 0x0000000F
[    5.160305] Interrupt Taken: 	 Vector = 0x0000000F
[    5.160371] Interrupt Served: 	 Vector = 0x0000000F
[    5.163770] Interrupt Taken: 	 Vector = 0x0000000F
[    5.163885] Interrupt Served: 	 Vector = 0x0000000F
[    5.167803] Interrupt Taken: 	 Vector = 0x0000000F
[    5.167968] Interrupt Served: 	 Vector = 0x0000000F
[    5.173223] Interrupt Taken: 	 Vector = 0x0000000F
[    5.173334] Interrupt Served: 	 Vector = 0x0000000F
[    5.177235] Interrupt Taken: 	 Vector = 0x0000000F
[    5.177326] Interrupt Served: 	 Vector = 0x0000000F
[    5.182327] Interrupt Taken: 	 Vector = 0x0000000F
[    5.182424] Interrupt Served: 	 Vector = 0x0000000F
[    5.186140] Interrupt Taken: 	 Vector = 0x0000000F
[    5.186274] Interrupt Served: 	 Vector = 0x0000000F
[    5.192398] Interrupt Taken: 	 Vector = 0x0000000F
[    5.192515] Interrupt Served: 	 Vector = 0x0000000F
[    5.198093] Interrupt Taken: 	 Vector = 0x0000000F
[    5.198223] Interrupt Served: 	 Vector = 0x0000000F
[    5.201479] Interrupt Taken: 	 Vector = 0x0000000F
[    5.201581] Interrupt Served: 	 Vector = 0x0000000F
[    5.206459] Interrupt Taken: 	 Vector = 0x0000000F
[    5.206580] Interrupt Served: 	 Vector = 0x0000000F
[    5.212400] Interrupt Taken: 	 Vector = 0x0000000F
[    5.212538] Interrupt Served: 	 Vector = 0x0000000F
[    5.218590] Interrupt Taken: 	 Vector = 0x0000000F
[    5.218705] Interrupt Served: 	 Vector = 0x0000000F
[    5.222335] Interrupt Taken: 	 Vector = 0x0000000F
[    5.222604] Interrupt Served: 	 Vector = 0x0000000F
[    5.226100] Interrupt Taken: 	 Vector = 0x0000000F
[    5.226354] Interrupt Served: 	 Vector = 0x0000000F
[    5.229360] Interrupt Taken: 	 Vector = 0x0000000F
[    5.229531] Interrupt Served: 	 Vector = 0x0000000F
[    5.234143] Interrupt Taken: 	 Vector = 0x0000000F
[    5.234258] Interrupt Served: 	 Vector = 0x0000000F
[    5.237775] Interrupt Taken: 	 Vector = 0x0000000F
[    5.237921] Interrupt Served: 	 Vector = 0x0000000F
[    5.241404] Interrupt Taken: 	 Vector = 0x0000000F
[    5.241516] Interrupt Served: 	 Vector = 0x0000000F
[    5.245385] Interrupt Taken: 	 Vector = 0x0000000F
[    5.245497] Interrupt Served: 	 Vector = 0x0000000F
[    5.250555] Interrupt Taken: 	 Vector = 0x0000000F
[    5.250654] Interrupt Served: 	 Vector = 0x0000000F
[    5.253860] Interrupt Taken: 	 Vector = 0x0000000F
[    5.253987] Interrupt Served: 	 Vector = 0x0000000F
[    5.260308] Interrupt Taken: 	 Vector = 0x0000000F
[    5.260422] Interrupt Served: 	 Vector = 0x0000000F
[    5.263878] Interrupt Taken: 	 Vector = 0x0000000F
[    5.264147] Interrupt Served: 	 Vector = 0x0000000F
[    5.267649] Interrupt Taken: 	 Vector = 0x0000000F
[    5.267766] Interrupt Served: 	 Vector = 0x0000000F
[    5.274364] Interrupt Taken: 	 Vector = 0x0000000F
[    5.274528] Interrupt Served: 	 Vector = 0x0000000F
[    5.281156] Interrupt Taken: 	 Vector = 0x0000000F
[    5.281289] Interrupt Served: 	 Vector = 0x0000000F
[    5.285476] Interrupt Taken: 	 Vector = 0x0000000F
[    5.285590] Interrupt Served: 	 Vector = 0x0000000F
[    5.289784] Interrupt Taken: 	 Vector = 0x0000000F
[    5.289943] Interrupt Served: 	 Vector = 0x0000000F
[    5.294368] Interrupt Taken: 	 Vector = 0x0000000F
[    5.294493] Interrupt Served: 	 Vector = 0x0000000F
[    5.299113] Interrupt Taken: 	 Vector = 0x0000000F
[    5.299231] Interrupt Served: 	 Vector = 0x0000000F
[    5.304246] Interrupt Taken: 	 Vector = 0x0000000F
[    5.304379] Interrupt Served: 	 Vector = 0x0000000F
[    5.310088] Interrupt Taken: 	 Vector = 0x0000000F
[    5.310206] Interrupt Served: 	 Vector = 0x0000000F
[    5.313780] Interrupt Taken: 	 Vector = 0x0000000F
[    5.313943] Interrupt Served: 	 Vector = 0x0000000F
[    5.317463] Interrupt Taken: 	 Vector = 0x0000000F
[    5.317566] Interrupt Served: 	 Vector = 0x0000000F
[    5.322188] Interrupt Taken: 	 Vector = 0x0000000F
[    5.322303] Interrupt Served: 	 Vector = 0x0000000F
[    5.326067] Interrupt Taken: 	 Vector = 0x0000000F
[    5.326170] Interrupt Served: 	 Vector = 0x0000000F
[    5.329371] Interrupt Taken: 	 Vector = 0x0000000F
[    5.329469] Interrupt Served: 	 Vector = 0x0000000F
[    5.333106] Interrupt Taken: 	 Vector = 0x0000000F
[    5.333316] Interrupt Served: 	 Vector = 0x0000000F
[    5.336823] Interrupt Taken: 	 Vector = 0x0000000F
[    5.336974] Interrupt Served: 	 Vector = 0x0000000F
[    5.341499] Interrupt Taken: 	 Vector = 0x0000000F
[    5.341753] Interrupt Served: 	 Vector = 0x0000000F
[    5.344863] Interrupt Taken: 	 Vector = 0x0000000F
[    5.345698] Interrupt Served: 	 Vector = 0x0000000F
[    5.349290] Interrupt Taken: 	 Vector = 0x0000000F
[    5.349451] Interrupt Served: 	 Vector = 0x0000000F
[    5.352671] Interrupt Taken: 	 Vector = 0x0000000F
[    5.352767] Interrupt Served: 	 Vector = 0x0000000F
[    5.356328] Interrupt Taken: 	 Vector = 0x0000000F
[    5.356426] Interrupt Served: 	 Vector = 0x0000000F
[    5.359778] Interrupt Taken: 	 Vector = 0x0000000F
[    5.359884] Interrupt Served: 	 Vector = 0x0000000F
[    5.363195] Interrupt Taken: 	 Vector = 0x0000000F
[    5.363292] Interrupt Served: 	 Vector = 0x0000000F
[    5.366552] Interrupt Taken: 	 Vector = 0x0000000F
[    5.366634] Interrupt Served: 	 Vector = 0x0000000F
[    5.370772] Interrupt Taken: 	 Vector = 0x0000000F
[    5.371023] Interrupt Served: 	 Vector = 0x0000000F
[    5.375497] Interrupt Taken: 	 Vector = 0x0000000F
[    5.375576] Interrupt Served: 	 Vector = 0x0000000F
[    5.378499] Interrupt Taken: 	 Vector = 0x0000000F
[    5.378574] Interrupt Served: 	 Vector = 0x0000000F
[    5.383688] Interrupt Taken: 	 Vector = 0x0000000F
[    5.383855] Interrupt Served: 	 Vector = 0x0000000F
[    5.392436] Interrupt Taken: 	 Vector = 0x0000000F
[    5.392499] Interrupt Served: 	 Vector = 0x0000000F
[    5.398560] Interrupt Taken: 	 Vector = 0x0000000F
[    5.398650] Interrupt Served: 	 Vector = 0x0000000F
[    5.402280] Interrupt Taken: 	 Vector = 0x0000000F
[    5.402393] Interrupt Served: 	 Vector = 0x0000000F
[    5.404860] Interrupt Taken: 	 Vector = 0x0000000F
[    5.404955] Interrupt Served: 	 Vector = 0x0000000F
[    5.407394] Interrupt Taken: 	 Vector = 0x0000000F
[    5.407474] Interrupt Served: 	 Vector = 0x0000000F
[    5.410935] Interrupt Taken: 	 Vector = 0x0000000F
[    5.413922] Interrupt Served: 	 Vector = 0x0000000F
[    5.416396] Interrupt Taken: 	 Vector = 0x0000000F
[    5.416486] Interrupt Served: 	 Vector = 0x0000000F
[    5.419064] Interrupt Taken: 	 Vector = 0x0000000F
[    5.419144] Interrupt Served: 	 Vector = 0x0000000F
[    5.421618] Interrupt Taken: 	 Vector = 0x0000000F
[    5.421669] Interrupt Served: 	 Vector = 0x0000000F
[    5.424273] Interrupt Taken: 	 Vector = 0x0000000F
[    5.424322] Interrupt Served: 	 Vector = 0x0000000F
[    5.426978] Interrupt Taken: 	 Vector = 0x0000000F
[    5.427029] Interrupt Served: 	 Vector = 0x0000000F
[    5.429568] Interrupt Taken: 	 Vector = 0x0000000F
[    5.431920] Interrupt Served: 	 Vector = 0x0000000F
[    5.434561] Interrupt Taken: 	 Vector = 0x0000000F
[    5.434598] Interrupt Served: 	 Vector = 0x0000000F
[    5.437249] Interrupt Taken: 	 Vector = 0x0000000F
[    5.437286] Interrupt Served: 	 Vector = 0x0000000F
[    5.439820] Interrupt Taken: 	 Vector = 0x0000000F
[    5.439846] Interrupt Served: 	 Vector = 0x0000000F
[    5.442381] Interrupt Taken: 	 Vector = 0x0000000F
[    5.442416] Interrupt Served: 	 Vector = 0x0000000F
[    5.445202] Interrupt Taken: 	 Vector = 0x0000000F
[    5.445239] Interrupt Served: 	 Vector = 0x0000000F
[    5.450579] Interrupt Taken: 	 Vector = 0x0000000F
[    5.450635] Interrupt Served: 	 Vector = 0x0000000F
[    5.454563] Interrupt Taken: 	 Vector = 0x0000000F
[    5.454600] Interrupt Served: 	 Vector = 0x0000000F
[    5.457102] Interrupt Taken: 	 Vector = 0x0000000F
[    5.457130] Interrupt Served: 	 Vector = 0x0000000F
[    5.460242] Interrupt Taken: 	 Vector = 0x0000000F
[    5.460304] Interrupt Served: 	 Vector = 0x0000000F
[    5.462900] Interrupt Taken: 	 Vector = 0x0000000F
[    5.462930] Interrupt Served: 	 Vector = 0x0000000F
[    5.465432] Interrupt Taken: 	 Vector = 0x0000000F
[    5.465469] Interrupt Served: 	 Vector = 0x0000000F
[    5.467959] Interrupt Taken: 	 Vector = 0x0000000F
[    5.467988] Interrupt Served: 	 Vector = 0x0000000F
[    5.470575] Interrupt Taken: 	 Vector = 0x0000000F
[    5.470600] Interrupt Served: 	 Vector = 0x0000000F
[    5.473447] Interrupt Taken: 	 Vector = 0x0000000F
[    5.473461] Interrupt Served: 	 Vector = 0x0000000F
[    5.476260] Interrupt Taken: 	 Vector = 0x0000000F
[    5.476320] Interrupt Served: 	 Vector = 0x0000000F
[    5.478928] Interrupt Taken: 	 Vector = 0x0000000F
[    5.478955] Interrupt Served: 	 Vector = 0x0000000F
[    5.481668] Interrupt Taken: 	 Vector = 0x0000000F
[    5.481700] Interrupt Served: 	 Vector = 0x0000000F
[    5.484693] Interrupt Taken: 	 Vector = 0x0000000F
[    5.484715] Interrupt Served: 	 Vector = 0x0000000F
[    5.487483] Interrupt Taken: 	 Vector = 0x0000000F
[    5.487498] Interrupt Served: 	 Vector = 0x0000000F
[    5.490266] Interrupt Taken: 	 Vector = 0x0000000F
[    5.490292] Interrupt Served: 	 Vector = 0x0000000F
[    5.493090] Interrupt Taken: 	 Vector = 0x0000000F
[    5.493156] Interrupt Served: 	 Vector = 0x0000000F
[    5.495777] Interrupt Taken: 	 Vector = 0x0000000F
[    5.495811] Interrupt Served: 	 Vector = 0x0000000F
[    5.498820] Interrupt Taken: 	 Vector = 0x0000000F
[    5.498853] Interrupt Served: 	 Vector = 0x0000000F
[    5.501981] Interrupt Taken: 	 Vector = 0x0000000F
[    5.501999] Interrupt Served: 	 Vector = 0x0000000F
[    5.504719] Interrupt Taken: 	 Vector = 0x0000000F
[    5.504757] Interrupt Served: 	 Vector = 0x0000000F
[    5.507450] Interrupt Taken: 	 Vector = 0x0000000F
[    5.507467] Interrupt Served: 	 Vector = 0x0000000F
[    5.510163] Interrupt Taken: 	 Vector = 0x0000000F
[    5.510218] Interrupt Served: 	 Vector = 0x0000000F
[    5.512813] Interrupt Taken: 	 Vector = 0x0000000F
[    5.512843] Interrupt Served: 	 Vector = 0x0000000F
[    5.515775] Interrupt Taken: 	 Vector = 0x0000000F
[    5.515804] Interrupt Served: 	 Vector = 0x0000000F
[    5.518545] Interrupt Taken: 	 Vector = 0x0000000F
[    5.518563] Interrupt Served: 	 Vector = 0x0000000F
[    5.521531] Interrupt Taken: 	 Vector = 0x0000000F
[    5.521560] Interrupt Served: 	 Vector = 0x0000000F
[    5.524213] Interrupt Taken: 	 Vector = 0x0000000F
[    5.524239] Interrupt Served: 	 Vector = 0x0000000F
[    5.527062] Interrupt Taken: 	 Vector = 0x0000000F
[    5.527113] Interrupt Served: 	 Vector = 0x0000000F
[    5.529814] Interrupt Taken: 	 Vector = 0x0000000F
[    5.529855] Interrupt Served: 	 Vector = 0x0000000F
[    5.532859] Interrupt Taken: 	 Vector = 0x0000000F
[    5.532927] Interrupt Served: 	 Vector = 0x0000000F
[    5.535758] Interrupt Taken: 	 Vector = 0x0000000F
[    5.535788] Interrupt Served: 	 Vector = 0x0000000F
[    5.538658] Interrupt Taken: 	 Vector = 0x0000000F
[    5.538702] Interrupt Served: 	 Vector = 0x0000000F
[    5.541574] Interrupt Taken: 	 Vector = 0x0000000F
[    5.541605] Interrupt Served: 	 Vector = 0x0000000F
[    5.544364] Interrupt Taken: 	 Vector = 0x0000000F
[    5.544410] Interrupt Served: 	 Vector = 0x0000000F
[    5.547246] Interrupt Taken: 	 Vector = 0x0000000F
[    5.547299] Interrupt Served: 	 Vector = 0x0000000F
[    5.550215] Interrupt Taken: 	 Vector = 0x0000000F
[    5.550257] Interrupt Served: 	 Vector = 0x0000000F
[    5.553344] Interrupt Taken: 	 Vector = 0x0000000F
[    5.553389] Interrupt Served: 	 Vector = 0x0000000F
[    5.556311] Interrupt Taken: 	 Vector = 0x0000000F
[    5.556372] Interrupt Served: 	 Vector = 0x0000000F
[    5.559365] Interrupt Taken: 	 Vector = 0x0000000F
[    5.559441] Interrupt Served: 	 Vector = 0x0000000F
[    5.562562] Interrupt Taken: 	 Vector = 0x0000000F
[    5.562649] Interrupt Served: 	 Vector = 0x0000000F
[    5.565591] Interrupt Taken: 	 Vector = 0x0000000F
[    5.565665] Interrupt Served: 	 Vector = 0x0000000F
[    5.568758] Interrupt Taken: 	 Vector = 0x0000000F
[    5.568818] Interrupt Served: 	 Vector = 0x0000000F
[    5.571924] Interrupt Taken: 	 Vector = 0x0000000F
[    5.571980] Interrupt Served: 	 Vector = 0x0000000F
[    5.575101] Interrupt Taken: 	 Vector = 0x0000000F
[    5.575192] Interrupt Served: 	 Vector = 0x0000000F
[    5.579067] Interrupt Taken: 	 Vector = 0x0000000F
[    5.579181] Interrupt Served: 	 Vector = 0x0000000F
[    5.582561] Interrupt Taken: 	 Vector = 0x0000000F
[    5.582664] Interrupt Served: 	 Vector = 0x0000000F
[    5.585936] Interrupt Taken: 	 Vector = 0x0000000F
[    5.586057] Interrupt Served: 	 Vector = 0x0000000F
[    5.589296] Interrupt Taken: 	 Vector = 0x0000000F
[    5.589364] Interrupt Served: 	 Vector = 0x0000000F
[    5.592594] Interrupt Taken: 	 Vector = 0x0000000F
[    5.592701] Interrupt Served: 	 Vector = 0x0000000F
[    5.596186] Interrupt Taken: 	 Vector = 0x0000000F
[    5.596335] Interrupt Served: 	 Vector = 0x0000000F
[    5.599228] Interrupt Taken: 	 Vector = 0x0000000F
[    5.599506] Interrupt Served: 	 Vector = 0x0000000F
[    5.602675] Interrupt Taken: 	 Vector = 0x0000000F
[    5.602824] Interrupt Served: 	 Vector = 0x0000000F
[    5.606579] Interrupt Taken: 	 Vector = 0x0000000F
[    5.606663] Interrupt Served: 	 Vector = 0x0000000F
[    5.609868] Interrupt Taken: 	 Vector = 0x0000000F
[    5.609979] Interrupt Served: 	 Vector = 0x0000000F
[    5.613284] Interrupt Taken: 	 Vector = 0x0000000F
[    5.613389] Interrupt Served: 	 Vector = 0x0000000F
[    5.616984] Interrupt Taken: 	 Vector = 0x0000000F
[    5.617083] Interrupt Served: 	 Vector = 0x0000000F
[    5.620346] Interrupt Taken: 	 Vector = 0x0000000F
[    5.620429] Interrupt Served: 	 Vector = 0x0000000F
[    5.623597] Interrupt Taken: 	 Vector = 0x0000000F
[    5.623665] Interrupt Served: 	 Vector = 0x0000000F
[    5.626968] Interrupt Taken: 	 Vector = 0x0000000F
[    5.627076] Interrupt Served: 	 Vector = 0x0000000F
[    5.630345] Interrupt Taken: 	 Vector = 0x0000000F
[    5.630452] Interrupt Served: 	 Vector = 0x0000000F
[    5.633625] Interrupt Taken: 	 Vector = 0x0000000F
[    5.633723] Interrupt Served: 	 Vector = 0x0000000F
[    5.636840] Interrupt Taken: 	 Vector = 0x0000000F
[    5.636954] Interrupt Served: 	 Vector = 0x0000000F
[    5.640248] Interrupt Taken: 	 Vector = 0x0000000F
[    5.640336] Interrupt Served: 	 Vector = 0x0000000F
[    5.643759] Interrupt Taken: 	 Vector = 0x0000000F
[    5.643986] Interrupt Served: 	 Vector = 0x0000000F
[    5.647008] Interrupt Taken: 	 Vector = 0x0000000F
[    5.647151] Interrupt Served: 	 Vector = 0x0000000F
[    5.650562] Interrupt Taken: 	 Vector = 0x0000000F
[    5.650677] Interrupt Served: 	 Vector = 0x0000000F
[    5.654120] Interrupt Taken: 	 Vector = 0x0000000F
[    5.654188] Interrupt Served: 	 Vector = 0x0000000F
[    5.657502] Interrupt Taken: 	 Vector = 0x0000000F
[    5.657568] Interrupt Served: 	 Vector = 0x0000000F
[    5.661050] Interrupt Taken: 	 Vector = 0x0000000F
[    5.661194] Interrupt Served: 	 Vector = 0x0000000F
[    5.664626] Interrupt Taken: 	 Vector = 0x0000000F
[    5.664733] Interrupt Served: 	 Vector = 0x0000000F
[    5.667934] Interrupt Taken: 	 Vector = 0x0000000F
[    5.668051] Interrupt Served: 	 Vector = 0x0000000F
[    5.671309] Interrupt Taken: 	 Vector = 0x0000000F
[    5.671384] Interrupt Served: 	 Vector = 0x0000000F
[    5.674588] Interrupt Taken: 	 Vector = 0x0000000F
[    5.674650] Interrupt Served: 	 Vector = 0x0000000F
[    5.678273] Interrupt Taken: 	 Vector = 0x0000000F
[    5.678384] Interrupt Served: 	 Vector = 0x0000000F
[    5.682053] Interrupt Taken: 	 Vector = 0x0000000F
[    5.682146] Interrupt Served: 	 Vector = 0x0000000F
[    5.685606] Interrupt Taken: 	 Vector = 0x0000000F
[    5.685711] Interrupt Served: 	 Vector = 0x0000000F
[    5.689067] Interrupt Taken: 	 Vector = 0x0000000F
[    5.689141] Interrupt Served: 	 Vector = 0x0000000F
[    5.692372] Interrupt Taken: 	 Vector = 0x0000000F
[    5.692448] Interrupt Served: 	 Vector = 0x0000000F
[    5.695926] Interrupt Taken: 	 Vector = 0x0000000F
[    5.696030] Interrupt Served: 	 Vector = 0x0000000F
[    5.699844] Interrupt Taken: 	 Vector = 0x0000000F
[    5.699980] Interrupt Served: 	 Vector = 0x0000000F
[    5.703234] Interrupt Taken: 	 Vector = 0x0000000F
[    5.703337] Interrupt Served: 	 Vector = 0x0000000F
[    5.706496] Interrupt Taken: 	 Vector = 0x0000000F
[    5.706566] Interrupt Served: 	 Vector = 0x0000000F
[    5.709937] Interrupt Taken: 	 Vector = 0x0000000F
[    5.710024] Interrupt Served: 	 Vector = 0x0000000F
[    5.713716] Interrupt Taken: 	 Vector = 0x0000000F
[    5.713804] Interrupt Served: 	 Vector = 0x0000000F
[    5.717126] Interrupt Taken: 	 Vector = 0x0000000F
[    5.717247] Interrupt Served: 	 Vector = 0x0000000F
[    5.720382] Interrupt Taken: 	 Vector = 0x0000000F
[    5.720480] Interrupt Served: 	 Vector = 0x0000000F
[    5.723528] Interrupt Taken: 	 Vector = 0x0000000F
[    5.723603] Interrupt Served: 	 Vector = 0x0000000F
[    5.727490] Interrupt Taken: 	 Vector = 0x0000000F
[    5.727606] Interrupt Served: 	 Vector = 0x0000000F
[    5.730836] Interrupt Taken: 	 Vector = 0x0000000F
[    5.730971] Interrupt Served: 	 Vector = 0x0000000F
[    5.734411] Interrupt Taken: 	 Vector = 0x0000000F
[    5.734506] Interrupt Served: 	 Vector = 0x0000000F
[    5.737722] Interrupt Taken: 	 Vector = 0x0000000F
[    5.737797] Interrupt Served: 	 Vector = 0x0000000F
[    5.741059] Interrupt Taken: 	 Vector = 0x0000000F
[    5.741142] Interrupt Served: 	 Vector = 0x0000000F
[    5.744596] Interrupt Taken: 	 Vector = 0x0000000F
[    5.744679] Interrupt Served: 	 Vector = 0x0000000F
[    5.747940] Interrupt Taken: 	 Vector = 0x0000000F
[    5.748028] Interrupt Served: 	 Vector = 0x0000000F
[    5.751751] Interrupt Taken: 	 Vector = 0x0000000F
[    5.751873] Interrupt Served: 	 Vector = 0x0000000F
[    5.755365] Interrupt Taken: 	 Vector = 0x0000000F
[    5.755459] Interrupt Served: 	 Vector = 0x0000000F
[    5.758982] Interrupt Taken: 	 Vector = 0x0000000F
[    5.759053] Interrupt Served: 	 Vector = 0x0000000F
[    5.762383] Interrupt Taken: 	 Vector = 0x0000000F
[    5.762487] Interrupt Served: 	 Vector = 0x0000000F
[    5.765655] Interrupt Taken: 	 Vector = 0x0000000F
[    5.765741] Interrupt Served: 	 Vector = 0x0000000F
[    5.769038] Interrupt Taken: 	 Vector = 0x0000000F
[    5.769125] Interrupt Served: 	 Vector = 0x0000000F
[    5.772167] Interrupt Taken: 	 Vector = 0x0000000F
[    5.772229] Interrupt Served: 	 Vector = 0x0000000F
[    5.775432] Interrupt Taken: 	 Vector = 0x0000000F
[    5.775518] Interrupt Served: 	 Vector = 0x0000000F
[    5.778822] Interrupt Taken: 	 Vector = 0x0000000F
[    5.778942] Interrupt Served: 	 Vector = 0x0000000F
[    5.782148] Interrupt Taken: 	 Vector = 0x0000000F
[    5.782236] Interrupt Served: 	 Vector = 0x0000000F
[    5.785536] Interrupt Taken: 	 Vector = 0x0000000F
[    5.785606] Interrupt Served: 	 Vector = 0x0000000F
[    5.788934] Interrupt Taken: 	 Vector = 0x0000000F
[    5.789039] Interrupt Served: 	 Vector = 0x0000000F
[    5.792119] Interrupt Taken: 	 Vector = 0x0000000F
[    5.792202] Interrupt Served: 	 Vector = 0x0000000F
[    5.795605] Interrupt Taken: 	 Vector = 0x0000000F
[    5.795712] Interrupt Served: 	 Vector = 0x0000000F
[    5.798858] Interrupt Taken: 	 Vector = 0x0000000F
[    5.798962] Interrupt Served: 	 Vector = 0x0000000F
[    5.802227] Interrupt Taken: 	 Vector = 0x0000000F
[    5.802305] Interrupt Served: 	 Vector = 0x0000000F
[    5.805563] Interrupt Taken: 	 Vector = 0x0000000F
[    5.805653] Interrupt Served: 	 Vector = 0x0000000F
[    5.808832] Interrupt Taken: 	 Vector = 0x0000000F
[    5.808950] Interrupt Served: 	 Vector = 0x0000000F
[    5.812374] Interrupt Taken: 	 Vector = 0x0000000F
[    5.812484] Interrupt Served: 	 Vector = 0x0000000F
[    5.815709] Interrupt Taken: 	 Vector = 0x0000000F
[    5.815810] Interrupt Served: 	 Vector = 0x0000000F
[    5.818739] Interrupt Taken: 	 Vector = 0x0000000F
[    5.818807] Interrupt Served: 	 Vector = 0x0000000F
[    5.822152] Interrupt Taken: 	 Vector = 0x0000000F
[    5.822231] Interrupt Served: 	 Vector = 0x0000000F
[    5.825444] Interrupt Taken: 	 Vector = 0x0000000F
[    5.825518] Interrupt Served: 	 Vector = 0x0000000F
[    5.829173] Interrupt Taken: 	 Vector = 0x0000000F
[    5.829292] Interrupt Served: 	 Vector = 0x0000000F
[    5.832756] Interrupt Taken: 	 Vector = 0x0000000F
[    5.832859] Interrupt Served: 	 Vector = 0x0000000F
[    5.836283] Interrupt Taken: 	 Vector = 0x0000000F
[    5.836379] Interrupt Served: 	 Vector = 0x0000000F
[    5.839756] Interrupt Taken: 	 Vector = 0x0000000F
[    5.839849] Interrupt Served: 	 Vector = 0x0000000F
[    5.843164] Interrupt Taken: 	 Vector = 0x0000000F
[    5.843240] Interrupt Served: 	 Vector = 0x0000000F
[    5.846641] Interrupt Taken: 	 Vector = 0x0000000F
[    5.846753] Interrupt Served: 	 Vector = 0x0000000F
[    5.850516] Interrupt Taken: 	 Vector = 0x0000000F
[    5.850604] Interrupt Served: 	 Vector = 0x0000000F
[    5.854044] Interrupt Taken: 	 Vector = 0x0000000F
[    5.854113] Interrupt Served: 	 Vector = 0x0000000F
[    5.857709] Interrupt Taken: 	 Vector = 0x0000000F
[    5.857818] Interrupt Served: 	 Vector = 0x0000000F
[    5.860873] Interrupt Taken: 	 Vector = 0x0000000F
[    5.861003] Interrupt Served: 	 Vector = 0x0000000F
[    5.864231] Interrupt Taken: 	 Vector = 0x0000000F
[    5.864308] Interrupt Served: 	 Vector = 0x0000000F
[    5.867499] Interrupt Taken: 	 Vector = 0x0000000F
[    5.867607] Interrupt Served: 	 Vector = 0x0000000F
[    5.870934] Interrupt Taken: 	 Vector = 0x0000000F
[    5.871006] Interrupt Served: 	 Vector = 0x0000000F
[    5.874108] Interrupt Taken: 	 Vector = 0x0000000F
[    5.874179] Interrupt Served: 	 Vector = 0x0000000F
[    5.877870] Interrupt Taken: 	 Vector = 0x0000000F
[    5.878048] Interrupt Served: 	 Vector = 0x0000000F
[    5.881258] Interrupt Taken: 	 Vector = 0x0000000F
[    5.881363] Interrupt Served: 	 Vector = 0x0000000F
[    5.884653] Interrupt Taken: 	 Vector = 0x0000000F
[    5.884745] Interrupt Served: 	 Vector = 0x0000000F
[    5.888038] Interrupt Taken: 	 Vector = 0x0000000F
[    5.888120] Interrupt Served: 	 Vector = 0x0000000F
[    5.891482] Interrupt Taken: 	 Vector = 0x0000000F
[    5.891575] Interrupt Served: 	 Vector = 0x0000000F
[    5.894946] Interrupt Taken: 	 Vector = 0x0000000F
[    5.895064] Interrupt Served: 	 Vector = 0x0000000F
[    5.898281] Interrupt Taken: 	 Vector = 0x0000000F
[    5.898363] Interrupt Served: 	 Vector = 0x0000000F
[    5.901779] Interrupt Taken: 	 Vector = 0x0000000F
[    5.901879] Interrupt Served: 	 Vector = 0x0000000F
[    5.905112] Interrupt Taken: 	 Vector = 0x0000000F
[    5.905172] Interrupt Served: 	 Vector = 0x0000000F
[    5.908510] Interrupt Taken: 	 Vector = 0x0000000F
[    5.908602] Interrupt Served: 	 Vector = 0x0000000F
[    5.912766] Interrupt Taken: 	 Vector = 0x0000000F
[    5.913211] Interrupt Served: 	 Vector = 0x0000000F
[    5.916667] Interrupt Taken: 	 Vector = 0x0000000F
[    5.916757] Interrupt Served: 	 Vector = 0x0000000F
[    5.919942] Interrupt Taken: 	 Vector = 0x0000000F
[    5.920073] Interrupt Served: 	 Vector = 0x0000000F
[    5.922982] Interrupt Taken: 	 Vector = 0x0000000F
[    5.923052] Interrupt Served: 	 Vector = 0x0000000F
[    5.926803] Interrupt Taken: 	 Vector = 0x0000000F
[    5.926932] Interrupt Served: 	 Vector = 0x0000000F
[    5.930403] Interrupt Taken: 	 Vector = 0x0000000F
[    5.930493] Interrupt Served: 	 Vector = 0x0000000F
[    5.933946] Interrupt Taken: 	 Vector = 0x0000000F
[    5.934044] Interrupt Served: 	 Vector = 0x0000000F
[    5.937199] Interrupt Taken: 	 Vector = 0x0000000F
[    5.937263] Interrupt Served: 	 Vector = 0x0000000F
[    5.940665] Interrupt Taken: 	 Vector = 0x0000000F
[    5.940753] Interrupt Served: 	 Vector = 0x0000000F
[    5.944026] Interrupt Taken: 	 Vector = 0x0000000F
[    5.944110] Interrupt Served: 	 Vector = 0x0000000F
[    5.947491] Interrupt Taken: 	 Vector = 0x0000000F
[    5.947589] Interrupt Served: 	 Vector = 0x0000000F
[    5.951244] Interrupt Taken: 	 Vector = 0x0000000F
[    5.951364] Interrupt Served: 	 Vector = 0x0000000F
[    5.954484] Interrupt Taken: 	 Vector = 0x0000000F
[    5.954552] Interrupt Served: 	 Vector = 0x0000000F
[    5.957926] Interrupt Taken: 	 Vector = 0x0000000F
[    5.958006] Interrupt Served: 	 Vector = 0x0000000F
[    5.961336] Interrupt Taken: 	 Vector = 0x0000000F
[    5.961452] Interrupt Served: 	 Vector = 0x0000000F
[    5.965049] Interrupt Taken: 	 Vector = 0x0000000F
[    5.965188] Interrupt Served: 	 Vector = 0x0000000F
[    5.968538] Interrupt Taken: 	 Vector = 0x0000000F
[    5.968634] Interrupt Served: 	 Vector = 0x0000000F
[    5.971909] Interrupt Taken: 	 Vector = 0x0000000F
[    5.971987] Interrupt Served: 	 Vector = 0x0000000F
[    5.975464] Interrupt Taken: 	 Vector = 0x0000000F
[    5.975552] Interrupt Served: 	 Vector = 0x0000000F
[    5.978733] Interrupt Taken: 	 Vector = 0x0000000F
[    5.978844] Interrupt Served: 	 Vector = 0x0000000F
[    5.982921] Interrupt Taken: 	 Vector = 0x0000000F
[    5.983071] Interrupt Served: 	 Vector = 0x0000000F
[    5.986281] Interrupt Taken: 	 Vector = 0x0000000F
[    5.986357] Interrupt Served: 	 Vector = 0x0000000F
[    5.989704] Interrupt Taken: 	 Vector = 0x0000000F
[    5.989771] Interrupt Served: 	 Vector = 0x0000000F
[    5.993138] Interrupt Taken: 	 Vector = 0x0000000F
[    5.993626] Interrupt Served: 	 Vector = 0x0000000F
[    5.997386] Interrupt Taken: 	 Vector = 0x0000000F
[    5.997487] Interrupt Served: 	 Vector = 0x0000000F
[    6.000944] Interrupt Taken: 	 Vector = 0x0000000F
[    6.001090] Interrupt Served: 	 Vector = 0x0000000F
[    6.004171] Interrupt Taken: 	 Vector = 0x0000000F
[    6.004256] Interrupt Served: 	 Vector = 0x0000000F
[    6.007336] Interrupt Taken: 	 Vector = 0x0000000F
[    6.007406] Interrupt Served: 	 Vector = 0x0000000F
[    6.010718] Interrupt Taken: 	 Vector = 0x0000000F
[    6.010845] Interrupt Served: 	 Vector = 0x0000000F
[    6.014002] Interrupt Taken: 	 Vector = 0x0000000F
[    6.014102] Interrupt Served: 	 Vector = 0x0000000F
[    6.017467] Interrupt Taken: 	 Vector = 0x0000000F
[    6.017560] Interrupt Served: 	 Vector = 0x0000000F
[    6.020853] Interrupt Taken: 	 Vector = 0x0000000F
[    6.020951] Interrupt Served: 	 Vector = 0x0000000F
[    6.024317] Interrupt Taken: 	 Vector = 0x0000000F
[    6.024396] Interrupt Served: 	 Vector = 0x0000000F
[    6.027695] Interrupt Taken: 	 Vector = 0x0000000F
[    6.027788] Interrupt Served: 	 Vector = 0x0000000F
[    6.030991] Interrupt Taken: 	 Vector = 0x0000000F
[    6.031063] Interrupt Served: 	 Vector = 0x0000000F
[    6.034382] Interrupt Taken: 	 Vector = 0x0000000F
[    6.034457] Interrupt Served: 	 Vector = 0x0000000F
[    6.037947] Interrupt Taken: 	 Vector = 0x0000000F
[    6.038018] Interrupt Served: 	 Vector = 0x0000000F
[    6.041256] Interrupt Taken: 	 Vector = 0x0000000F
[    6.041338] Interrupt Served: 	 Vector = 0x0000000F
[    6.044700] Interrupt Taken: 	 Vector = 0x0000000F
[    6.044804] Interrupt Served: 	 Vector = 0x0000000F
[    6.048182] Interrupt Taken: 	 Vector = 0x0000000F
[    6.048276] Interrupt Served: 	 Vector = 0x0000000F
[    6.051735] Interrupt Taken: 	 Vector = 0x0000000F
[    6.051830] Interrupt Served: 	 Vector = 0x0000000F
[    6.055071] Interrupt Taken: 	 Vector = 0x0000000F
[    6.055145] Interrupt Served: 	 Vector = 0x0000000F
[    6.058521] Interrupt Taken: 	 Vector = 0x0000000F
[    6.058607] Interrupt Served: 	 Vector = 0x0000000F
[    6.062062] Interrupt Taken: 	 Vector = 0x0000000F
[    6.062163] Interrupt Served: 	 Vector = 0x0000000F
[    6.065434] Interrupt Taken: 	 Vector = 0x0000000F
[    6.065522] Interrupt Served: 	 Vector = 0x0000000F
[    6.068812] Interrupt Taken: 	 Vector = 0x0000000F
[    6.068918] Interrupt Served: 	 Vector = 0x0000000F
[    6.072022] Interrupt Taken: 	 Vector = 0x0000000F
[    6.072103] Interrupt Served: 	 Vector = 0x0000000F
[    6.075600] Interrupt Taken: 	 Vector = 0x0000000F
[    6.075673] Interrupt Served: 	 Vector = 0x0000000F
[    6.079000] Interrupt Taken: 	 Vector = 0x0000000F
[    6.079119] Interrupt Served: 	 Vector = 0x0000000F
[    6.082592] Interrupt Taken: 	 Vector = 0x0000000F
[    6.082698] Interrupt Served: 	 Vector = 0x0000000F
[    6.085874] Interrupt Taken: 	 Vector = 0x0000000F
[    6.086001] Interrupt Served: 	 Vector = 0x0000000F
[    6.089266] Interrupt Taken: 	 Vector = 0x0000000F
[    6.089323] Interrupt Served: 	 Vector = 0x0000000F
[    6.093558] Interrupt Taken: 	 Vector = 0x0000000F
[    6.093648] Interrupt Served: 	 Vector = 0x0000000F
[    6.096853] Interrupt Taken: 	 Vector = 0x0000000F
[    6.096981] Interrupt Served: 	 Vector = 0x0000000F
[    6.100297] Interrupt Taken: 	 Vector = 0x0000000F
[    6.100400] Interrupt Served: 	 Vector = 0x0000000F
[    6.103434] Interrupt Taken: 	 Vector = 0x0000000F
[    6.103512] Interrupt Served: 	 Vector = 0x0000000F
[    6.106811] Interrupt Taken: 	 Vector = 0x0000000F
[    6.106867] Interrupt Served: 	 Vector = 0x0000000F
[    6.109978] Interrupt Taken: 	 Vector = 0x0000000F
[    6.110068] Interrupt Served: 	 Vector = 0x0000000F
[    6.113357] Interrupt Taken: 	 Vector = 0x0000000F
[    6.113443] Interrupt Served: 	 Vector = 0x0000000F
[    6.116624] Interrupt Taken: 	 Vector = 0x0000000F
[    6.116707] Interrupt Served: 	 Vector = 0x0000000F
[    6.119852] Interrupt Taken: 	 Vector = 0x0000000F
[    6.119972] Interrupt Served: 	 Vector = 0x0000000F
[    6.123156] Interrupt Taken: 	 Vector = 0x0000000F
[    6.123221] Interrupt Served: 	 Vector = 0x0000000F
[    6.126410] Interrupt Taken: 	 Vector = 0x0000000F
[    6.126509] Interrupt Served: 	 Vector = 0x0000000F
[    6.129693] Interrupt Taken: 	 Vector = 0x0000000F
[    6.129789] Interrupt Served: 	 Vector = 0x0000000F
[    6.133317] Interrupt Taken: 	 Vector = 0x0000000F
[    6.133423] Interrupt Served: 	 Vector = 0x0000000F
[    6.136495] Interrupt Taken: 	 Vector = 0x0000000F
[    6.136562] Interrupt Served: 	 Vector = 0x0000000F
[    6.139983] Interrupt Taken: 	 Vector = 0x0000000F
[    6.140045] Interrupt Served: 	 Vector = 0x0000000F
[    6.143352] Interrupt Taken: 	 Vector = 0x0000000F
[    6.143444] Interrupt Served: 	 Vector = 0x0000000F
[    6.147269] Interrupt Taken: 	 Vector = 0x0000000F
[    6.147387] Interrupt Served: 	 Vector = 0x0000000F
[    6.150608] Interrupt Taken: 	 Vector = 0x0000000F
[    6.150705] Interrupt Served: 	 Vector = 0x0000000F
[    6.154028] Interrupt Taken: 	 Vector = 0x0000000F
[    6.154121] Interrupt Served: 	 Vector = 0x0000000F
[    6.157419] Interrupt Taken: 	 Vector = 0x0000000F
[    6.157477] Interrupt Served: 	 Vector = 0x0000000F
[    6.161054] Interrupt Taken: 	 Vector = 0x0000000F
[    6.161164] Interrupt Served: 	 Vector = 0x0000000F
[    6.164458] Interrupt Taken: 	 Vector = 0x0000000F
[    6.164558] Interrupt Served: 	 Vector = 0x0000000F
[    6.167790] Interrupt Taken: 	 Vector = 0x0000000F
[    6.167923] Interrupt Served: 	 Vector = 0x0000000F
[    6.171298] Interrupt Taken: 	 Vector = 0x0000000F
[    6.171380] Interrupt Served: 	 Vector = 0x0000000F
[    6.174596] Interrupt Taken: 	 Vector = 0x0000000F
[    6.174684] Interrupt Served: 	 Vector = 0x0000000F
[    6.178649] Interrupt Taken: 	 Vector = 0x0000000F
[    6.178803] Interrupt Served: 	 Vector = 0x0000000F
[    6.182302] Interrupt Taken: 	 Vector = 0x0000000F
[    6.182388] Interrupt Served: 	 Vector = 0x0000000F
[    6.185700] Interrupt Taken: 	 Vector = 0x0000000F
[    6.185775] Interrupt Served: 	 Vector = 0x0000000F
[    6.189139] Interrupt Taken: 	 Vector = 0x0000000F
[    6.189226] Interrupt Served: 	 Vector = 0x0000000F
[    6.192566] Interrupt Taken: 	 Vector = 0x0000000F
[    6.192634] Interrupt Served: 	 Vector = 0x0000000F
[    6.196262] Interrupt Taken: 	 Vector = 0x0000000F
[    6.196383] Interrupt Served: 	 Vector = 0x0000000F
[    6.199557] Interrupt Taken: 	 Vector = 0x0000000F
[    6.199663] Interrupt Served: 	 Vector = 0x0000000F
[    6.203003] Interrupt Taken: 	 Vector = 0x0000000F
[    6.203100] Interrupt Served: 	 Vector = 0x0000000F
[    6.206238] Interrupt Taken: 	 Vector = 0x0000000F
[    6.206302] Interrupt Served: 	 Vector = 0x0000000F
[    6.209757] Interrupt Taken: 	 Vector = 0x0000000F
[    6.209841] Interrupt Served: 	 Vector = 0x0000000F
[    6.213208] Interrupt Taken: 	 Vector = 0x0000000F
[    6.213316] Interrupt Served: 	 Vector = 0x0000000F
[    6.216781] Interrupt Taken: 	 Vector = 0x0000000F
[    6.216939] Interrupt Served: 	 Vector = 0x0000000F
[    6.220311] Interrupt Taken: 	 Vector = 0x0000000F
[    6.220404] Interrupt Served: 	 Vector = 0x0000000F
[    6.223722] Interrupt Taken: 	 Vector = 0x0000000F
[    6.223786] Interrupt Served: 	 Vector = 0x0000000F
[    6.227153] Interrupt Taken: 	 Vector = 0x0000000F
[    6.227271] Interrupt Served: 	 Vector = 0x0000000F
[    6.230570] Interrupt Taken: 	 Vector = 0x0000000F
[    6.230665] Interrupt Served: 	 Vector = 0x0000000F
[    6.234023] Interrupt Taken: 	 Vector = 0x0000000F
[    6.234125] Interrupt Served: 	 Vector = 0x0000000F
[    6.237344] Interrupt Taken: 	 Vector = 0x0000000F
[    6.237431] Interrupt Served: 	 Vector = 0x0000000F
[    6.240768] Interrupt Taken: 	 Vector = 0x0000000F
[    6.240841] Interrupt Served: 	 Vector = 0x0000000F
[    6.244412] Interrupt Taken: 	 Vector = 0x0000000F
[    6.244538] Interrupt Served: 	 Vector = 0x0000000F
[    6.247790] Interrupt Taken: 	 Vector = 0x0000000F
[    6.247875] Interrupt Served: 	 Vector = 0x0000000F
[    6.251361] Interrupt Taken: 	 Vector = 0x0000000F
[    6.251508] Interrupt Served: 	 Vector = 0x0000000F
[    6.254558] Interrupt Taken: 	 Vector = 0x0000000F
[    6.254611] Interrupt Served: 	 Vector = 0x0000000F
[    6.257988] Interrupt Taken: 	 Vector = 0x0000000F
[    6.258061] Interrupt Served: 	 Vector = 0x0000000F
[    6.261401] Interrupt Taken: 	 Vector = 0x0000000F
[    6.261511] Interrupt Served: 	 Vector = 0x0000000F
[    6.264675] Interrupt Taken: 	 Vector = 0x0000000F
[    6.264773] Interrupt Served: 	 Vector = 0x0000000F
[    6.268275] Interrupt Taken: 	 Vector = 0x0000000F
[    6.268378] Interrupt Served: 	 Vector = 0x0000000F
[    6.271548] Interrupt Taken: 	 Vector = 0x0000000F
[    6.271623] Interrupt Served: 	 Vector = 0x0000000F
[    6.275137] Interrupt Taken: 	 Vector = 0x0000000F
[    6.275198] Interrupt Served: 	 Vector = 0x0000000F
[    6.278831] Interrupt Taken: 	 Vector = 0x0000000F
[    6.278959] Interrupt Served: 	 Vector = 0x0000000F
[    6.282233] Interrupt Taken: 	 Vector = 0x0000000F
[    6.282331] Interrupt Served: 	 Vector = 0x0000000F
[    6.285482] Interrupt Taken: 	 Vector = 0x0000000F
[    6.285559] Interrupt Served: 	 Vector = 0x0000000F
[    6.288708] Interrupt Taken: 	 Vector = 0x0000000F
[    6.288811] Interrupt Served: 	 Vector = 0x0000000F
[    6.292157] Interrupt Taken: 	 Vector = 0x0000000F
[    6.292272] Interrupt Served: 	 Vector = 0x0000000F
[    6.295722] Interrupt Taken: 	 Vector = 0x0000000F
[    6.295853] Interrupt Served: 	 Vector = 0x0000000F
[    6.306745] Interrupt Taken: 	 Vector = 0x0000000F
[    6.306937] Interrupt Served: 	 Vector = 0x0000000F
[    6.311589] Interrupt Taken: 	 Vector = 0x0000000F
[    6.311741] Interrupt Served: 	 Vector = 0x0000000F
[    6.315552] Interrupt Taken: 	 Vector = 0x0000000F
[    6.315653] Interrupt Served: 	 Vector = 0x0000000F
[    6.319005] Interrupt Taken: 	 Vector = 0x0000000F
[    6.319099] Interrupt Served: 	 Vector = 0x0000000F
[    6.323678] Interrupt Taken: 	 Vector = 0x0000000F
[    6.323790] Interrupt Served: 	 Vector = 0x0000000F
[    6.327450] Interrupt Taken: 	 Vector = 0x0000000F
[    6.327538] Interrupt Served: 	 Vector = 0x0000000F
[    6.330996] Interrupt Taken: 	 Vector = 0x0000000F
[    6.331101] Interrupt Served: 	 Vector = 0x0000000F
[    6.334570] Interrupt Taken: 	 Vector = 0x0000000F
[    6.334665] Interrupt Served: 	 Vector = 0x0000000F
[    6.337844] Interrupt Taken: 	 Vector = 0x0000000F
[    6.337941] Interrupt Served: 	 Vector = 0x0000000F
[    6.341216] Interrupt Taken: 	 Vector = 0x0000000F
[    6.341294] Interrupt Served: 	 Vector = 0x0000000F
[    6.344598] Interrupt Taken: 	 Vector = 0x0000000F
[    6.344726] Interrupt Served: 	 Vector = 0x0000000F
[    6.348549] Interrupt Taken: 	 Vector = 0x0000000F
[    6.348655] Interrupt Served: 	 Vector = 0x0000000F
[    6.351994] Interrupt Taken: 	 Vector = 0x0000000F
[    6.352107] Interrupt Served: 	 Vector = 0x0000000F
[    6.355444] Interrupt Taken: 	 Vector = 0x0000000F
[    6.355516] Interrupt Served: 	 Vector = 0x0000000F
[    6.359060] Interrupt Taken: 	 Vector = 0x0000000F
[    6.359125] Interrupt Served: 	 Vector = 0x0000000F
[    6.363058] Interrupt Taken: 	 Vector = 0x0000000F
[    6.363172] Interrupt Served: 	 Vector = 0x0000000F
[    6.366413] Interrupt Taken: 	 Vector = 0x0000000F
[    6.366501] Interrupt Served: 	 Vector = 0x0000000F
[    6.370711] Interrupt Taken: 	 Vector = 0x0000000F
[    6.370836] Interrupt Served: 	 Vector = 0x0000000F
[    6.373851] Interrupt Taken: 	 Vector = 0x0000000F
[    6.373950] Interrupt Served: 	 Vector = 0x0000000F
[    6.377197] Interrupt Taken: 	 Vector = 0x0000000F
[    6.377281] Interrupt Served: 	 Vector = 0x0000000F
[    6.380566] Interrupt Taken: 	 Vector = 0x0000000F
[    6.380674] Interrupt Served: 	 Vector = 0x0000000F
[    6.384105] Interrupt Taken: 	 Vector = 0x0000000F
[    6.384201] Interrupt Served: 	 Vector = 0x0000000F
[    6.387833] Interrupt Taken: 	 Vector = 0x0000000F
[    6.387963] Interrupt Served: 	 Vector = 0x0000000F
[    6.391178] Interrupt Taken: 	 Vector = 0x0000000F
[    6.391256] Interrupt Served: 	 Vector = 0x0000000F
[    6.394537] Interrupt Taken: 	 Vector = 0x0000000F
[    6.394644] Interrupt Served: 	 Vector = 0x0000000F
[    6.398484] Interrupt Taken: 	 Vector = 0x0000000F
[    6.399100] Interrupt Served: 	 Vector = 0x0000000F
[    6.402751] Interrupt Taken: 	 Vector = 0x0000000F
[    6.402848] Interrupt Served: 	 Vector = 0x0000000F
[    6.405941] Interrupt Taken: 	 Vector = 0x0000000F
[    6.406006] Interrupt Served: 	 Vector = 0x0000000F
[    6.409264] Interrupt Taken: 	 Vector = 0x0000000F
[    6.409325] Interrupt Served: 	 Vector = 0x0000000F
[    6.412882] Interrupt Taken: 	 Vector = 0x0000000F
[    6.413054] Interrupt Served: 	 Vector = 0x0000000F
[    6.416314] Interrupt Taken: 	 Vector = 0x0000000F
[    6.416420] Interrupt Served: 	 Vector = 0x0000000F
[    6.420101] Interrupt Taken: 	 Vector = 0x0000000F
[    6.420191] Interrupt Served: 	 Vector = 0x0000000F
[    6.423251] Interrupt Taken: 	 Vector = 0x0000000F
[    6.423338] Interrupt Served: 	 Vector = 0x0000000F
[    6.426671] Interrupt Taken: 	 Vector = 0x0000000F
[    6.426751] Interrupt Served: 	 Vector = 0x0000000F
[    6.429964] Interrupt Taken: 	 Vector = 0x0000000F
[    6.430064] Interrupt Served: 	 Vector = 0x0000000F
[    6.433503] Interrupt Taken: 	 Vector = 0x0000000F
[    6.433608] Interrupt Served: 	 Vector = 0x0000000F
[    6.436927] Interrupt Taken: 	 Vector = 0x0000000F
[    6.437034] Interrupt Served: 	 Vector = 0x0000000F
[    6.440636] Interrupt Taken: 	 Vector = 0x0000000F
[    6.440744] Interrupt Served: 	 Vector = 0x0000000F
[    6.444103] Interrupt Taken: 	 Vector = 0x0000000F
[    6.444219] Interrupt Served: 	 Vector = 0x0000000F
[    6.447433] Interrupt Taken: 	 Vector = 0x0000000F
[    6.447523] Interrupt Served: 	 Vector = 0x0000000F
[    6.451308] Interrupt Taken: 	 Vector = 0x0000000F
[    6.451425] Interrupt Served: 	 Vector = 0x0000000F
[    6.454737] Interrupt Taken: 	 Vector = 0x0000000F
[    6.454839] Interrupt Served: 	 Vector = 0x0000000F
[    6.457954] Interrupt Taken: 	 Vector = 0x0000000F
[    6.458032] Interrupt Served: 	 Vector = 0x0000000F
[    6.462139] Interrupt Taken: 	 Vector = 0x0000000F
[    6.462281] Interrupt Served: 	 Vector = 0x0000000F
[    6.465472] Interrupt Taken: 	 Vector = 0x0000000F
[    6.465655] Interrupt Served: 	 Vector = 0x0000000F
[    6.469878] Interrupt Taken: 	 Vector = 0x0000000F
[    6.470069] Interrupt Served: 	 Vector = 0x0000000F
[    6.473280] Interrupt Taken: 	 Vector = 0x0000000F
[    6.473345] Interrupt Served: 	 Vector = 0x0000000F
[    6.476679] Interrupt Taken: 	 Vector = 0x0000000F
[    6.476805] Interrupt Served: 	 Vector = 0x0000000F
[    6.480123] Interrupt Taken: 	 Vector = 0x0000000F
[    6.480223] Interrupt Served: 	 Vector = 0x0000000F
[    6.483581] Interrupt Taken: 	 Vector = 0x0000000F
[    6.483685] Interrupt Served: 	 Vector = 0x0000000F
[    6.487589] Interrupt Taken: 	 Vector = 0x0000000F
[    6.487669] Interrupt Served: 	 Vector = 0x0000000F
[    6.490801] Interrupt Taken: 	 Vector = 0x0000000F
[    6.490883] Interrupt Served: 	 Vector = 0x0000000F
[    6.494082] Interrupt Taken: 	 Vector = 0x0000000F
[    6.494169] Interrupt Served: 	 Vector = 0x0000000F
[    6.497293] Interrupt Taken: 	 Vector = 0x0000000F
[    6.497378] Interrupt Served: 	 Vector = 0x0000000F
[    6.500536] Interrupt Taken: 	 Vector = 0x0000000F
[    6.500624] Interrupt Served: 	 Vector = 0x0000000F
[    6.503928] Interrupt Taken: 	 Vector = 0x0000000F
[    6.504017] Interrupt Served: 	 Vector = 0x0000000F
[    6.507211] Interrupt Taken: 	 Vector = 0x0000000F
[    6.507282] Interrupt Served: 	 Vector = 0x0000000F
[    6.511046] Interrupt Taken: 	 Vector = 0x0000000F
[    6.511156] Interrupt Served: 	 Vector = 0x0000000F
[    6.514424] Interrupt Taken: 	 Vector = 0x0000000F
[    6.514511] Interrupt Served: 	 Vector = 0x0000000F
[    6.517874] Interrupt Taken: 	 Vector = 0x0000000F
[    6.517984] Interrupt Served: 	 Vector = 0x0000000F
[    6.521132] Interrupt Taken: 	 Vector = 0x0000000F
[    6.521199] Interrupt Served: 	 Vector = 0x0000000F
[    6.524390] Interrupt Taken: 	 Vector = 0x0000000F
[    6.524505] Interrupt Served: 	 Vector = 0x0000000F
[    6.527529] Interrupt Taken: 	 Vector = 0x0000000F
[    6.527632] Interrupt Served: 	 Vector = 0x0000000F
[    6.530969] Interrupt Taken: 	 Vector = 0x0000000F
[    6.531073] Interrupt Served: 	 Vector = 0x0000000F
[    6.534226] Interrupt Taken: 	 Vector = 0x0000000F
[    6.534303] Interrupt Served: 	 Vector = 0x0000000F
[    6.537653] Interrupt Taken: 	 Vector = 0x0000000F
[    6.537725] Interrupt Served: 	 Vector = 0x0000000F
[    6.540943] Interrupt Taken: 	 Vector = 0x0000000F
[    6.541035] Interrupt Served: 	 Vector = 0x0000000F
[    6.544234] Interrupt Taken: 	 Vector = 0x0000000F
[    6.544331] Interrupt Served: 	 Vector = 0x0000000F
[    6.547423] Interrupt Taken: 	 Vector = 0x0000000F
[    6.547520] Interrupt Served: 	 Vector = 0x0000000F
[    6.551021] Interrupt Taken: 	 Vector = 0x0000000F
[    6.551119] Interrupt Served: 	 Vector = 0x0000000F
[    6.554523] Interrupt Taken: 	 Vector = 0x0000000F
[    6.554584] Interrupt Served: 	 Vector = 0x0000000F
[    6.557961] Interrupt Taken: 	 Vector = 0x0000000F
[    6.558067] Interrupt Served: 	 Vector = 0x0000000F
[    6.561402] Interrupt Taken: 	 Vector = 0x0000000F
[    6.561526] Interrupt Served: 	 Vector = 0x0000000F
[    6.564755] Interrupt Taken: 	 Vector = 0x0000000F
[    6.564851] Interrupt Served: 	 Vector = 0x0000000F
[    6.568287] Interrupt Taken: 	 Vector = 0x0000000F
[    6.568364] Interrupt Served: 	 Vector = 0x0000000F
[    6.571556] Interrupt Taken: 	 Vector = 0x0000000F
[    6.571639] Interrupt Served: 	 Vector = 0x0000000F
[    6.575116] Interrupt Taken: 	 Vector = 0x0000000F
[    6.575189] Interrupt Served: 	 Vector = 0x0000000F
[    6.578446] Interrupt Taken: 	 Vector = 0x0000000F
[    6.578564] Interrupt Served: 	 Vector = 0x0000000F
[    6.581657] Interrupt Taken: 	 Vector = 0x0000000F
[    6.581751] Interrupt Served: 	 Vector = 0x0000000F
[    6.584940] Interrupt Taken: 	 Vector = 0x0000000F
[    6.585010] Interrupt Served: 	 Vector = 0x0000000F
[    6.588500] Interrupt Taken: 	 Vector = 0x0000000F
[    6.588558] Interrupt Served: 	 Vector = 0x0000000F
[    6.591944] Interrupt Taken: 	 Vector = 0x0000000F
[    6.592037] Interrupt Served: 	 Vector = 0x0000000F
[    6.595465] Interrupt Taken: 	 Vector = 0x0000000F
[    6.595570] Interrupt Served: 	 Vector = 0x0000000F
[    6.598708] Interrupt Taken: 	 Vector = 0x0000000F
[    6.598807] Interrupt Served: 	 Vector = 0x0000000F
[    6.602152] Interrupt Taken: 	 Vector = 0x0000000F
[    6.602233] Interrupt Served: 	 Vector = 0x0000000F
[    6.605535] Interrupt Taken: 	 Vector = 0x0000000F
[    6.605598] Interrupt Served: 	 Vector = 0x0000000F
[    6.609079] Interrupt Taken: 	 Vector = 0x0000000F
[    6.609156] Interrupt Served: 	 Vector = 0x0000000F
[    6.612683] Interrupt Taken: 	 Vector = 0x0000000F
[    6.612810] Interrupt Served: 	 Vector = 0x0000000F
[    6.615957] Interrupt Taken: 	 Vector = 0x0000000F
[    6.616044] Interrupt Served: 	 Vector = 0x0000000F
[    6.619389] Interrupt Taken: 	 Vector = 0x0000000F
[    6.619494] Interrupt Served: 	 Vector = 0x0000000F
[    6.622572] Interrupt Taken: 	 Vector = 0x0000000F
[    6.622629] Interrupt Served: 	 Vector = 0x0000000F
[    6.625946] Interrupt Taken: 	 Vector = 0x0000000F
[    6.626024] Interrupt Served: 	 Vector = 0x0000000F
[    6.629372] Interrupt Taken: 	 Vector = 0x0000000F
[    6.629509] Interrupt Served: 	 Vector = 0x0000000F
[    6.632650] Interrupt Taken: 	 Vector = 0x0000000F
[    6.632729] Interrupt Served: 	 Vector = 0x0000000F
[    6.636070] Interrupt Taken: 	 Vector = 0x0000000F
[    6.636162] Interrupt Served: 	 Vector = 0x0000000F
[    6.639510] Interrupt Taken: 	 Vector = 0x0000000F
[    6.639571] Interrupt Served: 	 Vector = 0x0000000F
[    6.642840] Interrupt Taken: 	 Vector = 0x0000000F
[    6.642936] Interrupt Served: 	 Vector = 0x0000000F
[    6.646668] Interrupt Taken: 	 Vector = 0x0000000F
[    6.646786] Interrupt Served: 	 Vector = 0x0000000F
[    6.650179] Interrupt Taken: 	 Vector = 0x0000000F
[    6.650296] Interrupt Served: 	 Vector = 0x0000000F
[    6.653564] Interrupt Taken: 	 Vector = 0x0000000F
[    6.653638] Interrupt Served: 	 Vector = 0x0000000F
[    6.656937] Interrupt Taken: 	 Vector = 0x0000000F
[    6.657005] Interrupt Served: 	 Vector = 0x0000000F
[    6.660247] Interrupt Taken: 	 Vector = 0x0000000F
[    6.660326] Interrupt Served: 	 Vector = 0x0000000F
[    6.663527] Interrupt Taken: 	 Vector = 0x0000000F
[    6.663629] Interrupt Served: 	 Vector = 0x0000000F
[    6.667624] Interrupt Taken: 	 Vector = 0x0000000F
[    6.667815] Interrupt Served: 	 Vector = 0x0000000F
[    6.670672] Interrupt Taken: 	 Vector = 0x0000000F
[    6.670762] Interrupt Served: 	 Vector = 0x0000000F
[    6.674191] Interrupt Taken: 	 Vector = 0x0000000F
[    6.674265] Interrupt Served: 	 Vector = 0x0000000F
[    6.677550] Interrupt Taken: 	 Vector = 0x0000000F
[    6.677649] Interrupt Served: 	 Vector = 0x0000000F
[    6.681057] Interrupt Taken: 	 Vector = 0x0000000F
[    6.681181] Interrupt Served: 	 Vector = 0x0000000F
[    6.684660] Interrupt Taken: 	 Vector = 0x0000000F
[    6.684876] Interrupt Served: 	 Vector = 0x0000000F
[    6.688031] Interrupt Taken: 	 Vector = 0x0000000F
[    6.688106] Interrupt Served: 	 Vector = 0x0000000F
[    6.691382] Interrupt Taken: 	 Vector = 0x0000000F
[    6.691443] Interrupt Served: 	 Vector = 0x0000000F
[    6.694858] Interrupt Taken: 	 Vector = 0x0000000F
[    6.695019] Interrupt Served: 	 Vector = 0x0000000F
[    6.698384] Interrupt Taken: 	 Vector = 0x0000000F
[    6.698473] Interrupt Served: 	 Vector = 0x0000000F
[    6.701657] Interrupt Taken: 	 Vector = 0x0000000F
[    6.701741] Interrupt Served: 	 Vector = 0x0000000F
[    6.704743] Interrupt Taken: 	 Vector = 0x0000000F
[    6.704807] Interrupt Served: 	 Vector = 0x0000000F
[    6.708452] Interrupt Taken: 	 Vector = 0x0000000F
[    6.708536] Interrupt Served: 	 Vector = 0x0000000F
[    6.712392] Interrupt Taken: 	 Vector = 0x0000000F
[    6.712502] Interrupt Served: 	 Vector = 0x0000000F
[    6.715982] Interrupt Taken: 	 Vector = 0x0000000F
[    6.716076] Interrupt Served: 	 Vector = 0x0000000F
[    6.719436] Interrupt Taken: 	 Vector = 0x0000000F
[    6.719544] Interrupt Served: 	 Vector = 0x0000000F
[    6.722670] Interrupt Taken: 	 Vector = 0x0000000F
[    6.722734] Interrupt Served: 	 Vector = 0x0000000F
[    6.726022] Interrupt Taken: 	 Vector = 0x0000000F
[    6.726085] Interrupt Served: 	 Vector = 0x0000000F
[    6.729792] Interrupt Taken: 	 Vector = 0x0000000F
[    6.729922] Interrupt Served: 	 Vector = 0x0000000F
[    6.733282] Interrupt Taken: 	 Vector = 0x0000000F
[    6.733383] Interrupt Served: 	 Vector = 0x0000000F
[    6.736824] Interrupt Taken: 	 Vector = 0x0000000F
[    6.736979] Interrupt Served: 	 Vector = 0x0000000F
[    6.739994] Interrupt Taken: 	 Vector = 0x0000000F
[    6.740061] Interrupt Served: 	 Vector = 0x0000000F
[    6.743175] Interrupt Taken: 	 Vector = 0x0000000F
[    6.743252] Interrupt Served: 	 Vector = 0x0000000F
[    6.746650] Interrupt Taken: 	 Vector = 0x0000000F
[    6.746743] Interrupt Served: 	 Vector = 0x0000000F
[    6.750074] Interrupt Taken: 	 Vector = 0x0000000F
[    6.750194] Interrupt Served: 	 Vector = 0x0000000F
[    6.753624] Interrupt Taken: 	 Vector = 0x0000000F
[    6.753708] Interrupt Served: 	 Vector = 0x0000000F
[    6.756877] Interrupt Taken: 	 Vector = 0x0000000F
[    6.756978] Interrupt Served: 	 Vector = 0x0000000F
[    6.760516] Interrupt Taken: 	 Vector = 0x0000000F
[    6.760618] Interrupt Served: 	 Vector = 0x0000000F
[    6.763981] Interrupt Taken: 	 Vector = 0x0000000F
[    6.764065] Interrupt Served: 	 Vector = 0x0000000F
[    6.767332] Interrupt Taken: 	 Vector = 0x0000000F
[    6.767435] Interrupt Served: 	 Vector = 0x0000000F
[    6.771383] Interrupt Taken: 	 Vector = 0x0000000F
[    6.771494] Interrupt Served: 	 Vector = 0x0000000F
[    6.774688] Interrupt Taken: 	 Vector = 0x0000000F
[    6.774949] Interrupt Served: 	 Vector = 0x0000000F
[    6.777957] Interrupt Taken: 	 Vector = 0x0000000F
[    6.778090] Interrupt Served: 	 Vector = 0x0000000F
[    6.781302] Interrupt Taken: 	 Vector = 0x0000000F
[    6.781382] Interrupt Served: 	 Vector = 0x0000000F
[    6.784527] Interrupt Taken: 	 Vector = 0x0000000F
[    6.784637] Interrupt Served: 	 Vector = 0x0000000F
[    6.787985] Interrupt Taken: 	 Vector = 0x0000000F
[    6.788049] Interrupt Served: 	 Vector = 0x0000000F
[    6.791344] Interrupt Taken: 	 Vector = 0x0000000F
[    6.791434] Interrupt Served: 	 Vector = 0x0000000F
[    6.794934] Interrupt Taken: 	 Vector = 0x0000000F
[    6.795055] Interrupt Served: 	 Vector = 0x0000000F
[    6.798285] Interrupt Taken: 	 Vector = 0x0000000F
[    6.798361] Interrupt Served: 	 Vector = 0x0000000F
[    6.801644] Interrupt Taken: 	 Vector = 0x0000000F
[    6.801733] Interrupt Served: 	 Vector = 0x0000000F
[    6.804991] Interrupt Taken: 	 Vector = 0x0000000F
[    6.805065] Interrupt Served: 	 Vector = 0x0000000F
[    6.808107] Interrupt Taken: 	 Vector = 0x0000000F
[    6.808270] Interrupt Served: 	 Vector = 0x0000000F
[    6.811472] Interrupt Taken: 	 Vector = 0x0000000F
[    6.811587] Interrupt Served: 	 Vector = 0x0000000F
[    6.815101] Interrupt Taken: 	 Vector = 0x0000000F
[    6.815186] Interrupt Served: 	 Vector = 0x0000000F
[    6.818393] Interrupt Taken: 	 Vector = 0x0000000F
[    6.818480] Interrupt Served: 	 Vector = 0x0000000F
[    6.822188] Interrupt Taken: 	 Vector = 0x0000000F
[    6.822266] Interrupt Served: 	 Vector = 0x0000000F
[    6.825518] Interrupt Taken: 	 Vector = 0x0000000F
[    6.825599] Interrupt Served: 	 Vector = 0x0000000F
[    6.829384] Interrupt Taken: 	 Vector = 0x0000000F
[    6.829495] Interrupt Served: 	 Vector = 0x0000000F
[    6.832640] Interrupt Taken: 	 Vector = 0x0000000F
[    6.832726] Interrupt Served: 	 Vector = 0x0000000F
[    6.836021] Interrupt Taken: 	 Vector = 0x0000000F
[    6.836104] Interrupt Served: 	 Vector = 0x0000000F
[    6.839380] Interrupt Taken: 	 Vector = 0x0000000F
[    6.839442] Interrupt Served: 	 Vector = 0x0000000F
[    6.842782] Interrupt Taken: 	 Vector = 0x0000000F
[    6.842875] Interrupt Served: 	 Vector = 0x0000000F
[    6.847009] Interrupt Taken: 	 Vector = 0x0000000F
[    6.847117] Interrupt Served: 	 Vector = 0x0000000F
[    6.850600] Interrupt Taken: 	 Vector = 0x0000000F
[    6.850694] Interrupt Served: 	 Vector = 0x0000000F
[    6.854091] Interrupt Taken: 	 Vector = 0x0000000F
[    6.854163] Interrupt Served: 	 Vector = 0x0000000F
[    6.857363] Interrupt Taken: 	 Vector = 0x0000000F
[    6.857433] Interrupt Served: 	 Vector = 0x0000000F
[    6.860654] Interrupt Taken: 	 Vector = 0x0000000F
[    6.860751] Interrupt Served: 	 Vector = 0x0000000F
[    6.864540] Interrupt Taken: 	 Vector = 0x0000000F
[    6.864667] Interrupt Served: 	 Vector = 0x0000000F
[    6.867827] Interrupt Taken: 	 Vector = 0x0000000F
[    6.867957] Interrupt Served: 	 Vector = 0x0000000F
[    6.871196] Interrupt Taken: 	 Vector = 0x0000000F
[    6.871281] Interrupt Served: 	 Vector = 0x0000000F
[    6.874868] Interrupt Taken: 	 Vector = 0x0000000F
[    6.874952] Interrupt Served: 	 Vector = 0x0000000F
[    6.878258] Interrupt Taken: 	 Vector = 0x0000000F
[    6.878356] Interrupt Served: 	 Vector = 0x0000000F
[    6.881870] Interrupt Taken: 	 Vector = 0x0000000F
[    6.882015] Interrupt Served: 	 Vector = 0x0000000F
[    6.885291] Interrupt Taken: 	 Vector = 0x0000000F
[    6.885405] Interrupt Served: 	 Vector = 0x0000000F
[    6.888558] Interrupt Taken: 	 Vector = 0x0000000F
[    6.888625] Interrupt Served: 	 Vector = 0x0000000F
[    6.892129] Interrupt Taken: 	 Vector = 0x0000000F
[    6.892205] Interrupt Served: 	 Vector = 0x0000000F
[    6.895410] Interrupt Taken: 	 Vector = 0x0000000F
[    6.895531] Interrupt Served: 	 Vector = 0x0000000F
[    6.898714] Interrupt Taken: 	 Vector = 0x0000000F
[    6.898824] Interrupt Served: 	 Vector = 0x0000000F
[    6.902222] Interrupt Taken: 	 Vector = 0x0000000F
[    6.902344] Interrupt Served: 	 Vector = 0x0000000F
[    6.905508] Interrupt Taken: 	 Vector = 0x0000000F
[    6.905589] Interrupt Served: 	 Vector = 0x0000000F
[    6.908686] Interrupt Taken: 	 Vector = 0x0000000F
[    6.908759] Interrupt Served: 	 Vector = 0x0000000F
[    6.912005] Interrupt Taken: 	 Vector = 0x0000000F
[    6.912145] Interrupt Served: 	 Vector = 0x0000000F
[    6.915359] Interrupt Taken: 	 Vector = 0x0000000F
[    6.915454] Interrupt Served: 	 Vector = 0x0000000F
[    6.919063] Interrupt Taken: 	 Vector = 0x0000000F
[    6.919160] Interrupt Served: 	 Vector = 0x0000000F
[    6.922483] Interrupt Taken: 	 Vector = 0x0000000F
[    6.922562] Interrupt Served: 	 Vector = 0x0000000F
[    6.925974] Interrupt Taken: 	 Vector = 0x0000000F
[    6.926049] Interrupt Served: 	 Vector = 0x0000000F
[    6.930664] Interrupt Taken: 	 Vector = 0x0000000F
[    6.930763] Interrupt Served: 	 Vector = 0x0000000F
[    6.934070] Interrupt Taken: 	 Vector = 0x0000000F
[    6.934174] Interrupt Served: 	 Vector = 0x0000000F
[    6.937397] Interrupt Taken: 	 Vector = 0x0000000F
[    6.937493] Interrupt Served: 	 Vector = 0x0000000F
[    6.940940] Interrupt Taken: 	 Vector = 0x0000000F
[    6.941015] Interrupt Served: 	 Vector = 0x0000000F
[    6.944367] Interrupt Taken: 	 Vector = 0x0000000F
[    6.944460] Interrupt Served: 	 Vector = 0x0000000F
[    6.947715] Interrupt Taken: 	 Vector = 0x0000000F
[    6.947804] Interrupt Served: 	 Vector = 0x0000000F
[    6.951056] Interrupt Taken: 	 Vector = 0x0000000F
[    6.951152] Interrupt Served: 	 Vector = 0x0000000F
[    6.954517] Interrupt Taken: 	 Vector = 0x0000000F
[    6.954600] Interrupt Served: 	 Vector = 0x0000000F
[    6.957616] Interrupt Taken: 	 Vector = 0x0000000F
[    6.957666] Interrupt Served: 	 Vector = 0x0000000F
[    6.960983] Interrupt Taken: 	 Vector = 0x0000000F
[    6.961098] Interrupt Served: 	 Vector = 0x0000000F
[    6.964362] Interrupt Taken: 	 Vector = 0x0000000F
[    6.964465] Interrupt Served: 	 Vector = 0x0000000F
[    6.967774] Interrupt Taken: 	 Vector = 0x0000000F
[    6.967867] Interrupt Served: 	 Vector = 0x0000000F
[    6.971030] Interrupt Taken: 	 Vector = 0x0000000F
[    6.971116] Interrupt Served: 	 Vector = 0x0000000F
[    6.974481] Interrupt Taken: 	 Vector = 0x0000000F
[    6.974551] Interrupt Served: 	 Vector = 0x0000000F
[    6.977800] Interrupt Taken: 	 Vector = 0x0000000F
[    6.977993] Interrupt Served: 	 Vector = 0x0000000F
[    6.981444] Interrupt Taken: 	 Vector = 0x0000000F
[    6.981542] Interrupt Served: 	 Vector = 0x0000000F
[    6.984758] Interrupt Taken: 	 Vector = 0x0000000F
[    6.984841] Interrupt Served: 	 Vector = 0x0000000F
[    6.988030] Interrupt Taken: 	 Vector = 0x0000000F
[    6.988119] Interrupt Served: 	 Vector = 0x0000000F
[    6.991351] Interrupt Taken: 	 Vector = 0x0000000F
[    6.991422] Interrupt Served: 	 Vector = 0x0000000F
[    6.995120] Interrupt Taken: 	 Vector = 0x0000000F
[    6.995229] Interrupt Served: 	 Vector = 0x0000000F
[    6.998624] Interrupt Taken: 	 Vector = 0x0000000F
[    6.998729] Interrupt Served: 	 Vector = 0x0000000F
[    7.002137] Interrupt Taken: 	 Vector = 0x0000000F
[    7.002237] Interrupt Served: 	 Vector = 0x0000000F
[    7.005473] Interrupt Taken: 	 Vector = 0x0000000F
[    7.005560] Interrupt Served: 	 Vector = 0x0000000F
[    7.008819] Interrupt Taken: 	 Vector = 0x0000000F
[    7.008942] Interrupt Served: 	 Vector = 0x0000000F
[    7.012256] Interrupt Taken: 	 Vector = 0x0000000F
[    7.012352] Interrupt Served: 	 Vector = 0x0000000F
[    7.015625] Interrupt Taken: 	 Vector = 0x0000000F
[    7.015700] Interrupt Served: 	 Vector = 0x0000000F
[    7.019040] Interrupt Taken: 	 Vector = 0x0000000F
[    7.019136] Interrupt Served: 	 Vector = 0x0000000F
[    7.022235] Interrupt Taken: 	 Vector = 0x0000000F
[    7.022307] Interrupt Served: 	 Vector = 0x0000000F
[    7.025426] Interrupt Taken: 	 Vector = 0x0000000F
[    7.025515] Interrupt Served: 	 Vector = 0x0000000F
[    7.028748] Interrupt Taken: 	 Vector = 0x0000000F
[    7.028849] Interrupt Served: 	 Vector = 0x0000000F
[    7.032054] Interrupt Taken: 	 Vector = 0x0000000F
[    7.032153] Interrupt Served: 	 Vector = 0x0000000F
[    7.035659] Interrupt Taken: 	 Vector = 0x0000000F
[    7.035750] Interrupt Served: 	 Vector = 0x0000000F
[    7.038987] Interrupt Taken: 	 Vector = 0x0000000F
[    7.039052] Interrupt Served: 	 Vector = 0x0000000F
[    7.042344] Interrupt Taken: 	 Vector = 0x0000000F
[    7.042427] Interrupt Served: 	 Vector = 0x0000000F
[    7.045576] Interrupt Taken: 	 Vector = 0x0000000F
[    7.045692] Interrupt Served: 	 Vector = 0x0000000F
[    7.048929] Interrupt Taken: 	 Vector = 0x0000000F
[    7.049012] Interrupt Served: 	 Vector = 0x0000000F
[    7.052237] Interrupt Taken: 	 Vector = 0x0000000F
[    7.052310] Interrupt Served: 	 Vector = 0x0000000F
[    7.055553] Interrupt Taken: 	 Vector = 0x0000000F
[    7.055654] Interrupt Served: 	 Vector = 0x0000000F
[    7.059240] Interrupt Taken: 	 Vector = 0x0000000F
[    7.059380] Interrupt Served: 	 Vector = 0x0000000F
[    7.063091] Interrupt Taken: 	 Vector = 0x0000000F
[    7.063192] Interrupt Served: 	 Vector = 0x0000000F
[    7.066255] Interrupt Taken: 	 Vector = 0x0000000F
[    7.066321] Interrupt Served: 	 Vector = 0x0000000F
[    7.069579] Interrupt Taken: 	 Vector = 0x0000000F
[    7.069688] Interrupt Served: 	 Vector = 0x0000000F
[    7.073005] Interrupt Taken: 	 Vector = 0x0000000F
[    7.073084] Interrupt Served: 	 Vector = 0x0000000F
[    7.076461] Interrupt Taken: 	 Vector = 0x0000000F
[    7.076537] Interrupt Served: 	 Vector = 0x0000000F
[    7.080122] Interrupt Taken: 	 Vector = 0x0000000F
[    7.080232] Interrupt Served: 	 Vector = 0x0000000F
[    7.083466] Interrupt Taken: 	 Vector = 0x0000000F
[    7.083540] Interrupt Served: 	 Vector = 0x0000000F
[    7.086672] Interrupt Taken: 	 Vector = 0x0000000F
[    7.086749] Interrupt Served: 	 Vector = 0x0000000F
[    7.090008] Interrupt Taken: 	 Vector = 0x0000000F
[    7.090093] Interrupt Served: 	 Vector = 0x0000000F
[    7.093348] Interrupt Taken: 	 Vector = 0x0000000F
[    7.093410] Interrupt Served: 	 Vector = 0x0000000F
[    7.097675] Interrupt Taken: 	 Vector = 0x0000000F
[    7.097812] Interrupt Served: 	 Vector = 0x0000000F
[    7.101135] Interrupt Taken: 	 Vector = 0x0000000F
[    7.101226] Interrupt Served: 	 Vector = 0x0000000F
[    7.104397] Interrupt Taken: 	 Vector = 0x0000000F
[    7.104487] Interrupt Served: 	 Vector = 0x0000000F
[    7.107801] Interrupt Taken: 	 Vector = 0x0000000F
[    7.107871] Interrupt Served: 	 Vector = 0x0000000F
[    7.111286] Interrupt Taken: 	 Vector = 0x0000000F
[    7.111380] Interrupt Served: 	 Vector = 0x0000000F
[    7.114933] Interrupt Taken: 	 Vector = 0x0000000F
[    7.115048] Interrupt Served: 	 Vector = 0x0000000F
[    7.118279] Interrupt Taken: 	 Vector = 0x0000000F
[    7.118381] Interrupt Served: 	 Vector = 0x0000000F
[    7.121565] Interrupt Taken: 	 Vector = 0x0000000F
[    7.121642] Interrupt Served: 	 Vector = 0x0000000F
[    7.125019] Interrupt Taken: 	 Vector = 0x0000000F
[    7.125095] Interrupt Served: 	 Vector = 0x0000000F
[    7.128338] Interrupt Taken: 	 Vector = 0x0000000F
[    7.128476] Interrupt Served: 	 Vector = 0x0000000F
[    7.131870] Interrupt Taken: 	 Vector = 0x0000000F
[    7.131989] Interrupt Served: 	 Vector = 0x0000000F
[    7.135444] Interrupt Taken: 	 Vector = 0x0000000F
[    7.135544] Interrupt Served: 	 Vector = 0x0000000F
[    7.138874] Interrupt Taken: 	 Vector = 0x0000000F
[    7.138993] Interrupt Served: 	 Vector = 0x0000000F
[    7.142112] Interrupt Taken: 	 Vector = 0x0000000F
[    7.142195] Interrupt Served: 	 Vector = 0x0000000F
[    7.145588] Interrupt Taken: 	 Vector = 0x0000000F
[    7.145675] Interrupt Served: 	 Vector = 0x0000000F
[    7.149044] Interrupt Taken: 	 Vector = 0x0000000F
[    7.149128] Interrupt Served: 	 Vector = 0x0000000F
[    7.152602] Interrupt Taken: 	 Vector = 0x0000000F
[    7.152684] Interrupt Served: 	 Vector = 0x0000000F
[    7.155837] Interrupt Taken: 	 Vector = 0x0000000F
[    7.155925] Interrupt Served: 	 Vector = 0x0000000F
[    7.159275] Interrupt Taken: 	 Vector = 0x0000000F
[    7.159350] Interrupt Served: 	 Vector = 0x0000000F
[    7.162816] Interrupt Taken: 	 Vector = 0x0000000F
[    7.162949] Interrupt Served: 	 Vector = 0x0000000F
[    7.166275] Interrupt Taken: 	 Vector = 0x0000000F
[    7.166372] Interrupt Served: 	 Vector = 0x0000000F
[    7.169618] Interrupt Taken: 	 Vector = 0x0000000F
[    7.169750] Interrupt Served: 	 Vector = 0x0000000F
[    7.173024] Interrupt Taken: 	 Vector = 0x0000000F
[    7.173099] Interrupt Served: 	 Vector = 0x0000000F
[    7.176459] Interrupt Taken: 	 Vector = 0x0000000F
[    7.176525] Interrupt Served: 	 Vector = 0x0000000F
[    7.179945] Interrupt Taken: 	 Vector = 0x0000000F
[    7.180058] Interrupt Served: 	 Vector = 0x0000000F
[    7.183516] Interrupt Taken: 	 Vector = 0x0000000F
[    7.183617] Interrupt Served: 	 Vector = 0x0000000F
[    7.187070] Interrupt Taken: 	 Vector = 0x0000000F
[    7.187164] Interrupt Served: 	 Vector = 0x0000000F
[    7.190366] Interrupt Taken: 	 Vector = 0x0000000F
[    7.190434] Interrupt Served: 	 Vector = 0x0000000F
[    7.193926] Interrupt Taken: 	 Vector = 0x0000000F
[    7.194015] Interrupt Served: 	 Vector = 0x0000000F
[    7.197261] Interrupt Taken: 	 Vector = 0x0000000F
[    7.197356] Interrupt Served: 	 Vector = 0x0000000F
[    7.201113] Interrupt Taken: 	 Vector = 0x0000000F
[    7.201207] Interrupt Served: 	 Vector = 0x0000000F
[    7.204683] Interrupt Taken: 	 Vector = 0x0000000F
[    7.204763] Interrupt Served: 	 Vector = 0x0000000F
[    7.208030] Interrupt Taken: 	 Vector = 0x0000000F
[    7.208116] Interrupt Served: 	 Vector = 0x0000000F
[    7.211470] Interrupt Taken: 	 Vector = 0x0000000F
[    7.211563] Interrupt Served: 	 Vector = 0x0000000F
[    7.214864] Interrupt Taken: 	 Vector = 0x0000000F
[    7.214979] Interrupt Served: 	 Vector = 0x0000000F
[    7.218253] Interrupt Taken: 	 Vector = 0x0000000F
[    7.218328] Interrupt Served: 	 Vector = 0x0000000F
[    7.221621] Interrupt Taken: 	 Vector = 0x0000000F
[    7.221717] Interrupt Served: 	 Vector = 0x0000000F
[    7.224978] Interrupt Taken: 	 Vector = 0x0000000F
[    7.225067] Interrupt Served: 	 Vector = 0x0000000F
[    7.228464] Interrupt Taken: 	 Vector = 0x0000000F
[    7.228567] Interrupt Served: 	 Vector = 0x0000000F
[    7.231767] Interrupt Taken: 	 Vector = 0x0000000F
[    7.231857] Interrupt Served: 	 Vector = 0x0000000F
[    7.235193] Interrupt Taken: 	 Vector = 0x0000000F
[    7.235294] Interrupt Served: 	 Vector = 0x0000000F
[    7.238514] Interrupt Taken: 	 Vector = 0x0000000F
[    7.238594] Interrupt Served: 	 Vector = 0x0000000F
[    7.242011] Interrupt Taken: 	 Vector = 0x0000000F
[    7.242128] Interrupt Served: 	 Vector = 0x0000000F
[    7.245438] Interrupt Taken: 	 Vector = 0x0000000F
[    7.245546] Interrupt Served: 	 Vector = 0x0000000F
[    7.248886] Interrupt Taken: 	 Vector = 0x0000000F
[    7.249007] Interrupt Served: 	 Vector = 0x0000000F
[    7.252368] Interrupt Taken: 	 Vector = 0x0000000F
[    7.252442] Interrupt Served: 	 Vector = 0x0000000F
[    7.255568] Interrupt Taken: 	 Vector = 0x0000000F
[    7.255640] Interrupt Served: 	 Vector = 0x0000000F
[    7.258872] Interrupt Taken: 	 Vector = 0x0000000F
[    7.259008] Interrupt Served: 	 Vector = 0x0000000F
[    7.262332] Interrupt Taken: 	 Vector = 0x0000000F
[    7.262442] Interrupt Served: 	 Vector = 0x0000000F
[    7.265694] Interrupt Taken: 	 Vector = 0x0000000F
[    7.265792] Interrupt Served: 	 Vector = 0x0000000F
[    7.269053] Interrupt Taken: 	 Vector = 0x0000000F
[    7.269138] Interrupt Served: 	 Vector = 0x0000000F
[    7.272185] Interrupt Taken: 	 Vector = 0x0000000F
[    7.272256] Interrupt Served: 	 Vector = 0x0000000F
[    7.275529] Interrupt Taken: 	 Vector = 0x0000000F
[    7.275616] Interrupt Served: 	 Vector = 0x0000000F
[    7.279376] Interrupt Taken: 	 Vector = 0x0000000F
[    7.279487] Interrupt Served: 	 Vector = 0x0000000F
[    7.282737] Interrupt Taken: 	 Vector = 0x0000000F
[    7.282819] Interrupt Served: 	 Vector = 0x0000000F
[    7.285876] Interrupt Taken: 	 Vector = 0x0000000F
[    7.285985] Interrupt Served: 	 Vector = 0x0000000F
[    7.289140] Interrupt Taken: 	 Vector = 0x0000000F
[    7.289215] Interrupt Served: 	 Vector = 0x0000000F
[    7.292396] Interrupt Taken: 	 Vector = 0x0000000F
[    7.292469] Interrupt Served: 	 Vector = 0x0000000F
[    7.295749] Interrupt Taken: 	 Vector = 0x0000000F
[    7.295885] Interrupt Served: 	 Vector = 0x0000000F
[    7.299206] Interrupt Taken: 	 Vector = 0x0000000F
[    7.299290] Interrupt Served: 	 Vector = 0x0000000F
[    7.302500] Interrupt Taken: 	 Vector = 0x0000000F
[    7.302586] Interrupt Served: 	 Vector = 0x0000000F
[    7.305967] Interrupt Taken: 	 Vector = 0x0000000F
[    7.306051] Interrupt Served: 	 Vector = 0x0000000F
[    7.309537] Interrupt Taken: 	 Vector = 0x0000000F
[    7.309627] Interrupt Served: 	 Vector = 0x0000000F
[    7.312982] Interrupt Taken: 	 Vector = 0x0000000F
[    7.313072] Interrupt Served: 	 Vector = 0x0000000F
[    7.316199] Interrupt Taken: 	 Vector = 0x0000000F
[    7.316300] Interrupt Served: 	 Vector = 0x0000000F
[    7.319569] Interrupt Taken: 	 Vector = 0x0000000F
[    7.319646] Interrupt Served: 	 Vector = 0x0000000F
[    7.322733] Interrupt Taken: 	 Vector = 0x0000000F
[    7.322798] Interrupt Served: 	 Vector = 0x0000000F
[    7.326084] Interrupt Taken: 	 Vector = 0x0000000F
[    7.326144] Interrupt Served: 	 Vector = 0x0000000F
[    7.329692] Interrupt Taken: 	 Vector = 0x0000000F
[    7.329794] Interrupt Served: 	 Vector = 0x0000000F
[    7.333153] Interrupt Taken: 	 Vector = 0x0000000F
[    7.333221] Interrupt Served: 	 Vector = 0x0000000F
[    7.336369] Interrupt Taken: 	 Vector = 0x0000000F
[    7.336443] Interrupt Served: 	 Vector = 0x0000000F
[    7.339787] Interrupt Taken: 	 Vector = 0x0000000F
[    7.339846] Interrupt Served: 	 Vector = 0x0000000F
[    7.343613] Interrupt Taken: 	 Vector = 0x0000000F
[    7.343702] Interrupt Served: 	 Vector = 0x0000000F
[    7.346939] Interrupt Taken: 	 Vector = 0x0000000F
[    7.347042] Interrupt Served: 	 Vector = 0x0000000F
[    7.350940] Interrupt Taken: 	 Vector = 0x0000000F
[    7.351050] Interrupt Served: 	 Vector = 0x0000000F
[    7.354285] Interrupt Taken: 	 Vector = 0x0000000F
[    7.354378] Interrupt Served: 	 Vector = 0x0000000F
[    7.357417] Interrupt Taken: 	 Vector = 0x0000000F
[    7.357477] Interrupt Served: 	 Vector = 0x0000000F
[    7.360634] Interrupt Taken: 	 Vector = 0x0000000F
[    7.360709] Interrupt Served: 	 Vector = 0x0000000F
[    7.363957] Interrupt Taken: 	 Vector = 0x0000000F
[    7.364057] Interrupt Served: 	 Vector = 0x0000000F
[    7.367752] Interrupt Taken: 	 Vector = 0x0000000F
[    7.367884] Interrupt Served: 	 Vector = 0x0000000F
[    7.371100] Interrupt Taken: 	 Vector = 0x0000000F
[    7.371174] Interrupt Served: 	 Vector = 0x0000000F
[    7.374174] Interrupt Taken: 	 Vector = 0x0000000F
[    7.374226] Interrupt Served: 	 Vector = 0x0000000F
[    7.377341] Interrupt Taken: 	 Vector = 0x0000000F
[    7.377422] Interrupt Served: 	 Vector = 0x0000000F
[    7.380631] Interrupt Taken: 	 Vector = 0x0000000F
[    7.380735] Interrupt Served: 	 Vector = 0x0000000F
[    7.384480] Interrupt Taken: 	 Vector = 0x0000000F
[    7.384605] Interrupt Served: 	 Vector = 0x0000000F
[    7.387858] Interrupt Taken: 	 Vector = 0x0000000F
[    7.387964] Interrupt Served: 	 Vector = 0x0000000F
[    7.391309] Interrupt Taken: 	 Vector = 0x0000000F
[    7.391374] Interrupt Served: 	 Vector = 0x0000000F
[    7.394516] Interrupt Taken: 	 Vector = 0x0000000F
[    7.394595] Interrupt Served: 	 Vector = 0x0000000F
[    7.397830] Interrupt Taken: 	 Vector = 0x0000000F
[    7.397947] Interrupt Served: 	 Vector = 0x0000000F
[    7.401225] Interrupt Taken: 	 Vector = 0x0000000F
[    7.401343] Interrupt Served: 	 Vector = 0x0000000F
[    7.404713] Interrupt Taken: 	 Vector = 0x0000000F
[    7.404792] Interrupt Served: 	 Vector = 0x0000000F
[    7.408021] Interrupt Taken: 	 Vector = 0x0000000F
[    7.408077] Interrupt Served: 	 Vector = 0x0000000F
[    7.411429] Interrupt Taken: 	 Vector = 0x0000000F
[    7.411502] Interrupt Served: 	 Vector = 0x0000000F
[    7.414689] Interrupt Taken: 	 Vector = 0x0000000F
[    7.414773] Interrupt Served: 	 Vector = 0x0000000F
[    7.418351] Interrupt Taken: 	 Vector = 0x0000000F
[    7.418470] Interrupt Served: 	 Vector = 0x0000000F
[    7.421654] Interrupt Taken: 	 Vector = 0x0000000F
[    7.421741] Interrupt Served: 	 Vector = 0x0000000F
[    7.424998] Interrupt Taken: 	 Vector = 0x0000000F
[    7.425086] Interrupt Served: 	 Vector = 0x0000000F
[    7.428303] Interrupt Taken: 	 Vector = 0x0000000F
[    7.428406] Interrupt Served: 	 Vector = 0x0000000F
[    7.431774] Interrupt Taken: 	 Vector = 0x0000000F
[    7.431883] Interrupt Served: 	 Vector = 0x0000000F
[    7.435295] Interrupt Taken: 	 Vector = 0x0000000F
[    7.435398] Interrupt Served: 	 Vector = 0x0000000F
[    7.438682] Interrupt Taken: 	 Vector = 0x0000000F
[    7.438777] Interrupt Served: 	 Vector = 0x0000000F
[    7.441833] Interrupt Taken: 	 Vector = 0x0000000F
[    7.441942] Interrupt Served: 	 Vector = 0x0000000F
[    7.445464] Interrupt Taken: 	 Vector = 0x0000000F
[    7.445543] Interrupt Served: 	 Vector = 0x0000000F
[    7.448881] Interrupt Taken: 	 Vector = 0x0000000F
[    7.448980] Interrupt Served: 	 Vector = 0x0000000F
[    7.452255] Interrupt Taken: 	 Vector = 0x0000000F
[    7.452347] Interrupt Served: 	 Vector = 0x0000000F
[    7.455652] Interrupt Taken: 	 Vector = 0x0000000F
[    7.455722] Interrupt Served: 	 Vector = 0x0000000F
[    7.458791] Interrupt Taken: 	 Vector = 0x0000000F
[    7.458922] Interrupt Served: 	 Vector = 0x0000000F
[    7.462307] Interrupt Taken: 	 Vector = 0x0000000F
[    7.462418] Interrupt Served: 	 Vector = 0x0000000F
[    7.465562] Interrupt Taken: 	 Vector = 0x0000000F
[    7.465656] Interrupt Served: 	 Vector = 0x0000000F
[    7.468848] Interrupt Taken: 	 Vector = 0x0000000F
[    7.468955] Interrupt Served: 	 Vector = 0x0000000F
[    7.472338] Interrupt Taken: 	 Vector = 0x0000000F
[    7.472488] Interrupt Served: 	 Vector = 0x0000000F
[    7.475356] Interrupt Taken: 	 Vector = 0x0000000F
[    7.475502] Interrupt Served: 	 Vector = 0x0000000F
[    7.478863] Interrupt Taken: 	 Vector = 0x0000000F
[    7.479016] Interrupt Served: 	 Vector = 0x0000000F
[    7.482169] Interrupt Taken: 	 Vector = 0x0000000F
[    7.482248] Interrupt Served: 	 Vector = 0x0000000F
[    7.485654] Interrupt Taken: 	 Vector = 0x0000000F
[    7.485751] Interrupt Served: 	 Vector = 0x0000000F
[    7.489258] Interrupt Taken: 	 Vector = 0x0000000F
[    7.489338] Interrupt Served: 	 Vector = 0x0000000F
[    7.492524] Interrupt Taken: 	 Vector = 0x0000000F
[    7.492615] Interrupt Served: 	 Vector = 0x0000000F
[    7.495747] Interrupt Taken: 	 Vector = 0x0000000F
[    7.495839] Interrupt Served: 	 Vector = 0x0000000F
[    7.498970] Interrupt Taken: 	 Vector = 0x0000000F
[    7.499049] Interrupt Served: 	 Vector = 0x0000000F
[    7.502217] Interrupt Taken: 	 Vector = 0x0000000F
[    7.502320] Interrupt Served: 	 Vector = 0x0000000F
[    7.505655] Interrupt Taken: 	 Vector = 0x0000000F
[    7.505727] Interrupt Served: 	 Vector = 0x0000000F
[    7.508881] Interrupt Taken: 	 Vector = 0x0000000F
[    7.509042] Interrupt Served: 	 Vector = 0x0000000F
[    7.512350] Interrupt Taken: 	 Vector = 0x0000000F
[    7.512452] Interrupt Served: 	 Vector = 0x0000000F
[    7.515490] Interrupt Taken: 	 Vector = 0x0000000F
[    7.515595] Interrupt Served: 	 Vector = 0x0000000F
[    7.518916] Interrupt Taken: 	 Vector = 0x0000000F
[    7.519006] Interrupt Served: 	 Vector = 0x0000000F
[    7.522285] Interrupt Taken: 	 Vector = 0x0000000F
[    7.522357] Interrupt Served: 	 Vector = 0x0000000F
[    7.525702] Interrupt Taken: 	 Vector = 0x0000000F
[    7.525805] Interrupt Served: 	 Vector = 0x0000000F
[    7.528972] Interrupt Taken: 	 Vector = 0x0000000F
[    7.529050] Interrupt Served: 	 Vector = 0x0000000F
[    7.532304] Interrupt Taken: 	 Vector = 0x0000000F
[    7.532395] Interrupt Served: 	 Vector = 0x0000000F
[    7.535542] Interrupt Taken: 	 Vector = 0x0000000F
[    7.535615] Interrupt Served: 	 Vector = 0x0000000F
[    7.538658] Interrupt Taken: 	 Vector = 0x0000000F
[    7.538739] Interrupt Served: 	 Vector = 0x0000000F
[    7.541962] Interrupt Taken: 	 Vector = 0x0000000F
[    7.542042] Interrupt Served: 	 Vector = 0x0000000F
[    7.545741] Interrupt Taken: 	 Vector = 0x0000000F
[    7.545879] Interrupt Served: 	 Vector = 0x0000000F
[    7.549181] Interrupt Taken: 	 Vector = 0x0000000F
[    7.549269] Interrupt Served: 	 Vector = 0x0000000F
[    7.552529] Interrupt Taken: 	 Vector = 0x0000000F
[    7.552631] Interrupt Served: 	 Vector = 0x0000000F
[    7.556143] Interrupt Taken: 	 Vector = 0x0000000F
[    7.556233] Interrupt Served: 	 Vector = 0x0000000F
[    7.559533] Interrupt Taken: 	 Vector = 0x0000000F
[    7.559598] Interrupt Served: 	 Vector = 0x0000000F
[    7.563289] Interrupt Taken: 	 Vector = 0x0000000F
[    7.563406] Interrupt Served: 	 Vector = 0x0000000F
[    7.566737] Interrupt Taken: 	 Vector = 0x0000000F
[    7.566839] Interrupt Served: 	 Vector = 0x0000000F
[    7.570001] Interrupt Taken: 	 Vector = 0x0000000F
[    7.570308] Interrupt Served: 	 Vector = 0x0000000F
[    7.573301] Interrupt Taken: 	 Vector = 0x0000000F
[    7.573377] Interrupt Served: 	 Vector = 0x0000000F
[    7.576625] Interrupt Taken: 	 Vector = 0x0000000F
[    7.576688] Interrupt Served: 	 Vector = 0x0000000F
[    7.580557] Interrupt Taken: 	 Vector = 0x0000000F
[    7.580656] Interrupt Served: 	 Vector = 0x0000000F
[    7.583870] Interrupt Taken: 	 Vector = 0x0000000F
[    7.583975] Interrupt Served: 	 Vector = 0x0000000F
[    7.587184] Interrupt Taken: 	 Vector = 0x0000000F
[    7.587281] Interrupt Served: 	 Vector = 0x0000000F
[    7.590511] Interrupt Taken: 	 Vector = 0x0000000F
[    7.590579] Interrupt Served: 	 Vector = 0x0000000F
[    7.593701] Interrupt Taken: 	 Vector = 0x0000000F
[    7.593809] Interrupt Served: 	 Vector = 0x0000000F
[    7.597446] Interrupt Taken: 	 Vector = 0x0000000F
[    7.597575] Interrupt Served: 	 Vector = 0x0000000F
[    7.600769] Interrupt Taken: 	 Vector = 0x0000000F
[    7.600883] Interrupt Served: 	 Vector = 0x0000000F
[    7.604159] Interrupt Taken: 	 Vector = 0x0000000F
[    7.604244] Interrupt Served: 	 Vector = 0x0000000F
[    7.607458] Interrupt Taken: 	 Vector = 0x0000000F
[    7.607521] Interrupt Served: 	 Vector = 0x0000000F
[    7.610746] Interrupt Taken: 	 Vector = 0x0000000F
[    7.610825] Interrupt Served: 	 Vector = 0x0000000F
[    7.614217] Interrupt Taken: 	 Vector = 0x0000000F
[    7.614317] Interrupt Served: 	 Vector = 0x0000000F
[    7.617772] Interrupt Taken: 	 Vector = 0x0000000F
[    7.617919] Interrupt Served: 	 Vector = 0x0000000F
[    7.621070] Interrupt Taken: 	 Vector = 0x0000000F
[    7.621143] Interrupt Served: 	 Vector = 0x0000000F
[    7.624440] Interrupt Taken: 	 Vector = 0x0000000F
[    7.624501] Interrupt Served: 	 Vector = 0x0000000F
[    7.627858] Interrupt Taken: 	 Vector = 0x0000000F
[    7.627957] Interrupt Served: 	 Vector = 0x0000000F
[    7.631217] Interrupt Taken: 	 Vector = 0x0000000F
[    7.631315] Interrupt Served: 	 Vector = 0x0000000F
[    7.634640] Interrupt Taken: 	 Vector = 0x0000000F
[    7.634749] Interrupt Served: 	 Vector = 0x0000000F
[    7.638165] Interrupt Taken: 	 Vector = 0x0000000F
[    7.638244] Interrupt Served: 	 Vector = 0x0000000F
[    7.641444] Interrupt Taken: 	 Vector = 0x0000000F
[    7.641522] Interrupt Served: 	 Vector = 0x0000000F
[    7.645366] Interrupt Taken: 	 Vector = 0x0000000F
[    7.645478] Interrupt Served: 	 Vector = 0x0000000F
[    7.648781] Interrupt Taken: 	 Vector = 0x0000000F
[    7.648887] Interrupt Served: 	 Vector = 0x0000000F
[    7.652689] Interrupt Taken: 	 Vector = 0x0000000F
[    7.652764] Interrupt Served: 	 Vector = 0x0000000F
[    7.656009] Interrupt Taken: 	 Vector = 0x0000000F
[    7.656072] Interrupt Served: 	 Vector = 0x0000000F
[    7.659299] Interrupt Taken: 	 Vector = 0x0000000F
[    7.659383] Interrupt Served: 	 Vector = 0x0000000F
[    7.662772] Interrupt Taken: 	 Vector = 0x0000000F
[    7.662875] Interrupt Served: 	 Vector = 0x0000000F
[    7.666182] Interrupt Taken: 	 Vector = 0x0000000F
[    7.666303] Interrupt Served: 	 Vector = 0x0000000F
[    7.669519] Interrupt Taken: 	 Vector = 0x0000000F
[    7.669601] Interrupt Served: 	 Vector = 0x0000000F
[    7.673498] Interrupt Taken: 	 Vector = 0x0000000F
[    7.673615] Interrupt Served: 	 Vector = 0x0000000F
[    7.676833] Interrupt Taken: 	 Vector = 0x0000000F
[    7.676947] Interrupt Served: 	 Vector = 0x0000000F
[    7.680142] Interrupt Taken: 	 Vector = 0x0000000F
[    7.680226] Interrupt Served: 	 Vector = 0x0000000F
[    7.683564] Interrupt Taken: 	 Vector = 0x0000000F
[    7.683656] Interrupt Served: 	 Vector = 0x0000000F
[    7.686791] Interrupt Taken: 	 Vector = 0x0000000F
[    7.686919] Interrupt Served: 	 Vector = 0x0000000F
[    7.690130] Interrupt Taken: 	 Vector = 0x0000000F
[    7.690212] Interrupt Served: 	 Vector = 0x0000000F
[    7.693498] Interrupt Taken: 	 Vector = 0x0000000F
[    7.693616] Interrupt Served: 	 Vector = 0x0000000F
[    7.696878] Interrupt Taken: 	 Vector = 0x0000000F
[    7.696993] Interrupt Served: 	 Vector = 0x0000000F
[    7.700179] Interrupt Taken: 	 Vector = 0x0000000F
[    7.700277] Interrupt Served: 	 Vector = 0x0000000F
[    7.703399] Interrupt Taken: 	 Vector = 0x0000000F
[    7.703482] Interrupt Served: 	 Vector = 0x0000000F
[    7.707047] Interrupt Taken: 	 Vector = 0x0000000F
[    7.707131] Interrupt Served: 	 Vector = 0x0000000F
[    7.710284] Interrupt Taken: 	 Vector = 0x0000000F
[    7.710359] Interrupt Served: 	 Vector = 0x0000000F
[    7.713768] Interrupt Taken: 	 Vector = 0x0000000F
[    7.713922] Interrupt Served: 	 Vector = 0x0000000F
[    7.717092] Interrupt Taken: 	 Vector = 0x0000000F
[    7.717185] Interrupt Served: 	 Vector = 0x0000000F
[    7.720524] Interrupt Taken: 	 Vector = 0x0000000F
[    7.720603] Interrupt Served: 	 Vector = 0x0000000F
[    7.723767] Interrupt Taken: 	 Vector = 0x0000000F
[    7.723865] Interrupt Served: 	 Vector = 0x0000000F
[    7.727268] Interrupt Taken: 	 Vector = 0x0000000F
[    7.727387] Interrupt Served: 	 Vector = 0x0000000F
[    7.730554] Interrupt Taken: 	 Vector = 0x0000000F
[    7.730635] Interrupt Served: 	 Vector = 0x0000000F
[    7.734256] Interrupt Taken: 	 Vector = 0x0000000F
[    7.734460] Interrupt Served: 	 Vector = 0x0000000F
[    7.737538] Interrupt Taken: 	 Vector = 0x0000000F
[    7.737604] Interrupt Served: 	 Vector = 0x0000000F
[    7.740773] Interrupt Taken: 	 Vector = 0x0000000F
[    7.740834] Interrupt Served: 	 Vector = 0x0000000F
[    7.744034] Interrupt Taken: 	 Vector = 0x0000000F
[    7.744165] Interrupt Served: 	 Vector = 0x0000000F
[    7.747431] Interrupt Taken: 	 Vector = 0x0000000F
[    7.747537] Interrupt Served: 	 Vector = 0x0000000F
[    7.750864] Interrupt Taken: 	 Vector = 0x0000000F
[    7.750990] Interrupt Served: 	 Vector = 0x0000000F
[    7.754296] Interrupt Taken: 	 Vector = 0x0000000F
[    7.754361] Interrupt Served: 	 Vector = 0x0000000F
[    7.757675] Interrupt Taken: 	 Vector = 0x0000000F
[    7.757747] Interrupt Served: 	 Vector = 0x0000000F
[    7.762213] Interrupt Taken: 	 Vector = 0x0000000F
[    7.762352] Interrupt Served: 	 Vector = 0x0000000F
[    7.765680] Interrupt Taken: 	 Vector = 0x0000000F
[    7.765775] Interrupt Served: 	 Vector = 0x0000000F
[    7.769060] Interrupt Taken: 	 Vector = 0x0000000F
[    7.769157] Interrupt Served: 	 Vector = 0x0000000F
[    7.772459] Interrupt Taken: 	 Vector = 0x0000000F
[    7.772532] Interrupt Served: 	 Vector = 0x0000000F
[    7.775857] Interrupt Taken: 	 Vector = 0x0000000F
[    7.775968] Interrupt Served: 	 Vector = 0x0000000F
[    7.780105] Interrupt Taken: 	 Vector = 0x0000000F
[    7.781173] Interrupt Served: 	 Vector = 0x0000000F
[    7.784949] Interrupt Taken: 	 Vector = 0x0000000F
[    7.785041] Interrupt Served: 	 Vector = 0x0000000F
[    7.788474] Interrupt Taken: 	 Vector = 0x0000000F
[    7.788543] Interrupt Served: 	 Vector = 0x0000000F
[    7.791761] Interrupt Taken: 	 Vector = 0x0000000F
[    7.791849] Interrupt Served: 	 Vector = 0x0000000F
[    7.795278] Interrupt Taken: 	 Vector = 0x0000000F
[    7.795376] Interrupt Served: 	 Vector = 0x0000000F
[    7.798821] Interrupt Taken: 	 Vector = 0x0000000F
[    7.798957] Interrupt Served: 	 Vector = 0x0000000F
[    7.802781] Interrupt Taken: 	 Vector = 0x0000000F
[    7.802921] Interrupt Served: 	 Vector = 0x0000000F
[    7.806506] Interrupt Taken: 	 Vector = 0x0000000F
[    7.806611] Interrupt Served: 	 Vector = 0x0000000F
[    7.809911] Interrupt Taken: 	 Vector = 0x0000000F
[    7.810018] Interrupt Served: 	 Vector = 0x0000000F
[    7.813412] Interrupt Taken: 	 Vector = 0x0000000F
[    7.813528] Interrupt Served: 	 Vector = 0x0000000F
[    7.816799] Interrupt Taken: 	 Vector = 0x0000000F
[    7.816997] Interrupt Served: 	 Vector = 0x0000000F
[    7.820538] Interrupt Taken: 	 Vector = 0x0000000F
[    7.820636] Interrupt Served: 	 Vector = 0x0000000F
[    7.823795] Interrupt Taken: 	 Vector = 0x0000000F
[    7.823876] Interrupt Served: 	 Vector = 0x0000000F
[    7.827374] Interrupt Taken: 	 Vector = 0x0000000F
[    7.827521] Interrupt Served: 	 Vector = 0x0000000F
[    7.831793] Interrupt Taken: 	 Vector = 0x0000000F
[    7.831943] Interrupt Served: 	 Vector = 0x0000000F
[    7.836492] Interrupt Taken: 	 Vector = 0x0000000F
[    7.836605] Interrupt Served: 	 Vector = 0x0000000F
[    7.839860] Interrupt Taken: 	 Vector = 0x0000000F
[    7.839987] Interrupt Served: 	 Vector = 0x0000000F
[    7.843771] Interrupt Taken: 	 Vector = 0x0000000F
[    7.843853] Interrupt Served: 	 Vector = 0x0000000F
[    7.847449] Interrupt Taken: 	 Vector = 0x0000000F
[    7.847579] Interrupt Served: 	 Vector = 0x0000000F
[    7.852513] Interrupt Taken: 	 Vector = 0x0000000F
[    7.852640] Interrupt Served: 	 Vector = 0x0000000F
[    7.857044] Interrupt Taken: 	 Vector = 0x0000000F
[    7.857139] Interrupt Served: 	 Vector = 0x0000000F
[    7.862025] Interrupt Taken: 	 Vector = 0x0000000F
[    7.862187] Interrupt Served: 	 Vector = 0x0000000F
[    7.866588] Interrupt Taken: 	 Vector = 0x0000000F
[    7.866713] Interrupt Served: 	 Vector = 0x0000000F
[    7.870420] Interrupt Taken: 	 Vector = 0x0000000F
[    7.870511] Interrupt Served: 	 Vector = 0x0000000F
[    7.873712] Interrupt Taken: 	 Vector = 0x0000000F
[    7.873800] Interrupt Served: 	 Vector = 0x0000000F
[    7.877228] Interrupt Taken: 	 Vector = 0x0000000F
[    7.877367] Interrupt Served: 	 Vector = 0x0000000F
[    7.880866] Interrupt Taken: 	 Vector = 0x0000000F
[    7.881000] Interrupt Served: 	 Vector = 0x0000000F
[    7.884990] Interrupt Taken: 	 Vector = 0x0000000F
[    7.885106] Interrupt Served: 	 Vector = 0x0000000F
[    7.888710] Interrupt Taken: 	 Vector = 0x0000000F
[    7.888810] Interrupt Served: 	 Vector = 0x0000000F
[    7.892983] Interrupt Taken: 	 Vector = 0x0000000F
[    7.893103] Interrupt Served: 	 Vector = 0x0000000F
[    7.898139] Interrupt Taken: 	 Vector = 0x0000000F
[    7.898716] Interrupt Served: 	 Vector = 0x0000000F
[    7.902564] Interrupt Taken: 	 Vector = 0x0000000F
[    7.903013] Interrupt Served: 	 Vector = 0x0000000F
[    7.906548] Interrupt Taken: 	 Vector = 0x0000000F
[    7.906648] Interrupt Served: 	 Vector = 0x0000000F
[    7.912082] Interrupt Taken: 	 Vector = 0x0000000F
[    7.912203] Interrupt Served: 	 Vector = 0x0000000F
[    7.916271] Interrupt Taken: 	 Vector = 0x0000000F
[    7.916373] Interrupt Served: 	 Vector = 0x0000000F
[    7.920110] Interrupt Taken: 	 Vector = 0x0000000F
[    7.920213] Interrupt Served: 	 Vector = 0x0000000F
[    7.923409] Interrupt Taken: 	 Vector = 0x0000000F
[    7.923495] Interrupt Served: 	 Vector = 0x0000000F
[    7.926681] Interrupt Taken: 	 Vector = 0x0000000F
[    7.926789] Interrupt Served: 	 Vector = 0x0000000F
[    7.930091] Interrupt Taken: 	 Vector = 0x0000000F
[    7.930214] Interrupt Served: 	 Vector = 0x0000000F
[    7.933487] Interrupt Taken: 	 Vector = 0x0000000F
[    7.933597] Interrupt Served: 	 Vector = 0x0000000F
[    7.936789] Interrupt Taken: 	 Vector = 0x0000000F
[    7.936863] Interrupt Served: 	 Vector = 0x0000000F
[    7.940277] Interrupt Taken: 	 Vector = 0x0000000F
[    7.940363] Interrupt Served: 	 Vector = 0x0000000F
[    7.943485] Interrupt Taken: 	 Vector = 0x0000000F
[    7.943589] Interrupt Served: 	 Vector = 0x0000000F
[    7.947271] Interrupt Taken: 	 Vector = 0x0000000F
[    7.947395] Interrupt Served: 	 Vector = 0x0000000F
[    7.950636] Interrupt Taken: 	 Vector = 0x0000000F
[    7.950741] Interrupt Served: 	 Vector = 0x0000000F
[    7.953686] Interrupt Taken: 	 Vector = 0x0000000F
[    7.953753] Interrupt Served: 	 Vector = 0x0000000F
[    7.956834] Interrupt Taken: 	 Vector = 0x0000000F
[    7.956943] Interrupt Served: 	 Vector = 0x0000000F
[    7.960155] Interrupt Taken: 	 Vector = 0x0000000F
[    7.960237] Interrupt Served: 	 Vector = 0x0000000F
[    7.963423] Interrupt Taken: 	 Vector = 0x0000000F
[    7.963546] Interrupt Served: 	 Vector = 0x0000000F
[    7.967540] Interrupt Taken: 	 Vector = 0x0000000F
[    7.967633] Interrupt Served: 	 Vector = 0x0000000F
[    7.971213] Interrupt Taken: 	 Vector = 0x0000000F
[    7.971303] Interrupt Served: 	 Vector = 0x0000000F
[    7.974385] Interrupt Taken: 	 Vector = 0x0000000F
[    7.974457] Interrupt Served: 	 Vector = 0x0000000F
[    7.977838] Interrupt Taken: 	 Vector = 0x0000000F
[    7.977961] Interrupt Served: 	 Vector = 0x0000000F
[    7.981109] Interrupt Taken: 	 Vector = 0x0000000F
[    7.981203] Interrupt Served: 	 Vector = 0x0000000F
[    7.984592] Interrupt Taken: 	 Vector = 0x0000000F
[    7.984708] Interrupt Served: 	 Vector = 0x0000000F
[    7.988086] Interrupt Taken: 	 Vector = 0x0000000F
[    7.988181] Interrupt Served: 	 Vector = 0x0000000F
[    7.991378] Interrupt Taken: 	 Vector = 0x0000000F
[    7.991466] Interrupt Served: 	 Vector = 0x0000000F
[    7.994635] Interrupt Taken: 	 Vector = 0x0000000F
[    7.994735] Interrupt Served: 	 Vector = 0x0000000F
[    7.998062] Interrupt Taken: 	 Vector = 0x0000000F
[    7.998153] Interrupt Served: 	 Vector = 0x0000000F
[    8.002433] Interrupt Taken: 	 Vector = 0x0000000F
[    8.002534] Interrupt Served: 	 Vector = 0x0000000F
[    8.005886] Interrupt Taken: 	 Vector = 0x0000000F
[    8.005961] Interrupt Served: 	 Vector = 0x0000000F
[    8.009066] Interrupt Taken: 	 Vector = 0x0000000F
[    8.009127] Interrupt Served: 	 Vector = 0x0000000F
[    8.012157] Interrupt Taken: 	 Vector = 0x0000000F
[    8.012233] Interrupt Served: 	 Vector = 0x0000000F
[    8.015366] Interrupt Taken: 	 Vector = 0x0000000F
[    8.015433] Interrupt Served: 	 Vector = 0x0000000F
[    8.018257] Interrupt Taken: 	 Vector = 0x0000000F
[    8.018316] Interrupt Served: 	 Vector = 0x0000000F
[    8.021216] Interrupt Taken: 	 Vector = 0x0000000F
[    8.021254] Interrupt Served: 	 Vector = 0x0000000F
[    8.024083] Interrupt Taken: 	 Vector = 0x0000000F
[    8.024124] Interrupt Served: 	 Vector = 0x0000000F
[    8.027028] Interrupt Taken: 	 Vector = 0x0000000F
[    8.027081] Interrupt Served: 	 Vector = 0x0000000F
[    8.030020] Interrupt Taken: 	 Vector = 0x0000000F
[    8.030075] Interrupt Served: 	 Vector = 0x0000000F
[    8.032952] Interrupt Taken: 	 Vector = 0x0000000F
[    8.033004] Interrupt Served: 	 Vector = 0x0000000F
[    8.035990] Interrupt Taken: 	 Vector = 0x0000000F
[    8.036029] Interrupt Served: 	 Vector = 0x0000000F
[    8.038876] Interrupt Taken: 	 Vector = 0x0000000F
[    8.038927] Interrupt Served: 	 Vector = 0x0000000F
[    8.042316] Interrupt Taken: 	 Vector = 0x0000000F
[    8.042391] Interrupt Served: 	 Vector = 0x0000000F
[    8.045199] Interrupt Taken: 	 Vector = 0x0000000F
[    8.045255] Interrupt Served: 	 Vector = 0x0000000F
[    8.048137] Interrupt Taken: 	 Vector = 0x0000000F
[    8.048197] Interrupt Served: 	 Vector = 0x0000000F
[    8.051315] Interrupt Taken: 	 Vector = 0x0000000F
[    8.051351] Interrupt Served: 	 Vector = 0x0000000F
[    8.054213] Interrupt Taken: 	 Vector = 0x0000000F
[    8.054935] Interrupt Served: 	 Vector = 0x0000000F
[    8.057741] Interrupt Taken: 	 Vector = 0x0000000F
[    8.057788] Interrupt Served: 	 Vector = 0x0000000F
[    8.060811] Interrupt Taken: 	 Vector = 0x0000000F
[    8.060872] Interrupt Served: 	 Vector = 0x0000000F
[    8.063761] Interrupt Taken: 	 Vector = 0x0000000F
[    8.063827] Interrupt Served: 	 Vector = 0x0000000F
[    8.066766] Interrupt Taken: 	 Vector = 0x0000000F
[    8.066829] Interrupt Served: 	 Vector = 0x0000000F
[    8.070066] Interrupt Taken: 	 Vector = 0x0000000F
[    8.070131] Interrupt Served: 	 Vector = 0x0000000F
[    8.073525] Interrupt Taken: 	 Vector = 0x0000000F
[    8.073612] Interrupt Served: 	 Vector = 0x0000000F
[    8.076712] Interrupt Taken: 	 Vector = 0x0000000F
[    8.076814] Interrupt Served: 	 Vector = 0x0000000F
[    8.080076] Interrupt Taken: 	 Vector = 0x0000000F
[    8.080191] Interrupt Served: 	 Vector = 0x0000000F
[    8.083436] Interrupt Taken: 	 Vector = 0x0000000F
[    8.083550] Interrupt Served: 	 Vector = 0x0000000F
[    8.086647] Interrupt Taken: 	 Vector = 0x0000000F
[    8.086724] Interrupt Served: 	 Vector = 0x0000000F
[    8.089858] Interrupt Taken: 	 Vector = 0x0000000F
[    8.089972] Interrupt Served: 	 Vector = 0x0000000F
[    8.093088] Interrupt Taken: 	 Vector = 0x0000000F
[    8.093180] Interrupt Served: 	 Vector = 0x0000000F
[    8.096515] Interrupt Taken: 	 Vector = 0x0000000F
[    8.096621] Interrupt Served: 	 Vector = 0x0000000F
[    8.100217] Interrupt Taken: 	 Vector = 0x0000000F
[    8.100322] Interrupt Served: 	 Vector = 0x0000000F
[    8.103499] Interrupt Taken: 	 Vector = 0x0000000F
[    8.103569] Interrupt Served: 	 Vector = 0x0000000F
[    8.106930] Interrupt Taken: 	 Vector = 0x0000000F
[    8.107024] Interrupt Served: 	 Vector = 0x0000000F
[    8.110650] Interrupt Taken: 	 Vector = 0x0000000F
[    8.110759] Interrupt Served: 	 Vector = 0x0000000F
[    8.113990] Interrupt Taken: 	 Vector = 0x0000000F
[    8.114073] Interrupt Served: 	 Vector = 0x0000000F
[    8.117250] Interrupt Taken: 	 Vector = 0x0000000F
[    8.117327] Interrupt Served: 	 Vector = 0x0000000F
[    8.120545] Interrupt Taken: 	 Vector = 0x0000000F
[    8.120632] Interrupt Served: 	 Vector = 0x0000000F
[    8.124015] Interrupt Taken: 	 Vector = 0x0000000F
[    8.124082] Interrupt Served: 	 Vector = 0x0000000F
[    8.127797] Interrupt Taken: 	 Vector = 0x0000000F
[    8.127962] Interrupt Served: 	 Vector = 0x0000000F
[    8.131236] Interrupt Taken: 	 Vector = 0x0000000F
[    8.131345] Interrupt Served: 	 Vector = 0x0000000F
[    8.134698] Interrupt Taken: 	 Vector = 0x0000000F
[    8.134779] Interrupt Served: 	 Vector = 0x0000000F
[    8.138000] Interrupt Taken: 	 Vector = 0x0000000F
[    8.138099] Interrupt Served: 	 Vector = 0x0000000F
[    8.141363] Interrupt Taken: 	 Vector = 0x0000000F
[    8.141460] Interrupt Served: 	 Vector = 0x0000000F
[    8.145052] Interrupt Taken: 	 Vector = 0x0000000F
[    8.145160] Interrupt Served: 	 Vector = 0x0000000F
[    8.148588] Interrupt Taken: 	 Vector = 0x0000000F
[    8.148696] Interrupt Served: 	 Vector = 0x0000000F
[    8.152150] Interrupt Taken: 	 Vector = 0x0000000F
[    8.152242] Interrupt Served: 	 Vector = 0x0000000F
[    8.155510] Interrupt Taken: 	 Vector = 0x0000000F
[    8.155581] Interrupt Served: 	 Vector = 0x0000000F
[    8.158862] Interrupt Taken: 	 Vector = 0x0000000F
[    8.158992] Interrupt Served: 	 Vector = 0x0000000F
[    8.162675] Interrupt Taken: 	 Vector = 0x0000000F
[    8.162970] Interrupt Served: 	 Vector = 0x0000000F
[    8.166396] Interrupt Taken: 	 Vector = 0x0000000F
[    8.166489] Interrupt Served: 	 Vector = 0x0000000F
[    8.169575] Interrupt Taken: 	 Vector = 0x0000000F
[    8.169659] Interrupt Served: 	 Vector = 0x0000000F
[    8.172768] Interrupt Taken: 	 Vector = 0x0000000F
[    8.172859] Interrupt Served: 	 Vector = 0x0000000F
[    8.176152] Interrupt Taken: 	 Vector = 0x0000000F
[    8.176220] Interrupt Served: 	 Vector = 0x0000000F
[    8.179419] Interrupt Taken: 	 Vector = 0x0000000F
[    8.179524] Interrupt Served: 	 Vector = 0x0000000F
[    8.183391] Interrupt Taken: 	 Vector = 0x0000000F
[    8.183500] Interrupt Served: 	 Vector = 0x0000000F
[    8.186711] Interrupt Taken: 	 Vector = 0x0000000F
[    8.186801] Interrupt Served: 	 Vector = 0x0000000F
[    8.189926] Interrupt Taken: 	 Vector = 0x0000000F
[    8.189992] Interrupt Served: 	 Vector = 0x0000000F
[    8.193622] Interrupt Taken: 	 Vector = 0x0000000F
[    8.193722] Interrupt Served: 	 Vector = 0x0000000F
[    8.197307] Interrupt Taken: 	 Vector = 0x0000000F
[    8.197431] Interrupt Served: 	 Vector = 0x0000000F
[    8.200547] Interrupt Taken: 	 Vector = 0x0000000F
[    8.200641] Interrupt Served: 	 Vector = 0x0000000F
[    8.203984] Interrupt Taken: 	 Vector = 0x0000000F
[    8.204057] Interrupt Served: 	 Vector = 0x0000000F
[    8.207374] Interrupt Taken: 	 Vector = 0x0000000F
[    8.207436] Interrupt Served: 	 Vector = 0x0000000F
[    8.210850] Interrupt Taken: 	 Vector = 0x0000000F
[    8.210986] Interrupt Served: 	 Vector = 0x0000000F
[    8.214309] Interrupt Taken: 	 Vector = 0x0000000F
[    8.214418] Interrupt Served: 	 Vector = 0x0000000F
[    8.217661] Interrupt Taken: 	 Vector = 0x0000000F
[    8.217770] Interrupt Served: 	 Vector = 0x0000000F
[    8.221105] Interrupt Taken: 	 Vector = 0x0000000F
[    8.221171] Interrupt Served: 	 Vector = 0x0000000F
[    8.224540] Interrupt Taken: 	 Vector = 0x0000000F
[    8.224604] Interrupt Served: 	 Vector = 0x0000000F
[    8.227979] Interrupt Taken: 	 Vector = 0x0000000F
[    8.228080] Interrupt Served: 	 Vector = 0x0000000F
[    8.231471] Interrupt Taken: 	 Vector = 0x0000000F
[    8.231581] Interrupt Served: 	 Vector = 0x0000000F
[    8.235246] Interrupt Taken: 	 Vector = 0x0000000F
[    8.235414] Interrupt Served: 	 Vector = 0x0000000F
[    8.238929] Interrupt Taken: 	 Vector = 0x0000000F
[    8.238999] Interrupt Served: 	 Vector = 0x0000000F
[    8.242252] Interrupt Taken: 	 Vector = 0x0000000F
[    8.242315] Interrupt Served: 	 Vector = 0x0000000F
[    8.245596] Interrupt Taken: 	 Vector = 0x0000000F
[    8.245695] Interrupt Served: 	 Vector = 0x0000000F
[    8.248813] Interrupt Taken: 	 Vector = 0x0000000F
[    8.248925] Interrupt Served: 	 Vector = 0x0000000F
[    8.252382] Interrupt Taken: 	 Vector = 0x0000000F
[    8.252489] Interrupt Served: 	 Vector = 0x0000000F
[    8.255706] Interrupt Taken: 	 Vector = 0x0000000F
[    8.255777] Interrupt Served: 	 Vector = 0x0000000F
[    8.259231] Interrupt Taken: 	 Vector = 0x0000000F
[    8.259308] Interrupt Served: 	 Vector = 0x0000000F
[    8.262519] Interrupt Taken: 	 Vector = 0x0000000F
[    8.262618] Interrupt Served: 	 Vector = 0x0000000F
[    8.265852] Interrupt Taken: 	 Vector = 0x0000000F
[    8.265974] Interrupt Served: 	 Vector = 0x0000000F
[    8.269422] Interrupt Taken: 	 Vector = 0x0000000F
[    8.269525] Interrupt Served: 	 Vector = 0x0000000F
[    8.272655] Interrupt Taken: 	 Vector = 0x0000000F
[    8.272716] Interrupt Served: 	 Vector = 0x0000000F
[    8.275942] Interrupt Taken: 	 Vector = 0x0000000F
[    8.276080] Interrupt Served: 	 Vector = 0x0000000F
[    8.279450] Interrupt Taken: 	 Vector = 0x0000000F
[    8.279544] Interrupt Served: 	 Vector = 0x0000000F
[    8.282712] Interrupt Taken: 	 Vector = 0x0000000F
[    8.282803] Interrupt Served: 	 Vector = 0x0000000F
[    8.286090] Interrupt Taken: 	 Vector = 0x0000000F
[    8.286189] Interrupt Served: 	 Vector = 0x0000000F
[    8.289530] Interrupt Taken: 	 Vector = 0x0000000F
[    8.289598] Interrupt Served: 	 Vector = 0x0000000F
[    8.293045] Interrupt Taken: 	 Vector = 0x0000000F
[    8.293147] Interrupt Served: 	 Vector = 0x0000000F
[    8.296325] Interrupt Taken: 	 Vector = 0x0000000F
[    8.296437] Interrupt Served: 	 Vector = 0x0000000F
[    8.299873] Interrupt Taken: 	 Vector = 0x0000000F
[    8.299998] Interrupt Served: 	 Vector = 0x0000000F
[    8.303450] Interrupt Taken: 	 Vector = 0x0000000F
[    8.303539] Interrupt Served: 	 Vector = 0x0000000F
[    8.306938] Interrupt Taken: 	 Vector = 0x0000000F
[    8.307011] Interrupt Served: 	 Vector = 0x0000000F
[    8.310268] Interrupt Taken: 	 Vector = 0x0000000F
[    8.310365] Interrupt Served: 	 Vector = 0x0000000F
[    8.313803] Interrupt Taken: 	 Vector = 0x0000000F
[    8.313923] Interrupt Served: 	 Vector = 0x0000000F
[    8.317201] Interrupt Taken: 	 Vector = 0x0000000F
[    8.317291] Interrupt Served: 	 Vector = 0x0000000F
[    8.320473] Interrupt Taken: 	 Vector = 0x0000000F
[    8.320533] Interrupt Served: 	 Vector = 0x0000000F
[    8.323630] Interrupt Taken: 	 Vector = 0x0000000F
[    8.323715] Interrupt Served: 	 Vector = 0x0000000F
[    8.327350] Interrupt Taken: 	 Vector = 0x0000000F
[    8.327467] Interrupt Served: 	 Vector = 0x0000000F
[    8.330741] Interrupt Taken: 	 Vector = 0x0000000F
[    8.330820] Interrupt Served: 	 Vector = 0x0000000F
[    8.334009] Interrupt Taken: 	 Vector = 0x0000000F
[    8.334106] Interrupt Served: 	 Vector = 0x0000000F
[    8.337254] Interrupt Taken: 	 Vector = 0x0000000F
[    8.337366] Interrupt Served: 	 Vector = 0x0000000F
[    8.340679] Interrupt Taken: 	 Vector = 0x0000000F
[    8.340784] Interrupt Served: 	 Vector = 0x0000000F
[    8.344191] Interrupt Taken: 	 Vector = 0x0000000F
[    8.344298] Interrupt Served: 	 Vector = 0x0000000F
[    8.347374] Interrupt Taken: 	 Vector = 0x0000000F
[    8.347457] Interrupt Served: 	 Vector = 0x0000000F
[    8.350568] Interrupt Taken: 	 Vector = 0x0000000F
[    8.350649] Interrupt Served: 	 Vector = 0x0000000F
[    8.353995] Interrupt Taken: 	 Vector = 0x0000000F
[    8.354074] Interrupt Served: 	 Vector = 0x0000000F
[    8.357385] Interrupt Taken: 	 Vector = 0x0000000F
[    8.357561] Interrupt Served: 	 Vector = 0x0000000F
[    8.360929] Interrupt Taken: 	 Vector = 0x0000000F
[    8.361036] Interrupt Served: 	 Vector = 0x0000000F
[    8.364355] Interrupt Taken: 	 Vector = 0x0000000F
[    8.364438] Interrupt Served: 	 Vector = 0x0000000F
[    8.367772] Interrupt Taken: 	 Vector = 0x0000000F
[    8.367974] Interrupt Served: 	 Vector = 0x0000000F
[    8.371374] Interrupt Taken: 	 Vector = 0x0000000F
[    8.371472] Interrupt Served: 	 Vector = 0x0000000F
[    8.375059] Interrupt Taken: 	 Vector = 0x0000000F
[    8.375168] Interrupt Served: 	 Vector = 0x0000000F
[    8.378565] Interrupt Taken: 	 Vector = 0x0000000F
[    8.378703] Interrupt Served: 	 Vector = 0x0000000F
[    8.382014] Interrupt Taken: 	 Vector = 0x0000000F
[    8.382125] Interrupt Served: 	 Vector = 0x0000000F
[    8.385332] Interrupt Taken: 	 Vector = 0x0000000F
[    8.385440] Interrupt Served: 	 Vector = 0x0000000F
[    8.388943] Interrupt Taken: 	 Vector = 0x0000000F
[    8.389026] Interrupt Served: 	 Vector = 0x0000000F
[    8.392400] Interrupt Taken: 	 Vector = 0x0000000F
[    8.392483] Interrupt Served: 	 Vector = 0x0000000F
[    8.395833] Interrupt Taken: 	 Vector = 0x0000000F
[    8.396013] Interrupt Served: 	 Vector = 0x0000000F
[    8.399267] Interrupt Taken: 	 Vector = 0x0000000F
[    8.399359] Interrupt Served: 	 Vector = 0x0000000F
[    8.402559] Interrupt Taken: 	 Vector = 0x0000000F
[    8.402637] Interrupt Served: 	 Vector = 0x0000000F
[    8.406022] Interrupt Taken: 	 Vector = 0x0000000F
[    8.406082] Interrupt Served: 	 Vector = 0x0000000F
[    8.409486] Interrupt Taken: 	 Vector = 0x0000000F
[    8.410019] Interrupt Served: 	 Vector = 0x0000000F
[    8.413397] Interrupt Taken: 	 Vector = 0x0000000F
[    8.413482] Interrupt Served: 	 Vector = 0x0000000F
[    8.416782] Interrupt Taken: 	 Vector = 0x0000000F
[    8.416869] Interrupt Served: 	 Vector = 0x0000000F
[    8.420089] Interrupt Taken: 	 Vector = 0x0000000F
[    8.420154] Interrupt Served: 	 Vector = 0x0000000F
[    8.423430] Interrupt Taken: 	 Vector = 0x0000000F
[    8.423494] Interrupt Served: 	 Vector = 0x0000000F
[    8.427308] Interrupt Taken: 	 Vector = 0x0000000F
[    8.427431] Interrupt Served: 	 Vector = 0x0000000F
[    8.430669] Interrupt Taken: 	 Vector = 0x0000000F
[    8.430766] Interrupt Served: 	 Vector = 0x0000000F
[    8.433881] Interrupt Taken: 	 Vector = 0x0000000F
[    8.434003] Interrupt Served: 	 Vector = 0x0000000F
[    8.437181] Interrupt Taken: 	 Vector = 0x0000000F
[    8.437257] Interrupt Served: 	 Vector = 0x0000000F
[    8.440465] Interrupt Taken: 	 Vector = 0x0000000F
[    8.440544] Interrupt Served: 	 Vector = 0x0000000F
[    8.444714] Interrupt Taken: 	 Vector = 0x0000000F
[    8.444866] Interrupt Served: 	 Vector = 0x0000000F
[    8.448116] Interrupt Taken: 	 Vector = 0x0000000F
[    8.448214] Interrupt Served: 	 Vector = 0x0000000F
[    8.451485] Interrupt Taken: 	 Vector = 0x0000000F
[    8.451579] Interrupt Served: 	 Vector = 0x0000000F
[    8.454824] Interrupt Taken: 	 Vector = 0x0000000F
[    8.454887] Interrupt Served: 	 Vector = 0x0000000F
[    8.458188] Interrupt Taken: 	 Vector = 0x0000000F
[    8.458251] Interrupt Served: 	 Vector = 0x0000000F
[    8.461514] Interrupt Taken: 	 Vector = 0x0000000F
[    8.461625] Interrupt Served: 	 Vector = 0x0000000F
[    8.465412] Interrupt Taken: 	 Vector = 0x0000000F
[    8.465565] Interrupt Served: 	 Vector = 0x0000000F
[    8.474950] Interrupt Taken: 	 Vector = 0x0000000F
[    8.475095] Interrupt Served: 	 Vector = 0x0000000F
[    8.480484] Interrupt Taken: 	 Vector = 0x0000000F
[    8.480597] Interrupt Served: 	 Vector = 0x0000000F
[    8.488086] Interrupt Taken: 	 Vector = 0x0000000F
[    8.488448] Interrupt Served: 	 Vector = 0x0000000F
[    8.493136] Interrupt Taken: 	 Vector = 0x0000000F
[    8.493248] Interrupt Served: 	 Vector = 0x0000000F
[    8.497646] Interrupt Taken: 	 Vector = 0x0000000F
[    8.497762] Interrupt Served: 	 Vector = 0x0000000F
[    8.502573] Interrupt Taken: 	 Vector = 0x0000000F
[    8.502705] Interrupt Served: 	 Vector = 0x0000000F
[    8.506434] Interrupt Taken: 	 Vector = 0x0000000F
[    8.506545] Interrupt Served: 	 Vector = 0x0000000F
[    8.511495] Interrupt Taken: 	 Vector = 0x0000000F
[    8.511598] Interrupt Served: 	 Vector = 0x0000000F
[    8.517363] Interrupt Taken: 	 Vector = 0x0000000F
[    8.518096] Interrupt Served: 	 Vector = 0x0000000F
[    8.522703] Interrupt Taken: 	 Vector = 0x0000000F
[    8.522806] Interrupt Served: 	 Vector = 0x0000000F
[    8.525855] Interrupt Taken: 	 Vector = 0x0000000F
[    8.525980] Interrupt Served: 	 Vector = 0x0000000F
[    8.530101] Interrupt Taken: 	 Vector = 0x0000000F
[    8.530194] Interrupt Served: 	 Vector = 0x0000000F
[    8.533568] Interrupt Taken: 	 Vector = 0x0000000F
[    8.533662] Interrupt Served: 	 Vector = 0x0000000F
[    8.538849] Interrupt Taken: 	 Vector = 0x0000000F
[    8.538985] Interrupt Served: 	 Vector = 0x0000000F
[    8.542041] Interrupt Taken: 	 Vector = 0x0000000F
[    8.542129] Interrupt Served: 	 Vector = 0x0000000F
[    8.545372] Interrupt Taken: 	 Vector = 0x0000000F
[    8.545474] Interrupt Served: 	 Vector = 0x0000000F
[    8.548601] Interrupt Taken: 	 Vector = 0x0000000F
[    8.548716] Interrupt Served: 	 Vector = 0x0000000F
[    8.551881] Interrupt Taken: 	 Vector = 0x0000000F
[    8.552048] Interrupt Served: 	 Vector = 0x0000000F
[    8.555135] Interrupt Taken: 	 Vector = 0x0000000F
[    8.555232] Interrupt Served: 	 Vector = 0x0000000F
[    8.558597] Interrupt Taken: 	 Vector = 0x0000000F
[    8.558664] Interrupt Served: 	 Vector = 0x0000000F
[    8.562075] Interrupt Taken: 	 Vector = 0x0000000F
[    8.562179] Interrupt Served: 	 Vector = 0x0000000F
[    8.565367] Interrupt Taken: 	 Vector = 0x0000000F
[    8.565467] Interrupt Served: 	 Vector = 0x0000000F
[    8.568575] Interrupt Taken: 	 Vector = 0x0000000F
[    8.568650] Interrupt Served: 	 Vector = 0x0000000F
[    8.572251] Interrupt Taken: 	 Vector = 0x0000000F
[    8.572369] Interrupt Served: 	 Vector = 0x0000000F
[    8.575671] Interrupt Taken: 	 Vector = 0x0000000F
[    8.575748] Interrupt Served: 	 Vector = 0x0000000F
[    8.579058] Interrupt Taken: 	 Vector = 0x0000000F
[    8.579158] Interrupt Served: 	 Vector = 0x0000000F
[    8.582360] Interrupt Taken: 	 Vector = 0x0000000F
[    8.582466] Interrupt Served: 	 Vector = 0x0000000F
[    8.585555] Interrupt Taken: 	 Vector = 0x0000000F
[    8.585650] Interrupt Served: 	 Vector = 0x0000000F
[    8.589205] Interrupt Taken: 	 Vector = 0x0000000F
[    8.589299] Interrupt Served: 	 Vector = 0x0000000F
[    8.592439] Interrupt Taken: 	 Vector = 0x0000000F
[    8.592534] Interrupt Served: 	 Vector = 0x0000000F
[    8.595708] Interrupt Taken: 	 Vector = 0x0000000F
[    8.595800] Interrupt Served: 	 Vector = 0x0000000F
[    8.598980] Interrupt Taken: 	 Vector = 0x0000000F
[    8.599057] Interrupt Served: 	 Vector = 0x0000000F
[    8.602247] Interrupt Taken: 	 Vector = 0x0000000F
[    8.602333] Interrupt Served: 	 Vector = 0x0000000F
[    8.605712] Interrupt Taken: 	 Vector = 0x0000000F
[    8.605816] Interrupt Served: 	 Vector = 0x0000000F
[    8.608920] Interrupt Taken: 	 Vector = 0x0000000F
[    8.609026] Interrupt Served: 	 Vector = 0x0000000F
[    8.612242] Interrupt Taken: 	 Vector = 0x0000000F
[    8.612353] Interrupt Served: 	 Vector = 0x0000000F
[    8.615644] Interrupt Taken: 	 Vector = 0x0000000F
[    8.615746] Interrupt Served: 	 Vector = 0x0000000F
[    8.618974] Interrupt Taken: 	 Vector = 0x0000000F
[    8.619070] Interrupt Served: 	 Vector = 0x0000000F
[    8.622277] Interrupt Taken: 	 Vector = 0x0000000F
[    8.622332] Interrupt Served: 	 Vector = 0x0000000F
[    8.625515] Interrupt Taken: 	 Vector = 0x0000000F
[    8.625618] Interrupt Served: 	 Vector = 0x0000000F
[    8.629052] Interrupt Taken: 	 Vector = 0x0000000F
[    8.629148] Interrupt Served: 	 Vector = 0x0000000F
[    8.632448] Interrupt Taken: 	 Vector = 0x0000000F
[    8.632572] Interrupt Served: 	 Vector = 0x0000000F
[    8.635621] Interrupt Taken: 	 Vector = 0x0000000F
[    8.635694] Interrupt Served: 	 Vector = 0x0000000F
[    8.638986] Interrupt Taken: 	 Vector = 0x0000000F
[    8.639063] Interrupt Served: 	 Vector = 0x0000000F
[    8.642690] Interrupt Taken: 	 Vector = 0x0000000F
[    8.642817] Interrupt Served: 	 Vector = 0x0000000F
[    8.646061] Interrupt Taken: 	 Vector = 0x0000000F
[    8.646155] Interrupt Served: 	 Vector = 0x0000000F
[    8.649360] Interrupt Taken: 	 Vector = 0x0000000F
[    8.649457] Interrupt Served: 	 Vector = 0x0000000F
[    8.652850] Interrupt Taken: 	 Vector = 0x0000000F
[    8.652965] Interrupt Served: 	 Vector = 0x0000000F
[    8.656241] Interrupt Taken: 	 Vector = 0x0000000F
[    8.656301] Interrupt Served: 	 Vector = 0x0000000F
[    8.660332] Interrupt Taken: 	 Vector = 0x0000000F
[    8.660446] Interrupt Served: 	 Vector = 0x0000000F
[    8.663683] Interrupt Taken: 	 Vector = 0x0000000F
[    8.663773] Interrupt Served: 	 Vector = 0x0000000F
[    8.667213] Interrupt Taken: 	 Vector = 0x0000000F
[    8.667311] Interrupt Served: 	 Vector = 0x0000000F
[    8.670404] Interrupt Taken: 	 Vector = 0x0000000F
[    8.670501] Interrupt Served: 	 Vector = 0x0000000F
[    8.673638] Interrupt Taken: 	 Vector = 0x0000000F
[    8.673749] Interrupt Served: 	 Vector = 0x0000000F
[    8.677038] Interrupt Taken: 	 Vector = 0x0000000F
[    8.677163] Interrupt Served: 	 Vector = 0x0000000F
[    8.680741] Interrupt Taken: 	 Vector = 0x0000000F
[    8.680830] Interrupt Served: 	 Vector = 0x0000000F
[    8.684231] Interrupt Taken: 	 Vector = 0x0000000F
[    8.684344] Interrupt Served: 	 Vector = 0x0000000F
[    8.687553] Interrupt Taken: 	 Vector = 0x0000000F
[    8.687619] Interrupt Served: 	 Vector = 0x0000000F
[    8.690733] Interrupt Taken: 	 Vector = 0x0000000F
[    8.690797] Interrupt Served: 	 Vector = 0x0000000F
[    8.694175] Interrupt Taken: 	 Vector = 0x0000000F
[    8.694252] Interrupt Served: 	 Vector = 0x0000000F
[    8.697804] Interrupt Taken: 	 Vector = 0x0000000F
[    8.697941] Interrupt Served: 	 Vector = 0x0000000F
[    8.701275] Interrupt Taken: 	 Vector = 0x0000000F
[    8.701368] Interrupt Served: 	 Vector = 0x0000000F
[    8.704723] Interrupt Taken: 	 Vector = 0x0000000F
[    8.704810] Interrupt Served: 	 Vector = 0x0000000F
[    8.708185] Interrupt Taken: 	 Vector = 0x0000000F
[    8.708250] Interrupt Served: 	 Vector = 0x0000000F
[    8.711546] Interrupt Taken: 	 Vector = 0x0000000F
[    8.711649] Interrupt Served: 	 Vector = 0x0000000F
[    8.715096] Interrupt Taken: 	 Vector = 0x0000000F
[    8.715224] Interrupt Served: 	 Vector = 0x0000000F
[    8.718488] Interrupt Taken: 	 Vector = 0x0000000F
[    8.718569] Interrupt Served: 	 Vector = 0x0000000F
[    8.721623] Interrupt Taken: 	 Vector = 0x0000000F
[    8.721681] Interrupt Served: 	 Vector = 0x0000000F
[    8.724935] Interrupt Taken: 	 Vector = 0x0000000F
[    8.725013] Interrupt Served: 	 Vector = 0x0000000F
[    8.728421] Interrupt Taken: 	 Vector = 0x0000000F
[    8.728527] Interrupt Served: 	 Vector = 0x0000000F
[    8.732092] Interrupt Taken: 	 Vector = 0x0000000F
[    8.732203] Interrupt Served: 	 Vector = 0x0000000F
[    8.735511] Interrupt Taken: 	 Vector = 0x0000000F
[    8.735580] Interrupt Served: 	 Vector = 0x0000000F
[    8.738726] Interrupt Taken: 	 Vector = 0x0000000F
[    8.738809] Interrupt Served: 	 Vector = 0x0000000F
[    8.742098] Interrupt Taken: 	 Vector = 0x0000000F
[    8.742176] Interrupt Served: 	 Vector = 0x0000000F
[    8.745564] Interrupt Taken: 	 Vector = 0x0000000F
[    8.745694] Interrupt Served: 	 Vector = 0x0000000F
[    8.749001] Interrupt Taken: 	 Vector = 0x0000000F
[    8.749131] Interrupt Served: 	 Vector = 0x0000000F
[    8.752522] Interrupt Taken: 	 Vector = 0x0000000F
[    8.752615] Interrupt Served: 	 Vector = 0x0000000F
[    8.755620] Interrupt Taken: 	 Vector = 0x0000000F
[    8.755686] Interrupt Served: 	 Vector = 0x0000000F
[    8.759076] Interrupt Taken: 	 Vector = 0x0000000F
[    8.759176] Interrupt Served: 	 Vector = 0x0000000F
[    8.762529] Interrupt Taken: 	 Vector = 0x0000000F
[    8.762628] Interrupt Served: 	 Vector = 0x0000000F
[    8.767532] Interrupt Taken: 	 Vector = 0x0000000F
[    8.767640] Interrupt Served: 	 Vector = 0x0000000F
[    8.771019] Interrupt Taken: 	 Vector = 0x0000000F
[    8.771099] Interrupt Served: 	 Vector = 0x0000000F
[    8.774249] Interrupt Taken: 	 Vector = 0x0000000F
[    8.774338] Interrupt Served: 	 Vector = 0x0000000F
[    8.777758] Interrupt Taken: 	 Vector = 0x0000000F
[    8.777863] Interrupt Served: 	 Vector = 0x0000000F
[    8.781253] Interrupt Taken: 	 Vector = 0x0000000F
[    8.781343] Interrupt Served: 	 Vector = 0x0000000F
[    8.784715] Interrupt Taken: 	 Vector = 0x0000000F
[    8.784797] Interrupt Served: 	 Vector = 0x0000000F
[    8.788420] Interrupt Taken: 	 Vector = 0x0000000F
[    8.788517] Interrupt Served: 	 Vector = 0x0000000F
[    8.791928] Interrupt Taken: 	 Vector = 0x0000000F
[    8.792004] Interrupt Served: 	 Vector = 0x0000000F
[    8.795348] Interrupt Taken: 	 Vector = 0x0000000F
[    8.795448] Interrupt Served: 	 Vector = 0x0000000F
[    8.798583] Interrupt Taken: 	 Vector = 0x0000000F
[    8.798685] Interrupt Served: 	 Vector = 0x0000000F
[    8.802005] Interrupt Taken: 	 Vector = 0x0000000F
[    8.802103] Interrupt Served: 	 Vector = 0x0000000F
[    8.805336] Interrupt Taken: 	 Vector = 0x0000000F
[    8.805403] Interrupt Served: 	 Vector = 0x0000000F
[    8.808749] Interrupt Taken: 	 Vector = 0x0000000F
[    8.808815] Interrupt Served: 	 Vector = 0x0000000F
[    8.812046] Interrupt Taken: 	 Vector = 0x0000000F
[    8.812121] Interrupt Served: 	 Vector = 0x0000000F
[    8.815353] Interrupt Taken: 	 Vector = 0x0000000F
[    8.815447] Interrupt Served: 	 Vector = 0x0000000F
[    8.818795] Interrupt Taken: 	 Vector = 0x0000000F
[    8.818878] Interrupt Served: 	 Vector = 0x0000000F
[    8.822167] Interrupt Taken: 	 Vector = 0x0000000F
[    8.822282] Interrupt Served: 	 Vector = 0x0000000F
[    8.825443] Interrupt Taken: 	 Vector = 0x0000000F
[    8.825515] Interrupt Served: 	 Vector = 0x0000000F
[    8.828859] Interrupt Taken: 	 Vector = 0x0000000F
[    8.828970] Interrupt Served: 	 Vector = 0x0000000F
[    8.832244] Interrupt Taken: 	 Vector = 0x0000000F
[    8.832345] Interrupt Served: 	 Vector = 0x0000000F
[    8.835410] Interrupt Taken: 	 Vector = 0x0000000F
[    8.835502] Interrupt Served: 	 Vector = 0x0000000F
[    8.839249] Interrupt Taken: 	 Vector = 0x0000000F
[    8.839341] Interrupt Served: 	 Vector = 0x0000000F
[    8.842597] Interrupt Taken: 	 Vector = 0x0000000F
[    8.842681] Interrupt Served: 	 Vector = 0x0000000F
[    8.846082] Interrupt Taken: 	 Vector = 0x0000000F
[    8.846172] Interrupt Served: 	 Vector = 0x0000000F
[    8.849439] Interrupt Taken: 	 Vector = 0x0000000F
[    8.849583] Interrupt Served: 	 Vector = 0x0000000F
[    8.852746] Interrupt Taken: 	 Vector = 0x0000000F
[    8.852821] Interrupt Served: 	 Vector = 0x0000000F
[    8.856222] Interrupt Taken: 	 Vector = 0x0000000F
[    8.856304] Interrupt Served: 	 Vector = 0x0000000F
[    8.859525] Interrupt Taken: 	 Vector = 0x0000000F
[    8.859606] Interrupt Served: 	 Vector = 0x0000000F
[    8.862769] Interrupt Taken: 	 Vector = 0x0000000F
[    8.862864] Interrupt Served: 	 Vector = 0x0000000F
[    8.866107] Interrupt Taken: 	 Vector = 0x0000000F
[    8.866202] Interrupt Served: 	 Vector = 0x0000000F
[    8.869642] Interrupt Taken: 	 Vector = 0x0000000F
[    8.869711] Interrupt Served: 	 Vector = 0x0000000F
[    8.873126] Interrupt Taken: 	 Vector = 0x0000000F
[    8.873223] Interrupt Served: 	 Vector = 0x0000000F
[    8.876489] Interrupt Taken: 	 Vector = 0x0000000F
[    8.876580] Interrupt Served: 	 Vector = 0x0000000F
[    8.879908] Interrupt Taken: 	 Vector = 0x0000000F
[    8.880008] Interrupt Served: 	 Vector = 0x0000000F
[    8.883292] Interrupt Taken: 	 Vector = 0x0000000F
[    8.883396] Interrupt Served: 	 Vector = 0x0000000F
[    8.886602] Interrupt Taken: 	 Vector = 0x0000000F
[    8.886670] Interrupt Served: 	 Vector = 0x0000000F
[    8.889977] Interrupt Taken: 	 Vector = 0x0000000F
[    8.890040] Interrupt Served: 	 Vector = 0x0000000F
[    8.893336] Interrupt Taken: 	 Vector = 0x0000000F
[    8.893439] Interrupt Served: 	 Vector = 0x0000000F
[    8.896606] Interrupt Taken: 	 Vector = 0x0000000F
[    8.896711] Interrupt Served: 	 Vector = 0x0000000F
[    8.899821] Interrupt Taken: 	 Vector = 0x0000000F
[    8.899949] Interrupt Served: 	 Vector = 0x0000000F
[    8.903063] Interrupt Taken: 	 Vector = 0x0000000F
[    8.903150] Interrupt Served: 	 Vector = 0x0000000F
[    8.906408] Interrupt Taken: 	 Vector = 0x0000000F
[    8.906469] Interrupt Served: 	 Vector = 0x0000000F
[    8.910071] Interrupt Taken: 	 Vector = 0x0000000F
[    8.910170] Interrupt Served: 	 Vector = 0x0000000F
[    8.913555] Interrupt Taken: 	 Vector = 0x0000000F
[    8.913668] Interrupt Served: 	 Vector = 0x0000000F
[    8.916992] Interrupt Taken: 	 Vector = 0x0000000F
[    8.917093] Interrupt Served: 	 Vector = 0x0000000F
[    8.920523] Interrupt Taken: 	 Vector = 0x0000000F
[    8.920594] Interrupt Served: 	 Vector = 0x0000000F
[    8.923928] Interrupt Taken: 	 Vector = 0x0000000F
[    8.924013] Interrupt Served: 	 Vector = 0x0000000F
[    8.927303] Interrupt Taken: 	 Vector = 0x0000000F
[    8.927381] Interrupt Served: 	 Vector = 0x0000000F
[    8.930460] Interrupt Taken: 	 Vector = 0x0000000F
[    8.930548] Interrupt Served: 	 Vector = 0x0000000F
[    8.933930] Interrupt Taken: 	 Vector = 0x0000000F
[    8.934041] Interrupt Served: 	 Vector = 0x0000000F
[    8.937305] Interrupt Taken: 	 Vector = 0x0000000F
[    8.937394] Interrupt Served: 	 Vector = 0x0000000F
[    8.940514] Interrupt Taken: 	 Vector = 0x0000000F
[    8.940577] Interrupt Served: 	 Vector = 0x0000000F
[    8.943746] Interrupt Taken: 	 Vector = 0x0000000F
[    8.943917] Interrupt Served: 	 Vector = 0x0000000F
[    8.946814] Interrupt Taken: 	 Vector = 0x0000000F
[    8.946981] Interrupt Served: 	 Vector = 0x0000000F
[    8.950389] Interrupt Taken: 	 Vector = 0x0000000F
[    8.950494] Interrupt Served: 	 Vector = 0x0000000F
[    8.953684] Interrupt Taken: 	 Vector = 0x0000000F
[    8.953777] Interrupt Served: 	 Vector = 0x0000000F
[    8.957207] Interrupt Taken: 	 Vector = 0x0000000F
[    8.957286] Interrupt Served: 	 Vector = 0x0000000F
[    8.960568] Interrupt Taken: 	 Vector = 0x0000000F
[    8.960649] Interrupt Served: 	 Vector = 0x0000000F
[    8.965129] Interrupt Taken: 	 Vector = 0x0000000F
[    8.966107] Interrupt Served: 	 Vector = 0x0000000F
[    8.969365] Interrupt Taken: 	 Vector = 0x0000000F
[    8.969459] Interrupt Served: 	 Vector = 0x0000000F
[    8.972611] Interrupt Taken: 	 Vector = 0x0000000F
[    8.972682] Interrupt Served: 	 Vector = 0x0000000F
[    8.975781] Interrupt Taken: 	 Vector = 0x0000000F
[    8.975856] Interrupt Served: 	 Vector = 0x0000000F
[    8.979262] Interrupt Taken: 	 Vector = 0x0000000F
[    8.979371] Interrupt Served: 	 Vector = 0x0000000F
[    8.983227] Interrupt Taken: 	 Vector = 0x0000000F
[    8.983358] Interrupt Served: 	 Vector = 0x0000000F
[    8.986774] Interrupt Taken: 	 Vector = 0x0000000F
[    8.986870] Interrupt Served: 	 Vector = 0x0000000F
[    8.990247] Interrupt Taken: 	 Vector = 0x0000000F
[    8.990313] Interrupt Served: 	 Vector = 0x0000000F
[    8.993434] Interrupt Taken: 	 Vector = 0x0000000F
[    8.993509] Interrupt Served: 	 Vector = 0x0000000F
[    8.997039] Interrupt Taken: 	 Vector = 0x0000000F
[    8.997151] Interrupt Served: 	 Vector = 0x0000000F
[    9.000459] Interrupt Taken: 	 Vector = 0x0000000F
[    9.000555] Interrupt Served: 	 Vector = 0x0000000F
[    9.004541] Interrupt Taken: 	 Vector = 0x0000000F
[    9.004630] Interrupt Served: 	 Vector = 0x0000000F
[    9.007772] Interrupt Taken: 	 Vector = 0x0000000F
[    9.007876] Interrupt Served: 	 Vector = 0x0000000F
[    9.011066] Interrupt Taken: 	 Vector = 0x0000000F
[    9.011166] Interrupt Served: 	 Vector = 0x0000000F
[    9.014324] Interrupt Taken: 	 Vector = 0x0000000F
[    9.014416] Interrupt Served: 	 Vector = 0x0000000F
[    9.019179] Interrupt Taken: 	 Vector = 0x0000000F
[    9.019286] Interrupt Served: 	 Vector = 0x0000000F
[    9.022373] Interrupt Taken: 	 Vector = 0x0000000F
[    9.022469] Interrupt Served: 	 Vector = 0x0000000F
[    9.025719] Interrupt Taken: 	 Vector = 0x0000000F
[    9.025801] Interrupt Served: 	 Vector = 0x0000000F
[    9.029037] Interrupt Taken: 	 Vector = 0x0000000F
[    9.029142] Interrupt Served: 	 Vector = 0x0000000F
[    9.032440] Interrupt Taken: 	 Vector = 0x0000000F
[    9.032512] Interrupt Served: 	 Vector = 0x0000000F
[    9.035762] Interrupt Taken: 	 Vector = 0x0000000F
[    9.035840] Interrupt Served: 	 Vector = 0x0000000F
[    9.038839] Interrupt Taken: 	 Vector = 0x0000000F
[    9.038937] Interrupt Served: 	 Vector = 0x0000000F
[    9.042024] Interrupt Taken: 	 Vector = 0x0000000F
[    9.042087] Interrupt Served: 	 Vector = 0x0000000F
[    9.045594] Interrupt Taken: 	 Vector = 0x0000000F
[    9.045709] Interrupt Served: 	 Vector = 0x0000000F
[    9.049477] Interrupt Taken: 	 Vector = 0x0000000F
[    9.049842] Interrupt Served: 	 Vector = 0x0000000F
[    9.053096] Interrupt Taken: 	 Vector = 0x0000000F
[    9.053193] Interrupt Served: 	 Vector = 0x0000000F
[    9.056426] Interrupt Taken: 	 Vector = 0x0000000F
[    9.056530] Interrupt Served: 	 Vector = 0x0000000F
[    9.059830] Interrupt Taken: 	 Vector = 0x0000000F
[    9.059932] Interrupt Served: 	 Vector = 0x0000000F
[    9.063682] Interrupt Taken: 	 Vector = 0x0000000F
[    9.063779] Interrupt Served: 	 Vector = 0x0000000F
[    9.067212] Interrupt Taken: 	 Vector = 0x0000000F
[    9.067345] Interrupt Served: 	 Vector = 0x0000000F
[    9.070627] Interrupt Taken: 	 Vector = 0x0000000F
[    9.070720] Interrupt Served: 	 Vector = 0x0000000F
[    9.074276] Interrupt Taken: 	 Vector = 0x0000000F
[    9.074369] Interrupt Served: 	 Vector = 0x0000000F
[    9.077638] Interrupt Taken: 	 Vector = 0x0000000F
[    9.077748] Interrupt Served: 	 Vector = 0x0000000F
[    9.080956] Interrupt Taken: 	 Vector = 0x0000000F
[    9.081042] Interrupt Served: 	 Vector = 0x0000000F
[    9.084273] Interrupt Taken: 	 Vector = 0x0000000F
[    9.084374] Interrupt Served: 	 Vector = 0x0000000F
[    9.087480] Interrupt Taken: 	 Vector = 0x0000000F
[    9.087553] Interrupt Served: 	 Vector = 0x0000000F
[    9.090816] Interrupt Taken: 	 Vector = 0x0000000F
[    9.090915] Interrupt Served: 	 Vector = 0x0000000F
[    9.094170] Interrupt Taken: 	 Vector = 0x0000000F
[    9.094249] Interrupt Served: 	 Vector = 0x0000000F
[    9.097377] Interrupt Taken: 	 Vector = 0x0000000F
[    9.097451] Interrupt Served: 	 Vector = 0x0000000F
[    9.100793] Interrupt Taken: 	 Vector = 0x0000000F
[    9.100886] Interrupt Served: 	 Vector = 0x0000000F
[    9.104401] Interrupt Taken: 	 Vector = 0x0000000F
[    9.104499] Interrupt Served: 	 Vector = 0x0000000F
[    9.107621] Interrupt Taken: 	 Vector = 0x0000000F
[    9.107694] Interrupt Served: 	 Vector = 0x0000000F
[    9.111004] Interrupt Taken: 	 Vector = 0x0000000F
[    9.111114] Interrupt Served: 	 Vector = 0x0000000F
[    9.114341] Interrupt Taken: 	 Vector = 0x0000000F
[    9.114426] Interrupt Served: 	 Vector = 0x0000000F
[    9.117629] Interrupt Taken: 	 Vector = 0x0000000F
[    9.117807] Interrupt Served: 	 Vector = 0x0000000F
[    9.120723] Interrupt Taken: 	 Vector = 0x0000000F
[    9.120790] Interrupt Served: 	 Vector = 0x0000000F
[    9.124116] Interrupt Taken: 	 Vector = 0x0000000F
[    9.124186] Interrupt Served: 	 Vector = 0x0000000F
[    9.127504] Interrupt Taken: 	 Vector = 0x0000000F
[    9.127602] Interrupt Served: 	 Vector = 0x0000000F
[    9.131713] Interrupt Taken: 	 Vector = 0x0000000F
[    9.131824] Interrupt Served: 	 Vector = 0x0000000F
[    9.135195] Interrupt Taken: 	 Vector = 0x0000000F
[    9.135289] Interrupt Served: 	 Vector = 0x0000000F
[    9.138706] Interrupt Taken: 	 Vector = 0x0000000F
[    9.138781] Interrupt Served: 	 Vector = 0x0000000F
[    9.150836] Interrupt Taken: 	 Vector = 0x0000000F
[    9.152505] Interrupt Served: 	 Vector = 0x0000000F
[    9.160672] Interrupt Taken: 	 Vector = 0x0000000F
[    9.160812] Interrupt Served: 	 Vector = 0x0000000F
[    9.166364] Interrupt Taken: 	 Vector = 0x0000000F
[    9.166474] Interrupt Served: 	 Vector = 0x0000000F
[    9.178910] Interrupt Taken: 	 Vector = 0x0000000F
[    9.179029] Interrupt Served: 	 Vector = 0x0000000F
[    9.188705] Interrupt Taken: 	 Vector = 0x0000000F
[    9.188817] Interrupt Served: 	 Vector = 0x0000000F
[    9.197632] Interrupt Taken: 	 Vector = 0x0000000F
[    9.197747] Interrupt Served: 	 Vector = 0x0000000F
[    9.202347] Interrupt Taken: 	 Vector = 0x0000000F
[    9.202449] Interrupt Served: 	 Vector = 0x0000000F
[    9.207860] Interrupt Taken: 	 Vector = 0x0000000F
[    9.207982] Interrupt Served: 	 Vector = 0x0000000F
[    9.214215] Interrupt Taken: 	 Vector = 0x0000000F
[    9.214328] Interrupt Served: 	 Vector = 0x0000000F
[    9.221088] Interrupt Taken: 	 Vector = 0x0000000F
[    9.221203] Interrupt Served: 	 Vector = 0x0000000F
[    9.228656] Interrupt Taken: 	 Vector = 0x0000000F
[    9.228778] Interrupt Served: 	 Vector = 0x0000000F
[    9.233352] Interrupt Taken: 	 Vector = 0x0000000F
[    9.233476] Interrupt Served: 	 Vector = 0x0000000F
[    9.241393] Interrupt Taken: 	 Vector = 0x0000000F
[    9.242672] Interrupt Served: 	 Vector = 0x0000000F
[    9.249259] Interrupt Taken: 	 Vector = 0x0000000F
[    9.249735] Interrupt Served: 	 Vector = 0x0000000F
[    9.255033] Interrupt Taken: 	 Vector = 0x0000000F
[    9.255152] Interrupt Served: 	 Vector = 0x0000000F
[    9.258726] Interrupt Taken: 	 Vector = 0x0000000F
[    9.258817] Interrupt Served: 	 Vector = 0x0000000F
[    9.262744] Interrupt Taken: 	 Vector = 0x0000000F
[    9.262834] Interrupt Served: 	 Vector = 0x0000000F
[    9.266092] Interrupt Taken: 	 Vector = 0x0000000F
[    9.266198] Interrupt Served: 	 Vector = 0x0000000F
[    9.273459] Interrupt Taken: 	 Vector = 0x0000000F
[    9.273560] Interrupt Served: 	 Vector = 0x0000000F
[    9.277027] Interrupt Taken: 	 Vector = 0x0000000F
[    9.277106] Interrupt Served: 	 Vector = 0x0000000F
[    9.280293] Interrupt Taken: 	 Vector = 0x0000000F
[    9.280368] Interrupt Served: 	 Vector = 0x0000000F
[    9.283756] Interrupt Taken: 	 Vector = 0x0000000F
[    9.283850] Interrupt Served: 	 Vector = 0x0000000F
[    9.289884] Interrupt Taken: 	 Vector = 0x0000000F
[    9.290003] Interrupt Served: 	 Vector = 0x0000000F
[    9.293239] Interrupt Taken: 	 Vector = 0x0000000F
[    9.293316] Interrupt Served: 	 Vector = 0x0000000F
[    9.296444] Interrupt Taken: 	 Vector = 0x0000000F
[    9.296520] Interrupt Served: 	 Vector = 0x0000000F
[    9.299588] Interrupt Taken: 	 Vector = 0x0000000F
[    9.299660] Interrupt Served: 	 Vector = 0x0000000F
[    9.304187] Interrupt Taken: 	 Vector = 0x0000000F
[    9.304288] Interrupt Served: 	 Vector = 0x0000000F
[    9.307868] Interrupt Taken: 	 Vector = 0x0000000F
[    9.308013] Interrupt Served: 	 Vector = 0x0000000F
[    9.311314] Interrupt Taken: 	 Vector = 0x0000000F
[    9.311373] Interrupt Served: 	 Vector = 0x0000000F
[    9.314214] Interrupt Taken: 	 Vector = 0x0000000F
[    9.314260] Interrupt Served: 	 Vector = 0x0000000F
[    9.317455] Interrupt Taken: 	 Vector = 0x0000000F
[    9.317524] Interrupt Served: 	 Vector = 0x0000000F
[    9.322394] Interrupt Taken: 	 Vector = 0x0000000F
[    9.322459] Interrupt Served: 	 Vector = 0x0000000F
[    9.325242] Interrupt Taken: 	 Vector = 0x0000000F
[    9.325295] Interrupt Served: 	 Vector = 0x0000000F
[    9.327950] Interrupt Taken: 	 Vector = 0x0000000F
[    9.327986] Interrupt Served: 	 Vector = 0x0000000F
[    9.330978] Interrupt Taken: 	 Vector = 0x0000000F
[    9.331025] Interrupt Served: 	 Vector = 0x0000000F
[    9.333771] Interrupt Taken: 	 Vector = 0x0000000F
[    9.333811] Interrupt Served: 	 Vector = 0x0000000F
[    9.337691] Interrupt Taken: 	 Vector = 0x0000000F
[    9.337753] Interrupt Served: 	 Vector = 0x0000000F
[    9.340615] Interrupt Taken: 	 Vector = 0x0000000F
[    9.340648] Interrupt Served: 	 Vector = 0x0000000F
[    9.344071] Interrupt Taken: 	 Vector = 0x0000000F
[    9.344132] Interrupt Served: 	 Vector = 0x0000000F
[    9.346997] Interrupt Taken: 	 Vector = 0x0000000F
[    9.347034] Interrupt Served: 	 Vector = 0x0000000F
[    9.353138] Interrupt Taken: 	 Vector = 0x0000000F
[    9.353185] Interrupt Served: 	 Vector = 0x0000000F
[    9.356329] Interrupt Taken: 	 Vector = 0x0000000F
[    9.356373] Interrupt Served: 	 Vector = 0x0000000F
[    9.359061] Interrupt Taken: 	 Vector = 0x0000000F
[    9.359096] Interrupt Served: 	 Vector = 0x0000000F
[    9.361654] Interrupt Taken: 	 Vector = 0x0000000F
[    9.361688] Interrupt Served: 	 Vector = 0x0000000F
[    9.364249] Interrupt Taken: 	 Vector = 0x0000000F
[    9.364286] Interrupt Served: 	 Vector = 0x0000000F
[    9.366982] Interrupt Taken: 	 Vector = 0x0000000F
[    9.367019] Interrupt Served: 	 Vector = 0x0000000F
[    9.371346] Interrupt Taken: 	 Vector = 0x0000000F
[    9.371388] Interrupt Served: 	 Vector = 0x0000000F
[    9.374353] Interrupt Taken: 	 Vector = 0x0000000F
[    9.374395] Interrupt Served: 	 Vector = 0x0000000F
[    9.378019] Interrupt Taken: 	 Vector = 0x0000000F
[    9.378097] Interrupt Served: 	 Vector = 0x0000000F
[    9.381370] Interrupt Taken: 	 Vector = 0x0000000F
[    9.381453] Interrupt Served: 	 Vector = 0x0000000F
[    9.384040] Interrupt Taken: 	 Vector = 0x0000000F
[    9.384090] Interrupt Served: 	 Vector = 0x0000000F
[    9.387045] Interrupt Taken: 	 Vector = 0x0000000F
[    9.387069] Interrupt Served: 	 Vector = 0x0000000F
[    9.389606] Interrupt Taken: 	 Vector = 0x0000000F
[    9.389634] Interrupt Served: 	 Vector = 0x0000000F
[    9.392304] Interrupt Taken: 	 Vector = 0x0000000F
[    9.392332] Interrupt Served: 	 Vector = 0x0000000F
[    9.394876] Interrupt Taken: 	 Vector = 0x0000000F
[    9.394914] Interrupt Served: 	 Vector = 0x0000000F
[    9.397552] Interrupt Taken: 	 Vector = 0x0000000F
[    9.397596] Interrupt Served: 	 Vector = 0x0000000F
[    9.400405] Interrupt Taken: 	 Vector = 0x0000000F
[    9.400429] Interrupt Served: 	 Vector = 0x0000000F
[    9.403306] Interrupt Taken: 	 Vector = 0x0000000F
[    9.403343] Interrupt Served: 	 Vector = 0x0000000F
[    9.405756] Interrupt Taken: 	 Vector = 0x0000000F
[    9.405791] Interrupt Served: 	 Vector = 0x0000000F
[    9.408617] Interrupt Taken: 	 Vector = 0x0000000F
[    9.408642] Interrupt Served: 	 Vector = 0x0000000F
[    9.411284] Interrupt Taken: 	 Vector = 0x0000000F
[    9.411331] Interrupt Served: 	 Vector = 0x0000000F
[    9.413956] Interrupt Taken: 	 Vector = 0x0000000F
[    9.413997] Interrupt Served: 	 Vector = 0x0000000F
[    9.416780] Interrupt Taken: 	 Vector = 0x0000000F
[    9.416808] Interrupt Served: 	 Vector = 0x0000000F
[    9.419619] Interrupt Taken: 	 Vector = 0x0000000F
[    9.419638] Interrupt Served: 	 Vector = 0x0000000F
[    9.422482] Interrupt Taken: 	 Vector = 0x0000000F
[    9.422504] Interrupt Served: 	 Vector = 0x0000000F
[    9.425278] Interrupt Taken: 	 Vector = 0x0000000F
[    9.425312] Interrupt Served: 	 Vector = 0x0000000F
[    9.428343] Interrupt Taken: 	 Vector = 0x0000000F
[    9.428394] Interrupt Served: 	 Vector = 0x0000000F
[    9.431318] Interrupt Taken: 	 Vector = 0x0000000F
[    9.431365] Interrupt Served: 	 Vector = 0x0000000F
[    9.434006] Interrupt Taken: 	 Vector = 0x0000000F
[    9.434041] Interrupt Served: 	 Vector = 0x0000000F
[    9.436696] Interrupt Taken: 	 Vector = 0x0000000F
[    9.436724] Interrupt Served: 	 Vector = 0x0000000F
[    9.439350] Interrupt Taken: 	 Vector = 0x0000000F
[    9.439382] Interrupt Served: 	 Vector = 0x0000000F
[    9.442023] Interrupt Taken: 	 Vector = 0x0000000F
[    9.442078] Interrupt Served: 	 Vector = 0x0000000F
[    9.444800] Interrupt Taken: 	 Vector = 0x0000000F
[    9.444856] Interrupt Served: 	 Vector = 0x0000000F
[    9.447682] Interrupt Taken: 	 Vector = 0x0000000F
[    9.447742] Interrupt Served: 	 Vector = 0x0000000F
[    9.450513] Interrupt Taken: 	 Vector = 0x0000000F
[    9.450573] Interrupt Served: 	 Vector = 0x0000000F
[    9.453439] Interrupt Taken: 	 Vector = 0x0000000F
[    9.453489] Interrupt Served: 	 Vector = 0x0000000F
[    9.456380] Interrupt Taken: 	 Vector = 0x0000000F
[    9.456447] Interrupt Served: 	 Vector = 0x0000000F
[    9.460220] Interrupt Taken: 	 Vector = 0x0000000F
[    9.460319] Interrupt Served: 	 Vector = 0x0000000F
[    9.463561] Interrupt Taken: 	 Vector = 0x0000000F
[    9.463641] Interrupt Served: 	 Vector = 0x0000000F
[    9.466619] Interrupt Taken: 	 Vector = 0x0000000F
[    9.466695] Interrupt Served: 	 Vector = 0x0000000F
[    9.470021] Interrupt Taken: 	 Vector = 0x0000000F
[    9.470089] Interrupt Served: 	 Vector = 0x0000000F
[    9.473577] Interrupt Taken: 	 Vector = 0x0000000F
[    9.473684] Interrupt Served: 	 Vector = 0x0000000F
[    9.477157] Interrupt Taken: 	 Vector = 0x0000000F
[    9.477267] Interrupt Served: 	 Vector = 0x0000000F
[    9.480585] Interrupt Taken: 	 Vector = 0x0000000F
[    9.480692] Interrupt Served: 	 Vector = 0x0000000F
[    9.483939] Interrupt Taken: 	 Vector = 0x0000000F
[    9.484043] Interrupt Served: 	 Vector = 0x0000000F
[    9.487349] Interrupt Taken: 	 Vector = 0x0000000F
[    9.487425] Interrupt Served: 	 Vector = 0x0000000F
[    9.490509] Interrupt Taken: 	 Vector = 0x0000000F
[    9.490595] Interrupt Served: 	 Vector = 0x0000000F
[    9.494593] Interrupt Taken: 	 Vector = 0x0000000F
[    9.494703] Interrupt Served: 	 Vector = 0x0000000F
[    9.498004] Interrupt Taken: 	 Vector = 0x0000000F
[    9.498109] Interrupt Served: 	 Vector = 0x0000000F
[    9.501602] Interrupt Taken: 	 Vector = 0x0000000F
[    9.501703] Interrupt Served: 	 Vector = 0x0000000F
[    9.505026] Interrupt Taken: 	 Vector = 0x0000000F
[    9.505150] Interrupt Served: 	 Vector = 0x0000000F
[    9.508446] Interrupt Taken: 	 Vector = 0x0000000F
[    9.508528] Interrupt Served: 	 Vector = 0x0000000F
[    9.512064] Interrupt Taken: 	 Vector = 0x0000000F
[    9.512173] Interrupt Served: 	 Vector = 0x0000000F
[    9.515731] Interrupt Taken: 	 Vector = 0x0000000F
[    9.515827] Interrupt Served: 	 Vector = 0x0000000F
[    9.519033] Interrupt Taken: 	 Vector = 0x0000000F
[    9.519126] Interrupt Served: 	 Vector = 0x0000000F
[    9.522284] Interrupt Taken: 	 Vector = 0x0000000F
[    9.522359] Interrupt Served: 	 Vector = 0x0000000F
[    9.525521] Interrupt Taken: 	 Vector = 0x0000000F
[    9.525586] Interrupt Served: 	 Vector = 0x0000000F
[    9.530112] Interrupt Taken: 	 Vector = 0x0000000F
[    9.530242] Interrupt Served: 	 Vector = 0x0000000F
[    9.533479] Interrupt Taken: 	 Vector = 0x0000000F
[    9.533576] Interrupt Served: 	 Vector = 0x0000000F
[    9.537281] Interrupt Taken: 	 Vector = 0x0000000F
[    9.537371] Interrupt Served: 	 Vector = 0x0000000F
[    9.540449] Interrupt Taken: 	 Vector = 0x0000000F
[    9.540537] Interrupt Served: 	 Vector = 0x0000000F
[    9.543959] Interrupt Taken: 	 Vector = 0x0000000F
[    9.544067] Interrupt Served: 	 Vector = 0x0000000F
[    9.547255] Interrupt Taken: 	 Vector = 0x0000000F
[    9.547353] Interrupt Served: 	 Vector = 0x0000000F
[    9.550811] Interrupt Taken: 	 Vector = 0x0000000F
[    9.550937] Interrupt Served: 	 Vector = 0x0000000F
[    9.554506] Interrupt Taken: 	 Vector = 0x0000000F
[    9.554602] Interrupt Served: 	 Vector = 0x0000000F
[    9.557743] Interrupt Taken: 	 Vector = 0x0000000F
[    9.557836] Interrupt Served: 	 Vector = 0x0000000F
[    9.561090] Interrupt Taken: 	 Vector = 0x0000000F
[    9.561172] Interrupt Served: 	 Vector = 0x0000000F
[    9.564384] Interrupt Taken: 	 Vector = 0x0000000F
[    9.564474] Interrupt Served: 	 Vector = 0x0000000F
[    9.567550] Interrupt Taken: 	 Vector = 0x0000000F
[    9.567684] Interrupt Served: 	 Vector = 0x0000000F
[    9.571992] Interrupt Taken: 	 Vector = 0x0000000F
[    9.572119] Interrupt Served: 	 Vector = 0x0000000F
[    9.575301] Interrupt Taken: 	 Vector = 0x0000000F
[    9.575364] Interrupt Served: 	 Vector = 0x0000000F
[    9.578522] Interrupt Taken: 	 Vector = 0x0000000F
[    9.578634] Interrupt Served: 	 Vector = 0x0000000F
[    9.581955] Interrupt Taken: 	 Vector = 0x0000000F
[    9.582039] Interrupt Served: 	 Vector = 0x0000000F
[    9.585803] Interrupt Taken: 	 Vector = 0x0000000F
[    9.585922] Interrupt Served: 	 Vector = 0x0000000F
[    9.589022] Interrupt Taken: 	 Vector = 0x0000000F
[    9.589146] Interrupt Served: 	 Vector = 0x0000000F
[    9.592412] Interrupt Taken: 	 Vector = 0x0000000F
[    9.592496] Interrupt Served: 	 Vector = 0x0000000F
[    9.595657] Interrupt Taken: 	 Vector = 0x0000000F
[    9.595765] Interrupt Served: 	 Vector = 0x0000000F
[    9.600815] Interrupt Taken: 	 Vector = 0x0000000F
[    9.600970] Interrupt Served: 	 Vector = 0x0000000F
[    9.604253] Interrupt Taken: 	 Vector = 0x0000000F
[    9.604343] Interrupt Served: 	 Vector = 0x0000000F
[    9.607549] Interrupt Taken: 	 Vector = 0x0000000F
[    9.607649] Interrupt Served: 	 Vector = 0x0000000F
[    9.610848] Interrupt Taken: 	 Vector = 0x0000000F
[    9.610981] Interrupt Served: 	 Vector = 0x0000000F
[    9.614416] Interrupt Taken: 	 Vector = 0x0000000F
[    9.614541] Interrupt Served: 	 Vector = 0x0000000F
[    9.617838] Interrupt Taken: 	 Vector = 0x0000000F
[    9.617979] Interrupt Served: 	 Vector = 0x0000000F
[    9.621661] Interrupt Taken: 	 Vector = 0x0000000F
[    9.621784] Interrupt Served: 	 Vector = 0x0000000F
[    9.625189] Interrupt Taken: 	 Vector = 0x0000000F
[    9.625285] Interrupt Served: 	 Vector = 0x0000000F
[    9.628549] Interrupt Taken: 	 Vector = 0x0000000F
[    9.628628] Interrupt Served: 	 Vector = 0x0000000F
[    9.631820] Interrupt Taken: 	 Vector = 0x0000000F
[    9.631938] Interrupt Served: 	 Vector = 0x0000000F
[    9.635175] Interrupt Taken: 	 Vector = 0x0000000F
[    9.635278] Interrupt Served: 	 Vector = 0x0000000F
[    9.639187] Interrupt Taken: 	 Vector = 0x0000000F
[    9.639293] Interrupt Served: 	 Vector = 0x0000000F
[    9.642625] Interrupt Taken: 	 Vector = 0x0000000F
[    9.642722] Interrupt Served: 	 Vector = 0x0000000F
[    9.646113] Interrupt Taken: 	 Vector = 0x0000000F
[    9.646223] Interrupt Served: 	 Vector = 0x0000000F
[    9.649833] Interrupt Taken: 	 Vector = 0x0000000F
[    9.649939] Interrupt Served: 	 Vector = 0x0000000F
[    9.653150] Interrupt Taken: 	 Vector = 0x0000000F
[    9.653248] Interrupt Served: 	 Vector = 0x0000000F
[    9.656820] Interrupt Taken: 	 Vector = 0x0000000F
[    9.656962] Interrupt Served: 	 Vector = 0x0000000F
[    9.660034] Interrupt Taken: 	 Vector = 0x0000000F
[    9.660262] Interrupt Served: 	 Vector = 0x0000000F
[    9.663748] Interrupt Taken: 	 Vector = 0x0000000F
[    9.663819] Interrupt Served: 	 Vector = 0x0000000F
[    9.667084] Interrupt Taken: 	 Vector = 0x0000000F
[    9.667151] Interrupt Served: 	 Vector = 0x0000000F
[    9.670208] Interrupt Taken: 	 Vector = 0x0000000F
[    9.670296] Interrupt Served: 	 Vector = 0x0000000F
[    9.674395] Interrupt Taken: 	 Vector = 0x0000000F
[    9.674494] Interrupt Served: 	 Vector = 0x0000000F
[    9.678314] Interrupt Taken: 	 Vector = 0x0000000F
[    9.678408] Interrupt Served: 	 Vector = 0x0000000F
[    9.681610] Interrupt Taken: 	 Vector = 0x0000000F
[    9.681682] Interrupt Served: 	 Vector = 0x0000000F
[    9.685099] Interrupt Taken: 	 Vector = 0x0000000F
[    9.685188] Interrupt Served: 	 Vector = 0x0000000F
[    9.688590] Interrupt Taken: 	 Vector = 0x0000000F
[    9.688660] Interrupt Served: 	 Vector = 0x0000000F
[    9.692419] Interrupt Taken: 	 Vector = 0x0000000F
[    9.692515] Interrupt Served: 	 Vector = 0x0000000F
[    9.695831] Interrupt Taken: 	 Vector = 0x0000000F
[    9.695954] Interrupt Served: 	 Vector = 0x0000000F
[    9.699118] Interrupt Taken: 	 Vector = 0x0000000F
[    9.699225] Interrupt Served: 	 Vector = 0x0000000F
[    9.702424] Interrupt Taken: 	 Vector = 0x0000000F
[    9.702507] Interrupt Served: 	 Vector = 0x0000000F
[    9.705670] Interrupt Taken: 	 Vector = 0x0000000F
[    9.705747] Interrupt Served: 	 Vector = 0x0000000F
[    9.708974] Interrupt Taken: 	 Vector = 0x0000000F
[    9.709141] Interrupt Served: 	 Vector = 0x0000000F
[    9.712678] Interrupt Taken: 	 Vector = 0x0000000F
[    9.712795] Interrupt Served: 	 Vector = 0x0000000F
[    9.716143] Interrupt Taken: 	 Vector = 0x0000000F
[    9.716258] Interrupt Served: 	 Vector = 0x0000000F
[    9.719669] Interrupt Taken: 	 Vector = 0x0000000F
[    9.719749] Interrupt Served: 	 Vector = 0x0000000F
[    9.723070] Interrupt Taken: 	 Vector = 0x0000000F
[    9.723169] Interrupt Served: 	 Vector = 0x0000000F
[    9.727212] Interrupt Taken: 	 Vector = 0x0000000F
[    9.727340] Interrupt Served: 	 Vector = 0x0000000F
[    9.730641] Interrupt Taken: 	 Vector = 0x0000000F
[    9.730729] Interrupt Served: 	 Vector = 0x0000000F
[    9.734182] Interrupt Taken: 	 Vector = 0x0000000F
[    9.734258] Interrupt Served: 	 Vector = 0x0000000F
[    9.737546] Interrupt Taken: 	 Vector = 0x0000000F
[    9.737647] Interrupt Served: 	 Vector = 0x0000000F
[    9.741233] Interrupt Taken: 	 Vector = 0x0000000F
[    9.741326] Interrupt Served: 	 Vector = 0x0000000F
[    9.744540] Interrupt Taken: 	 Vector = 0x0000000F
[    9.744634] Interrupt Served: 	 Vector = 0x0000000F
[    9.747957] Interrupt Taken: 	 Vector = 0x0000000F
[    9.748044] Interrupt Served: 	 Vector = 0x0000000F
[    9.751312] Interrupt Taken: 	 Vector = 0x0000000F
[    9.751410] Interrupt Served: 	 Vector = 0x0000000F
[    9.754698] Interrupt Taken: 	 Vector = 0x0000000F
[    9.754783] Interrupt Served: 	 Vector = 0x0000000F
[    9.758137] Interrupt Taken: 	 Vector = 0x0000000F
[    9.758296] Interrupt Served: 	 Vector = 0x0000000F
[    9.761215] Interrupt Taken: 	 Vector = 0x0000000F
[    9.761306] Interrupt Served: 	 Vector = 0x0000000F
[    9.764939] Interrupt Taken: 	 Vector = 0x0000000F
[    9.765058] Interrupt Served: 	 Vector = 0x0000000F
[    9.768371] Interrupt Taken: 	 Vector = 0x0000000F
[    9.768463] Interrupt Served: 	 Vector = 0x0000000F
[    9.771756] Interrupt Taken: 	 Vector = 0x0000000F
[    9.771826] Interrupt Served: 	 Vector = 0x0000000F
[    9.775067] Interrupt Taken: 	 Vector = 0x0000000F
[    9.775132] Interrupt Served: 	 Vector = 0x0000000F
[    9.778485] Interrupt Taken: 	 Vector = 0x0000000F
[    9.778568] Interrupt Served: 	 Vector = 0x0000000F
[    9.781784] Interrupt Taken: 	 Vector = 0x0000000F
[    9.781883] Interrupt Served: 	 Vector = 0x0000000F
[    9.785152] Interrupt Taken: 	 Vector = 0x0000000F
[    9.785227] Interrupt Served: 	 Vector = 0x0000000F
[    9.788146] Interrupt Taken: 	 Vector = 0x0000000F
[    9.788187] Interrupt Served: 	 Vector = 0x0000000F
[    9.791165] Interrupt Taken: 	 Vector = 0x0000000F
[    9.791210] Interrupt Served: 	 Vector = 0x0000000F
[    9.794242] Interrupt Taken: 	 Vector = 0x0000000F
[    9.794285] Interrupt Served: 	 Vector = 0x0000000F
[    9.797054] Interrupt Taken: 	 Vector = 0x0000000F
[    9.797125] Interrupt Served: 	 Vector = 0x0000000F
[    9.799918] Interrupt Taken: 	 Vector = 0x0000000F
[    9.799958] Interrupt Served: 	 Vector = 0x0000000F
[    9.802900] Interrupt Taken: 	 Vector = 0x0000000F
[    9.802942] Interrupt Served: 	 Vector = 0x0000000F
[    9.805930] Interrupt Taken: 	 Vector = 0x0000000F
[    9.805962] Interrupt Served: 	 Vector = 0x0000000F
[    9.808907] Interrupt Taken: 	 Vector = 0x0000000F
[    9.808934] Interrupt Served: 	 Vector = 0x0000000F
[    9.811775] Interrupt Taken: 	 Vector = 0x0000000F
[    9.811807] Interrupt Served: 	 Vector = 0x0000000F
[    9.814398] Interrupt Taken: 	 Vector = 0x0000000F
[    9.814439] Interrupt Served: 	 Vector = 0x0000000F
[    9.817176] Interrupt Taken: 	 Vector = 0x0000000F
[    9.817207] Interrupt Served: 	 Vector = 0x0000000F
[    9.820014] Interrupt Taken: 	 Vector = 0x0000000F
[    9.820038] Interrupt Served: 	 Vector = 0x0000000F
[    9.822701] Interrupt Taken: 	 Vector = 0x0000000F
[    9.822719] Interrupt Served: 	 Vector = 0x0000000F
[    9.825438] Interrupt Taken: 	 Vector = 0x0000000F
[    9.825457] Interrupt Served: 	 Vector = 0x0000000F
[    9.828208] Interrupt Taken: 	 Vector = 0x0000000F
[    9.828226] Interrupt Served: 	 Vector = 0x0000000F
[    9.830944] Interrupt Taken: 	 Vector = 0x0000000F
[    9.830961] Interrupt Served: 	 Vector = 0x0000000F
[    9.833578] Interrupt Taken: 	 Vector = 0x0000000F
[    9.833611] Interrupt Served: 	 Vector = 0x0000000F
[    9.836228] Interrupt Taken: 	 Vector = 0x0000000F
[    9.836266] Interrupt Served: 	 Vector = 0x0000000F
[    9.839007] Interrupt Taken: 	 Vector = 0x0000000F
[    9.839035] Interrupt Served: 	 Vector = 0x0000000F
[    9.841670] Interrupt Taken: 	 Vector = 0x0000000F
[    9.841699] Interrupt Served: 	 Vector = 0x0000000F
[    9.844371] Interrupt Taken: 	 Vector = 0x0000000F
[    9.844397] Interrupt Served: 	 Vector = 0x0000000F
[    9.847348] Interrupt Taken: 	 Vector = 0x0000000F
[    9.847398] Interrupt Served: 	 Vector = 0x0000000F
[    9.850045] Interrupt Taken: 	 Vector = 0x0000000F
[    9.850073] Interrupt Served: 	 Vector = 0x0000000F
[    9.852589] Interrupt Taken: 	 Vector = 0x0000000F
[    9.852636] Interrupt Served: 	 Vector = 0x0000000F
[    9.855183] Interrupt Taken: 	 Vector = 0x0000000F
[    9.855240] Interrupt Served: 	 Vector = 0x0000000F
[    9.858056] Interrupt Taken: 	 Vector = 0x0000000F
[    9.858109] Interrupt Served: 	 Vector = 0x0000000F
[    9.860701] Interrupt Taken: 	 Vector = 0x0000000F
[    9.860718] Interrupt Served: 	 Vector = 0x0000000F
[    9.863495] Interrupt Taken: 	 Vector = 0x0000000F
[    9.863525] Interrupt Served: 	 Vector = 0x0000000F
[    9.866114] Interrupt Taken: 	 Vector = 0x0000000F
[    9.866146] Interrupt Served: 	 Vector = 0x0000000F
[    9.868730] Interrupt Taken: 	 Vector = 0x0000000F
[    9.868750] Interrupt Served: 	 Vector = 0x0000000F
[    9.871632] Interrupt Taken: 	 Vector = 0x0000000F
[    9.871650] Interrupt Served: 	 Vector = 0x0000000F
[    9.874457] Interrupt Taken: 	 Vector = 0x0000000F
[    9.874477] Interrupt Served: 	 Vector = 0x0000000F
[    9.877291] Interrupt Taken: 	 Vector = 0x0000000F
[    9.877315] Interrupt Served: 	 Vector = 0x0000000F
[    9.880163] Interrupt Taken: 	 Vector = 0x0000000F
[    9.880187] Interrupt Served: 	 Vector = 0x0000000F
[    9.882708] Interrupt Taken: 	 Vector = 0x0000000F
[    9.882737] Interrupt Served: 	 Vector = 0x0000000F
[    9.885312] Interrupt Taken: 	 Vector = 0x0000000F
[    9.885350] Interrupt Served: 	 Vector = 0x0000000F
[    9.888363] Interrupt Taken: 	 Vector = 0x0000000F
[    9.888382] Interrupt Served: 	 Vector = 0x0000000F
[    9.891288] Interrupt Taken: 	 Vector = 0x0000000F
[    9.891311] Interrupt Served: 	 Vector = 0x0000000F
[    9.894240] Interrupt Taken: 	 Vector = 0x0000000F
[    9.894271] Interrupt Served: 	 Vector = 0x0000000F
[    9.897123] Interrupt Taken: 	 Vector = 0x0000000F
[    9.897152] Interrupt Served: 	 Vector = 0x0000000F
[    9.899828] Interrupt Taken: 	 Vector = 0x0000000F
[    9.899876] Interrupt Served: 	 Vector = 0x0000000F
[    9.902640] Interrupt Taken: 	 Vector = 0x0000000F
[    9.902677] Interrupt Served: 	 Vector = 0x0000000F
[    9.905212] Interrupt Taken: 	 Vector = 0x0000000F
[    9.905238] Interrupt Served: 	 Vector = 0x0000000F
[    9.908018] Interrupt Taken: 	 Vector = 0x0000000F
[    9.908042] Interrupt Served: 	 Vector = 0x0000000F
[    9.910762] Interrupt Taken: 	 Vector = 0x0000000F
[    9.910816] Interrupt Served: 	 Vector = 0x0000000F
[    9.913481] Interrupt Taken: 	 Vector = 0x0000000F
[    9.913524] Interrupt Served: 	 Vector = 0x0000000F
[    9.916291] Interrupt Taken: 	 Vector = 0x0000000F
[    9.916331] Interrupt Served: 	 Vector = 0x0000000F
[    9.919329] Interrupt Taken: 	 Vector = 0x0000000F
[    9.919364] Interrupt Served: 	 Vector = 0x0000000F
[    9.921979] Interrupt Taken: 	 Vector = 0x0000000F
[    9.922010] Interrupt Served: 	 Vector = 0x0000000F
[    9.924716] Interrupt Taken: 	 Vector = 0x0000000F
[    9.924739] Interrupt Served: 	 Vector = 0x0000000F
[    9.927386] Interrupt Taken: 	 Vector = 0x0000000F
[    9.927433] Interrupt Served: 	 Vector = 0x0000000F
[    9.930374] Interrupt Taken: 	 Vector = 0x0000000F
[    9.930421] Interrupt Served: 	 Vector = 0x0000000F
[    9.933271] Interrupt Taken: 	 Vector = 0x0000000F
[    9.933308] Interrupt Served: 	 Vector = 0x0000000F
[    9.936369] Interrupt Taken: 	 Vector = 0x0000000F
[    9.936426] Interrupt Served: 	 Vector = 0x0000000F
[    9.939109] Interrupt Taken: 	 Vector = 0x0000000F
[    9.939153] Interrupt Served: 	 Vector = 0x0000000F
[    9.942394] Interrupt Taken: 	 Vector = 0x0000000F
[    9.942458] Interrupt Served: 	 Vector = 0x0000000F
[    9.945290] Interrupt Taken: 	 Vector = 0x0000000F
[    9.945340] Interrupt Served: 	 Vector = 0x0000000F
[    9.948191] Interrupt Taken: 	 Vector = 0x0000000F
[    9.948256] Interrupt Served: 	 Vector = 0x0000000F
[    9.951142] Interrupt Taken: 	 Vector = 0x0000000F
[    9.951202] Interrupt Served: 	 Vector = 0x0000000F
[    9.954484] Interrupt Taken: 	 Vector = 0x0000000F
[    9.954546] Interrupt Served: 	 Vector = 0x0000000F
[    9.957913] Interrupt Taken: 	 Vector = 0x0000000F
[    9.958005] Interrupt Served: 	 Vector = 0x0000000F
[    9.961011] Interrupt Taken: 	 Vector = 0x0000000F
[    9.961086] Interrupt Served: 	 Vector = 0x0000000F
[    9.964022] Interrupt Taken: 	 Vector = 0x0000000F
[    9.964094] Interrupt Served: 	 Vector = 0x0000000F
[    9.967275] Interrupt Taken: 	 Vector = 0x0000000F
[    9.967367] Interrupt Served: 	 Vector = 0x0000000F
[    9.970816] Interrupt Taken: 	 Vector = 0x0000000F
[    9.970940] Interrupt Served: 	 Vector = 0x0000000F
[    9.974290] Interrupt Taken: 	 Vector = 0x0000000F
[    9.974944] Interrupt Served: 	 Vector = 0x0000000F
[    9.977850] Interrupt Taken: 	 Vector = 0x0000000F
[    9.977993] Interrupt Served: 	 Vector = 0x0000000F
[    9.981252] Interrupt Taken: 	 Vector = 0x0000000F
[    9.981345] Interrupt Served: 	 Vector = 0x0000000F
[    9.984533] Interrupt Taken: 	 Vector = 0x0000000F
[    9.984623] Interrupt Served: 	 Vector = 0x0000000F
[    9.987834] Interrupt Taken: 	 Vector = 0x0000000F
[    9.987991] Interrupt Served: 	 Vector = 0x0000000F
[    9.991387] Interrupt Taken: 	 Vector = 0x0000000F
[    9.991493] Interrupt Served: 	 Vector = 0x0000000F
[    9.994749] Interrupt Taken: 	 Vector = 0x0000000F
[    9.994873] Interrupt Served: 	 Vector = 0x0000000F
[    9.998115] Interrupt Taken: 	 Vector = 0x0000000F
[    9.998192] Interrupt Served: 	 Vector = 0x0000000F
[   10.002227] Interrupt Taken: 	 Vector = 0x0000000F
[   10.002322] Interrupt Served: 	 Vector = 0x0000000F
[   10.005665] Interrupt Taken: 	 Vector = 0x0000000F
[   10.005770] Interrupt Served: 	 Vector = 0x0000000F
[   10.009084] Interrupt Taken: 	 Vector = 0x0000000F
[   10.009159] Interrupt Served: 	 Vector = 0x0000000F
[   10.012707] Interrupt Taken: 	 Vector = 0x0000000F
[   10.012808] Interrupt Served: 	 Vector = 0x0000000F
[   10.016269] Interrupt Taken: 	 Vector = 0x0000000F
[   10.016375] Interrupt Served: 	 Vector = 0x0000000F
[   10.019643] Interrupt Taken: 	 Vector = 0x0000000F
[   10.019727] Interrupt Served: 	 Vector = 0x0000000F
[   10.023038] Interrupt Taken: 	 Vector = 0x0000000F
[   10.023121] Interrupt Served: 	 Vector = 0x0000000F
[   10.026371] Interrupt Taken: 	 Vector = 0x0000000F
[   10.026460] Interrupt Served: 	 Vector = 0x0000000F
[   10.029740] Interrupt Taken: 	 Vector = 0x0000000F
[   10.029841] Interrupt Served: 	 Vector = 0x0000000F
[   10.032801] Interrupt Taken: 	 Vector = 0x0000000F
[   10.032877] Interrupt Served: 	 Vector = 0x0000000F
[   10.036117] Interrupt Taken: 	 Vector = 0x0000000F
[   10.036195] Interrupt Served: 	 Vector = 0x0000000F
[   10.039495] Interrupt Taken: 	 Vector = 0x0000000F
[   10.039595] Interrupt Served: 	 Vector = 0x0000000F
[   10.043075] Interrupt Taken: 	 Vector = 0x0000000F
[   10.043193] Interrupt Served: 	 Vector = 0x0000000F
[   10.046540] Interrupt Taken: 	 Vector = 0x0000000F
[   10.046648] Interrupt Served: 	 Vector = 0x0000000F
[   10.050062] Interrupt Taken: 	 Vector = 0x0000000F
[   10.050165] Interrupt Served: 	 Vector = 0x0000000F
[   10.054466] Interrupt Taken: 	 Vector = 0x0000000F
[   10.054577] Interrupt Served: 	 Vector = 0x0000000F
[   10.058988] Interrupt Taken: 	 Vector = 0x0000000F
[   10.059098] Interrupt Served: 	 Vector = 0x0000000F
[   10.063514] Interrupt Taken: 	 Vector = 0x0000000F
[   10.063632] Interrupt Served: 	 Vector = 0x0000000F
[   10.070010] Interrupt Taken: 	 Vector = 0x0000000F
[   10.070558] Interrupt Served: 	 Vector = 0x0000000F
[   10.074174] Interrupt Taken: 	 Vector = 0x0000000F
[   10.075690] Interrupt Served: 	 Vector = 0x0000000F
[   10.081720] Interrupt Taken: 	 Vector = 0x0000000F
[   10.081871] Interrupt Served: 	 Vector = 0x0000000F
[   10.085812] Interrupt Taken: 	 Vector = 0x0000000F
[   10.085948] Interrupt Served: 	 Vector = 0x0000000F
[   10.089530] Interrupt Taken: 	 Vector = 0x0000000F
[   10.089632] Interrupt Served: 	 Vector = 0x0000000F
[   10.095382] Interrupt Taken: 	 Vector = 0x0000000F
[   10.095501] Interrupt Served: 	 Vector = 0x0000000F
[   10.102113] Interrupt Taken: 	 Vector = 0x0000000F
[   10.102235] Interrupt Served: 	 Vector = 0x0000000F
[   10.107350] Interrupt Taken: 	 Vector = 0x0000000F
[   10.107479] Interrupt Served: 	 Vector = 0x0000000F
[   10.117718] Interrupt Taken: 	 Vector = 0x0000000F
[   10.118108] Interrupt Served: 	 Vector = 0x0000000F
[   10.123689] Interrupt Taken: 	 Vector = 0x0000000F
[   10.123989] Interrupt Served: 	 Vector = 0x0000000F
[   10.126800] Interrupt Taken: 	 Vector = 0x0000000F
[   10.127237] Interrupt Served: 	 Vector = 0x0000000F
[   10.130750] Interrupt Taken: 	 Vector = 0x0000000F
[   10.131238] Interrupt Served: 	 Vector = 0x0000000F
[   10.134742] Interrupt Taken: 	 Vector = 0x0000000F
[   10.134883] Interrupt Served: 	 Vector = 0x0000000F
[   10.138582] Interrupt Taken: 	 Vector = 0x0000000F
[   10.138730] Interrupt Served: 	 Vector = 0x0000000F
[   10.144572] Interrupt Taken: 	 Vector = 0x0000000F
[   10.144684] Interrupt Served: 	 Vector = 0x0000000F
[   10.148287] Interrupt Taken: 	 Vector = 0x0000000F
[   10.148406] Interrupt Served: 	 Vector = 0x0000000F
[   10.152289] Interrupt Taken: 	 Vector = 0x0000000F
[   10.152478] Interrupt Served: 	 Vector = 0x0000000F
[   10.159693] Interrupt Taken: 	 Vector = 0x0000000F
[   10.159817] Interrupt Served: 	 Vector = 0x0000000F
[   10.163150] Interrupt Taken: 	 Vector = 0x0000000F
[   10.163337] Interrupt Served: 	 Vector = 0x0000000F
[   10.166777] Interrupt Taken: 	 Vector = 0x0000000F
[   10.166938] Interrupt Served: 	 Vector = 0x0000000F
[   10.170465] Interrupt Taken: 	 Vector = 0x0000000F
[   10.170571] Interrupt Served: 	 Vector = 0x0000000F
[   10.176496] Interrupt Taken: 	 Vector = 0x0000000F
[   10.176617] Interrupt Served: 	 Vector = 0x0000000F
[   10.181740] Interrupt Taken: 	 Vector = 0x0000000F
[   10.181864] Interrupt Served: 	 Vector = 0x0000000F
[   10.187299] Interrupt Taken: 	 Vector = 0x0000000F
[   10.187423] Interrupt Served: 	 Vector = 0x0000000F
[   10.190883] Interrupt Taken: 	 Vector = 0x0000000F
[   10.191011] Interrupt Served: 	 Vector = 0x0000000F
[   10.195702] Interrupt Taken: 	 Vector = 0x0000000F
[   10.195818] Interrupt Served: 	 Vector = 0x0000000F
[   10.199310] Interrupt Taken: 	 Vector = 0x0000000F
[   10.199412] Interrupt Served: 	 Vector = 0x0000000F
[   10.202777] Interrupt Taken: 	 Vector = 0x0000000F
[   10.202848] Interrupt Served: 	 Vector = 0x0000000F
[   10.206157] Interrupt Taken: 	 Vector = 0x0000000F
[   10.206252] Interrupt Served: 	 Vector = 0x0000000F
[   10.209484] Interrupt Taken: 	 Vector = 0x0000000F
[   10.209592] Interrupt Served: 	 Vector = 0x0000000F
[   10.212811] Interrupt Taken: 	 Vector = 0x0000000F
[   10.213000] Interrupt Served: 	 Vector = 0x0000000F
[   10.215781] Interrupt Taken: 	 Vector = 0x0000000F
[   10.215865] Interrupt Served: 	 Vector = 0x0000000F
[   10.219206] Interrupt Taken: 	 Vector = 0x0000000F
[   10.219306] Interrupt Served: 	 Vector = 0x0000000F
[   10.222528] Interrupt Taken: 	 Vector = 0x0000000F
[   10.222628] Interrupt Served: 	 Vector = 0x0000000F
[   10.225702] Interrupt Taken: 	 Vector = 0x0000000F
[   10.225795] Interrupt Served: 	 Vector = 0x0000000F
[   10.229091] Interrupt Taken: 	 Vector = 0x0000000F
[   10.229179] Interrupt Served: 	 Vector = 0x0000000F
[   10.232336] Interrupt Taken: 	 Vector = 0x0000000F
[   10.232442] Interrupt Served: 	 Vector = 0x0000000F
[   10.236127] Interrupt Taken: 	 Vector = 0x0000000F
[   10.236231] Interrupt Served: 	 Vector = 0x0000000F
[   10.240389] Interrupt Taken: 	 Vector = 0x0000000F
[   10.240502] Interrupt Served: 	 Vector = 0x0000000F
[   10.244486] Interrupt Taken: 	 Vector = 0x0000000F
[   10.244579] Interrupt Served: 	 Vector = 0x0000000F
[   10.247693] Interrupt Taken: 	 Vector = 0x0000000F
[   10.247762] Interrupt Served: 	 Vector = 0x0000000F
[   10.253330] Interrupt Taken: 	 Vector = 0x0000000F
[   10.253431] Interrupt Served: 	 Vector = 0x0000000F
[   10.256695] Interrupt Taken: 	 Vector = 0x0000000F
[   10.256827] Interrupt Served: 	 Vector = 0x0000000F
[   10.259992] Interrupt Taken: 	 Vector = 0x0000000F
[   10.260081] Interrupt Served: 	 Vector = 0x0000000F
[   10.263546] Interrupt Taken: 	 Vector = 0x0000000F
[   10.263655] Interrupt Served: 	 Vector = 0x0000000F
[   10.267374] Interrupt Taken: 	 Vector = 0x0000000F
[   10.267501] Interrupt Served: 	 Vector = 0x0000000F
[   10.271155] Interrupt Taken: 	 Vector = 0x0000000F
[   10.271274] Interrupt Served: 	 Vector = 0x0000000F
[   10.274867] Interrupt Taken: 	 Vector = 0x0000000F
[   10.274976] Interrupt Served: 	 Vector = 0x0000000F
[   10.278044] Interrupt Taken: 	 Vector = 0x0000000F
[   10.278105] Interrupt Served: 	 Vector = 0x0000000F
[   10.282162] Interrupt Taken: 	 Vector = 0x0000000F
[   10.282264] Interrupt Served: 	 Vector = 0x0000000F
[   10.286062] Interrupt Taken: 	 Vector = 0x0000000F
[   10.286175] Interrupt Served: 	 Vector = 0x0000000F
[   10.289750] Interrupt Taken: 	 Vector = 0x0000000F
[   10.289837] Interrupt Served: 	 Vector = 0x0000000F
[   10.293848] Interrupt Taken: 	 Vector = 0x0000000F
[   10.293936] Interrupt Served: 	 Vector = 0x0000000F
[   10.296797] Interrupt Taken: 	 Vector = 0x0000000F
[   10.296854] Interrupt Served: 	 Vector = 0x0000000F
[   10.300043] Interrupt Taken: 	 Vector = 0x0000000F
[   10.300125] Interrupt Served: 	 Vector = 0x0000000F
[   10.303771] Interrupt Taken: 	 Vector = 0x0000000F
[   10.303827] Interrupt Served: 	 Vector = 0x0000000F
[   10.306771] Interrupt Taken: 	 Vector = 0x0000000F
[   10.306835] Interrupt Served: 	 Vector = 0x0000000F
[   10.309693] Interrupt Taken: 	 Vector = 0x0000000F
[   10.309732] Interrupt Served: 	 Vector = 0x0000000F
[   10.312532] Interrupt Taken: 	 Vector = 0x0000000F
[   10.312584] Interrupt Served: 	 Vector = 0x0000000F
[   10.315552] Interrupt Taken: 	 Vector = 0x0000000F
[   10.315614] Interrupt Served: 	 Vector = 0x0000000F
[   10.318399] Interrupt Taken: 	 Vector = 0x0000000F
[   10.318456] Interrupt Served: 	 Vector = 0x0000000F
[   10.321410] Interrupt Taken: 	 Vector = 0x0000000F
[   10.321477] Interrupt Served: 	 Vector = 0x0000000F
[   10.324205] Interrupt Taken: 	 Vector = 0x0000000F
[   10.324247] Interrupt Served: 	 Vector = 0x0000000F
[   10.327254] Interrupt Taken: 	 Vector = 0x0000000F
[   10.327304] Interrupt Served: 	 Vector = 0x0000000F
[   10.330141] Interrupt Taken: 	 Vector = 0x0000000F
[   10.330191] Interrupt Served: 	 Vector = 0x0000000F
[   10.333262] Interrupt Taken: 	 Vector = 0x0000000F
[   10.333332] Interrupt Served: 	 Vector = 0x0000000F
[   10.336289] Interrupt Taken: 	 Vector = 0x0000000F
[   10.336346] Interrupt Served: 	 Vector = 0x0000000F
[   10.339706] Interrupt Taken: 	 Vector = 0x0000000F
[   10.339771] Interrupt Served: 	 Vector = 0x0000000F
[   10.342676] Interrupt Taken: 	 Vector = 0x0000000F
[   10.342720] Interrupt Served: 	 Vector = 0x0000000F
[   10.345539] Interrupt Taken: 	 Vector = 0x0000000F
[   10.345584] Interrupt Served: 	 Vector = 0x0000000F
[   10.348490] Interrupt Taken: 	 Vector = 0x0000000F
[   10.348537] Interrupt Served: 	 Vector = 0x0000000F
[   10.351373] Interrupt Taken: 	 Vector = 0x0000000F
[   10.351441] Interrupt Served: 	 Vector = 0x0000000F
[   10.354258] Interrupt Taken: 	 Vector = 0x0000000F
[   10.354315] Interrupt Served: 	 Vector = 0x0000000F
[   10.357063] Interrupt Taken: 	 Vector = 0x0000000F
[   10.357120] Interrupt Served: 	 Vector = 0x0000000F
[   10.359793] Interrupt Taken: 	 Vector = 0x0000000F
[   10.359830] Interrupt Served: 	 Vector = 0x0000000F
[   10.362427] Interrupt Taken: 	 Vector = 0x0000000F
[   10.362466] Interrupt Served: 	 Vector = 0x0000000F
[   10.365099] Interrupt Taken: 	 Vector = 0x0000000F
[   10.365144] Interrupt Served: 	 Vector = 0x0000000F
[   10.367764] Interrupt Taken: 	 Vector = 0x0000000F
[   10.367802] Interrupt Served: 	 Vector = 0x0000000F
[   10.370467] Interrupt Taken: 	 Vector = 0x0000000F
[   10.370503] Interrupt Served: 	 Vector = 0x0000000F
[   10.373191] Interrupt Taken: 	 Vector = 0x0000000F
[   10.373228] Interrupt Served: 	 Vector = 0x0000000F
[   10.375842] Interrupt Taken: 	 Vector = 0x0000000F
[   10.375867] Interrupt Served: 	 Vector = 0x0000000F
[   10.378435] Interrupt Taken: 	 Vector = 0x0000000F
[   10.378471] Interrupt Served: 	 Vector = 0x0000000F
[   10.381035] Interrupt Taken: 	 Vector = 0x0000000F
[   10.381069] Interrupt Served: 	 Vector = 0x0000000F
[   10.383734] Interrupt Taken: 	 Vector = 0x0000000F
[   10.383772] Interrupt Served: 	 Vector = 0x0000000F
[   10.386327] Interrupt Taken: 	 Vector = 0x0000000F
[   10.386362] Interrupt Served: 	 Vector = 0x0000000F
[   10.389281] Interrupt Taken: 	 Vector = 0x0000000F
[   10.389318] Interrupt Served: 	 Vector = 0x0000000F
[   10.391856] Interrupt Taken: 	 Vector = 0x0000000F
[   10.391886] Interrupt Served: 	 Vector = 0x0000000F
[   10.394425] Interrupt Taken: 	 Vector = 0x0000000F
[   10.394447] Interrupt Served: 	 Vector = 0x0000000F
[   10.397054] Interrupt Taken: 	 Vector = 0x0000000F
[   10.397082] Interrupt Served: 	 Vector = 0x0000000F
[   10.399772] Interrupt Taken: 	 Vector = 0x0000000F
[   10.399823] Interrupt Served: 	 Vector = 0x0000000F
[   10.402402] Interrupt Taken: 	 Vector = 0x0000000F
[   10.402421] Interrupt Served: 	 Vector = 0x0000000F
[   10.405078] Interrupt Taken: 	 Vector = 0x0000000F
[   10.405117] Interrupt Served: 	 Vector = 0x0000000F
[   10.407613] Interrupt Taken: 	 Vector = 0x0000000F
[   10.407645] Interrupt Served: 	 Vector = 0x0000000F
[   10.410171] Interrupt Taken: 	 Vector = 0x0000000F
[   10.410195] Interrupt Served: 	 Vector = 0x0000000F
[   10.413133] Interrupt Taken: 	 Vector = 0x0000000F
[   10.413153] Interrupt Served: 	 Vector = 0x0000000F
[   10.415857] Interrupt Taken: 	 Vector = 0x0000000F
[   10.415910] Interrupt Served: 	 Vector = 0x0000000F
[   10.418474] Interrupt Taken: 	 Vector = 0x0000000F
[   10.418504] Interrupt Served: 	 Vector = 0x0000000F
[   10.421290] Interrupt Taken: 	 Vector = 0x0000000F
[   10.421317] Interrupt Served: 	 Vector = 0x0000000F
[   10.423966] Interrupt Taken: 	 Vector = 0x0000000F
[   10.424016] Interrupt Served: 	 Vector = 0x0000000F
[   10.426718] Interrupt Taken: 	 Vector = 0x0000000F
[   10.426743] Interrupt Served: 	 Vector = 0x0000000F
[   10.429667] Interrupt Taken: 	 Vector = 0x0000000F
[   10.429682] Interrupt Served: 	 Vector = 0x0000000F
[   10.432310] Interrupt Taken: 	 Vector = 0x0000000F
[   10.432353] Interrupt Served: 	 Vector = 0x0000000F
[   10.435078] Interrupt Taken: 	 Vector = 0x0000000F
[   10.435104] Interrupt Served: 	 Vector = 0x0000000F
[   10.437688] Interrupt Taken: 	 Vector = 0x0000000F
[   10.437725] Interrupt Served: 	 Vector = 0x0000000F
[   10.440572] Interrupt Taken: 	 Vector = 0x0000000F
[   10.440592] Interrupt Served: 	 Vector = 0x0000000F
[   10.443211] Interrupt Taken: 	 Vector = 0x0000000F
[   10.443252] Interrupt Served: 	 Vector = 0x0000000F
[   10.446168] Interrupt Taken: 	 Vector = 0x0000000F
[   10.446192] Interrupt Served: 	 Vector = 0x0000000F
[   10.448867] Interrupt Taken: 	 Vector = 0x0000000F
[   10.448922] Interrupt Served: 	 Vector = 0x0000000F
[   10.451592] Interrupt Taken: 	 Vector = 0x0000000F
[   10.451634] Interrupt Served: 	 Vector = 0x0000000F
[   10.454442] Interrupt Taken: 	 Vector = 0x0000000F
[   10.454489] Interrupt Served: 	 Vector = 0x0000000F
[   10.457102] Interrupt Taken: 	 Vector = 0x0000000F
[   10.457134] Interrupt Served: 	 Vector = 0x0000000F
[   10.459804] Interrupt Taken: 	 Vector = 0x0000000F
[   10.459849] Interrupt Served: 	 Vector = 0x0000000F
[   10.462582] Interrupt Taken: 	 Vector = 0x0000000F
[   10.462625] Interrupt Served: 	 Vector = 0x0000000F
[   10.465470] Interrupt Taken: 	 Vector = 0x0000000F
[   10.465521] Interrupt Served: 	 Vector = 0x0000000F
[   10.468376] Interrupt Taken: 	 Vector = 0x0000000F
[   10.468419] Interrupt Served: 	 Vector = 0x0000000F
[   10.471379] Interrupt Taken: 	 Vector = 0x0000000F
[   10.471452] Interrupt Served: 	 Vector = 0x0000000F
[   10.474290] Interrupt Taken: 	 Vector = 0x0000000F
[   10.474368] Interrupt Served: 	 Vector = 0x0000000F
[   10.477207] Interrupt Taken: 	 Vector = 0x0000000F
[   10.477269] Interrupt Served: 	 Vector = 0x0000000F
[   10.480199] Interrupt Taken: 	 Vector = 0x0000000F
[   10.480259] Interrupt Served: 	 Vector = 0x0000000F
[   10.483364] Interrupt Taken: 	 Vector = 0x0000000F
[   10.483458] Interrupt Served: 	 Vector = 0x0000000F
[   10.486489] Interrupt Taken: 	 Vector = 0x0000000F
[   10.486562] Interrupt Served: 	 Vector = 0x0000000F
[   10.489789] Interrupt Taken: 	 Vector = 0x0000000F
[   10.489916] Interrupt Served: 	 Vector = 0x0000000F
[   10.493307] Interrupt Taken: 	 Vector = 0x0000000F
[   10.493395] Interrupt Served: 	 Vector = 0x0000000F
[   10.496571] Interrupt Taken: 	 Vector = 0x0000000F
[   10.496643] Interrupt Served: 	 Vector = 0x0000000F
[   10.499885] Interrupt Taken: 	 Vector = 0x0000000F
[   10.500032] Interrupt Served: 	 Vector = 0x0000000F
[   10.503228] Interrupt Taken: 	 Vector = 0x0000000F
[   10.503317] Interrupt Served: 	 Vector = 0x0000000F
[   10.506718] Interrupt Taken: 	 Vector = 0x0000000F
[   10.506807] Interrupt Served: 	 Vector = 0x0000000F
[   10.510051] Interrupt Taken: 	 Vector = 0x0000000F
[   10.510129] Interrupt Served: 	 Vector = 0x0000000F
[   10.513781] Interrupt Taken: 	 Vector = 0x0000000F
[   10.513864] Interrupt Served: 	 Vector = 0x0000000F
[   10.518062] Interrupt Taken: 	 Vector = 0x0000000F
[   10.518175] Interrupt Served: 	 Vector = 0x0000000F
[   10.521413] Interrupt Taken: 	 Vector = 0x0000000F
[   10.521493] Interrupt Served: 	 Vector = 0x0000000F
[   10.524606] Interrupt Taken: 	 Vector = 0x0000000F
[   10.524689] Interrupt Served: 	 Vector = 0x0000000F
[   10.528029] Interrupt Taken: 	 Vector = 0x0000000F
[   10.528129] Interrupt Served: 	 Vector = 0x0000000F
[   10.531272] Interrupt Taken: 	 Vector = 0x0000000F
[   10.531351] Interrupt Served: 	 Vector = 0x0000000F
[   10.534663] Interrupt Taken: 	 Vector = 0x0000000F
[   10.534759] Interrupt Served: 	 Vector = 0x0000000F
[   10.538486] Interrupt Taken: 	 Vector = 0x0000000F
[   10.538589] Interrupt Served: 	 Vector = 0x0000000F
[   10.541645] Interrupt Taken: 	 Vector = 0x0000000F
[   10.541709] Interrupt Served: 	 Vector = 0x0000000F
[   10.544806] Interrupt Taken: 	 Vector = 0x0000000F
[   10.544870] Interrupt Served: 	 Vector = 0x0000000F
[   10.548124] Interrupt Taken: 	 Vector = 0x0000000F
[   10.548244] Interrupt Served: 	 Vector = 0x0000000F
[   10.552081] Interrupt Taken: 	 Vector = 0x0000000F
[   10.552207] Interrupt Served: 	 Vector = 0x0000000F
[   10.555564] Interrupt Taken: 	 Vector = 0x0000000F
[   10.555673] Interrupt Served: 	 Vector = 0x0000000F
[   10.559006] Interrupt Taken: 	 Vector = 0x0000000F
[   10.559094] Interrupt Served: 	 Vector = 0x0000000F
[   10.562350] Interrupt Taken: 	 Vector = 0x0000000F
[   10.562439] Interrupt Served: 	 Vector = 0x0000000F
[   10.567731] Interrupt Taken: 	 Vector = 0x0000000F
[   10.567836] Interrupt Served: 	 Vector = 0x0000000F
[   10.571071] Interrupt Taken: 	 Vector = 0x0000000F
[   10.571244] Interrupt Served: 	 Vector = 0x0000000F
[   10.574441] Interrupt Taken: 	 Vector = 0x0000000F
[   10.574534] Interrupt Served: 	 Vector = 0x0000000F
[   10.577670] Interrupt Taken: 	 Vector = 0x0000000F
[   10.577744] Interrupt Served: 	 Vector = 0x0000000F
[   10.581109] Interrupt Taken: 	 Vector = 0x0000000F
[   10.581211] Interrupt Served: 	 Vector = 0x0000000F
[   10.584838] Interrupt Taken: 	 Vector = 0x0000000F
[   10.584974] Interrupt Served: 	 Vector = 0x0000000F
[   10.588212] Interrupt Taken: 	 Vector = 0x0000000F
[   10.588299] Interrupt Served: 	 Vector = 0x0000000F
[   10.591439] Interrupt Taken: 	 Vector = 0x0000000F
[   10.591571] Interrupt Served: 	 Vector = 0x0000000F
[   10.594753] Interrupt Taken: 	 Vector = 0x0000000F
[   10.594830] Interrupt Served: 	 Vector = 0x0000000F
[   10.599637] Interrupt Taken: 	 Vector = 0x0000000F
[   10.599802] Interrupt Served: 	 Vector = 0x0000000F
[   10.605358] Interrupt Taken: 	 Vector = 0x0000000F
[   10.605488] Interrupt Served: 	 Vector = 0x0000000F
[   10.608756] Interrupt Taken: 	 Vector = 0x0000000F
[   10.608834] Interrupt Served: 	 Vector = 0x0000000F
[   10.612116] Interrupt Taken: 	 Vector = 0x0000000F
[   10.612182] Interrupt Served: 	 Vector = 0x0000000F
[   10.615353] Interrupt Taken: 	 Vector = 0x0000000F
[   10.615426] Interrupt Served: 	 Vector = 0x0000000F
[   10.620649] Interrupt Taken: 	 Vector = 0x0000000F
[   10.620778] Interrupt Served: 	 Vector = 0x0000000F
[   10.624171] Interrupt Taken: 	 Vector = 0x0000000F
[   10.624252] Interrupt Served: 	 Vector = 0x0000000F
[   10.627322] Interrupt Taken: 	 Vector = 0x0000000F
[   10.627394] Interrupt Served: 	 Vector = 0x0000000F
[   10.630466] Interrupt Taken: 	 Vector = 0x0000000F
[   10.630534] Interrupt Served: 	 Vector = 0x0000000F
[   10.633917] Interrupt Taken: 	 Vector = 0x0000000F
[   10.634040] Interrupt Served: 	 Vector = 0x0000000F
[   10.638043] Interrupt Taken: 	 Vector = 0x0000000F
[   10.638192] Interrupt Served: 	 Vector = 0x0000000F
[   10.641545] Interrupt Taken: 	 Vector = 0x0000000F
[   10.641639] Interrupt Served: 	 Vector = 0x0000000F
[   10.644993] Interrupt Taken: 	 Vector = 0x0000000F
[   10.645065] Interrupt Served: 	 Vector = 0x0000000F
[   10.648355] Interrupt Taken: 	 Vector = 0x0000000F
[   10.648437] Interrupt Served: 	 Vector = 0x0000000F
[   10.651682] Interrupt Taken: 	 Vector = 0x0000000F
[   10.651780] Interrupt Served: 	 Vector = 0x0000000F
[   10.655301] Interrupt Taken: 	 Vector = 0x0000000F
[   10.656118] Interrupt Served: 	 Vector = 0x0000000F
[   10.659318] Interrupt Taken: 	 Vector = 0x0000000F
[   10.659411] Interrupt Served: 	 Vector = 0x0000000F
[   10.662615] Interrupt Taken: 	 Vector = 0x0000000F
[   10.662693] Interrupt Served: 	 Vector = 0x0000000F
[   10.666075] Interrupt Taken: 	 Vector = 0x0000000F
[   10.666179] Interrupt Served: 	 Vector = 0x0000000F
[   10.669745] Interrupt Taken: 	 Vector = 0x0000000F
[   10.669847] Interrupt Served: 	 Vector = 0x0000000F
[   10.673581] Interrupt Taken: 	 Vector = 0x0000000F
[   10.673836] Interrupt Served: 	 Vector = 0x0000000F
[   10.677575] Interrupt Taken: 	 Vector = 0x0000000F
[   10.677649] Interrupt Served: 	 Vector = 0x0000000F
[   10.681076] Interrupt Taken: 	 Vector = 0x0000000F
[   10.681169] Interrupt Served: 	 Vector = 0x0000000F
[   10.684598] Interrupt Taken: 	 Vector = 0x0000000F
[   10.684718] Interrupt Served: 	 Vector = 0x0000000F
[   10.687704] Interrupt Taken: 	 Vector = 0x0000000F
[   10.687775] Interrupt Served: 	 Vector = 0x0000000F
[   10.690795] Interrupt Taken: 	 Vector = 0x0000000F
[   10.690862] Interrupt Served: 	 Vector = 0x0000000F
[   10.694177] Interrupt Taken: 	 Vector = 0x0000000F
[   10.694259] Interrupt Served: 	 Vector = 0x0000000F
[   10.697095] Interrupt Taken: 	 Vector = 0x0000000F
[   10.697144] Interrupt Served: 	 Vector = 0x0000000F
[   10.700102] Interrupt Taken: 	 Vector = 0x0000000F
[   10.700163] Interrupt Served: 	 Vector = 0x0000000F
[   10.703102] Interrupt Taken: 	 Vector = 0x0000000F
[   10.703157] Interrupt Served: 	 Vector = 0x0000000F
[   10.705917] Interrupt Taken: 	 Vector = 0x0000000F
[   10.705965] Interrupt Served: 	 Vector = 0x0000000F
[   10.708721] Interrupt Taken: 	 Vector = 0x0000000F
[   10.708777] Interrupt Served: 	 Vector = 0x0000000F
[   10.711467] Interrupt Taken: 	 Vector = 0x0000000F
[   10.711514] Interrupt Served: 	 Vector = 0x0000000F
[   10.714525] Interrupt Taken: 	 Vector = 0x0000000F
[   10.714573] Interrupt Served: 	 Vector = 0x0000000F
[   10.717393] Interrupt Taken: 	 Vector = 0x0000000F
[   10.717434] Interrupt Served: 	 Vector = 0x0000000F
[   10.720120] Interrupt Taken: 	 Vector = 0x0000000F
[   10.720162] Interrupt Served: 	 Vector = 0x0000000F
[   10.722981] Interrupt Taken: 	 Vector = 0x0000000F
[   10.723021] Interrupt Served: 	 Vector = 0x0000000F
[   10.725680] Interrupt Taken: 	 Vector = 0x0000000F
[   10.725704] Interrupt Served: 	 Vector = 0x0000000F
[   10.728228] Interrupt Taken: 	 Vector = 0x0000000F
[   10.728262] Interrupt Served: 	 Vector = 0x0000000F
[   10.730825] Interrupt Taken: 	 Vector = 0x0000000F
[   10.730845] Interrupt Served: 	 Vector = 0x0000000F
[   10.733507] Interrupt Taken: 	 Vector = 0x0000000F
[   10.733540] Interrupt Served: 	 Vector = 0x0000000F
[   10.736082] Interrupt Taken: 	 Vector = 0x0000000F
[   10.736105] Interrupt Served: 	 Vector = 0x0000000F
[   10.738735] Interrupt Taken: 	 Vector = 0x0000000F
[   10.738762] Interrupt Served: 	 Vector = 0x0000000F
[   10.741307] Interrupt Taken: 	 Vector = 0x0000000F
[   10.741321] Interrupt Served: 	 Vector = 0x0000000F
[   10.743870] Interrupt Taken: 	 Vector = 0x0000000F
[   10.743903] Interrupt Served: 	 Vector = 0x0000000F
[   10.746387] Interrupt Taken: 	 Vector = 0x0000000F
[   10.746414] Interrupt Served: 	 Vector = 0x0000000F
[   10.748981] Interrupt Taken: 	 Vector = 0x0000000F
[   10.749016] Interrupt Served: 	 Vector = 0x0000000F
[   10.751774] Interrupt Taken: 	 Vector = 0x0000000F
[   10.751803] Interrupt Served: 	 Vector = 0x0000000F
[   10.754322] Interrupt Taken: 	 Vector = 0x0000000F
[   10.754352] Interrupt Served: 	 Vector = 0x0000000F
[   10.756900] Interrupt Taken: 	 Vector = 0x0000000F
[   10.756925] Interrupt Served: 	 Vector = 0x0000000F
[   10.759501] Interrupt Taken: 	 Vector = 0x0000000F
[   10.759551] Interrupt Served: 	 Vector = 0x0000000F
[   10.762189] Interrupt Taken: 	 Vector = 0x0000000F
[   10.762231] Interrupt Served: 	 Vector = 0x0000000F
[   10.764800] Interrupt Taken: 	 Vector = 0x0000000F
[   10.764827] Interrupt Served: 	 Vector = 0x0000000F
[   10.767561] Interrupt Taken: 	 Vector = 0x0000000F
[   10.767615] Interrupt Served: 	 Vector = 0x0000000F
[   10.769997] Interrupt Taken: 	 Vector = 0x0000000F
[   10.770059] Interrupt Served: 	 Vector = 0x0000000F
[   10.772493] Interrupt Taken: 	 Vector = 0x0000000F
[   10.772527] Interrupt Served: 	 Vector = 0x0000000F
[   10.775175] Interrupt Taken: 	 Vector = 0x0000000F
[   10.775194] Interrupt Served: 	 Vector = 0x0000000F
[   10.777827] Interrupt Taken: 	 Vector = 0x0000000F
[   10.777844] Interrupt Served: 	 Vector = 0x0000000F
[   10.780363] Interrupt Taken: 	 Vector = 0x0000000F
[   10.780395] Interrupt Served: 	 Vector = 0x0000000F
[   10.783045] Interrupt Taken: 	 Vector = 0x0000000F
[   10.783181] Interrupt Served: 	 Vector = 0x0000000F
[   10.785697] Interrupt Taken: 	 Vector = 0x0000000F
[   10.785724] Interrupt Served: 	 Vector = 0x0000000F
[   10.788245] Interrupt Taken: 	 Vector = 0x0000000F
[   10.788273] Interrupt Served: 	 Vector = 0x0000000F
[   10.790769] Interrupt Taken: 	 Vector = 0x0000000F
[   10.790790] Interrupt Served: 	 Vector = 0x0000000F
[   10.793286] Interrupt Taken: 	 Vector = 0x0000000F
[   10.793301] Interrupt Served: 	 Vector = 0x0000000F
[   10.795817] Interrupt Taken: 	 Vector = 0x0000000F
[   10.795846] Interrupt Served: 	 Vector = 0x0000000F
[   10.798351] Interrupt Taken: 	 Vector = 0x0000000F
[   10.798386] Interrupt Served: 	 Vector = 0x0000000F
[   10.800902] Interrupt Taken: 	 Vector = 0x0000000F
[   10.800955] Interrupt Served: 	 Vector = 0x0000000F
[   10.803398] Interrupt Taken: 	 Vector = 0x0000000F
[   10.803438] Interrupt Served: 	 Vector = 0x0000000F
[   10.805948] Interrupt Taken: 	 Vector = 0x0000000F
[   10.805975] Interrupt Served: 	 Vector = 0x0000000F
[   10.808822] Interrupt Taken: 	 Vector = 0x0000000F
[   10.808844] Interrupt Served: 	 Vector = 0x0000000F
[   10.811379] Interrupt Taken: 	 Vector = 0x0000000F
[   10.811395] Interrupt Served: 	 Vector = 0x0000000F
[   10.813906] Interrupt Taken: 	 Vector = 0x0000000F
[   10.813943] Interrupt Served: 	 Vector = 0x0000000F
[   10.816557] Interrupt Taken: 	 Vector = 0x0000000F
[   10.816590] Interrupt Served: 	 Vector = 0x0000000F
[   10.819176] Interrupt Taken: 	 Vector = 0x0000000F
[   10.819213] Interrupt Served: 	 Vector = 0x0000000F
[   10.821813] Interrupt Taken: 	 Vector = 0x0000000F
[   10.821842] Interrupt Served: 	 Vector = 0x0000000F
[   10.824463] Interrupt Taken: 	 Vector = 0x0000000F
[   10.824499] Interrupt Served: 	 Vector = 0x0000000F
[   10.827041] Interrupt Taken: 	 Vector = 0x0000000F
[   10.827058] Interrupt Served: 	 Vector = 0x0000000F
[   10.829433] Interrupt Taken: 	 Vector = 0x0000000F
[   10.829447] Interrupt Served: 	 Vector = 0x0000000F
[   10.832009] Interrupt Taken: 	 Vector = 0x0000000F
[   10.832071] Interrupt Served: 	 Vector = 0x0000000F
[   10.834735] Interrupt Taken: 	 Vector = 0x0000000F
[   10.834767] Interrupt Served: 	 Vector = 0x0000000F
[   10.837305] Interrupt Taken: 	 Vector = 0x0000000F
[   10.837343] Interrupt Served: 	 Vector = 0x0000000F
[   10.839939] Interrupt Taken: 	 Vector = 0x0000000F
[   10.839996] Interrupt Served: 	 Vector = 0x0000000F
[   10.842571] Interrupt Taken: 	 Vector = 0x0000000F
[   10.842590] Interrupt Served: 	 Vector = 0x0000000F
[   10.845190] Interrupt Taken: 	 Vector = 0x0000000F
[   10.845208] Interrupt Served: 	 Vector = 0x0000000F
[   10.847850] Interrupt Taken: 	 Vector = 0x0000000F
[   10.847912] Interrupt Served: 	 Vector = 0x0000000F
[   10.850698] Interrupt Taken: 	 Vector = 0x0000000F
[   10.850739] Interrupt Served: 	 Vector = 0x0000000F
[   10.853403] Interrupt Taken: 	 Vector = 0x0000000F
[   10.853439] Interrupt Served: 	 Vector = 0x0000000F
[   10.856087] Interrupt Taken: 	 Vector = 0x0000000F
[   10.856112] Interrupt Served: 	 Vector = 0x0000000F
[   10.858669] Interrupt Taken: 	 Vector = 0x0000000F
[   10.858684] Interrupt Served: 	 Vector = 0x0000000F
[   10.861284] Interrupt Taken: 	 Vector = 0x0000000F
[   10.861299] Interrupt Served: 	 Vector = 0x0000000F
[   10.863819] Interrupt Taken: 	 Vector = 0x0000000F
[   10.863843] Interrupt Served: 	 Vector = 0x0000000F
[   10.866423] Interrupt Taken: 	 Vector = 0x0000000F
[   10.866463] Interrupt Served: 	 Vector = 0x0000000F
[   10.869022] Interrupt Taken: 	 Vector = 0x0000000F
[   10.869050] Interrupt Served: 	 Vector = 0x0000000F
[   10.871644] Interrupt Taken: 	 Vector = 0x0000000F
[   10.871669] Interrupt Served: 	 Vector = 0x0000000F
[   10.874196] Interrupt Taken: 	 Vector = 0x0000000F
[   10.874216] Interrupt Served: 	 Vector = 0x0000000F
[   10.876748] Interrupt Taken: 	 Vector = 0x0000000F
[   10.876762] Interrupt Served: 	 Vector = 0x0000000F
[   10.879315] Interrupt Taken: 	 Vector = 0x0000000F
[   10.879330] Interrupt Served: 	 Vector = 0x0000000F
[   10.881855] Interrupt Taken: 	 Vector = 0x0000000F
[   10.881919] Interrupt Served: 	 Vector = 0x0000000F
[   10.884406] Interrupt Taken: 	 Vector = 0x0000000F
[   10.884439] Interrupt Served: 	 Vector = 0x0000000F
[   10.886971] Interrupt Taken: 	 Vector = 0x0000000F
[   10.887000] Interrupt Served: 	 Vector = 0x0000000F
[   10.889579] Interrupt Taken: 	 Vector = 0x0000000F
[   10.889605] Interrupt Served: 	 Vector = 0x0000000F
[   10.892557] Interrupt Taken: 	 Vector = 0x0000000F
[   10.892575] Interrupt Served: 	 Vector = 0x0000000F
[   10.895083] Interrupt Taken: 	 Vector = 0x0000000F
[   10.895105] Interrupt Served: 	 Vector = 0x0000000F
[   10.897660] Interrupt Taken: 	 Vector = 0x0000000F
[   10.897682] Interrupt Served: 	 Vector = 0x0000000F
[   10.900239] Interrupt Taken: 	 Vector = 0x0000000F
[   10.900275] Interrupt Served: 	 Vector = 0x0000000F
[   10.902916] Interrupt Taken: 	 Vector = 0x0000000F
[   10.902949] Interrupt Served: 	 Vector = 0x0000000F
[   10.905550] Interrupt Taken: 	 Vector = 0x0000000F
[   10.905579] Interrupt Served: 	 Vector = 0x0000000F
[   10.908182] Interrupt Taken: 	 Vector = 0x0000000F
[   10.908199] Interrupt Served: 	 Vector = 0x0000000F
[   10.910812] Interrupt Taken: 	 Vector = 0x0000000F
[   10.910831] Interrupt Served: 	 Vector = 0x0000000F
[   10.913363] Interrupt Taken: 	 Vector = 0x0000000F
[   10.913380] Interrupt Served: 	 Vector = 0x0000000F
[   10.916009] Interrupt Taken: 	 Vector = 0x0000000F
[   10.916057] Interrupt Served: 	 Vector = 0x0000000F
[   10.918590] Interrupt Taken: 	 Vector = 0x0000000F
[   10.918636] Interrupt Served: 	 Vector = 0x0000000F
[   10.921281] Interrupt Taken: 	 Vector = 0x0000000F
[   10.921320] Interrupt Served: 	 Vector = 0x0000000F
[   10.923857] Interrupt Taken: 	 Vector = 0x0000000F
[   10.923881] Interrupt Served: 	 Vector = 0x0000000F
[   10.926506] Interrupt Taken: 	 Vector = 0x0000000F
[   10.926524] Interrupt Served: 	 Vector = 0x0000000F
[   10.929177] Interrupt Taken: 	 Vector = 0x0000000F
[   10.929191] Interrupt Served: 	 Vector = 0x0000000F
[   10.931768] Interrupt Taken: 	 Vector = 0x0000000F
[   10.931802] Interrupt Served: 	 Vector = 0x0000000F
[   10.934745] Interrupt Taken: 	 Vector = 0x0000000F
[   10.934785] Interrupt Served: 	 Vector = 0x0000000F
[   10.937417] Interrupt Taken: 	 Vector = 0x0000000F
[   10.937442] Interrupt Served: 	 Vector = 0x0000000F
[   10.940117] Interrupt Taken: 	 Vector = 0x0000000F
[   10.940140] Interrupt Served: 	 Vector = 0x0000000F
[   10.942884] Interrupt Taken: 	 Vector = 0x0000000F
[   10.942908] Interrupt Served: 	 Vector = 0x0000000F
[   10.945393] Interrupt Taken: 	 Vector = 0x0000000F
[   10.945421] Interrupt Served: 	 Vector = 0x0000000F
[   10.948058] Interrupt Taken: 	 Vector = 0x0000000F
[   10.948092] Interrupt Served: 	 Vector = 0x0000000F
[   10.950657] Interrupt Taken: 	 Vector = 0x0000000F
[   10.950692] Interrupt Served: 	 Vector = 0x0000000F
[   10.953297] Interrupt Taken: 	 Vector = 0x0000000F
[   10.953374] Interrupt Served: 	 Vector = 0x0000000F
[   10.955815] Interrupt Taken: 	 Vector = 0x0000000F
[   10.955857] Interrupt Served: 	 Vector = 0x0000000F
[   10.958469] Interrupt Taken: 	 Vector = 0x0000000F
[   10.958501] Interrupt Served: 	 Vector = 0x0000000F
[   10.961212] Interrupt Taken: 	 Vector = 0x0000000F
